ply
format ascii 1.0
comment Created in Blender version 4.1.1
comment TextureFile Fiber.png
element vertex 3752
property float x
property float y
property float z
property float nx
property float ny
property float nz
property float s
property float t
element face 1876
property list uchar uint vertex_indices
end_header
62.411617 -1 -26.792933 0.24300659 -0.5619953 -0.039678045 0.80576146 0.2351292
62.411617 0.44008636 -3.9058847 0.16876876 0.59659934 0.027556308 0.83527255 0.26464024
62.411617 -1 -3.9058847 0.16876332 -0.59661496 0.027556587 0.80576146 0.26464024
62.411617 0.44008636 -3.9058847 0.16876876 0.59659934 0.027556308 0.9302039 0.49308985
-76.74606 -1.0000038 -3.905882 -0.24299775 -0.56200826 0.03967882 0.6573205 0.4196808
62.411617 -1 -3.9058847 0.16876332 -0.59661496 0.027556587 0.930204 0.41968077
-76.74606 0.44008255 -3.9058838 -0.24300714 0.56199765 0.039677788 0.79429066 0.23628044
-76.74608 -1.0000038 -26.79293 -0.16876933 -0.59660006 -0.027556181 0.76680505 0.26376605
-76.74606 -1.0000038 -3.905882 -0.24299775 -0.56200826 0.03967882 0.76680505 0.23628044
-76.74608 0.44008255 -26.79293 -0.16876264 0.59661293 -0.027556807 0.9460254 0.49629605
62.411617 -1 -26.792933 0.24300659 -0.5619953 -0.039678045 0.653584 0.41971967
-76.74608 -1.0000038 -26.79293 -0.16876933 -0.59660006 -0.027556181 0.9460254 0.4197197
62.411617 -1 -3.9058847 0.16876332 -0.59661496 0.027556587 0.31694108 0.24653935
-76.74608 -1.0000038 -26.79293 -0.16876933 -0.59660006 -0.027556181 0.5669411 0.49653935
62.411617 -1 -26.792933 0.24300659 -0.5619953 -0.039678045 0.31694108 0.49653935
62.411617 0.44008636 -3.9058847 0.16876876 0.59659934 0.027556308 0.93235725 0.46921265
-76.74608 0.44008255 -26.79293 -0.16876264 0.59661293 -0.027556807 0.68235725 0.22271667
-76.74606 0.44008255 -3.9058838 -0.24300714 0.56199765 0.039677788 0.68235725 0.46921265
62.41162 -1 3.6931343 0.24300724 -0.5619964 -0.039677866 0.80576146 0.2351292
62.41162 0.44008636 28.115513 0.16876887 0.5965992 0.0275563 0.83527255 0.26464024
62.41162 -1 28.115513 0.16876248 -0.5966127 0.02755684 0.80576146 0.26464024
62.41162 0.44008636 28.115513 0.16876887 0.5965992 0.0275563 0.9302039 0.49308985
-76.74608 -1 28.115517 -0.24299794 -0.5620084 0.039678782 0.6573205 0.4196808
62.41162 -1 28.115513 0.16876248 -0.5966127 0.02755684 0.930204 0.41968077
-76.74608 0.44008636 28.115517 -0.24300857 0.5619969 0.0396776 0.79429066 0.23628044
-76.74606 -1 3.6931324 -0.16876909 -0.59660226 -0.027556103 0.76680505 0.26376605
-76.74608 -1 28.115517 -0.24299794 -0.5620084 0.039678782 0.76680505 0.23628044
-76.74606 0.44008636 3.6931343 -0.16876231 0.59660965 -0.02755703 0.8915885 0.05445282
62.41162 -1 3.6931343 0.24300724 -0.5619964 -0.039677866 0.2109427 0.010132015
-76.74606 -1 3.6931324 -0.16876909 -0.59660226 -0.027556103 0.8915885 0.010132033
62.41162 -1 28.115513 0.16876248 -0.5966127 0.02755684 0.31694108 0.24653935
-76.74606 -1 3.6931324 -0.16876909 -0.59660226 -0.027556103 0.5669411 0.49653935
62.41162 -1 3.6931343 0.24300724 -0.5619964 -0.039677866 0.31694108 0.49653935
62.41162 0.44008636 28.115513 0.16876887 0.5965992 0.0275563 0.93235725 0.22096467
-76.74606 0.44008636 3.6931343 -0.16876231 0.59660965 -0.02755703 0.68235725 0.47096467
-76.74608 0.44008636 28.115517 -0.24300857 0.5619969 0.0396776 0.68235725 0.22096467
62.41162 42.755615 28.115517 8.818596e-09 -1 3.466019e-08 0.31694108 0.24653935
-76.74606 42.755615 23.373741 8.68509e-09 -1 3.218497e-08 0.5669411 0.49653935
62.41162 42.755615 23.373741 8.818969e-09 -1 3.4667096e-08 0.31694108 0.49653935
62.41162 42.755615 14.432827 8.730316e-09 -1 1.2741836e-08 0.31694108 0.24653935
-76.74606 42.755615 2.541895 8.812917e-09 -1 1.4273553e-08 0.5669411 0.49653935
62.41162 42.755615 2.5418968 8.729731e-09 -1 1.2730979e-08 0.31694108 0.49653935
62.41162 42.755615 -2.3538609 8.853421e-09 -1 1.4371281e-08 0.31694108 0.24653935
-76.74606 42.755615 -14.889365 8.776055e-09 -1 1.2936994e-08 0.5669411 0.49653935
62.41162 42.755615 -14.889362 8.853999e-09 -1 1.438201e-08 0.31694108 0.49653935
62.411617 42.755615 -22.053595 8.818846e-09 -1 3.4664765e-08 0.31694108 0.24653935
-76.74608 42.755615 -26.795372 8.7745455e-09 -1 3.384372e-08 0.5669411 0.49653935
62.41162 42.755615 -26.795368 8.81897e-09 -1 3.4667067e-08 0.31694108 0.49653935
29.130438 42.69415 23.65327 5.1564506e-08 -1 2.9762504e-09 0.31694108 0.24653935
5.519787 42.694145 -22.150126 5.114532e-08 -1 3.150106e-09 0.5669411 0.49653935
29.130436 42.69415 -22.150122 5.167219e-08 -1 2.9315856e-09 0.31694108 0.49653935
-24.926662 42.69415 23.653275 7.5756176e-08 -1 3.5884113e-09 0.31694108 0.24653935
-41.11414 42.694145 -22.150126 7.527039e-08 -1 3.2808458e-09 0.5669411 0.49653935
-24.926662 42.69415 -22.150122 7.599899e-08 -1 3.74213e-09 0.31694108 0.49653935
-71.43559 42.69415 23.653275 2.213669e-07 -1 3.5186645e-09 0.31694108 0.24653935
-76.93016 42.694145 -22.150126 2.2197396e-07 -1 3.5587533e-09 0.5669411 0.49653935
-71.43559 42.69415 -22.150122 2.2303969e-07 -1 3.629097e-09 0.31694108 0.49653935
62.474594 42.69415 23.65327 2.2425263e-07 -1 3.2812721e-09 0.31694108 0.24653935
57.054264 42.694145 -22.150126 2.2488166e-07 -1 3.0938168e-09 0.5669411 0.49653935
62.474594 42.69415 -22.150124 2.259287e-07 -1 2.7818174e-09 0.31694108 0.49653935
62.41162 7.25819 12.708614 0.24300699 0.5619977 -0.039678004 0.83527255 0.2351292
62.41162 6.27763 28.115509 0.168769 -0.59660286 0.02755628 0.80576146 0.26464024
62.41162 6.277626 12.708614 0.24299891 -0.56201005 -0.03967833 0.80576146 0.2351292
62.41162 7.258194 28.115509 0.16876236 0.596612 0.027556702 0.9302039 0.49308985
-76.74608 6.27763 28.115517 -0.24299872 -0.5620084 0.039678656 0.6573205 0.4196808
62.41162 6.27763 28.115509 0.168769 -0.59660286 0.02755628 0.930204 0.41968077
-76.74608 7.258194 28.115517 -0.24300794 0.5620002 0.039677497 0.79429066 0.23628044
-76.74606 6.277626 12.708611 -0.16876806 -0.5966007 -0.027556349 0.76680505 0.26376605
-76.74608 6.27763 28.115517 -0.24299872 -0.5620084 0.039678656 0.76680505 0.23628044
-76.74606 6.277626 12.708611 -0.16876806 -0.5966007 -0.027556349 0.93760777 0.3595225
62.41162 7.25819 12.708614 0.24300699 0.5619977 -0.039678004 0.6486306 0.37927815
62.41162 6.277626 12.708614 0.24299891 -0.56201005 -0.03967833 0.6486306 0.3595225
62.41162 6.27763 28.115509 0.168769 -0.59660286 0.02755628 0.31694108 0.24653935
-76.74606 6.277626 12.708611 -0.16876806 -0.5966007 -0.027556349 0.5669411 0.49653935
62.41162 6.277626 12.708614 0.24299891 -0.56201005 -0.03967833 0.31694108 0.49653935
62.41162 7.258194 28.115509 0.16876236 0.596612 0.027556702 0.8059208 0.51023865
-76.74606 7.25819 12.708614 -0.16876201 0.5966151 -0.027556803 0.69836676 0.60083115
-76.74608 7.258194 28.115517 -0.24300794 0.5620002 0.039677497 0.69836676 0.51023865
-76.74608 7.25819 -12.205889 -0.24300757 0.56199944 0.039677605 0.83527255 0.2351292
-76.74606 6.277626 -27.61279 -0.16876957 -0.5966028 -0.027555995 0.80576146 0.26464024
-76.74608 6.277626 -12.205889 -0.24299744 -0.562008 0.039678883 0.80576146 0.2351292
-76.74606 7.25819 -27.612787 -0.1687618 0.5966149 -0.027556837 0.9302039 0.49308985
62.41163 6.277626 -27.612804 0.24300754 -0.56199574 -0.03967785 0.6573205 0.4196808
-76.74606 6.277626 -27.61279 -0.16876957 -0.5966028 -0.027555995 0.930204 0.41968077
62.41163 6.277626 -27.612804 0.24300754 -0.56199574 -0.03967785 0.76680505 0.23628044
62.411617 7.2581863 -12.205902 0.16876762 0.5965985 0.027556535 0.79429066 0.26376605
62.411617 6.277622 -12.205899 0.16876228 -0.5966153 0.02755674 0.76680505 0.26376605
62.411617 7.2581863 -12.205902 0.16876762 0.5965985 0.027556535 0.93760777 0.37927815
-76.74608 6.277626 -12.205889 -0.24299744 -0.562008 0.039678883 0.6486306 0.3595225
62.411617 6.277622 -12.205899 0.16876228 -0.5966153 0.02755674 0.93760777 0.3595225
-76.74606 6.277626 -27.61279 -0.16876957 -0.5966028 -0.027555995 0.31694108 0.24653935
62.411617 6.277622 -12.205899 0.16876228 -0.5966153 0.02755674 0.5669411 0.49653935
-76.74608 6.277626 -12.205889 -0.24299744 -0.562008 0.039678883 0.31694108 0.49653935
-76.74606 7.25819 -27.612787 -0.1687618 0.5966149 -0.027556837 0.8059208 0.5092621
62.411617 7.2581863 -12.205902 0.16876762 0.5965985 0.027556535 0.69836676 0.5998546
62.41163 7.25819 -27.612803 0.24299961 0.5620118 -0.039678276 0.69836676 0.5092621
-76.74606 35.381966 -13.318439 -0.24300675 0.56200033 0.03967768 0.83527255 0.2351292
-76.74606 34.401405 -27.61279 -0.16876854 -0.59660137 -0.027556242 0.80576146 0.26464024
-76.74606 34.401405 -13.3184395 -0.24299802 -0.5620095 0.039678685 0.80576146 0.2351292
-76.74606 35.38197 -27.612787 -0.16876197 0.5966149 -0.027556814 0.9302039 0.49308985
62.41163 34.4014 -27.612804 0.2430067 -0.56199735 -0.039677884 0.6573205 0.4196808
-76.74606 34.401405 -27.61279 -0.16876854 -0.59660137 -0.027556242 0.930204 0.41968077
62.41163 34.4014 -27.612804 0.2430067 -0.56199735 -0.039677884 0.76680505 0.23628044
62.41162 35.381966 -13.318453 0.16876738 0.59660065 0.027556464 0.79429066 0.26376605
62.41162 34.4014 -13.31845 0.16876213 -0.5966153 0.027556773 0.76680505 0.26376605
62.41162 35.381966 -13.318453 0.16876738 0.59660065 0.027556464 0.93760777 0.37927815
-76.74606 34.401405 -13.3184395 -0.24299802 -0.5620095 0.039678685 0.6486306 0.3595225
62.41162 34.4014 -13.31845 0.16876213 -0.5966153 0.027556773 0.93760777 0.3595225
-76.74606 34.401405 -27.61279 -0.16876854 -0.59660137 -0.027556242 0.039195046 0.5194615
62.41162 34.4014 -13.31845 0.16876213 -0.5966153 0.027556773 0.24321099 0.60496545
-76.74606 34.401405 -13.3184395 -0.24299802 -0.5620095 0.039678685 0.039195046 0.60496545
-76.74606 35.38197 -27.612787 -0.16876197 0.5966149 -0.027556814 0.8045 0.5200287
62.41162 35.381966 -13.318453 0.16876738 0.59660065 0.027556464 0.70405644 0.5977063
62.41163 35.381966 -27.612804 0.24299926 0.56201094 -0.039678406 0.70405644 0.5200287
62.411633 34.401405 13.627781 0.24300617 -0.5619982 -0.039677918 0.80576146 0.2351292
62.41163 35.38197 27.770351 0.16876757 0.59660333 0.027556302 0.83527255 0.26464024
62.41163 34.401405 27.770351 0.16876225 -0.5966146 0.027556783 0.80576146 0.26464024
62.41163 35.38197 27.770351 0.16876757 0.59660333 0.027556302 0.9302039 0.49308985
-76.74609 34.4014 27.770374 -0.24299842 -0.5620089 0.039678663 0.6573205 0.4196808
62.41163 34.401405 27.770351 0.16876225 -0.5966146 0.027556783 0.930204 0.41968077
-76.74609 35.381966 27.770374 -0.24300668 0.56200135 0.039677624 0.79429066 0.23628044
-76.74609 34.4014 13.627808 -0.16876791 -0.59660345 -0.027556235 0.76680505 0.26376605
-76.74609 34.4014 27.770374 -0.24299842 -0.5620089 0.039678663 0.76680505 0.23628044
-76.74609 35.381966 13.627811 -0.16876149 0.59661436 -0.02755692 0.93760777 0.37927815
62.411633 34.401405 13.627781 0.24300617 -0.5619982 -0.039677918 0.6486306 0.3595225
-76.74609 34.4014 13.627808 -0.16876791 -0.59660345 -0.027556235 0.93760777 0.3595225
62.41163 34.401405 27.770351 0.16876225 -0.5966146 0.027556783 0.039195046 0.5194615
-76.74609 34.4014 13.627808 -0.16876791 -0.59660345 -0.027556235 0.24321099 0.60496545
62.411633 34.401405 13.627781 0.24300617 -0.5619982 -0.039677918 0.039195046 0.60496545
62.41163 35.38197 27.770351 0.16876757 0.59660333 0.027556302 0.8045 0.5200287
-76.74609 35.381966 13.627811 -0.16876149 0.59661436 -0.02755692 0.70405644 0.5977063
-76.74609 35.381966 27.770374 -0.24300668 0.56200135 0.039677624 0.70405644 0.5200287
7.636635 42.81955 12.794899 0.24299985 0.56199956 -0.039679036 0.028632 0.91710085
7.6366234 -0.15572739 14.222015 0.16876236 -0.59662175 0.027556399 -0.00087909494 0.59634036
7.636635 -0.15572739 12.794899 0.24299632 -0.56199574 -0.03967968 0.028632 0.59634036
7.6366234 42.819553 14.222015 0.16876012 0.59661776 0.027556777 0.027694032 0.91932404
5.880966 -0.15572739 14.222015 -0.24299748 -0.56199837 0.039679505 -0.0020201057 0.5965222
7.6366234 -0.15572739 14.222015 0.16876236 -0.59662175 0.027556399 0.027694032 0.5965222
5.880966 42.81955 14.222019 -0.24299885 0.56201166 0.039678227 0.027282886 0.9194365
5.8809776 -0.15572739 12.794899 -0.1687613 -0.5966175 -0.027556598 -0.00020272378 0.5974118
5.880966 -0.15572739 14.222015 -0.24299748 -0.56199837 0.039679505 0.027282886 0.5974118
5.8809776 42.81955 12.794899 -0.16876085 0.5965978 -0.027557872 0.02645894 0.9173863
7.636635 -0.15572739 12.794899 0.24299632 -0.56199574 -0.03967968 -0.000105580315 0.5980625
5.8809776 -0.15572739 12.794899 -0.1687613 -0.5966175 -0.027556598 0.02645894 0.59806347
7.6366234 -0.15572739 14.222015 0.16876236 -0.59662175 0.027556399 0.31694108 0.24653935
5.8809776 -0.15572739 12.794899 -0.1687613 -0.5966175 -0.027556598 0.5669411 0.49653935
7.636635 -0.15572739 12.794899 0.24299632 -0.56199574 -0.03967968 0.31694108 0.49653935
7.6366234 42.819553 14.222015 0.16876012 0.59661776 0.027556777 0.24389991 0.51512146
5.8809776 42.81955 12.794899 -0.16876085 0.5965978 -0.027557872 0.037731543 0.60571396
5.880966 42.81955 14.222019 -0.24299885 0.56201166 0.039678227 0.037731543 0.51512146
30.033903 -0.15572739 12.794899 0.24299975 -0.5619939 -0.039679248 0.028632 0.59634036
30.033895 42.819553 14.222019 0.16876242 0.59661573 0.027556501 -0.000879094 0.91710085
30.033895 -0.15572739 14.222012 0.16876447 -0.596616 0.027556349 -0.00087909494 0.59634036
30.033895 -0.15572739 14.222012 0.16876447 -0.596616 0.027556349 0.027694032 0.5965222
28.278236 42.81955 14.222015 -0.24299806 0.56200993 0.03967847 -0.0020201057 0.91932404
28.278236 -0.15572739 14.222015 -0.24299814 -0.5619999 0.0396793 -0.0020201057 0.5965222
28.278236 42.81955 14.222015 -0.24299806 0.56200993 0.03967847 0.027282886 0.9194365
28.278246 -0.15572739 12.794899 -0.16876079 -0.59661615 -0.027556755 -0.00020272378 0.5974118
28.278236 -0.15572739 14.222015 -0.24299814 -0.5619999 0.0396793 0.027282886 0.5974118
28.278246 -0.15572739 12.794899 -0.16876079 -0.59661615 -0.027556755 0.02645894 0.59806347
30.033903 42.81955 12.794899 0.2430028 0.56199414 -0.039678913 -0.000105580315 0.91738534
30.033903 -0.15572739 12.794899 0.24299975 -0.5619939 -0.039679248 -0.000105580315 0.5980625
30.033895 -0.15572739 14.222012 0.16876447 -0.596616 0.027556349 0.31694108 0.24653935
28.278246 -0.15572739 12.794899 -0.16876079 -0.59661615 -0.027556755 0.5669411 0.49653935
30.033903 -0.15572739 12.794899 0.24299975 -0.5619939 -0.039679248 0.31694108 0.49653935
30.033895 42.819553 14.222019 0.16876242 0.59661573 0.027556501 0.24389991 0.51512146
28.278246 42.81955 12.794899 -0.1687614 0.59659946 -0.027557693 0.037731543 0.60571396
28.278236 42.81955 14.222015 -0.24299806 0.56200993 0.03967847 0.037731543 0.51512146
52.11294 42.81955 12.794899 0.24299985 0.56199956 -0.039679036 0.028632 0.91710085
52.112934 -0.15572739 14.222015 0.16876236 -0.59662175 0.027556399 -0.00087909494 0.59634036
52.11294 -0.15572739 12.794903 0.24299641 -0.5619956 -0.039679676 0.028632 0.59634036
52.112934 42.819553 14.222015 0.16876012 0.59661776 0.027556777 0.027694032 0.91932404
50.357277 -0.15572739 14.222015 -0.24299748 -0.56199837 0.039679505 -0.0020201057 0.5965222
52.112934 -0.15572739 14.222015 0.16876236 -0.59662175 0.027556399 0.027694032 0.5965222
50.357277 42.81955 14.222019 -0.24299878 0.5620113 0.03967826 0.027282886 0.9194365
50.357285 -0.15572739 12.794899 -0.16876121 -0.5966176 -0.027556607 -0.00020272378 0.5974118
50.357277 -0.15572739 14.222015 -0.24299748 -0.56199837 0.039679505 0.027282886 0.5974118
50.357285 42.81955 12.794895 -0.16876099 0.596598 -0.02755784 0.02645894 0.9173863
52.11294 -0.15572739 12.794903 0.24299641 -0.5619956 -0.039679676 -0.000105580315 0.5980625
50.357285 -0.15572739 12.794899 -0.16876121 -0.5966176 -0.027556607 0.02645894 0.59806347
52.112934 -0.15572739 14.222015 0.16876236 -0.59662175 0.027556399 0.31694108 0.24653935
50.357285 -0.15572739 12.794899 -0.16876121 -0.5966176 -0.027556607 0.5669411 0.49653935
52.11294 -0.15572739 12.794903 0.24299641 -0.5619956 -0.039679676 0.31694108 0.49653935
52.112934 42.819553 14.222015 0.16876012 0.59661776 0.027556777 0.24389991 0.51512146
50.357285 42.81955 12.794895 -0.16876099 0.596598 -0.02755784 0.037731543 0.60571396
50.357277 42.81955 14.222019 -0.24299878 0.5620113 0.03967826 0.037731543 0.51512146
41.593033 42.81955 12.794899 0.24300002 0.5619998 -0.039679002 0.028632 0.91710085
41.59302 -0.15572739 14.222015 0.16876236 -0.59662175 0.027556399 -0.00087909494 0.59634036
41.593033 -0.15572739 12.794899 0.24299641 -0.5619956 -0.039679676 0.028632 0.59634036
41.593025 42.819553 14.222015 0.16875999 0.5966175 0.02755681 0.027694032 0.91932404
39.837364 -0.15572739 14.222019 -0.24299754 -0.5619987 0.039679468 -0.0020201057 0.5965222
41.59302 -0.15572739 14.222015 0.16876236 -0.59662175 0.027556399 0.027694032 0.5965222
39.837364 42.81955 14.222019 -0.24299876 0.56201094 0.039678298 0.027282886 0.9194365
39.83737 -0.15572739 12.794899 -0.1687611 -0.5966174 -0.02755664 -0.00020272378 0.5974118
39.837364 -0.15572739 14.222019 -0.24299754 -0.5619987 0.039679468 0.027282886 0.5974118
39.83737 42.81955 12.794899 -0.16876104 0.59659827 -0.027557814 0.02645894 0.9173863
41.593033 -0.15572739 12.794899 0.24299641 -0.5619956 -0.039679676 -0.000105580315 0.5980625
39.83737 -0.15572739 12.794899 -0.1687611 -0.5966174 -0.02755664 0.02645894 0.59806347
41.59302 -0.15572739 14.222015 0.16876236 -0.59662175 0.027556399 0.31694108 0.24653935
39.83737 -0.15572739 12.794899 -0.1687611 -0.5966174 -0.02755664 0.5669411 0.49653935
41.593033 -0.15572739 12.794899 0.24299641 -0.5619956 -0.039679676 0.31694108 0.49653935
41.593025 42.819553 14.222015 0.16875999 0.5966175 0.02755681 0.24389991 0.51512146
39.83737 42.81955 12.794899 -0.16876104 0.59659827 -0.027557814 0.037731543 0.60571396
39.837364 42.81955 14.222019 -0.24299876 0.56201094 0.039678298 0.037731543 0.51512146
19.306736 -0.15572739 12.794899 0.24299975 -0.5619939 -0.039679248 0.028632 0.59634036
19.306728 42.819553 14.222015 0.16876192 0.5966143 0.027556658 -0.000879094 0.91710085
19.306728 -0.15572739 14.222015 0.16876489 -0.5966175 0.027556203 -0.00087909494 0.59634036
19.306728 42.819553 14.222015 0.16876192 0.5966143 0.027556658 0.027694032 0.91932404
17.551071 -0.15572739 14.222015 -0.24299754 -0.5619987 0.039679468 -0.0020201057 0.5965222
19.306728 -0.15572739 14.222015 0.16876489 -0.5966175 0.027556203 0.027694032 0.5965222
17.551075 42.81955 14.222019 -0.24299878 0.5620113 0.03967826 0.027282886 0.9194365
17.551079 -0.15572739 12.794899 -0.16876067 -0.59661585 -0.02755678 -0.00020272378 0.5974118
17.551071 -0.15572739 14.222015 -0.24299754 -0.5619987 0.039679468 0.027282886 0.5974118
17.551079 -0.15572739 12.794899 -0.16876067 -0.59661585 -0.02755678 0.02645894 0.59806347
19.306736 42.81955 12.794899 0.24300282 0.5619942 -0.039678913 -0.000105580315 0.91738534
19.306736 -0.15572739 12.794899 0.24299975 -0.5619939 -0.039679248 -0.000105580315 0.5980625
19.306728 -0.15572739 14.222015 0.16876489 -0.5966175 0.027556203 0.31694108 0.24653935
17.551079 -0.15572739 12.794899 -0.16876067 -0.59661585 -0.02755678 0.5669411 0.49653935
19.306736 -0.15572739 12.794899 0.24299975 -0.5619939 -0.039679248 0.31694108 0.49653935
19.306728 42.819553 14.222015 0.16876192 0.5966143 0.027556658 0.24389991 0.51512146
17.551079 42.81955 12.794899 -0.1687614 0.59659946 -0.027557693 0.037731543 0.60571396
17.551075 42.81955 14.222019 -0.24299878 0.5620113 0.03967826 0.037731543 0.51512146
-13.140224 42.81955 12.794899 0.24300133 0.5619971 -0.03967896 0.028632 0.91710085
-13.14024 -0.15572739 14.222015 0.1687595 -0.596623 0.027556807 -0.00087909494 0.59634036
-13.140224 -0.15572739 12.794899 0.24299912 -0.5619967 -0.039679166 0.028632 0.59634036
-13.14024 42.819553 14.222015 0.16875736 0.5966191 0.027557153 0.027694032 0.91932404
-14.895901 -0.15572739 14.222015 -0.24299952 -0.5619975 0.03967923 -0.0020201057 0.5965222
-13.14024 -0.15572739 14.222015 0.1687595 -0.596623 0.027556807 0.027694032 0.5965222
-14.895893 42.81955 14.222015 -0.24300082 0.56201047 0.039677985 0.027282886 0.9194365
-14.895878 -0.15572739 12.794899 -0.16875806 -0.59661746 -0.02755713 -0.00020272378 0.5974118
-14.895901 -0.15572739 14.222015 -0.24299952 -0.5619975 0.03967923 0.027282886 0.5974118
-14.895878 -0.15572739 12.794899 -0.16875806 -0.59661746 -0.02755713 0.02645894 0.59806347
-13.140224 42.81955 12.794899 0.24300133 0.5619971 -0.03967896 -0.000105580315 0.91738534
-13.140224 -0.15572739 12.794899 0.24299912 -0.5619967 -0.039679166 -0.000105580315 0.5980625
-13.14024 -0.15572739 14.222015 0.1687595 -0.596623 0.027556807 0.31694108 0.24653935
-14.895878 -0.15572739 12.794899 -0.16875806 -0.59661746 -0.02755713 0.5669411 0.49653935
-13.140224 -0.15572739 12.794899 0.24299912 -0.5619967 -0.039679166 0.31694108 0.49653935
-13.14024 42.819553 14.222015 0.16875736 0.5966191 0.027557153 0.24389991 0.51512146
-14.895878 42.81955 12.794899 -0.1687586 0.59660095 -0.027558077 0.037731543 0.60571396
-14.895893 42.81955 14.222015 -0.24300082 0.56201047 0.039677985 0.037731543 0.51512146
-34.41554 42.81955 12.794899 0.243002 0.5619986 -0.03967876 0.028632 0.91710085
-34.415554 -0.15572739 14.222015 0.1687595 -0.596623 0.027556807 -0.00087909494 0.59634036
-34.41554 -0.15572739 12.794899 0.24299847 -0.56199515 -0.03967937 0.028632 0.59634036
-34.415546 42.819553 14.222015 0.16875738 0.5966192 0.027557153 0.027694032 0.91932404
-36.171207 -0.15572739 14.222015 -0.2429996 -0.5619979 0.039679196 -0.0020201057 0.5965222
-34.415554 -0.15572739 14.222015 0.1687595 -0.596623 0.027556807 0.027694032 0.5965222
-36.171207 42.81955 14.222015 -0.24300079 0.56201017 0.03967802 0.027282886 0.9194365
-36.1712 -0.15572739 12.794899 -0.16875836 -0.5966188 -0.027557015 -0.00020272378 0.5974118
-36.171207 -0.15572739 14.222015 -0.2429996 -0.5619979 0.039679196 0.027282886 0.5974118
-36.1712 42.81955 12.794899 -0.1687583 0.59659964 -0.027558194 0.02645894 0.9173863
-34.41554 -0.15572739 12.794899 0.24299847 -0.56199515 -0.03967937 -0.000105580315 0.5980625
-36.1712 -0.15572739 12.794899 -0.16875836 -0.5966188 -0.027557015 0.02645894 0.59806347
-34.415554 -0.15572739 14.222015 0.1687595 -0.596623 0.027556807 0.31694108 0.24653935
-36.1712 -0.15572739 12.794899 -0.16875836 -0.5966188 -0.027557015 0.5669411 0.49653935
-34.41554 -0.15572739 12.794899 0.24299847 -0.56199515 -0.03967937 0.31694108 0.49653935
-34.415546 42.819553 14.222015 0.16875738 0.5966192 0.027557153 0.24389991 0.51512146
-36.1712 42.81955 12.794899 -0.1687583 0.59659964 -0.027558194 0.037731543 0.60571396
-36.171207 42.81955 14.222015 -0.24300079 0.56201017 0.03967802 0.037731543 0.51512146
-56.672886 42.81955 12.794899 0.24299726 0.5619992 -0.03967948 0.028632 0.91710085
-56.67288 -0.15572739 14.222012 0.16876477 -0.59661907 0.027556146 -0.00087909494 0.59634036
-56.672886 -0.15572739 12.794899 0.24299495 -0.56199807 -0.039679747 0.028632 0.59634036
-56.67288 -0.15572739 14.222012 0.16876477 -0.59661907 0.027556146 0.027694032 0.5965222
-58.428555 42.81955 14.222015 -0.2430043 0.5620072 0.039677646 -0.0020201057 0.91932404
-58.428555 -0.15572739 14.222015 -0.24300447 -0.56199807 0.03967838 -0.0020201057 0.5965222
-58.428555 42.81955 14.222015 -0.2430043 0.5620072 0.039677646 0.027282886 0.9194365
-58.428524 -0.15572739 12.794899 -0.16875234 -0.59661925 -0.027557975 -0.00020272378 0.5974118
-58.428555 -0.15572739 14.222015 -0.24300447 -0.56199807 0.03967838 0.027282886 0.5974118
-58.428524 -0.15572739 12.794899 -0.16875234 -0.59661925 -0.027557975 0.02645894 0.59806347
-56.672886 42.81955 12.794899 0.24299726 0.5619992 -0.03967948 -0.000105580315 0.91738534
-56.672886 -0.15572739 12.794899 0.24299495 -0.56199807 -0.039679747 -0.000105580315 0.5980625
-56.67288 -0.15572739 14.222012 0.16876477 -0.59661907 0.027556146 0.31694108 0.24653935
-58.428524 -0.15572739 12.794899 -0.16875234 -0.59661925 -0.027557975 0.5669411 0.49653935
-56.672886 -0.15572739 12.794899 0.24299495 -0.56199807 -0.039679747 0.31694108 0.49653935
-56.67288 42.819553 14.222015 0.16876312 0.59661776 0.027556285 0.24389991 0.51512146
-58.428524 42.81955 12.794895 -0.16875316 0.59660363 -0.027558826 0.037731543 0.60571396
-58.428555 42.81955 14.222015 -0.2430043 0.5620072 0.039677646 0.037731543 0.51512146
-68.39885 42.81955 12.794899 0.24299791 0.56200075 -0.03967928 0.028632 0.91710085
-68.39885 -0.15572739 14.222012 0.16876477 -0.5966192 0.02755614 -0.00087909494 0.59634036
-68.39885 -0.15572739 12.794899 0.24299425 -0.56199646 -0.039679974 0.028632 0.59634036
-68.39885 -0.15572739 14.222012 0.16876477 -0.5966192 0.02755614 0.027694032 0.5965222
-70.154526 42.81955 14.222015 -0.2430042 0.56200755 0.039677624 -0.0020201057 0.91932404
-70.154526 -0.15572739 14.222015 -0.24300456 -0.56199795 0.03967838 -0.0020201057 0.5965222
-70.154526 42.81955 14.222015 -0.2430042 0.56200755 0.039677624 0.027282886 0.9194365
-70.154495 -0.15572739 12.794899 -0.16875277 -0.5966207 -0.027557824 -0.00020272378 0.5974118
-70.154526 -0.15572739 14.222015 -0.24300456 -0.56199795 0.03967838 0.027282886 0.5974118
-70.154495 42.81955 12.794895 -0.1687527 0.596602 -0.027558986 0.02645894 0.9173863
-68.39885 -0.15572739 12.794899 0.24299425 -0.56199646 -0.039679974 -0.000105580315 0.5980625
-70.154495 -0.15572739 12.794899 -0.16875277 -0.5966207 -0.027557824 0.02645894 0.59806347
-68.39885 -0.15572739 14.222012 0.16876477 -0.5966192 0.02755614 0.31694108 0.24653935
-70.154495 -0.15572739 12.794899 -0.16875277 -0.5966207 -0.027557824 0.5669411 0.49653935
-68.39885 -0.15572739 12.794899 0.24299425 -0.56199646 -0.039679974 0.31694108 0.49653935
-68.39885 42.819553 14.222012 0.16876322 0.59661764 0.027556278 0.24389991 0.51512146
-70.154495 42.81955 12.794895 -0.1687527 0.596602 -0.027558986 0.037731543 0.60571396
-70.154526 42.81955 14.222015 -0.2430042 0.56200755 0.039677624 0.037731543 0.51512146
-45.05834 -0.15572739 12.794899 0.242997 -0.5619933 -0.039679736 0.028632 0.59634036
-45.058346 42.819553 14.222015 0.16876522 0.5966148 0.027556099 -0.000879094 0.91710085
-45.058346 -0.15572739 14.222012 0.16876721 -0.5966149 0.027555954 -0.00087909494 0.59634036
-45.058346 -0.15572739 14.222012 0.16876721 -0.5966149 0.027555954 0.027694032 0.5965222
-46.814014 42.81955 14.222015 -0.24300434 0.5620074 0.039677612 -0.0020201057 0.91932404
-46.814014 -0.15572739 14.222012 -0.24300456 -0.56199795 0.03967838 -0.0020201057 0.5965222
-46.814014 42.81955 14.222015 -0.24300434 0.5620074 0.039677612 0.027282886 0.9194365
-46.81399 -0.15572739 12.794895 -0.1687528 -0.5966206 -0.027557828 -0.00020272378 0.5974118
-46.814014 -0.15572739 14.222012 -0.24300456 -0.56199795 0.03967838 0.027282886 0.5974118
-46.81399 42.81955 12.794899 -0.1687526 0.5966021 -0.027558995 0.02645894 0.9173863
-45.05834 -0.15572739 12.794899 0.242997 -0.5619933 -0.039679736 -0.000105580315 0.5980625
-46.81399 -0.15572739 12.794895 -0.1687528 -0.5966206 -0.027557828 0.02645894 0.59806347
-45.058346 -0.15572739 14.222012 0.16876721 -0.5966149 0.027555954 0.31694108 0.24653935
-46.81399 -0.15572739 12.794895 -0.1687528 -0.5966206 -0.027557828 0.5669411 0.49653935
-45.05834 -0.15572739 12.794899 0.242997 -0.5619933 -0.039679736 0.31694108 0.49653935
-45.058346 42.819553 14.222015 0.16876522 0.5966148 0.027556099 0.24389991 0.51512146
-46.81399 42.81955 12.794899 -0.1687526 0.5966021 -0.027558995 0.037731543 0.60571396
-46.814014 42.81955 14.222015 -0.24300434 0.5620074 0.039677612 0.037731543 0.51512146
-23.999073 42.81955 12.794899 0.24299785 0.5620004 -0.03967931 0.028632 0.91710085
-23.999073 -0.15572739 14.222012 0.16876468 -0.5966192 0.027556151 -0.00087909494 0.59634036
-23.999073 -0.15572739 12.794899 0.2429943 -0.5619966 -0.039679956 0.028632 0.59634036
-23.999073 -0.15572739 14.222012 0.16876468 -0.5966192 0.027556151 0.027694032 0.5965222
-25.754742 42.81955 14.222015 -0.24300434 0.5620075 0.039677612 -0.0020201057 0.91932404
-25.754742 -0.15572739 14.222015 -0.24300456 -0.56199795 0.03967838 -0.0020201057 0.5965222
-25.754742 42.81955 14.222015 -0.24300434 0.5620075 0.039677612 0.027282886 0.9194365
-25.754719 -0.15572739 12.794895 -0.1687528 -0.5966206 -0.027557828 -0.00020272378 0.5974118
-25.754742 -0.15572739 14.222015 -0.24300456 -0.56199795 0.03967838 0.027282886 0.5974118
-25.754719 42.81955 12.794899 -0.1687526 0.59660214 -0.027558995 0.02645894 0.9173863
-23.999073 -0.15572739 12.794899 0.2429943 -0.5619966 -0.039679956 -0.000105580315 0.5980625
-25.754719 -0.15572739 12.794895 -0.1687528 -0.5966206 -0.027557828 0.02645894 0.59806347
-23.999073 -0.15572739 14.222012 0.16876468 -0.5966192 0.027556151 0.31694108 0.24653935
-25.754719 -0.15572739 12.794895 -0.1687528 -0.5966206 -0.027557828 0.5669411 0.49653935
-23.999073 -0.15572739 12.794899 0.2429943 -0.5619966 -0.039679956 0.31694108 0.49653935
-23.999073 42.819553 14.222012 0.16876325 0.596618 0.027556252 0.24389991 0.51512146
-25.754719 42.81955 12.794899 -0.1687526 0.59660214 -0.027558995 0.037731543 0.60571396
-25.754742 42.81955 14.222015 -0.24300434 0.5620075 0.039677612 0.037731543 0.51512146
-2.4482193 42.81955 12.794895 0.24299726 0.5619992 -0.039679486 0.028632 0.91710085
-2.448223 -0.15572739 14.222012 0.1687651 -0.5966206 0.02755601 -0.00087909494 0.59634036
-2.4482193 -0.15572739 12.794899 0.24299504 -0.56199795 -0.03967975 0.028632 0.59634036
-2.448223 42.819553 14.222012 0.16876282 0.5966162 0.02755642 0.027694032 0.91932404
-4.203888 -0.15572739 14.222012 -0.2430039 -0.56199646 0.03967858 -0.0020201057 0.5965222
-2.448223 -0.15572739 14.222012 0.1687651 -0.5966206 0.02755601 0.027694032 0.5965222
-4.203888 42.81955 14.222012 -0.24300486 0.56200874 0.03967745 0.027282886 0.9194365
-4.203865 -0.15572739 12.794895 -0.1687523 -0.5966191 -0.02755798 -0.00020272378 0.5974118
-4.203888 -0.15572739 14.222012 -0.2430039 -0.56199646 0.03967858 0.027282886 0.5974118
-4.203865 -0.15572739 12.794895 -0.1687523 -0.5966191 -0.02755798 0.02645894 0.59806347
-2.4482193 42.81955 12.794895 0.24299726 0.5619992 -0.039679486 -0.000105580315 0.91738534
-2.4482193 -0.15572739 12.794899 0.24299504 -0.56199795 -0.03967975 -0.000105580315 0.5980625
-2.448223 -0.15572739 14.222012 0.1687651 -0.5966206 0.02755601 0.31694108 0.24653935
-4.203865 -0.15572739 12.794895 -0.1687523 -0.5966191 -0.02755798 0.5669411 0.49653935
-2.4482193 -0.15572739 12.794899 0.24299504 -0.56199795 -0.03967975 0.31694108 0.49653935
-2.448223 42.819553 14.222012 0.16876282 0.5966162 0.02755642 0.24389991 0.51512146
-4.203865 42.81955 12.794899 -0.16875315 0.59660375 -0.02755882 0.037731543 0.60571396
-4.203888 42.81955 14.222012 -0.24300486 0.56200874 0.03967745 0.037731543 0.51512146
-2.4482193 42.81955 -14.120403 0.24299724 0.561999 -0.039679505 0.028632 0.91710085
-2.448223 -0.15572739 -12.693289 0.16876091 -0.5966055 0.02755747 -0.00087909494 0.59634036
-2.4482193 -0.15572739 -14.1204 0.24300003 -0.56200933 -0.039678186 0.028632 0.59634036
-2.448223 42.819553 -12.693287 0.16876282 0.59661645 0.027556404 0.027694032 0.91932404
-4.2038918 -0.15572739 -12.693287 -0.24300928 -0.5620086 0.039676912 -0.0020201057 0.5965222
-2.448223 -0.15572739 -12.693289 0.16876091 -0.5966055 0.02755747 0.027694032 0.5965222
-4.2038918 42.81955 -12.693285 -0.24300498 0.5620088 0.039677426 0.027282886 0.9194365
-4.203865 -0.15572739 -14.120404 -0.1687478 -0.5966028 -0.02755955 -0.00020272378 0.5974118
-4.2038918 -0.15572739 -12.693287 -0.24300928 -0.5620086 0.039676912 0.027282886 0.5974118
-4.203865 -0.15572739 -14.120404 -0.1687478 -0.5966028 -0.02755955 0.02645894 0.59806347
-2.4482193 42.81955 -14.120403 0.24299724 0.561999 -0.039679505 -0.000105580315 0.91738534
-2.4482193 -0.15572739 -14.1204 0.24300003 -0.56200933 -0.039678186 -0.000105580315 0.5980625
-2.448223 -0.15572739 -12.693289 0.16876091 -0.5966055 0.02755747 0.31694108 0.24653935
-4.203865 -0.15572739 -14.120404 -0.1687478 -0.5966028 -0.02755955 0.5669411 0.49653935
-2.4482193 -0.15572739 -14.1204 0.24300003 -0.56200933 -0.039678186 0.31694108 0.49653935
-2.448223 42.819553 -12.693287 0.16876282 0.59661645 0.027556404 0.24389991 0.51512146
-4.203865 42.81955 -14.120402 -0.1687531 0.5966037 -0.027558833 0.037731543 0.60571396
-4.2038918 42.81955 -12.693285 -0.24300498 0.5620088 0.039677426 0.037731543 0.51512146
8.775566 42.81955 -14.120403 0.24299721 0.561999 -0.0396795 0.028632 0.91710085
8.775562 -0.15572739 -12.693289 0.16876051 -0.596604 0.027557611 -0.00087909494 0.59634036
8.775566 -0.15572739 -14.120401 0.24300005 -0.5620094 -0.039678186 0.028632 0.59634036
8.775562 -0.15572739 -12.693289 0.16876051 -0.596604 0.027557611 0.027694032 0.5965222
7.0198936 42.81955 -12.693286 -0.24300428 0.56200725 0.039677627 -0.0020201057 0.91932404
7.0198936 -0.15572739 -12.693287 -0.24300992 -0.56201017 0.0396767 -0.0020201057 0.5965222
7.0198936 42.81955 -12.693286 -0.24300428 0.56200725 0.039677627 0.027282886 0.9194365
7.0199203 -0.15572739 -14.120404 -0.16874781 -0.5966028 -0.027559552 -0.00020272378 0.5974118
7.0198936 -0.15572739 -12.693287 -0.24300992 -0.56201017 0.0396767 0.027282886 0.5974118
7.0199203 -0.15572739 -14.120404 -0.16874781 -0.5966028 -0.027559552 0.02645894 0.59806347
8.775566 42.81955 -14.120403 0.24299721 0.561999 -0.0396795 -0.000105580315 0.91738534
8.775566 -0.15572739 -14.120401 0.24300005 -0.5620094 -0.039678186 -0.000105580315 0.5980625
8.775562 -0.15572739 -12.693289 0.16876051 -0.596604 0.027557611 0.31694108 0.24653935
7.0199203 -0.15572739 -14.120404 -0.16874781 -0.5966028 -0.027559552 0.5669411 0.49653935
8.775566 -0.15572739 -14.120401 0.24300005 -0.5620094 -0.039678186 0.31694108 0.49653935
8.775562 42.819553 -12.693287 0.1687632 0.59661794 0.027556272 0.24389991 0.51512146
7.0199203 42.81955 -14.120403 -0.16875309 0.5966037 -0.027558833 0.037731543 0.60571396
7.0198936 42.81955 -12.693286 -0.24300428 0.56200725 0.039677627 0.037731543 0.51512146
-13.480183 42.81955 -14.120403 0.24299724 0.561999 -0.03967951 0.028632 0.91710085
-13.48019 -0.15572739 -12.693289 0.16876091 -0.5966054 0.02755747 -0.00087909494 0.59634036
-13.480183 -0.15572739 -14.120401 0.243 -0.5620094 -0.039678186 0.028632 0.59634036
-13.48019 42.819553 -12.693287 0.16876282 0.59661645 0.0275564 0.027694032 0.91932404
-15.235851 -0.15572739 -12.693287 -0.24300928 -0.5620086 0.039676912 -0.0020201057 0.5965222
-13.48019 -0.15572739 -12.693289 0.16876091 -0.5966054 0.02755747 0.027694032 0.5965222
-15.235851 42.81955 -12.693285 -0.24300495 0.5620088 0.03967743 0.027282886 0.9194365
-15.235828 -0.15572739 -14.120404 -0.16874781 -0.5966028 -0.027559549 -0.00020272378 0.5974118
-15.235851 -0.15572739 -12.693287 -0.24300928 -0.5620086 0.039676912 0.027282886 0.5974118
-15.235828 -0.15572739 -14.120404 -0.16874781 -0.5966028 -0.027559549 0.02645894 0.59806347
-13.480183 42.81955 -14.120403 0.24299724 0.561999 -0.03967951 -0.000105580315 0.91738534
-13.480183 -0.15572739 -14.120401 0.243 -0.5620094 -0.039678186 -0.000105580315 0.5980625
-13.48019 -0.15572739 -12.693289 0.16876091 -0.5966054 0.02755747 0.31694108 0.24653935
-15.235828 -0.15572739 -14.120404 -0.16874781 -0.5966028 -0.027559549 0.5669411 0.49653935
-13.480183 -0.15572739 -14.120401 0.243 -0.5620094 -0.039678186 0.31694108 0.49653935
-13.48019 42.819553 -12.693287 0.16876282 0.59661645 0.0275564 0.24389991 0.51512146
-15.235828 42.81955 -14.120403 -0.16875309 0.5966037 -0.027558833 0.037731543 0.60571396
-15.235851 42.81955 -12.693285 -0.24300495 0.5620088 0.03967743 0.037731543 0.51512146
-34.168972 42.81955 -14.120403 0.24299784 0.5620006 -0.039679296 0.028632 0.91710085
-34.168972 -0.15572739 -12.693289 0.1687605 -0.59660405 0.027557613 -0.00087909494 0.59634036
-34.168972 -0.15572739 -14.1204 0.24299936 -0.56200784 -0.039678395 0.028632 0.59634036
-34.168972 -0.15572739 -12.693289 0.1687605 -0.59660405 0.027557613 0.027694032 0.5965222
-35.92465 42.81955 -12.693285 -0.2430043 0.56200725 0.039677624 -0.0020201057 0.91932404
-35.92465 -0.15572739 -12.693287 -0.2430099 -0.56201017 0.039676707 -0.0020201057 0.5965222
-35.92465 42.81955 -12.693285 -0.2430043 0.56200725 0.039677624 0.027282886 0.9194365
-35.924625 -0.15572739 -14.120404 -0.16874821 -0.5966044 -0.027559403 -0.00020272378 0.5974118
-35.92465 -0.15572739 -12.693287 -0.2430099 -0.56201017 0.039676707 0.027282886 0.5974118
-35.924625 42.81955 -14.120403 -0.1687527 0.5966022 -0.027558982 0.02645894 0.9173863
-34.168972 -0.15572739 -14.1204 0.24299936 -0.56200784 -0.039678395 -0.000105580315 0.5980625
-35.924625 -0.15572739 -14.120404 -0.16874821 -0.5966044 -0.027559403 0.02645894 0.59806347
-34.168972 -0.15572739 -12.693289 0.1687605 -0.59660405 0.027557613 0.31694108 0.24653935
-35.924625 -0.15572739 -14.120404 -0.16874821 -0.5966044 -0.027559403 0.5669411 0.49653935
-34.168972 -0.15572739 -14.1204 0.24299936 -0.56200784 -0.039678395 0.31694108 0.49653935
-34.168972 42.819553 -12.693287 0.16876324 0.596618 0.027556263 0.24389991 0.51512146
-35.924625 42.81955 -14.120403 -0.1687527 0.5966022 -0.027558982 0.037731543 0.60571396
-35.92465 42.81955 -12.693285 -0.2430043 0.56200725 0.039677624 0.037731543 0.51512146
-56.415485 42.81955 -14.120403 0.24299788 0.5620006 -0.0396793 0.028632 0.91710085
-56.415493 -0.15572739 -12.693289 0.16876091 -0.59660554 0.027557459 -0.00087909494 0.59634036
-56.415493 -0.15572739 -14.1204 0.24299939 -0.56200784 -0.039678395 0.028632 0.59634036
-56.415493 42.819553 -12.693287 0.16876279 0.59661645 0.02755641 0.027694032 0.91932404
-58.17117 -0.15572739 -12.693286 -0.24300928 -0.56200856 0.039676905 -0.0020201057 0.5965222
-56.415493 -0.15572739 -12.693289 0.16876091 -0.59660554 0.027557459 0.027694032 0.5965222
-58.17117 42.81955 -12.693285 -0.24300493 0.5620087 0.03967743 0.027282886 0.9194365
-58.171146 -0.15572739 -14.120403 -0.16874821 -0.59660447 -0.027559403 -0.00020272378 0.5974118
-58.17117 -0.15572739 -12.693286 -0.24300928 -0.56200856 0.039676905 0.027282886 0.5974118
-58.171146 42.81955 -14.120402 -0.16875267 0.5966023 -0.027558977 0.02645894 0.9173863
-56.415493 -0.15572739 -14.1204 0.24299939 -0.56200784 -0.039678395 -0.000105580315 0.5980625
-58.171146 -0.15572739 -14.120403 -0.16874821 -0.59660447 -0.027559403 0.02645894 0.59806347
-56.415493 -0.15572739 -12.693289 0.16876091 -0.59660554 0.027557459 0.31694108 0.24653935
-58.171146 -0.15572739 -14.120403 -0.16874821 -0.59660447 -0.027559403 0.5669411 0.49653935
-56.415493 -0.15572739 -14.1204 0.24299939 -0.56200784 -0.039678395 0.31694108 0.49653935
-56.415493 42.819553 -12.693287 0.16876279 0.59661645 0.02755641 0.24389991 0.51512146
-58.171146 42.81955 -14.120402 -0.16875267 0.5966023 -0.027558977 0.037731543 0.60571396
-58.17117 42.81955 -12.693285 -0.24300493 0.5620087 0.03967743 0.037731543 0.51512146
-68.310196 42.81955 -14.120403 0.24299721 0.561999 -0.0396795 0.028632 0.91710085
-68.31018 -0.15572739 -12.693289 0.16876094 -0.5966055 0.027557466 -0.00087909494 0.59634036
-68.310196 -0.15572739 -14.120401 0.24300003 -0.5620094 -0.03967819 0.028632 0.59634036
-68.31018 42.819553 -12.693287 0.16876282 0.5966163 0.027556404 0.027694032 0.91932404
-70.06589 -0.15572739 -12.693286 -0.2430093 -0.56200856 0.039676905 -0.0020201057 0.5965222
-68.31018 -0.15572739 -12.693289 0.16876094 -0.5966055 0.027557466 0.027694032 0.5965222
-70.06589 42.81955 -12.693285 -0.24300498 0.56200874 0.03967743 0.027282886 0.9194365
-70.06586 -0.15572739 -14.120403 -0.16874783 -0.59660286 -0.027559545 -0.00020272378 0.5974118
-70.06589 -0.15572739 -12.693286 -0.2430093 -0.56200856 0.039676905 0.027282886 0.5974118
-70.06586 -0.15572739 -14.120403 -0.16874783 -0.59660286 -0.027559545 0.02645894 0.59806347
-68.310196 42.81955 -14.120403 0.24299721 0.561999 -0.0396795 -0.000105580315 0.91738534
-68.310196 -0.15572739 -14.120401 0.24300003 -0.5620094 -0.03967819 -0.000105580315 0.5980625
-68.31018 -0.15572739 -12.693289 0.16876094 -0.5966055 0.027557466 0.31694108 0.24653935
-70.06586 -0.15572739 -14.120403 -0.16874783 -0.59660286 -0.027559545 0.5669411 0.49653935
-68.310196 -0.15572739 -14.120401 0.24300003 -0.5620094 -0.03967819 0.31694108 0.49653935
-68.31018 42.819553 -12.693287 0.16876282 0.5966163 0.027556404 0.24389991 0.51512146
-70.06586 42.81955 -14.120401 -0.16875312 0.59660375 -0.02755883 0.037731543 0.60571396
-70.06589 42.81955 -12.693285 -0.24300498 0.56200874 0.03967743 0.037731543 0.51512146
-45.056652 42.81955 -14.120403 0.24299788 0.5620005 -0.0396793 0.028632 0.91710085
-45.05666 -0.15572739 -12.693289 0.16876093 -0.5966055 0.027557466 -0.00087909494 0.59634036
-45.056652 -0.15572739 -14.120401 0.24299939 -0.5620079 -0.039678387 0.028632 0.59634036
-45.05666 42.819553 -12.693287 0.16876283 0.5966164 0.027556404 0.027694032 0.91932404
-46.812344 -0.15572739 -12.693285 -0.2430093 -0.56200856 0.039676905 -0.0020201057 0.5965222
-45.05666 -0.15572739 -12.693289 0.16876093 -0.5966055 0.027557466 0.027694032 0.5965222
-46.812344 42.81955 -12.693284 -0.24300498 0.56200874 0.03967743 0.027282886 0.9194365
-46.81233 -0.15572739 -14.120403 -0.16874823 -0.59660435 -0.027559403 -0.00020272378 0.5974118
-46.812344 -0.15572739 -12.693285 -0.2430093 -0.56200856 0.039676905 0.027282886 0.5974118
-46.81233 42.81955 -14.120401 -0.16875271 0.59660226 -0.027558975 0.02645894 0.9173863
-45.056652 -0.15572739 -14.120401 0.24299939 -0.5620079 -0.039678387 -0.000105580315 0.5980625
-46.81233 -0.15572739 -14.120403 -0.16874823 -0.59660435 -0.027559403 0.02645894 0.59806347
-45.05666 -0.15572739 -12.693289 0.16876093 -0.5966055 0.027557466 0.31694108 0.24653935
-46.81233 -0.15572739 -14.120403 -0.16874823 -0.59660435 -0.027559403 0.5669411 0.49653935
-45.056652 -0.15572739 -14.120401 0.24299939 -0.5620079 -0.039678387 0.31694108 0.49653935
-45.05666 42.819553 -12.693287 0.16876283 0.5966164 0.027556404 0.24389991 0.51512146
-46.81233 42.81955 -14.120401 -0.16875271 0.59660226 -0.027558975 0.037731543 0.60571396
-46.812344 42.81955 -12.693284 -0.24300498 0.56200874 0.03967743 0.037731543 0.51512146
-23.93156 42.81955 -14.120403 0.24299785 0.56200063 -0.0396793 0.028632 0.91710085
-23.93156 -0.15572739 -12.693289 0.16876094 -0.5966054 0.02755747 -0.00087909494 0.59634036
-23.93156 -0.15572739 -14.120401 0.24299939 -0.56200784 -0.039678387 0.028632 0.59634036
-23.93156 42.819553 -12.693288 0.1687628 0.59661645 0.027556408 0.027694032 0.91932404
-25.687252 -0.15572739 -12.693286 -0.24300928 -0.5620087 0.039676905 -0.0020201057 0.5965222
-23.93156 -0.15572739 -12.693289 0.16876094 -0.5966054 0.02755747 0.027694032 0.5965222
-25.687252 42.81955 -12.693285 -0.24300493 0.5620088 0.039677426 0.027282886 0.9194365
-25.687222 -0.15572739 -14.120403 -0.16874823 -0.59660435 -0.027559403 -0.00020272378 0.5974118
-25.687252 -0.15572739 -12.693286 -0.24300928 -0.5620087 0.039676905 0.027282886 0.5974118
-25.687222 42.81955 -14.120401 -0.1687527 0.5966023 -0.027558971 0.02645894 0.9173863
-23.93156 -0.15572739 -14.120401 0.24299939 -0.56200784 -0.039678387 -0.000105580315 0.5980625
-25.687222 -0.15572739 -14.120403 -0.16874823 -0.59660435 -0.027559403 0.02645894 0.59806347
-23.93156 -0.15572739 -12.693289 0.16876094 -0.5966054 0.02755747 0.31694108 0.24653935
-25.687222 -0.15572739 -14.120403 -0.16874823 -0.59660435 -0.027559403 0.5669411 0.49653935
-23.93156 -0.15572739 -14.120401 0.24299939 -0.56200784 -0.039678387 0.31694108 0.49653935
-23.93156 42.819553 -12.693288 0.1687628 0.59661645 0.027556408 0.24389991 0.51512146
-25.687222 42.81955 -14.120401 -0.1687527 0.5966023 -0.027558971 0.037731543 0.60571396
-25.687252 42.81955 -12.693285 -0.24300493 0.5620088 0.039677426 0.037731543 0.51512146
29.943127 42.81955 -14.120404 0.24299784 0.56200063 -0.039679296 0.028632 0.91710085
29.943125 -0.15572739 -12.693289 0.16876096 -0.59660554 0.027557466 -0.00087909494 0.59634036
29.943127 -0.15572739 -14.120401 0.2429994 -0.56200784 -0.039678395 0.028632 0.59634036
29.943125 42.819553 -12.693288 0.1687628 0.59661645 0.027556408 0.027694032 0.91932404
28.187435 -0.15572739 -12.693287 -0.24300928 -0.5620086 0.039676905 -0.0020201057 0.5965222
29.943125 -0.15572739 -12.693289 0.16876096 -0.59660554 0.027557466 0.027694032 0.5965222
28.187435 42.81955 -12.693285 -0.24300495 0.56200874 0.03967743 0.027282886 0.9194365
28.18746 -0.15572739 -14.120403 -0.16874823 -0.5966044 -0.027559403 -0.00020272378 0.5974118
28.187435 -0.15572739 -12.693287 -0.24300928 -0.5620086 0.039676905 0.027282886 0.5974118
28.18746 42.81955 -14.120402 -0.16875271 0.59660226 -0.027558971 0.02645894 0.9173863
29.943127 -0.15572739 -14.120401 0.2429994 -0.56200784 -0.039678395 -0.000105580315 0.5980625
28.18746 -0.15572739 -14.120403 -0.16874823 -0.5966044 -0.027559403 0.02645894 0.59806347
29.943125 -0.15572739 -12.693289 0.16876096 -0.59660554 0.027557466 0.31694108 0.24653935
28.18746 -0.15572739 -14.120403 -0.16874823 -0.5966044 -0.027559403 0.5669411 0.49653935
29.943127 -0.15572739 -14.120401 0.2429994 -0.56200784 -0.039678395 0.31694108 0.49653935
29.943125 42.819553 -12.693288 0.1687628 0.59661645 0.027556408 0.24389991 0.51512146
28.18746 42.81955 -14.120402 -0.16875271 0.59660226 -0.027558971 0.037731543 0.60571396
28.187435 42.81955 -12.693285 -0.24300495 0.56200874 0.03967743 0.037731543 0.51512146
52.427277 42.81955 -14.120403 0.24299784 0.5620006 -0.039679304 0.028632 0.91710085
52.427277 -0.15572739 -12.693289 0.16876094 -0.5966054 0.02755747 -0.00087909494 0.59634036
52.427277 -0.15572739 -14.120401 0.24299939 -0.5620079 -0.039678387 0.028632 0.59634036
52.427277 42.819553 -12.693287 0.16876285 0.5966163 0.0275564 0.027694032 0.91932404
50.671585 -0.15572739 -12.693285 -0.24300928 -0.5620087 0.039676905 -0.0020201057 0.5965222
52.427277 -0.15572739 -12.693289 0.16876094 -0.5966054 0.02755747 0.027694032 0.5965222
50.671585 42.81955 -12.693284 -0.24300495 0.5620088 0.039677426 0.027282886 0.9194365
50.67161 -0.15572739 -14.120403 -0.16874824 -0.5966044 -0.027559403 -0.00020272378 0.5974118
50.671585 -0.15572739 -12.693285 -0.24300928 -0.5620087 0.039676905 0.027282886 0.5974118
50.67161 42.81955 -14.120401 -0.1687527 0.5966023 -0.027558975 0.02645894 0.9173863
52.427277 -0.15572739 -14.120401 0.24299939 -0.5620079 -0.039678387 -0.000105580315 0.5980625
50.67161 -0.15572739 -14.120403 -0.16874824 -0.5966044 -0.027559403 0.02645894 0.59806347
52.427277 -0.15572739 -12.693289 0.16876094 -0.5966054 0.02755747 0.31694108 0.24653935
50.67161 -0.15572739 -14.120403 -0.16874824 -0.5966044 -0.027559403 0.5669411 0.49653935
52.427277 -0.15572739 -14.120401 0.24299939 -0.5620079 -0.039678387 0.31694108 0.49653935
52.427277 42.819553 -12.693287 0.16876285 0.5966163 0.0275564 0.24389991 0.51512146
50.67161 42.81955 -14.120401 -0.1687527 0.5966023 -0.027558975 0.037731543 0.60571396
50.671585 42.81955 -12.693284 -0.24300495 0.5620088 0.039677426 0.037731543 0.51512146
41.063614 42.81955 -14.120403 0.24299784 0.56200063 -0.039679304 0.028632 0.91710085
41.06361 -0.15572739 -12.693289 0.16876096 -0.5966055 0.027557466 -0.00087909494 0.59634036
41.063614 -0.15572739 -14.120401 0.24299939 -0.5620079 -0.039678395 0.028632 0.59634036
41.06361 42.819553 -12.693287 0.16876282 0.5966163 0.027556412 0.027694032 0.91932404
39.307922 -0.15572739 -12.693285 -0.24300928 -0.5620087 0.039676905 -0.0020201057 0.5965222
41.06361 -0.15572739 -12.693289 0.16876096 -0.5966055 0.027557466 0.027694032 0.5965222
39.307922 42.81955 -12.693284 -0.24300495 0.5620088 0.03967743 0.027282886 0.9194365
39.307945 -0.15572739 -14.120403 -0.16874824 -0.5966044 -0.027559403 -0.00020272378 0.5974118
39.307922 -0.15572739 -12.693285 -0.24300928 -0.5620087 0.039676905 0.027282886 0.5974118
39.307945 42.81955 -14.120401 -0.1687527 0.5966023 -0.027558971 0.02645894 0.9173863
41.063614 -0.15572739 -14.120401 0.24299939 -0.5620079 -0.039678395 -0.000105580315 0.5980625
39.307945 -0.15572739 -14.120403 -0.16874824 -0.5966044 -0.027559403 0.02645894 0.59806347
41.06361 -0.15572739 -12.693289 0.16876096 -0.5966055 0.027557466 0.31694108 0.24653935
39.307945 -0.15572739 -14.120403 -0.16874824 -0.5966044 -0.027559403 0.5669411 0.49653935
41.063614 -0.15572739 -14.120401 0.24299939 -0.5620079 -0.039678395 0.31694108 0.49653935
41.06361 42.819553 -12.693287 0.16876282 0.5966163 0.027556412 0.24389991 0.51512146
39.307945 42.81955 -14.120401 -0.1687527 0.5966023 -0.027558971 0.037731543 0.60571396
39.307922 42.81955 -12.693284 -0.24300495 0.5620088 0.03967743 0.037731543 0.51512146
18.73838 42.81955 -14.120403 0.24299784 0.56200063 -0.039679304 0.028632 0.91710085
18.738377 -0.15572739 -12.693289 0.16876096 -0.5966055 0.02755746 -0.00087909494 0.59634036
18.73838 -0.15572739 -14.120401 0.24299936 -0.56200796 -0.039678387 0.028632 0.59634036
18.738377 42.819553 -12.693287 0.16876282 0.5966163 0.027556408 0.027694032 0.91932404
16.982689 -0.15572739 -12.693285 -0.24300928 -0.5620086 0.039676912 -0.0020201057 0.5965222
18.738377 -0.15572739 -12.693289 0.16876096 -0.5966055 0.02755746 0.027694032 0.5965222
16.982689 42.81955 -12.693284 -0.24300495 0.5620088 0.03967743 0.027282886 0.9194365
16.982712 -0.15572739 -14.120403 -0.16874826 -0.59660435 -0.027559401 -0.00020272378 0.5974118
16.982689 -0.15572739 -12.693285 -0.24300928 -0.5620086 0.039676912 0.027282886 0.5974118
16.982712 42.81955 -14.120401 -0.16875271 0.59660226 -0.027558975 0.02645894 0.9173863
18.73838 -0.15572739 -14.120401 0.24299936 -0.56200796 -0.039678387 -0.000105580315 0.5980625
16.982712 -0.15572739 -14.120403 -0.16874826 -0.59660435 -0.027559401 0.02645894 0.59806347
18.738377 -0.15572739 -12.693289 0.16876096 -0.5966055 0.02755746 0.31694108 0.24653935
16.982712 -0.15572739 -14.120403 -0.16874826 -0.59660435 -0.027559401 0.5669411 0.49653935
18.73838 -0.15572739 -14.120401 0.24299936 -0.56200796 -0.039678387 0.31694108 0.49653935
18.738377 42.819553 -12.693287 0.16876282 0.5966163 0.027556408 0.24389991 0.51512146
16.982712 42.81955 -14.120401 -0.16875271 0.59660226 -0.027558975 0.037731543 0.60571396
16.982689 42.81955 -12.693284 -0.24300495 0.5620088 0.03967743 0.037731543 0.51512146
50.566154 7.25819 12.848099 -0.2682321 0.6203604 -4.377216e-08 0.7517335 0.3581855
50.566154 6.277626 -12.211454 -0.21797603 -0.7705593 -4.0978193e-08 0.85241085 0.37781915
50.566154 6.277626 12.848091 -0.26823053 -0.62036544 5.029142e-08 0.7517333 0.37781915
50.566154 6.277626 -12.211454 -0.21797603 -0.7705593 -4.0978193e-08 0.31694108 0.24653935
62.775497 6.277622 12.84808 -3.0942147e-07 -1 -9.623851e-08 0.5669411 0.49653935
50.566154 6.277626 12.848091 -0.26823053 -0.62036544 5.029142e-08 0.31694108 0.49653935
50.566154 7.25819 -12.211452 -0.21797374 0.77056557 -1.5553087e-07 0.8059208 0.50527835
62.775497 7.2581863 12.84808 2.900081e-07 1 -2.6370319e-07 0.69836676 0.59587085
62.775497 7.2581863 -12.211477 2.8900635e-07 1 -2.8227683e-07 0.69836676 0.50527835
-68.0999 6.277626 -12.211472 0.26823196 -0.62036175 -6.519258e-08 0.7517333 0.37781915
-68.0999 7.25819 12.848068 0.21797329 0.7705669 -1.5459955e-07 0.85241103 0.3581855
-68.0999 6.277626 12.848072 0.21797131 -0.77057266 -1.2014061e-07 0.85241085 0.37781915
-68.0999 6.277626 12.848072 0.21797131 -0.77057266 -1.2014061e-07 0.31694108 0.24653935
-77.30966 6.277622 -12.211459 4.2011837e-07 -1 -4.25035e-08 0.5669411 0.49653935
-68.0999 6.277626 -12.211472 0.26823196 -0.62036175 -6.519258e-08 0.31694108 0.49653935
-68.0999 7.25819 12.848068 0.21797329 0.7705669 -1.5459955e-07 0.8059208 0.50527835
-77.30966 7.2581863 -12.211459 -4.2809077e-07 1 -1.05310804e-07 0.69836676 0.59587085
-77.30968 7.2581863 12.848095 -4.274992e-07 1 -9.434986e-08 0.69836676 0.50527835
-69.43643 10.398235 -26.640799 0.2682285 -0.62037355 5.4948032e-08 0.14192286 0.030458258
-69.43643 10.823898 27.277378 0.21797045 0.77057344 -6.891787e-08 0.9791901 0.00914477
-69.43643 10.398235 27.277386 0.21797203 -0.7705711 -1.2852252e-07 0.9791888 0.030458258
-69.43643 10.398235 27.277386 0.21797203 -0.7705711 -1.2852252e-07 0.31694108 0.24653935
-77.30966 10.3982315 -26.640774 4.889114e-07 -1 -1.3070188e-07 0.5669411 0.49653935
-69.43643 10.398235 -26.640799 0.2682285 -0.62037355 5.4948032e-08 0.31694108 0.49653935
-69.43643 10.823898 27.277378 0.21797045 0.77057344 -6.891787e-08 0.3617968 0.41651812
-77.30966 10.823891 -26.640774 -4.949308e-07 1 -5.1655064e-08 1.2038624 0.4509175
-77.30968 10.8238945 27.277435 -5.021674e-07 1 -1.8581918e-07 0.3617968 0.4509175
-69.43643 14.437508 -26.640797 0.26823145 -0.6203634 -5.9604645e-08 0.14192286 0.030458258
-69.43643 14.863167 27.277374 0.21797024 0.77057374 -2.7939677e-08 0.9791901 0.00914477
-69.43643 14.437504 27.277382 0.21797197 -0.7705709 -6.798655e-08 0.9791888 0.030458258
-69.43643 14.437504 27.277382 0.21797197 -0.7705709 -6.798655e-08 0.31694108 0.24653935
-77.30966 14.437504 -26.640774 4.9259467e-07 -1 -6.239458e-08 0.5669411 0.49653935
-69.43643 14.437508 -26.640797 0.26823145 -0.6203634 -5.9604645e-08 0.31694108 0.49653935
-69.43643 14.863167 27.277374 0.21797024 0.77057374 -2.7939677e-08 0.3617968 0.41651812
-77.30966 14.863163 -26.640774 -4.929131e-07 1 -1.42448755e-08 1.2038624 0.4509175
-77.30968 14.863163 27.277435 -4.9146627e-07 1 1.2588131e-08 0.3617968 0.4509175
-69.43643 18.825468 -26.640797 0.26823145 -0.6203634 -5.9604645e-08 0.14192286 0.030458258
-69.43643 19.251127 27.277374 0.21797025 0.7705738 -4.9360096e-08 0.9791901 0.00914477
-69.43643 18.825464 27.277382 0.21797194 -0.7705708 -4.656613e-08 0.9791888 0.030458258
-69.43643 18.825464 27.277382 0.21797194 -0.7705708 -4.656613e-08 0.31694108 0.24653935
-77.30966 18.825464 -26.640774 4.938227e-07 -1 -3.9625604e-08 0.5669411 0.49653935
-69.43643 18.825468 -26.640797 0.26823145 -0.6203634 -5.9604645e-08 0.31694108 0.49653935
-69.43643 19.251127 27.277374 0.21797025 0.7705738 -4.9360096e-08 0.3617968 0.41651812
-77.30966 19.251123 -26.640774 -4.9414115e-07 1 -3.7013834e-08 1.2038624 0.4509175
-77.30968 19.251123 27.277431 -4.9414155e-07 1 -3.701369e-08 0.3617968 0.4509175
-69.43643 24.161213 -26.640797 0.26823145 -0.6203634 -5.9604645e-08 0.14192286 0.030458258
-69.43643 24.586872 27.277374 0.2179702 0.7705738 -3.1664968e-08 0.9791901 0.00914477
-69.43643 24.16121 27.277382 0.21797198 -0.7705708 -5.7742e-08 0.9791888 0.030458258
-69.43643 24.16121 27.277382 0.21797198 -0.7705708 -5.7742e-08 0.31694108 0.24653935
-77.30966 24.16121 -26.640774 4.9320874e-07 -1 -5.101019e-08 0.5669411 0.49653935
-69.43643 24.161213 -26.640797 0.26823145 -0.6203634 -5.9604645e-08 0.31694108 0.49653935
-69.43643 24.586872 27.277374 0.2179702 0.7705738 -3.1664968e-08 0.3617968 0.41651812
-77.30966 24.586868 -26.640774 -4.926939e-07 1 -1.0181026e-08 1.2038624 0.4509175
-77.30968 24.586868 27.277431 -4.941416e-07 1 -3.701369e-08 0.3617968 0.4509175
-69.43643 29.901384 -26.640797 0.26823145 -0.6203634 -5.9604645e-08 0.14192286 0.030458258
-69.43643 30.327045 27.277374 0.2179702 0.7705738 -2.7008355e-08 0.9791901 0.00914477
-69.43643 29.901382 27.277382 0.21797198 -0.7705708 -5.7742e-08 0.9791888 0.030458258
-69.43643 29.901382 27.277382 0.21797198 -0.7705708 -5.7742e-08 0.31694108 0.24653935
-77.30966 29.90138 -26.640774 4.932087e-07 -1 -5.1010204e-08 0.5669411 0.49653935
-69.43643 29.901384 -26.640797 0.26823145 -0.6203634 -5.9604645e-08 0.31694108 0.49653935
-69.43643 30.327045 27.277374 0.2179702 0.7705738 -2.7008355e-08 0.3617968 0.41651812
-77.30966 30.32704 -26.640774 -4.923869e-07 1 -4.4887827e-09 1.2038624 0.4509175
-77.30968 30.327042 27.277431 -4.934727e-07 1 -2.4613243e-08 0.3617968 0.4509175
-68.33836 34.39415 -13.313776 0.26823094 -0.6203647 2.7939677e-08 0.7517333 0.37781915
-68.33835 35.374714 13.950371 0.2179713 0.7705711 -1.7695129e-08 0.85241103 0.3581855
-68.33835 34.39415 13.950375 0.21797228 -0.7705697 3.632158e-08 0.85241085 0.37781915
-68.33835 34.39415 13.950375 0.21797228 -0.7705697 3.632158e-08 0.31694108 0.24653935
-77.30966 34.394146 -13.313762 4.347821e-07 -1 3.758094e-08 0.5669411 0.49653935
-68.33836 34.39415 -13.313776 0.26823094 -0.6203647 2.7939677e-08 0.31694108 0.49653935
-68.33835 35.374714 13.950371 0.2179713 0.7705711 -1.7695129e-08 0.8079553 0.50527835
-77.30966 35.37471 -13.313762 -4.3479596e-07 1 -3.783194e-08 0.70219153 0.59587085
-77.30968 35.37471 13.950401 -4.353407e-07 1 -4.7944056e-08 0.70219153 0.50527835
-68.31018 42.81955 -5.67268 0.29378757 4.0490725e-08 -0.04797083 0.028632 0.91710085
-68.31018 -0.15572739 -4.2455654 0.21028385 -7.9792656e-08 0.03433809 -0.00087909494 0.59634036
-68.31018 -0.15572739 -5.672678 0.29378557 -1.0816697e-07 -0.047971163 0.028632 0.59634036
-68.31018 -0.15572739 -4.2455654 0.21028385 -7.9792656e-08 0.03433809 0.027694032 0.5965222
-70.06587 42.81955 -4.2455616 -0.29379052 1.2555375e-08 0.047970362 -0.0020201057 0.91932404
-70.06587 -0.15572739 -4.2455626 -0.2937955 -3.5962562e-09 0.047969542 -0.0020201057 0.5965222
-70.06587 42.81955 -4.2455616 -0.29379052 1.2555375e-08 0.047970362 0.027282886 0.9194365
-70.06586 -0.15572739 -5.67268 -0.21027218 -2.1566304e-11 -0.03433999 -0.00020272378 0.5974118
-70.06587 -0.15572739 -4.2455626 -0.2937955 -3.5962562e-09 0.047969542 0.027282886 0.5974118
-70.06586 42.81955 -5.672678 -0.2102738 8.211556e-09 -0.034339726 0.02645894 0.9173863
-68.31018 -0.15572739 -5.672678 0.29378557 -1.0816697e-07 -0.047971163 -0.000105580315 0.5980625
-70.06586 -0.15572739 -5.67268 -0.21027218 -2.1566304e-11 -0.03433999 0.02645894 0.59806347
-68.310196 42.81955 4.152176 0.29379335 -1.785931e-09 -0.047969896 0.028632 0.91710085
-68.310196 -0.15572357 5.5792923 0.2102889 3.532996e-11 0.034337267 -0.00087909494 0.59634036
-68.310196 -0.15572357 4.152178 0.29378545 4.1242565e-09 -0.047971185 0.028632 0.59634036
-68.310196 42.819553 5.5792923 0.2102836 -1.0195578e-10 0.03433813 0.027694032 0.91932404
-70.06589 -0.15572357 5.579294 -0.2937944 -5.092345e-09 0.047969718 -0.0020201057 0.5965222
-68.310196 -0.15572357 5.5792923 0.2102889 3.532996e-11 0.034337267 0.027694032 0.5965222
-70.06587 42.81955 5.579294 -0.29379725 -2.9363388e-08 0.04796926 0.027282886 0.9194365
-70.06586 -0.15572357 4.152176 -0.21027626 -7.325296e-10 -0.03433933 -0.00020272378 0.5974118
-70.06589 -0.15572357 5.579294 -0.2937944 -5.092345e-09 0.047969718 0.027282886 0.5974118
-70.06586 42.81955 4.152176 -0.2102739 -2.2196655e-08 -0.03433971 0.02645894 0.9173863
-68.310196 -0.15572357 4.152178 0.29378545 4.1242565e-09 -0.047971185 -0.000105580315 0.5980625
-70.06586 -0.15572357 4.152176 -0.21027626 -7.325296e-10 -0.03433933 0.02645894 0.59806347
50.732487 8.171074 13.041679 -5.47152e-09 0.77054137 0.035593685 0.88443863 0.028680354
-69.98486 8.011139 13.041683 -2.924353e-07 -0.62021196 0.043805335 0.23433578 0.012996644
50.732487 8.011139 13.041679 -1.6530976e-08 -0.7705459 0.03559362 0.88443875 0.012996644
-69.98485 8.171078 12.869778 1.193257e-07 0.77080584 -0.03557608 0.8709347 0.029668808
50.732487 8.011139 12.869774 -1.3061799e-07 -0.62034756 -0.043799117 0.24655381 0.0099131465
-69.98485 8.011139 12.869774 -3.669411e-07 -0.77057713 -0.03559125 0.8709347 0.0099131465
50.732487 8.011139 13.041679 -1.6530976e-08 -0.7705459 0.03559362 0.31694108 0.24653935
-69.98485 8.011139 12.869774 -3.669411e-07 -0.77057713 -0.03559125 0.5669411 0.49653935
50.732487 8.011139 12.869774 -1.3061799e-07 -0.62034756 -0.043799117 0.31694108 0.49653935
50.732487 8.171074 13.041679 -5.47152e-09 0.77054137 0.035593685 0.81429666 0.045527905
-69.98485 8.171078 12.869778 1.193257e-07 0.77080584 -0.03557608 0.3657722 0.09483889
-69.98486 8.171074 13.041683 9.9651515e-08 0.62003124 0.043813083 0.3657722 0.045527905
50.732487 8.171074 -12.832092 -1.286855e-06 0.770762 0.035578854 0.88443863 0.028680354
-69.98486 8.011139 -12.832088 -3.7625432e-07 -0.620212 0.043805335 0.23433578 0.012996644
50.732487 8.011139 -12.832092 1.4012912e-06 -0.7703252 0.035608444 0.88443875 0.012996644
-69.98485 8.171078 -13.003996 -1.3629906e-06 0.7705852 -0.035590902 0.8709347 0.029668808
50.732487 8.011139 -13.003998 1.200242e-06 -0.62052345 -0.043791413 0.24655381 0.0099131465
-69.98485 8.011139 -13.003999 -5.0046947e-07 -0.77057713 -0.03559124 0.8709347 0.0099131465
50.732487 8.011139 -12.832092 1.4012912e-06 -0.7703252 0.035608444 0.31694108 0.24653935
-69.98485 8.011139 -13.003999 -5.0046947e-07 -0.77057713 -0.03559124 0.5669411 0.49653935
50.732487 8.011139 -13.003998 1.200242e-06 -0.62052345 -0.043791413 0.31694108 0.49653935
50.732487 8.171074 -12.832092 -1.286855e-06 0.770762 0.035578854 0.81429666 0.045527905
-69.98485 8.171078 -13.003996 -1.3629906e-06 0.7705852 -0.035590902 0.3657722 0.09483889
-69.98486 8.171074 -12.832088 -1.0703225e-06 0.62020713 0.04380538 0.3657722 0.045527905
62.40036 36.01203 -13.449295 -2.9383227e-07 0.7706034 0.035589512 0.88443863 0.028680354
-69.98486 35.852097 -13.449291 6.868504e-08 -0.6201551 0.043807816 0.23433578 0.012996644
62.40036 35.852097 -13.449295 5.2386895e-09 -0.7705509 0.035593286 0.88443875 0.012996644
-69.98485 36.012035 -13.6212 -1.8416904e-07 0.77077675 -0.035578024 0.8709347 0.029668808
62.400364 35.852097 -13.621201 6.9849193e-09 -0.6203523 -0.043798912 0.24655381 0.0099131465
-69.98485 35.852097 -13.6212015 6.577466e-08 -0.77066183 -0.035585552 0.8709347 0.0099131465
62.40036 35.852097 -13.449295 5.2386895e-09 -0.7705509 0.035593286 0.31694108 0.24653935
-69.98485 35.852097 -13.6212015 6.577466e-08 -0.77066183 -0.035585552 0.5669411 0.49653935
62.400364 35.852097 -13.621201 6.9849193e-09 -0.6203523 -0.043798912 0.31694108 0.49653935
62.40036 36.01203 -13.449295 -2.9383227e-07 0.7706034 0.035589512 0.81429666 0.045527905
-69.98485 36.012035 -13.6212 -1.8416904e-07 0.77077675 -0.035578024 0.3657722 0.09483889
-69.98486 36.01203 -13.449291 -1.322478e-07 0.6200623 0.043811724 0.3657722 0.045527905
62.17917 36.01203 13.867573 1.967419e-08 0.7706275 0.035587862 0.88443863 0.028680354
-69.98488 35.852097 13.867573 5.7043508e-08 -0.6201491 0.043808084 0.23433578 0.012996644
62.17917 35.852097 13.867573 -2.9662624e-07 -0.7706817 0.035584472 0.88443875 0.012996644
-69.98485 36.012035 13.695663 -1.8859282e-07 0.77085143 -0.035572983 0.8709347 0.029668808
62.17917 35.852097 13.695663 -2.2933818e-07 -0.6203049 -0.043800995 0.24655381 0.0099131465
-69.98485 35.852097 13.695663 6.041955e-08 -0.7707415 -0.03558017 0.8709347 0.0099131465
62.17917 35.852097 13.867573 -2.9662624e-07 -0.7706817 0.035584472 0.31694108 0.24653935
-69.98485 35.852097 13.695663 6.041955e-08 -0.7707415 -0.03558017 0.5669411 0.49653935
62.17917 35.852097 13.695663 -2.2933818e-07 -0.6203049 -0.043800995 0.31694108 0.49653935
62.17917 36.01203 13.867573 1.967419e-08 0.7706275 0.035587862 0.81429666 0.045527905
-69.98485 36.012035 13.695663 -1.8859282e-07 0.77085143 -0.035572983 0.3657722 0.09483889
-69.98488 36.01203 13.867573 -1.4319085e-07 0.6200622 0.043811727 0.3657722 0.045527905
-68.43555 35.87786 -13.255078 0.26823273 -0.62035865 -4.9360096e-08 0.88443875 0.012996644
-68.43555 36.00995 13.171589 0.21798004 0.77055067 -1.9837171e-07 0.23433578 0.028680354
-68.43555 35.877857 13.171589 0.21797004 -0.7705749 5.9604645e-08 0.23433578 0.012996644
-68.55072 36.00995 13.171593 -0.2682284 0.620374 -3.1664968e-08 0.8709347 0.029668808
-68.550735 35.87786 -13.255075 -0.21797268 -0.7705676 -1.6763806e-08 0.24655381 0.0099131465
-68.55072 35.877857 13.171593 -0.26823038 -0.6203668 1.8347055e-07 0.8709347 0.0099131465
-68.43555 35.877857 13.171589 0.21797004 -0.7705749 5.9604645e-08 0.5669411 0.24653935
-68.550735 35.87786 -13.255075 -0.21797268 -0.7705676 -1.6763806e-08 0.31694108 0.49653935
-68.43555 35.87786 -13.255078 0.26823273 -0.62035865 -4.9360096e-08 0.31694108 0.24653935
-68.43555 36.00995 13.171589 0.21798004 0.77055067 -1.9837171e-07 0.3657722 0.045527905
-68.550735 36.00995 -13.255075 -0.21797061 0.77057534 3.091991e-07 0.81429666 0.09483889
-68.55072 36.00995 13.171593 -0.2682284 0.620374 -3.1664968e-08 0.3657722 0.09483889
-68.43555 8.01973 -13.255077 0.268231 -0.62035954 7.059425e-07 0.88443875 0.012996644
-68.43555 8.151817 13.171593 0.21798989 0.7705366 -2.2249296e-06 0.23433578 0.028680354
-68.43555 8.01973 13.171593 0.21797167 -0.7705746 -7.1618706e-07 0.23433578 0.012996644
-68.55072 8.151821 13.171593 -0.26822424 0.6203856 -5.699694e-07 0.8709347 0.029668808
-68.550735 8.01973 -13.255075 -0.21797332 -0.77056754 3.1664968e-07 0.24655381 0.0099131465
-68.55072 8.01973 13.171593 -0.26823157 -0.6203666 7.3667616e-07 0.8709347 0.0099131465
-68.43555 8.01973 13.171593 0.21797167 -0.7705746 -7.1618706e-07 0.5669411 0.24653935
-68.550735 8.01973 -13.255075 -0.21797332 -0.77056754 3.1664968e-07 0.31694108 0.49653935
-68.43555 8.01973 -13.255077 0.268231 -0.62035954 7.059425e-07 0.31694108 0.24653935
-68.43555 8.151817 13.171593 0.21798989 0.7705366 -2.2249296e-06 0.3657722 0.045527905
-68.550735 8.151821 -13.255075 -0.21797135 0.7705754 7.050112e-07 0.81429666 0.09483889
-68.55072 8.151821 13.171593 -0.26822424 0.6203856 -5.699694e-07 0.3657722 0.09483889
51.009445 8.01973 -13.255078 0.268231 -0.62035954 7.0407987e-07 0.88443875 0.012996644
51.009445 8.151817 13.171589 0.2179897 0.7705372 -2.2249296e-06 0.23433578 0.028680354
51.009445 8.01973 13.171589 0.21797147 -0.7705752 -7.143244e-07 0.23433578 0.012996644
50.89427 8.151821 13.171593 -0.26822436 0.6203851 -5.643815e-07 0.8709347 0.029668808
50.894257 8.01973 -13.255075 -0.21797341 -0.77056736 3.1664968e-07 0.24655381 0.0099131465
50.89427 8.01973 13.171593 -0.2682318 -0.62036574 7.4133277e-07 0.8709347 0.0099131465
51.009445 8.01973 13.171589 0.21797147 -0.7705752 -7.143244e-07 0.5669411 0.24653935
50.894257 8.01973 -13.255075 -0.21797341 -0.77056736 3.1664968e-07 0.31694108 0.49653935
51.009445 8.01973 -13.255078 0.268231 -0.62035954 7.0407987e-07 0.31694108 0.24653935
51.009445 8.151817 13.171589 0.2179897 0.7705372 -2.2249296e-06 0.3657722 0.045527905
50.894257 8.151821 -13.255076 -0.21797146 0.7705752 7.059425e-07 0.81429666 0.09483889
50.89427 8.151821 13.171593 -0.26822436 0.6203851 -5.643815e-07 0.3657722 0.09483889
51.014313 -0.5227318 -4.146735 0.2937869 -3.3574633e-08 -0.047970943 0.88443863 0.028680354
51.014313 8.10807 -4.0146465 0.21028636 -1.545034e-08 0.034337673 0.23433578 0.012996644
51.014313 -0.5227318 -4.0146427 0.21028745 -1.6236514e-09 0.034337506 0.88443875 0.012996644
50.89914 8.10807 -4.146738 -0.21029091 3.0245852e-07 -0.034336932 0.8709347 0.029668808
50.899124 -0.5227318 -4.0146427 -0.29378694 3.980226e-07 0.047970943 0.24655381 0.0099131465
50.89914 8.10807 -4.0146475 -0.29378387 4.4227806e-07 0.047971442 0.8709347 0.0099131465
51.014313 8.10807 -4.0146465 0.21028636 -1.545034e-08 0.034337673 0.5669411 0.24653935
50.899124 -0.5227318 -4.0146427 -0.29378694 3.980226e-07 0.047970943 0.31694108 0.49653935
51.014313 -0.5227318 -4.0146427 0.21028745 -1.6236514e-09 0.034337506 0.31694108 0.24653935
51.014313 -0.5227318 -4.146735 0.2937869 -3.3574633e-08 -0.047970943 0.81429666 0.045527905
50.89914 8.10807 -4.146738 -0.21029091 3.0245852e-07 -0.034336932 0.3657722 0.09483889
51.014313 8.10807 -4.146735 0.29378766 -4.125308e-08 -0.047970816 0.3657722 0.045527905
51.014313 -0.5227318 3.8460789 0.29378566 -3.511213e-08 -0.047971148 0.88443863 0.028680354
51.014313 8.10807 3.9781666 0.21028616 -1.545873e-08 0.034337707 0.23433578 0.012996644
51.014313 -0.5227318 3.9781704 0.21028765 -2.7249394e-09 0.034337472 0.88443875 0.012996644
50.89914 8.10807 3.846075 -0.21029083 3.0356665e-07 -0.034336954 0.8709347 0.029668808
50.899124 -0.5227318 3.9781704 -0.29378775 4.2179784e-07 0.04797081 0.24655381 0.0099131465
50.89914 8.10807 3.9781666 -0.29378247 4.4380283e-07 0.047971666 0.8709347 0.0099131465
51.014313 8.10807 3.9781666 0.21028616 -1.545873e-08 0.034337707 0.5669411 0.24653935
50.899124 -0.5227318 3.9781704 -0.29378775 4.2179784e-07 0.04797081 0.31694108 0.49653935
51.014313 -0.5227318 3.9781704 0.21028765 -2.7249394e-09 0.034337472 0.31694108 0.24653935
51.014313 -0.5227318 3.8460789 0.29378566 -3.511213e-08 -0.047971148 0.81429666 0.045527905
50.89914 8.10807 3.846075 -0.21029083 3.0356665e-07 -0.034336954 0.3657722 0.09483889
51.014313 8.10807 3.8460789 0.29378924 -4.1254403e-08 -0.047970563 0.3657722 0.045527905
51.014313 6.7654114 -0.07504082 0.29378664 -3.211036e-07 -0.047970988 0.88443863 0.028680354
51.014313 8.08186 0.057050705 0.21028477 -1.4289279e-07 0.034337938 0.23433578 0.012996644
51.014313 6.7654114 0.057052612 0.2102878 -1.4622765e-07 0.034337442 0.88443875 0.012996644
50.89914 8.08186 -0.075042725 -0.21028928 2.0055575e-06 -0.034337204 0.8709347 0.029668808
50.899124 6.7654114 0.057052612 -0.2937849 2.7369965e-06 0.04797128 0.24655381 0.0099131465
50.89914 8.08186 0.057048798 -0.29378483 2.8463376e-06 0.04797128 0.8709347 0.0099131465
51.014313 8.08186 0.057050705 0.21028477 -1.4289279e-07 0.034337938 0.5669411 0.24653935
50.899124 6.7654114 0.057052612 -0.2937849 2.7369965e-06 0.04797128 0.31694108 0.49653935
51.014313 6.7654114 0.057052612 0.2102878 -1.4622765e-07 0.034337442 0.31694108 0.24653935
51.014313 6.7654114 -0.07504082 0.29378664 -3.211036e-07 -0.047970988 0.81429666 0.045527905
50.89914 8.08186 -0.075042725 -0.21028928 2.0055575e-06 -0.034337204 0.3657722 0.09483889
51.014313 8.08186 -0.07503891 0.29378757 -2.4142096e-07 -0.04797084 0.3657722 0.045527905
51.014313 6.7654076 -8.276068 0.2937858 -3.9175524e-07 -0.047971122 0.88443863 0.028680354
51.014313 8.081856 -8.143977 0.210286 -1.4342149e-07 0.034337744 0.23433578 0.012996644
51.014313 6.7654076 -8.143975 0.21028732 -1.9632634e-07 0.03433752 0.88443875 0.012996644
50.899136 8.081856 -8.276069 -0.21028984 2.055464e-06 -0.03433711 0.8709347 0.029668808
50.899124 6.7654076 -8.143974 -0.293786 2.7381282e-06 0.0479711 0.24655381 0.0099131465
50.89914 8.081856 -8.143978 -0.29378352 2.916726e-06 0.047971494 0.8709347 0.0099131465
51.014313 8.081856 -8.143977 0.210286 -1.4342149e-07 0.034337744 0.5669411 0.24653935
50.899124 6.7654076 -8.143974 -0.293786 2.7381282e-06 0.0479711 0.31694108 0.49653935
51.014313 6.7654076 -8.143975 0.21028732 -1.9632634e-07 0.03433752 0.31694108 0.24653935
51.014313 6.7654076 -8.276068 0.2937858 -3.9175524e-07 -0.047971122 0.81429666 0.045527905
50.899136 8.081856 -8.276069 -0.21028984 2.055464e-06 -0.03433711 0.3657722 0.09483889
51.014313 8.081856 -8.276066 0.29378757 -2.4233378e-07 -0.04797084 0.3657722 0.045527905
51.014313 6.7654076 8.432224 0.29378676 -3.3988428e-07 -0.047970966 0.88443863 0.028680354
51.014313 8.081856 8.564314 0.2102862 -8.793761e-08 0.03433771 0.23433578 0.012996644
51.014313 6.7654076 8.564314 0.21028632 -2.1324722e-07 0.03433769 0.88443875 0.012996644
50.899136 8.081856 8.432224 -0.2102901 2.0001899e-06 -0.034337066 0.8709347 0.029668808
50.899124 6.7654076 8.564314 -0.29378673 2.6615019e-06 0.047970973 0.24655381 0.0099131465
50.89914 8.081856 8.564314 -0.2937838 2.8365394e-06 0.047971457 0.8709347 0.0099131465
51.014313 8.081856 8.564314 0.2102862 -8.793761e-08 0.03433771 0.5669411 0.24653935
50.899124 6.7654076 8.564314 -0.29378673 2.6615019e-06 0.047970973 0.31694108 0.49653935
51.014313 6.7654076 8.564314 0.21028632 -2.1324722e-07 0.03433769 0.31694108 0.24653935
51.014313 6.7654076 8.432224 0.29378676 -3.3988428e-07 -0.047970966 0.81429666 0.045527905
50.899136 8.081856 8.432224 -0.2102901 2.0001899e-06 -0.034337066 0.3657722 0.09483889
51.014313 8.081856 8.432224 0.29378697 -1.6303024e-07 -0.04797094 0.3657722 0.045527905
51.014313 6.7654076 6.120304 0.29378676 -3.4047292e-07 -0.04797097 0.88443863 0.028680354
51.014313 8.081856 6.2523937 0.21028732 -1.991579e-07 0.03433752 0.23433578 0.012996644
51.014313 6.7654076 6.2523956 0.21028632 -2.1324722e-07 0.03433769 0.88443875 0.012996644
50.899136 8.081856 6.120302 -0.21029122 2.0001514e-06 -0.034336887 0.8709347 0.029668808
50.899124 6.7654076 6.2523937 -0.29378673 2.6615016e-06 0.047970973 0.24655381 0.0099131465
50.89914 8.081856 6.2523937 -0.29378298 2.8364625e-06 0.047971588 0.8709347 0.0099131465
51.014313 8.081856 6.2523937 0.21028732 -1.991579e-07 0.03433752 0.5669411 0.24653935
50.899124 6.7654076 6.2523937 -0.29378673 2.6615016e-06 0.047970973 0.31694108 0.49653935
51.014313 6.7654076 6.2523956 0.21028632 -2.1324722e-07 0.03433769 0.31694108 0.24653935
51.014313 6.7654076 6.120304 0.29378676 -3.4047292e-07 -0.04797097 0.81429666 0.045527905
50.899136 8.081856 6.120302 -0.21029122 2.0001514e-06 -0.034336887 0.3657722 0.09483889
51.014313 8.081856 6.120302 0.29378614 -3.1900012e-07 -0.047971066 0.3657722 0.045527905
51.014313 6.7654076 10.633839 0.29378676 -3.3872098e-07 -0.047970966 0.88443863 0.028680354
51.014313 8.081856 10.76593 0.2102862 -1.9790798e-07 0.03433771 0.23433578 0.012996644
51.014313 6.7654076 10.76593 0.21028632 -2.1455382e-07 0.03433769 0.88443875 0.012996644
50.899136 8.081856 10.633839 -0.2102901 1.9989357e-06 -0.034337066 0.8709347 0.029668808
50.899124 6.7654076 10.76593 -0.29378673 2.6597502e-06 0.047970973 0.24655381 0.0099131465
50.89914 8.081856 10.76593 -0.2937838 2.8383647e-06 0.047971457 0.8709347 0.0099131465
51.014313 8.081856 10.76593 0.2102862 -1.9790798e-07 0.03433771 0.5669411 0.24653935
50.899124 6.7654076 10.76593 -0.29378673 2.6597502e-06 0.047970973 0.31694108 0.49653935
51.014313 6.7654076 10.76593 0.21028632 -2.1455382e-07 0.03433769 0.31694108 0.24653935
51.014313 6.7654076 10.633839 0.29378676 -3.3872098e-07 -0.047970966 0.81429666 0.045527905
50.899136 8.081856 10.633839 -0.2102901 1.9989357e-06 -0.034337066 0.3657722 0.09483889
51.014313 8.081856 10.633839 0.29378697 -3.2083418e-07 -0.04797094 0.3657722 0.045527905
51.014313 6.7654076 1.8613071 0.29378676 -3.4047292e-07 -0.04797097 0.88443863 0.028680354
51.014313 8.081856 1.9933968 0.21028732 -1.9853078e-07 0.03433752 0.23433578 0.012996644
51.014313 6.7654076 1.9933968 0.21028632 -2.1390052e-07 0.03433769 0.88443875 0.012996644
50.899136 8.081856 1.8613052 -0.21029012 2.0001899e-06 -0.034337066 0.8709347 0.029668808
50.899124 6.7654076 1.9933968 -0.29378593 2.6605537e-06 0.047971107 0.24655381 0.0099131465
50.899136 8.081856 1.9933968 -0.2937838 2.837452e-06 0.047971457 0.8709347 0.0099131465
51.014313 8.081856 1.9933968 0.21028732 -1.9853078e-07 0.03433752 0.5669411 0.24653935
50.899124 6.7654076 1.9933968 -0.29378593 2.6605537e-06 0.047971107 0.31694108 0.49653935
51.014313 6.7654076 1.9933968 0.21028632 -2.1390052e-07 0.03433769 0.31694108 0.24653935
51.014313 6.7654076 1.8613071 0.29378676 -3.4047292e-07 -0.04797097 0.81429666 0.045527905
50.899136 8.081856 1.8613052 -0.21029012 2.0001899e-06 -0.034337066 0.3657722 0.09483889
51.014313 8.081856 1.8613071 0.29378614 -3.1900012e-07 -0.047971066 0.3657722 0.045527905
51.014313 6.7654076 -2.1749344 0.293786 -3.4048276e-07 -0.047971103 0.88443863 0.028680354
51.014313 8.081856 -2.0428429 0.2102862 -1.9853503e-07 0.03433771 0.23433578 0.012996644
51.014313 6.7654076 -2.0428429 0.21028745 -2.1389623e-07 0.034337502 0.88443875 0.012996644
50.899136 8.081856 -2.1749363 -0.21029122 1.9995111e-06 -0.034336887 0.8709347 0.029668808
50.899124 6.7654076 -2.0428448 -0.29378673 2.6606258e-06 0.047970973 0.24655381 0.0099131465
50.899136 8.081856 -2.0428448 -0.29378298 2.8373752e-06 0.047971588 0.8709347 0.0099131465
51.014313 8.081856 -2.0428429 0.2102862 -1.9853503e-07 0.03433771 0.5669411 0.24653935
50.899124 6.7654076 -2.0428448 -0.29378673 2.6606258e-06 0.047970973 0.31694108 0.49653935
51.014313 6.7654076 -2.0428429 0.21028745 -2.1389623e-07 0.034337502 0.31694108 0.24653935
51.014313 6.7654076 -2.1749344 0.293786 -3.4048276e-07 -0.047971103 0.81429666 0.045527905
50.899136 8.081856 -2.1749363 -0.21029122 1.9995111e-06 -0.034336887 0.3657722 0.09483889
51.014313 8.081856 -2.1749344 0.29378697 -3.1992138e-07 -0.04797094 0.3657722 0.045527905
51.014313 6.7654076 -6.329668 0.2937864 -3.3959265e-07 -0.047971033 0.88443863 0.028680354
51.014313 8.081856 -6.1975775 0.2102862 -1.9853505e-07 0.03433771 0.23433578 0.012996644
51.014313 6.7654076 -6.1975775 0.21028689 -2.1389837e-07 0.034337595 0.88443875 0.012996644
50.899136 8.081856 -6.329669 -0.21029036 1.9995446e-06 -0.034337025 0.8709347 0.029668808
50.899124 6.7654076 -6.1975765 -0.29378632 2.6605896e-06 0.04797104 0.24655381 0.0099131465
50.899136 8.081856 -6.1975775 -0.2937834 2.8374134e-06 0.047971517 0.8709347 0.0099131465
51.014313 8.081856 -6.1975775 0.2102862 -1.9853505e-07 0.03433771 0.5669411 0.24653935
50.899124 6.7654076 -6.1975765 -0.29378632 2.6605896e-06 0.04797104 0.31694108 0.49653935
51.014313 6.7654076 -6.1975775 0.21028689 -2.1389837e-07 0.034337595 0.31694108 0.24653935
51.014313 6.7654076 -6.329668 0.2937864 -3.3959265e-07 -0.047971033 0.81429666 0.045527905
50.899136 8.081856 -6.329669 -0.21029036 1.9995446e-06 -0.034337025 0.3657722 0.09483889
51.014313 8.081856 -6.329668 0.29378718 -3.1992087e-07 -0.047970906 0.3657722 0.045527905
51.014313 6.7654037 -10.556563 0.29378662 -3.404681e-07 -0.047970995 0.88443863 0.028680354
51.014313 8.081852 -10.424473 0.21028675 -1.9853292e-07 0.034337614 0.23433578 0.012996644
51.014313 6.7654037 -10.424473 0.21028656 -2.1389856e-07 0.034337647 0.88443875 0.012996644
50.899136 8.081852 -10.556564 -0.21029066 2.00017e-06 -0.034336977 0.8709347 0.029668808
50.899124 6.7654037 -10.424472 -0.29378656 2.6605853e-06 0.047971006 0.24655381 0.0099131465
50.89914 8.081852 -10.424473 -0.2937834 2.8374134e-06 0.047971517 0.8709347 0.0099131465
51.014313 8.081852 -10.424473 0.21028675 -1.9853292e-07 0.034337614 0.5669411 0.24653935
50.899124 6.7654037 -10.424472 -0.29378656 2.6605853e-06 0.047971006 0.31694108 0.49653935
51.014313 6.7654037 -10.424473 0.21028656 -2.1389856e-07 0.034337647 0.31694108 0.24653935
51.014313 6.7654037 -10.556563 0.29378662 -3.404681e-07 -0.047970995 0.81429666 0.045527905
50.899136 8.081852 -10.556564 -0.21029066 2.00017e-06 -0.034336977 0.3657722 0.09483889
51.014313 8.081852 -10.556563 0.29378656 -3.1900433e-07 -0.047971003 0.3657722 0.045527905
45.686287 6.7654037 -12.9927025 0.2937865 -3.3871638e-07 -0.04797101 0.88443863 0.028680354
45.686287 8.081852 -12.860611 0.21028632 -2.0044165e-07 0.03433769 0.23433578 0.012996644
45.686287 6.7654037 -12.860611 0.21028689 -2.1324507e-07 0.034337595 0.88443875 0.012996644
45.571114 8.081852 -12.9927025 -0.21028626 1.9984545e-06 -0.034337696 0.8709347 0.029668808
45.571102 6.7654037 -12.860611 -0.29378635 2.5060413e-06 0.047971044 0.24655381 0.0099131465
45.571114 8.081852 -12.860612 -0.29378656 2.8347022e-06 0.047971003 0.8709347 0.0099131465
45.686287 8.081852 -12.860611 0.21028632 -2.0044165e-07 0.03433769 0.5669411 0.24653935
45.571102 6.7654037 -12.860611 -0.29378635 2.5060413e-06 0.047971044 0.31694108 0.49653935
45.686287 6.7654037 -12.860611 0.21028689 -2.1324507e-07 0.034337595 0.31694108 0.24653935
45.686287 6.7654037 -12.9927025 0.2937865 -3.3871638e-07 -0.04797101 0.81429666 0.045527905
45.571114 8.081852 -12.9927025 -0.21028626 1.9984545e-06 -0.034337696 0.3657722 0.09483889
45.68629 8.081852 -12.9927025 0.29378688 -3.2083184e-07 -0.04797095 0.3657722 0.045527905
43.455334 6.7654037 -12.9927025 0.29378656 -3.387188e-07 -0.047971 0.88443863 0.028680354
43.455334 8.081852 -12.860612 0.21028663 -2.0044057e-07 0.03433764 0.23433578 0.012996644
43.455334 6.7654037 -12.860611 0.21028659 -2.1324614e-07 0.034337644 0.88443875 0.012996644
43.340157 8.081852 -12.992703 -0.21028626 1.7768507e-06 -0.034337696 0.8709347 0.029668808
43.340145 6.7654037 -12.860611 -0.29378653 2.815658e-06 0.04797101 0.24655381 0.0099131465
43.340157 8.081852 -12.860613 -0.29378656 2.52275e-06 0.047971003 0.8709347 0.0099131465
43.455334 8.081852 -12.860612 0.21028663 -2.0044057e-07 0.03433764 0.5669411 0.24653935
43.340145 6.7654037 -12.860611 -0.29378653 2.815658e-06 0.04797101 0.31694108 0.49653935
43.455334 6.7654037 -12.860611 0.21028659 -2.1324614e-07 0.034337644 0.31694108 0.24653935
43.455334 6.7654037 -12.9927025 0.29378656 -3.387188e-07 -0.047971 0.81429666 0.045527905
43.340157 8.081852 -12.992703 -0.21028626 1.7768507e-06 -0.034337696 0.3657722 0.09483889
43.455334 8.081852 -12.9927025 0.29378667 -3.2082968e-07 -0.047970988 0.3657722 0.045527905
48.233562 6.7654037 -12.9927025 0.2937865 -3.4046835e-07 -0.04797101 0.88443863 0.028680354
48.233562 8.081852 -12.860612 0.21028632 -2.0044165e-07 0.03433769 0.23433578 0.012996644
48.233562 6.7654037 -12.860611 0.21028689 -2.1324507e-07 0.034337595 0.88443875 0.012996644
48.11839 8.081852 -12.992703 -0.21028626 1.8889066e-06 -0.034337696 0.8709347 0.029668808
48.118378 6.7654037 -12.860611 -0.29378635 2.6608402e-06 0.047971044 0.24655381 0.0099131465
48.11839 8.081852 -12.860613 -0.29378656 2.678726e-06 0.047971003 0.8709347 0.0099131465
48.233562 8.081852 -12.860612 0.21028632 -2.0044165e-07 0.03433769 0.5669411 0.24653935
48.118378 6.7654037 -12.860611 -0.29378635 2.6608402e-06 0.047971044 0.31694108 0.49653935
48.233562 6.7654037 -12.860611 0.21028689 -2.1324507e-07 0.034337595 0.31694108 0.24653935
48.233562 6.7654037 -12.9927025 0.2937865 -3.4046835e-07 -0.04797101 0.81429666 0.045527905
48.11839 8.081852 -12.992703 -0.21028626 1.8889066e-06 -0.034337696 0.3657722 0.09483889
48.233566 8.081852 -12.9927025 0.29378688 -3.190063e-07 -0.04797095 0.3657722 0.045527905
34.607567 6.7654037 -12.9927025 0.29378664 -2.6690808e-08 -0.047970988 0.88443863 0.028680354
34.607567 8.081852 -12.860612 0.21028656 1.7674889e-08 0.034337647 0.23433578 0.012996644
34.607567 6.7654037 -12.860611 0.21028654 7.4313293e-09 0.03433765 0.88443875 0.012996644
34.49239 8.081852 -12.9927025 -0.21028641 1.7785699e-06 -0.034337666 0.8709347 0.029668808
34.49238 6.7654037 -12.860611 -0.29378664 2.5011577e-06 0.047970988 0.24655381 0.0099131465
34.49239 8.081852 -12.860613 -0.29378647 2.515447e-06 0.047971018 0.8709347 0.0099131465
34.607567 8.081852 -12.860612 0.21028656 1.7674889e-08 0.034337647 0.5669411 0.24653935
34.49238 6.7654037 -12.860611 -0.29378664 2.5011577e-06 0.047970988 0.31694108 0.49653935
34.607567 6.7654037 -12.860611 0.21028654 7.4313293e-09 0.03433765 0.31694108 0.24653935
34.607567 6.7654037 -12.9927025 0.29378664 -2.6690808e-08 -0.047970988 0.81429666 0.045527905
34.49239 8.081852 -12.9927025 -0.21028641 1.7785699e-06 -0.034337666 0.3657722 0.09483889
34.607567 8.081852 -12.9927025 0.29378664 -5.226327e-09 -0.047970988 0.3657722 0.045527905
37.10663 6.7654037 -12.9927025 0.29378656 -1.9535952e-08 -0.047971003 0.88443863 0.028680354
37.10663 8.081852 -12.860611 0.21028644 2.2796657e-08 0.03433767 0.23433578 0.012996644
37.10663 6.7654037 -12.860611 0.21028668 7.431327e-09 0.03433763 0.88443875 0.012996644
36.991455 8.081852 -12.992703 -0.21028641 1.7769895e-06 -0.034337666 0.8709347 0.029668808
36.991447 6.7654037 -12.860611 -0.29378656 1.8797355e-06 0.047971003 0.24655381 0.0099131465
36.991455 8.081852 -12.860613 -0.29378635 2.5227514e-06 0.047971036 0.8709347 0.0099131465
37.10663 8.081852 -12.860611 0.21028644 2.2796657e-08 0.03433767 0.5669411 0.24653935
36.991447 6.7654037 -12.860611 -0.29378656 1.8797355e-06 0.047971003 0.31694108 0.49653935
37.10663 6.7654037 -12.860611 0.21028668 7.431327e-09 0.03433763 0.31694108 0.24653935
37.10663 6.7654037 -12.9927025 0.29378656 -1.9535952e-08 -0.047971003 0.81429666 0.045527905
36.991455 8.081852 -12.992703 -0.21028641 1.7769895e-06 -0.034337666 0.3657722 0.09483889
37.10663 8.081852 -12.9927025 0.29378685 -5.2263203e-09 -0.047970958 0.3657722 0.045527905
32.26288 6.7654037 -12.9927025 0.29378656 -2.6690763e-08 -0.047971003 0.88443863 0.028680354
32.26288 8.081852 -12.860611 0.21028656 2.279667e-08 0.034337647 0.23433578 0.012996644
32.26288 6.7654037 -12.860611 0.21028668 7.431327e-09 0.03433763 0.88443875 0.012996644
32.147705 8.081852 -12.992703 -0.21028629 1.7768923e-06 -0.034337692 0.8709347 0.029668808
32.147694 6.7654037 -12.860612 -0.29378656 1.8797355e-06 0.047971003 0.24655381 0.0099131465
32.147705 8.081852 -12.860613 -0.29378667 2.5227662e-06 0.047970988 0.8709347 0.0099131465
32.26288 8.081852 -12.860611 0.21028656 2.279667e-08 0.034337647 0.5669411 0.24653935
32.147694 6.7654037 -12.860612 -0.29378656 1.8797355e-06 0.047971003 0.31694108 0.49653935
32.26288 6.7654037 -12.860611 0.21028668 7.431327e-09 0.03433763 0.31694108 0.24653935
32.26288 6.7654037 -12.9927025 0.29378656 -2.6690763e-08 -0.047971003 0.81429666 0.045527905
32.147705 8.081852 -12.992703 -0.21028629 1.7768923e-06 -0.034337692 0.3657722 0.09483889
32.26288 8.081852 -12.9927025 0.29378656 -5.2263305e-09 -0.047971006 0.3657722 0.045527905
23.519787 6.7654037 -12.9927025 0.29378644 -2.6690785e-08 -0.047971018 0.88443863 0.028680354
23.519787 8.081852 -12.860612 0.21028656 2.279667e-08 0.034337647 0.23433578 0.012996644
23.519787 6.7654037 -12.860612 0.21028668 7.431327e-09 0.03433763 0.88443875 0.012996644
23.40461 8.081852 -12.992703 -0.21028613 8.8878676e-07 -0.034337714 0.8709347 0.029668808
23.4046 6.7654037 -12.860612 -0.29378656 2.4965761e-06 0.047971003 0.24655381 0.0099131465
23.404612 8.081852 -12.860613 -0.29378667 1.2749497e-06 0.047970988 0.8709347 0.0099131465
23.519787 8.081852 -12.860612 0.21028656 2.279667e-08 0.034337647 0.5669411 0.24653935
23.4046 6.7654037 -12.860612 -0.29378656 2.4965761e-06 0.047971003 0.31694108 0.49653935
23.519787 6.7654037 -12.860612 0.21028668 7.431327e-09 0.03433763 0.31694108 0.24653935
23.519787 6.7654037 -12.9927025 0.29378644 -2.6690785e-08 -0.047971018 0.81429666 0.045527905
23.40461 8.081852 -12.992703 -0.21028613 8.8878676e-07 -0.034337714 0.3657722 0.09483889
23.519787 8.081852 -12.9927025 0.29378664 -5.226327e-09 -0.047970988 0.3657722 0.045527905
26.08535 6.7654037 -12.9927025 0.29378656 -2.6690763e-08 -0.047971003 0.88443863 0.028680354
26.085348 8.081852 -12.860612 0.21028656 1.7674889e-08 0.034337647 0.23433578 0.012996644
26.085348 6.7654037 -12.860612 0.21028668 7.431327e-09 0.03433763 0.88443875 0.012996644
25.970173 8.081852 -12.992703 -0.21028629 1.7785776e-06 -0.034337692 0.8709347 0.029668808
25.970161 6.7654037 -12.860612 -0.29378656 2.5011386e-06 0.047971003 0.24655381 0.0099131465
25.970173 8.081852 -12.860613 -0.29378667 2.5154638e-06 0.047970988 0.8709347 0.0099131465
26.085348 8.081852 -12.860612 0.21028656 1.7674889e-08 0.034337647 0.5669411 0.24653935
25.970161 6.7654037 -12.860612 -0.29378656 2.5011386e-06 0.047971003 0.31694108 0.49653935
26.085348 6.7654037 -12.860612 0.21028668 7.431327e-09 0.03433763 0.31694108 0.24653935
26.08535 6.7654037 -12.9927025 0.29378656 -2.6690763e-08 -0.047971003 0.81429666 0.045527905
25.970173 8.081852 -12.992703 -0.21028629 1.7785776e-06 -0.034337692 0.3657722 0.09483889
26.08535 8.081852 -12.9927025 0.29378656 -5.2263305e-09 -0.047971006 0.3657722 0.045527905
21.059189 6.7654037 -12.9927025 0.29378664 -3.384563e-08 -0.047970988 0.88443863 0.028680354
21.059185 8.081852 -12.860612 0.21028656 1.7674889e-08 0.034337647 0.23433578 0.012996644
21.059185 6.7654037 -12.860612 0.21028654 7.4313293e-09 0.03433765 0.88443875 0.012996644
20.944012 8.081852 -12.992703 -0.21028641 8.886775e-07 -0.034337666 0.8709347 0.029668808
20.943996 6.7654037 -12.860612 -0.29378664 2.4964481e-06 0.047970988 0.24655381 0.0099131465
20.944008 8.081852 -12.860613 -0.29378647 1.2676389e-06 0.047971018 0.8709347 0.0099131465
21.059185 8.081852 -12.860612 0.21028656 1.7674889e-08 0.034337647 0.5669411 0.24653935
20.943996 6.7654037 -12.860612 -0.29378664 2.4964481e-06 0.047970988 0.31694108 0.49653935
21.059185 6.7654037 -12.860612 0.21028654 7.4313293e-09 0.03433765 0.31694108 0.24653935
21.059189 6.7654037 -12.9927025 0.29378664 -3.384563e-08 -0.047970988 0.81429666 0.045527905
20.944012 8.081852 -12.992703 -0.21028641 8.886775e-07 -0.034337666 0.3657722 0.09483889
21.059189 8.081852 -12.9927025 0.29378664 -5.226327e-09 -0.047970988 0.3657722 0.045527905
13.030788 6.7654037 -12.9927025 0.29378656 -1.9535952e-08 -0.047971003 0.88443863 0.028680354
13.030792 8.081852 -12.860611 0.21028674 1.7674882e-08 0.03433762 0.23433578 0.012996644
13.030792 6.7654037 -12.860611 0.21028668 7.431327e-09 0.03433763 0.88443875 0.012996644
12.915615 8.081852 -12.860613 -0.2937861 2.5154468e-06 0.04797107 0.8709347 0.0099131465
12.915604 6.7654037 -12.9927025 -0.21028692 1.7684348e-06 -0.034337595 0.24655381 0.029668808
12.915604 6.7654037 -12.860612 -0.29378483 2.5011243e-06 0.04797128 0.24655381 0.0099131465
13.030792 8.081852 -12.860611 0.21028674 1.7674882e-08 0.03433762 0.5669411 0.24653935
12.915604 6.7654037 -12.860612 -0.29378483 2.5011243e-06 0.04797128 0.31694108 0.49653935
13.030792 6.7654037 -12.860611 0.21028668 7.431327e-09 0.03433763 0.31694108 0.24653935
13.030788 6.7654037 -12.9927025 0.29378656 -1.9535952e-08 -0.047971003 0.81429666 0.045527905
12.915615 8.081852 -12.992703 -0.2102853 1.7786634e-06 -0.034337856 0.3657722 0.09483889
13.030788 8.081852 -12.9927025 0.29378656 -5.2263305e-09 -0.047971006 0.3657722 0.045527905
15.596352 6.7654037 -12.9927025 0.29378656 -1.9535952e-08 -0.047971003 0.88443863 0.028680354
15.596352 8.081852 -12.860611 0.21028644 1.7674882e-08 0.03433767 0.23433578 0.012996644
15.596352 6.7654037 -12.860611 0.21028668 7.431327e-09 0.03433763 0.88443875 0.012996644
15.481174 8.081852 -12.992703 -0.21028641 1.775304e-06 -0.034337666 0.8709347 0.029668808
15.481167 6.7654037 -12.860612 -0.29378656 1.2580389e-06 0.047971003 0.24655381 0.0099131465
15.481178 8.081852 -12.860613 -0.29378635 2.5154488e-06 0.047971036 0.8709347 0.0099131465
15.596352 8.081852 -12.860611 0.21028644 1.7674882e-08 0.03433767 0.5669411 0.24653935
15.481167 6.7654037 -12.860612 -0.29378656 1.2580389e-06 0.047971003 0.31694108 0.49653935
15.596352 6.7654037 -12.860611 0.21028668 7.431327e-09 0.03433763 0.31694108 0.24653935
15.596352 6.7654037 -12.9927025 0.29378656 -1.9535952e-08 -0.047971003 0.81429666 0.045527905
15.481174 8.081852 -12.992703 -0.21028641 1.775304e-06 -0.034337666 0.3657722 0.09483889
15.596352 8.081852 -12.9927025 0.29378685 -5.2263203e-09 -0.047970958 0.3657722 0.045527905
10.57019 6.7654037 -12.9927025 0.29378653 -3.3845577e-08 -0.04797101 0.88443863 0.028680354
10.570194 8.081852 -12.860612 0.21028654 2.791845e-08 0.03433765 0.23433578 0.012996644
10.570194 6.7654037 -12.860611 0.21028668 7.431327e-09 0.03433763 0.88443875 0.012996644
10.455017 8.081852 -12.992703 -0.21028611 1.7784731e-06 -0.034337714 0.8709347 0.029668808
10.455006 6.7654037 -12.860611 -0.29378635 2.5014153e-06 0.047971036 0.24655381 0.0099131465
10.455013 8.081852 -12.860613 -0.29378667 2.5300687e-06 0.047970988 0.8709347 0.0099131465
10.570194 8.081852 -12.860612 0.21028654 2.791845e-08 0.03433765 0.5669411 0.24653935
10.455006 6.7654037 -12.860611 -0.29378635 2.5014153e-06 0.047971036 0.31694108 0.49653935
10.570194 6.7654037 -12.860611 0.21028668 7.431327e-09 0.03433763 0.31694108 0.24653935
10.57019 6.7654037 -12.9927025 0.29378653 -3.3845577e-08 -0.04797101 0.81429666 0.045527905
10.455017 8.081852 -12.992703 -0.21028611 1.7784731e-06 -0.034337714 0.3657722 0.09483889
10.57019 8.081852 -12.9927025 0.29378664 -5.226327e-09 -0.047970988 0.3657722 0.045527905
2.3624496 6.7654037 -12.9927025 0.29379863 -3.384745e-08 -0.04796903 0.88443863 0.028680354
2.3624458 8.081852 -12.860611 0.21026962 2.7917908e-08 0.03434041 0.23433578 0.012996644
2.3624458 6.7654037 -12.860611 0.21026976 7.431628e-09 0.03434039 0.88443875 0.012996644
2.2472725 8.081852 -12.9927025 -0.21026936 1.7783266e-06 -0.034340452 0.8709347 0.029668808
2.2472572 6.7654037 -12.860611 -0.29379866 2.501532e-06 0.047969032 0.24655381 0.0099131465
2.2472687 8.081852 -12.860612 -0.2937988 2.5301706e-06 0.04796901 0.8709347 0.0099131465
2.3624458 8.081852 -12.860611 0.21026962 2.7917908e-08 0.03434041 0.5669411 0.24653935
2.2472572 6.7654037 -12.860611 -0.29379866 2.501532e-06 0.047969032 0.31694108 0.49653935
2.3624458 6.7654037 -12.860611 0.21026976 7.431628e-09 0.03434039 0.31694108 0.24653935
2.3624496 6.7654037 -12.9927025 0.29379863 -3.384745e-08 -0.04796903 0.81429666 0.045527905
2.2472725 8.081852 -12.9927025 -0.21026936 1.7783266e-06 -0.034340452 0.3657722 0.09483889
2.3624496 8.081852 -12.9927025 0.29379866 -5.225903e-09 -0.04796903 0.3657722 0.045527905
4.928005 6.7654037 -12.9927025 0.2937743 -1.9535218e-08 -0.047972996 0.88443863 0.028680354
4.928009 8.081852 -12.860612 0.21030335 2.791897e-08 0.0343349 0.23433578 0.012996644
4.928009 6.7654037 -12.860611 0.21030377 7.431022e-09 0.034334835 0.88443875 0.012996644
4.812832 8.081852 -12.9927025 -0.21030335 5.8437015e-09 -0.034334905 0.8709347 0.029668808
4.8128242 6.7654037 -12.860611 -0.2937743 4.9780124e-06 0.047973003 0.24655381 0.0099131465
4.812832 8.081852 -12.860612 -0.29377425 3.4433857e-08 0.047973014 0.8709347 0.0099131465
4.928009 8.081852 -12.860612 0.21030335 2.791897e-08 0.0343349 0.5669411 0.24653935
4.8128242 6.7654037 -12.860611 -0.2937743 4.9780124e-06 0.047973003 0.31694108 0.49653935
4.928009 6.7654037 -12.860611 0.21030377 7.431022e-09 0.034334835 0.31694108 0.24653935
4.928005 6.7654037 -12.9927025 0.2937743 -1.9535218e-08 -0.047972996 0.81429666 0.045527905
4.812832 8.081852 -12.9927025 -0.21030335 5.8437015e-09 -0.034334905 0.3657722 0.09483889
4.928005 8.081852 -12.9927025 0.2937747 -5.226748e-09 -0.047972932 0.3657722 0.045527905
-0.09815216 6.7654037 -12.9927025 0.29379863 -1.9536678e-08 -0.04796903 0.88443863 0.028680354
-0.098155975 8.081852 -12.860612 0.21026962 1.7674768e-08 0.03434041 0.23433578 0.012996644
-0.098155975 6.7654037 -12.860611 0.21026976 7.431628e-09 0.03434039 0.88443875 0.012996644
-0.21332932 8.081852 -12.992703 -0.2102692 1.7785374e-06 -0.034340486 0.8709347 0.029668808
-0.21334457 6.7654037 -12.860611 -0.29379842 2.5012214e-06 0.04796906 0.24655381 0.0099131465
-0.21333313 8.081852 -12.860612 -0.2937988 2.5155646e-06 0.04796901 0.8709347 0.0099131465
-0.098155975 8.081852 -12.860612 0.21026962 1.7674768e-08 0.03434041 0.5669411 0.24653935
-0.21334457 6.7654037 -12.860611 -0.29379842 2.5012214e-06 0.04796906 0.31694108 0.49653935
-0.098155975 6.7654037 -12.860611 0.21026976 7.431628e-09 0.03434039 0.31694108 0.24653935
-0.09815216 6.7654037 -12.9927025 0.29379863 -1.9536678e-08 -0.04796903 0.81429666 0.045527905
-0.21332932 8.081852 -12.992703 -0.2102692 1.7785374e-06 -0.034340486 0.3657722 0.09483889
-0.09815216 8.081852 -12.9927025 0.29379874 -5.225899e-09 -0.047969013 0.3657722 0.045527905
-8.948929 6.7654037 -12.9927025 0.29379857 -3.3847463e-08 -0.047969036 0.88443863 0.028680354
-8.948933 8.081852 -12.860611 0.21026947 2.7917903e-08 0.034340438 0.23433578 0.012996644
-8.948933 6.7654037 -12.860611 0.21026976 7.431628e-09 0.03434039 0.88443875 0.012996644
-9.064106 8.081852 -12.9927025 -0.21026936 1.7783232e-06 -0.034340456 0.8709347 0.029668808
-9.064121 6.7654037 -12.860611 -0.29379874 2.5015406e-06 0.047969017 0.24655381 0.0099131465
-9.06411 8.081852 -12.860612 -0.29379869 2.5301622e-06 0.04796903 0.8709347 0.0099131465
-8.948933 8.081852 -12.860611 0.21026947 2.7917903e-08 0.034340438 0.5669411 0.24653935
-9.064121 6.7654037 -12.860611 -0.29379874 2.5015406e-06 0.047969017 0.31694108 0.49653935
-8.948933 6.7654037 -12.860611 0.21026976 7.431628e-09 0.03434039 0.31694108 0.24653935
-8.948929 6.7654037 -12.9927025 0.29379857 -3.3847463e-08 -0.047969036 0.81429666 0.045527905
-9.064106 8.081852 -12.9927025 -0.21026936 1.7783232e-06 -0.034340456 0.3657722 0.09483889
-8.948929 8.081852 -12.9927025 0.29379883 -5.225896e-09 -0.047969 0.3657722 0.045527905
-6.3833694 6.7654037 -12.992702 0.2937743 -3.3843673e-08 -0.047972996 0.88443863 0.028680354
-6.3833656 8.081852 -12.860611 0.21030335 1.7675e-08 0.0343349 0.23433578 0.012996644
-6.3833656 6.7654037 -12.860611 0.21030377 7.431022e-09 0.034334835 0.88443875 0.012996644
-6.4985466 8.081852 -12.9927025 -0.21030335 1.7718683e-06 -0.034334905 0.8709347 0.029668808
-6.498554 6.7654037 -12.860611 -0.2937743 1.4939063e-08 0.047973003 0.24655381 0.0099131465
-6.498543 8.081852 -12.860612 -0.29377425 2.5153481e-06 0.047973014 0.8709347 0.0099131465
-6.3833656 8.081852 -12.860611 0.21030335 1.7675e-08 0.0343349 0.5669411 0.24653935
-6.498554 6.7654037 -12.860611 -0.2937743 1.4939063e-08 0.047973003 0.31694108 0.49653935
-6.3833656 6.7654037 -12.860611 0.21030377 7.431022e-09 0.034334835 0.31694108 0.24653935
-6.3833694 6.7654037 -12.992702 0.2937743 -3.3843673e-08 -0.047972996 0.81429666 0.045527905
-6.4985466 8.081852 -12.9927025 -0.21030335 1.7718683e-06 -0.034334905 0.3657722 0.09483889
-6.3833694 8.081852 -12.9927025 0.2937747 -5.226748e-09 -0.047972932 0.3657722 0.045527905
-11.409527 6.7654037 -12.9927025 0.29379874 -5.2259e-09 -0.047969017 0.88443863 0.028680354
-11.409534 8.081852 -12.860611 0.21026982 2.7917908e-08 0.034340378 0.23433578 0.012996644
-11.409534 6.7654037 -12.860611 0.2102697 7.431629e-09 0.0343404 0.88443875 0.012996644
-11.524708 8.081852 -12.860612 -0.29379803 4.3825178e-08 0.047969133 0.8709347 0.0099131465
-11.524715 6.7654037 -12.9927025 -0.21026976 1.7720213e-06 -0.03434039 0.24655381 0.029668808
-11.524723 6.7654037 -12.860611 -0.29379705 2.50152e-06 0.047969285 0.24655381 0.0099131465
-11.409534 8.081852 -12.860611 0.21026982 2.7917908e-08 0.034340378 0.5669411 0.24653935
-11.524723 6.7654037 -12.860611 -0.29379705 2.50152e-06 0.047969285 0.31694108 0.49653935
-11.409534 6.7654037 -12.860611 0.2102697 7.431629e-09 0.0343404 0.31694108 0.24653935
-11.409527 6.7654037 -12.9927025 0.29379874 -5.2259e-09 -0.047969017 0.81429666 0.045527905
-11.524708 8.081852 -12.992703 -0.21026862 -7.4316477e-09 -0.034340575 0.3657722 0.09483889
-11.409527 8.081852 -12.9927025 0.2937986 -5.2259046e-09 -0.047969036 0.3657722 0.045527905
-19.390995 6.7654037 -12.9927025 0.29379869 -5.2259024e-09 -0.04796903 0.88443863 0.028680354
-19.390995 8.081852 -12.860611 0.21026967 2.7917903e-08 0.034340404 0.23433578 0.012996644
-19.390995 6.7654037 -12.860611 0.2102697 7.431629e-09 0.0343404 0.88443875 0.012996644
-19.506176 8.081852 -12.860612 -0.29379827 2.5301601e-06 0.047969095 0.8709347 0.0099131465
-19.506176 6.7654037 -12.9927025 -0.21026987 1.7787397e-06 -0.034340374 0.24655381 0.029668808
-19.506184 6.7654037 -12.860611 -0.29379705 2.50152e-06 0.047969285 0.24655381 0.0099131465
-19.390995 8.081852 -12.860611 0.21026967 2.7917903e-08 0.034340404 0.5669411 0.24653935
-19.506184 6.7654037 -12.860611 -0.29379705 2.50152e-06 0.047969285 0.31694108 0.49653935
-19.390995 6.7654037 -12.860611 0.2102697 7.431629e-09 0.0343404 0.31694108 0.24653935
-19.390995 6.7654037 -12.9927025 0.29379869 -5.2259024e-09 -0.04796903 0.81429666 0.045527905
-19.506168 8.081852 -12.9927025 -0.21026835 1.7787341e-06 -0.03434062 0.3657722 0.09483889
-19.390995 8.081852 -12.9927025 0.2937987 -5.2259006e-09 -0.047969017 0.3657722 0.045527905
-16.825436 6.7654037 -12.9927025 0.29377428 -3.3843687e-08 -0.047973007 0.88443863 0.028680354
-16.825436 8.081852 -12.860612 0.21030343 7.4310287e-09 0.03433489 0.23433578 0.012996644
-16.825436 6.7654037 -12.860611 0.21030377 7.431022e-09 0.034334835 0.88443875 0.012996644
-16.940609 8.081852 -12.9927025 -0.2103032 5.6334613e-09 -0.034334928 0.8709347 0.029668808
-16.940624 6.7654037 -12.860611 -0.2937743 4.977425e-06 0.047973003 0.24655381 0.0099131465
-16.940609 8.081852 -12.860612 -0.2937744 5.2267595e-09 0.047972985 0.8709347 0.0099131465
-16.825436 8.081852 -12.860612 0.21030343 7.4310287e-09 0.03433489 0.5669411 0.24653935
-16.940624 6.7654037 -12.860611 -0.2937743 4.977425e-06 0.047973003 0.31694108 0.49653935
-16.825436 6.7654037 -12.860611 0.21030377 7.431022e-09 0.034334835 0.31694108 0.24653935
-16.825436 6.7654037 -12.9927025 0.29377428 -3.3843687e-08 -0.047973007 0.81429666 0.045527905
-16.940609 8.081852 -12.9927025 -0.2103032 5.6334613e-09 -0.034334928 0.3657722 0.09483889
-16.825436 8.081852 -12.9927025 0.2937746 -5.226752e-09 -0.04797295 0.3657722 0.045527905
-21.851597 6.7654037 -12.9927025 0.29379869 -3.384748e-08 -0.04796903 0.88443863 0.028680354
-21.851597 8.081852 -12.860611 0.21026975 2.7917913e-08 0.03434039 0.23433578 0.012996644
-21.851597 6.7654037 -12.860611 0.2102697 7.431629e-09 0.0343404 0.88443875 0.012996644
-21.966778 8.081852 -12.860612 -0.29379812 2.530142e-06 0.047969118 0.8709347 0.0099131465
-21.966785 6.7654037 -12.9927025 -0.2102697 1.7578393e-06 -0.034340397 0.24655381 0.029668808
-21.966785 6.7654037 -12.860612 -0.29379717 2.5015283e-06 0.047969274 0.24655381 0.0099131465
-21.851597 8.081852 -12.860611 0.21026975 2.7917913e-08 0.03434039 0.5669411 0.24653935
-21.966785 6.7654037 -12.860612 -0.29379717 2.5015283e-06 0.047969274 0.31694108 0.49653935
-21.851597 6.7654037 -12.860611 0.2102697 7.431629e-09 0.0343404 0.31694108 0.24653935
-21.851597 6.7654037 -12.9927025 0.29379869 -3.384748e-08 -0.04796903 0.81429666 0.045527905
-21.96677 8.081852 -12.992703 -0.21026856 1.7783055e-06 -0.03434059 0.3657722 0.09483889
-21.851597 8.081852 -12.9927025 0.29379869 -5.225903e-09 -0.04796903 0.3657722 0.045527905
-29.827282 6.7654037 -12.9927025 0.29379869 -3.384748e-08 -0.04796903 0.88443863 0.028680354
-29.82729 8.081852 -12.860611 0.2102712 7.4316016e-09 0.03434015 0.23433578 0.012996644
-29.82729 6.7654037 -12.860611 0.21026836 2.7916006e-08 0.03434062 0.88443875 0.012996644
-29.942463 8.081852 -12.9927025 -0.21026959 1.7783185e-06 -0.034340423 0.8709347 0.029668808
-29.942478 6.7654037 -12.860611 -0.2938007 2.5301795e-06 0.047968693 0.24655381 0.0099131465
-29.942463 8.081852 -12.860612 -0.29379663 2.501514e-06 0.047969364 0.8709347 0.0099131465
-29.82729 6.7654037 -12.860611 0.21026836 2.7916006e-08 0.03434062 0.31694108 0.24653935
-29.942463 8.081852 -12.860612 -0.29379663 2.501514e-06 0.047969364 0.5669411 0.49653935
-29.942478 6.7654037 -12.860611 -0.2938007 2.5301795e-06 0.047968693 0.31694108 0.49653935
-29.827282 6.7654037 -12.9927025 0.29379869 -3.384748e-08 -0.04796903 0.81429666 0.045527905
-29.942463 8.081852 -12.9927025 -0.21026959 1.7783185e-06 -0.034340423 0.3657722 0.09483889
-29.827282 8.081852 -12.9927025 0.2937987 -5.2259006e-09 -0.047969017 0.3657722 0.045527905
-27.261723 6.7654037 -12.9927025 0.29377428 -3.3843687e-08 -0.047973007 0.88443863 0.028680354
-27.261723 8.081852 -12.860611 0.21030343 2.7918981e-08 0.03433489 0.23433578 0.012996644
-27.261723 6.7654037 -12.860611 0.21030377 7.431022e-09 0.034334835 0.88443875 0.012996644
-27.376904 8.081852 -12.9927025 -0.2103032 3.5515966e-06 -0.034334928 0.8709347 0.029668808
-27.376904 6.7654037 -12.860611 -0.2937743 2.4651413e-08 0.047973003 0.24655381 0.0099131465
-27.376896 8.081852 -12.860613 -0.2937744 5.025484e-06 0.047972985 0.8709347 0.0099131465
-27.261723 8.081852 -12.860611 0.21030343 2.7918981e-08 0.03433489 0.5669411 0.24653935
-27.376904 6.7654037 -12.860611 -0.2937743 2.4651413e-08 0.047973003 0.31694108 0.49653935
-27.261723 6.7654037 -12.860611 0.21030377 7.431022e-09 0.034334835 0.31694108 0.24653935
-27.261723 6.7654037 -12.9927025 0.29377428 -3.3843687e-08 -0.047973007 0.81429666 0.045527905
-27.376904 8.081852 -12.9927025 -0.2103032 3.5515966e-06 -0.034334928 0.3657722 0.09483889
-27.261723 8.081852 -12.9927025 0.2937746 -5.226752e-09 -0.04797295 0.3657722 0.045527905
-32.287884 6.7654037 -12.9927025 0.29379857 -3.3847463e-08 -0.047969036 0.88443863 0.028680354
-32.28789 8.081852 -12.860611 0.21026962 7.4316304e-09 0.03434041 0.23433578 0.012996644
-32.28789 6.7654037 -12.860611 0.21026982 7.431626e-09 0.034340374 0.88443875 0.012996644
-32.403057 8.081852 -12.992703 -0.21026948 1.7715773e-06 -0.034340438 0.8709347 0.029668808
-32.403072 6.7654037 -12.860612 -0.29379857 1.4645289e-08 0.047969043 0.24655381 0.0099131465
-32.403057 8.081852 -12.860612 -0.2937986 2.5009417e-06 0.04796904 0.8709347 0.0099131465
-32.28789 8.081852 -12.860611 0.21026962 7.4316304e-09 0.03434041 0.5669411 0.24653935
-32.403072 6.7654037 -12.860612 -0.29379857 1.4645289e-08 0.047969043 0.31694108 0.49653935
-32.28789 6.7654037 -12.860611 0.21026982 7.431626e-09 0.034340374 0.31694108 0.24653935
-32.287884 6.7654037 -12.9927025 0.29379857 -3.3847463e-08 -0.047969036 0.81429666 0.045527905
-32.403057 8.081852 -12.992703 -0.21026948 1.7715773e-06 -0.034340438 0.3657722 0.09483889
-32.287884 8.081852 -12.9927025 0.29379874 -5.225899e-09 -0.047969013 0.3657722 0.045527905
-40.613956 6.7654037 -12.9927025 0.2937986 -5.2259037e-09 -0.047969036 0.88443863 0.028680354
-40.613964 8.081852 -12.860611 0.21026956 4.8404168e-08 0.034340426 0.23433578 0.012996644
-40.613964 6.7654037 -12.860611 0.21026976 7.431628e-09 0.03434039 0.88443875 0.012996644
-40.729137 8.081852 -12.992703 -0.21026947 -7.431633e-09 -0.03434044 0.8709347 0.029668808
-40.729153 6.7654037 -12.860612 -0.29379869 6.4008363e-09 0.04796902 0.24655381 0.0099131465
-40.729137 8.081852 -12.860612 -0.29379857 6.364947e-08 0.047969043 0.8709347 0.0099131465
-40.613964 8.081852 -12.860611 0.21026956 4.8404168e-08 0.034340426 0.5669411 0.24653935
-40.729153 6.7654037 -12.860612 -0.29379869 6.4008363e-09 0.04796902 0.31694108 0.49653935
-40.613964 6.7654037 -12.860611 0.21026976 7.431628e-09 0.03434039 0.31694108 0.24653935
-40.613956 6.7654037 -12.9927025 0.2937986 -5.2259037e-09 -0.047969036 0.81429666 0.045527905
-40.729137 8.081852 -12.992703 -0.21026947 -7.431633e-09 -0.03434044 0.3657722 0.09483889
-40.613956 8.081852 -12.9927025 0.29379883 -5.225897e-09 -0.047969 0.3657722 0.045527905
-38.048405 6.7654037 -12.9927025 0.2937483 -5.227682e-09 -0.047977246 0.88443863 0.028680354
-38.048397 8.081852 -12.860611 0.21033622 7.4304456e-09 0.03432954 0.23433578 0.012996644
-38.048397 6.7654037 -12.860611 0.21033758 7.4304216e-09 0.034329318 0.88443875 0.012996644
-38.163578 8.081852 -12.9927025 -0.21033737 3.5526014e-06 -0.03432935 0.8709347 0.029668808
-38.163578 6.7654037 -12.860612 -0.2937502 2.4063409e-08 0.04797694 0.24655381 0.0099131465
-38.16357 8.081852 -12.860613 -0.2937501 4.995873e-06 0.047976956 0.8709347 0.0099131465
-38.048397 8.081852 -12.860611 0.21033622 7.4304456e-09 0.03432954 0.5669411 0.24653935
-38.163578 6.7654037 -12.860612 -0.2937502 2.4063409e-08 0.04797694 0.31694108 0.49653935
-38.048397 6.7654037 -12.860611 0.21033758 7.4304216e-09 0.034329318 0.31694108 0.24653935
-38.048405 6.7654037 -12.9927025 0.2937483 -5.227682e-09 -0.047977246 0.81429666 0.045527905
-38.163578 8.081852 -12.9927025 -0.21033737 3.5526014e-06 -0.03432935 0.3657722 0.09483889
-38.048405 8.081852 -12.9927025 0.29375014 -5.2276183e-09 -0.047976956 0.3657722 0.045527905
-43.07456 6.7654037 -12.9927025 0.2937986 -5.2259037e-09 -0.047969036 0.88443863 0.028680354
-43.07456 8.081852 -12.860612 0.21026975 4.840419e-08 0.034340397 0.23433578 0.012996644
-43.07456 6.7654037 -12.860612 0.21026981 7.4316273e-09 0.03434039 0.88443875 0.012996644
-43.18973 8.081852 -12.992703 -0.21026957 -7.4316313e-09 -0.034340423 0.8709347 0.029668808
-43.189747 6.7654037 -12.860612 -0.2937986 6.4008403e-09 0.047969043 0.24655381 0.0099131465
-43.18974 8.081852 -12.860613 -0.29379857 6.364945e-08 0.047969043 0.8709347 0.0099131465
-43.07456 8.081852 -12.860612 0.21026975 4.840419e-08 0.034340397 0.5669411 0.24653935
-43.189747 6.7654037 -12.860612 -0.2937986 6.4008403e-09 0.047969043 0.31694108 0.49653935
-43.07456 6.7654037 -12.860612 0.21026981 7.4316273e-09 0.03434039 0.31694108 0.24653935
-43.07456 6.7654037 -12.9927025 0.2937986 -5.2259037e-09 -0.047969036 0.81429666 0.045527905
-43.18973 8.081852 -12.992703 -0.21026957 -7.4316313e-09 -0.034340423 0.3657722 0.09483889
-43.07456 8.081852 -12.9927025 0.29379866 -5.225903e-09 -0.04796903 0.3657722 0.045527905
-51.497677 6.7654037 -12.9927025 0.29379869 -5.225902e-09 -0.04796902 0.88443863 0.028680354
-51.497677 8.081852 -12.860611 0.21026953 2.7917903e-08 0.034340434 0.23433578 0.012996644
-51.497677 6.7654037 -12.860611 0.21026972 7.4316286e-09 0.034340397 0.88443875 0.012996644
-51.612858 8.081852 -12.860613 -0.2937983 3.443774e-08 0.047969088 0.8709347 0.0099131465
-51.612865 6.7654037 -12.9927025 -0.21026976 -7.4316286e-09 -0.034340393 0.24655381 0.029668808
-51.612865 6.7654037 -12.860611 -0.29379714 5.813427e-09 0.047969274 0.24655381 0.0099131465
-51.497677 8.081852 -12.860611 0.21026953 2.7917903e-08 0.034340434 0.5669411 0.24653935
-51.612865 6.7654037 -12.860611 -0.29379714 5.813427e-09 0.047969274 0.31694108 0.49653935
-51.497677 6.7654037 -12.860611 0.21026972 7.4316286e-09 0.034340397 0.31694108 0.24653935
-51.497677 6.7654037 -12.9927025 0.29379869 -5.225902e-09 -0.04796902 0.81429666 0.045527905
-51.61285 8.081852 -12.9927025 -0.21026832 -7.4316535e-09 -0.034340624 0.3657722 0.09483889
-51.497677 8.081852 -12.9927025 0.29379883 -5.225897e-09 -0.047969 0.3657722 0.045527905
-48.932117 6.7654037 -12.9927025 0.29374832 -5.2276805e-09 -0.047977243 0.88443863 0.028680354
-48.93211 8.081852 -12.860612 0.21033618 7.430446e-09 0.034329545 0.23433578 0.012996644
-48.93211 6.7654037 -12.860612 0.21033758 7.4304216e-09 0.034329318 0.88443875 0.012996644
-49.04729 8.081852 -12.9927025 -0.21033742 3.5525977e-06 -0.03432934 0.8709347 0.029668808
-49.0473 6.7654037 -12.860612 -0.29375014 2.4063375e-08 0.04797695 0.24655381 0.0099131465
-49.04729 8.081852 -12.860613 -0.29375 4.995865e-06 0.047976974 0.8709347 0.0099131465
-48.93211 8.081852 -12.860612 0.21033618 7.430446e-09 0.034329545 0.5669411 0.24653935
-49.0473 6.7654037 -12.860612 -0.29375014 2.4063375e-08 0.04797695 0.31694108 0.49653935
-48.93211 6.7654037 -12.860612 0.21033758 7.4304216e-09 0.034329318 0.31694108 0.24653935
-48.932117 6.7654037 -12.9927025 0.29374832 -5.2276805e-09 -0.047977243 0.81429666 0.045527905
-49.04729 8.081852 -12.9927025 -0.21033742 3.5525977e-06 -0.03432934 0.3657722 0.09483889
-48.932117 8.081852 -12.9927025 0.2937502 -5.2276152e-09 -0.04797694 0.3657722 0.045527905
-53.95827 6.7654037 -12.9927025 0.2937986 -5.2259037e-09 -0.047969036 0.88443863 0.028680354
-53.95828 8.081852 -12.860611 0.21026975 2.7917908e-08 0.034340397 0.23433578 0.012996644
-53.95828 6.7654037 -12.860611 0.21026981 7.4316273e-09 0.03434039 0.88443875 0.012996644
-54.073452 8.081852 -12.860612 -0.2937982 3.4437722e-08 0.04796911 0.8709347 0.0099131465
-54.07346 6.7654037 -12.9927025 -0.21026981 -7.431627e-09 -0.034340385 0.24655381 0.029668808
-54.073467 6.7654037 -12.860612 -0.29379708 5.8134284e-09 0.04796928 0.24655381 0.0099131465
-53.95828 8.081852 -12.860611 0.21026975 2.7917908e-08 0.034340397 0.5669411 0.24653935
-54.073467 6.7654037 -12.860612 -0.29379708 5.8134284e-09 0.04796928 0.31694108 0.49653935
-53.95828 6.7654037 -12.860611 0.21026981 7.4316273e-09 0.03434039 0.31694108 0.24653935
-53.95827 6.7654037 -12.9927025 0.2937986 -5.2259037e-09 -0.047969036 0.81429666 0.045527905
-54.073452 8.081852 -12.992703 -0.2102685 -7.4316495e-09 -0.034340594 0.3657722 0.09483889
-53.95827 8.081852 -12.9927025 0.29379866 -5.225903e-09 -0.04796903 0.3657722 0.045527905
-62.927235 6.7654037 -12.9927025 0.29379869 -6.246904e-08 -0.047969025 0.88443863 0.028680354
-62.927235 8.081852 -12.860612 0.21026957 7.431631e-09 0.03434042 0.23433578 0.012996644
-62.927235 6.7654037 -12.860612 0.21026967 7.4316286e-09 0.034340397 0.88443875 0.012996644
-63.042408 8.081852 -12.992703 -0.21026944 3.5640753e-06 -0.03434044 0.8709347 0.029668808
-63.042423 6.7654037 -12.860612 -0.29379869 4.9966766e-06 0.04796903 0.24655381 0.0099131465
-63.042416 8.081852 -12.860613 -0.2937986 4.9966725e-06 0.047969036 0.8709347 0.0099131465
-62.927235 8.081852 -12.860612 0.21026957 7.431631e-09 0.03434042 0.5669411 0.24653935
-63.042423 6.7654037 -12.860612 -0.29379869 4.9966766e-06 0.04796903 0.31694108 0.49653935
-62.927235 6.7654037 -12.860612 0.21026967 7.4316286e-09 0.034340397 0.31694108 0.24653935
-62.927235 6.7654037 -12.9927025 0.29379869 -6.246904e-08 -0.047969025 0.81429666 0.045527905
-63.042408 8.081852 -12.992703 -0.21026944 3.5640753e-06 -0.03434044 0.3657722 0.09483889
-62.927235 8.081852 -12.9927025 0.29379877 -5.2258984e-09 -0.04796901 0.3657722 0.045527905
-60.361675 6.7654037 -12.9927025 0.29374832 -3.3840188e-08 -0.047977246 0.88443863 0.028680354
-60.361675 8.081852 -12.860612 0.2103362 2.792023e-08 0.034329545 0.23433578 0.012996644
-60.361675 6.7654037 -12.860612 0.21033756 7.430421e-09 0.034329318 0.88443875 0.012996644
-60.476856 8.081852 -12.9927025 -0.21033742 5.636261e-09 -0.03432934 0.8709347 0.029668808
-60.476856 6.7654037 -12.860612 -0.29375014 4.977624e-06 0.04797695 0.24655381 0.0099131465
-60.47684 8.081852 -12.860613 -0.29375 3.442998e-08 0.047976978 0.8709347 0.0099131465
-60.361675 8.081852 -12.860612 0.2103362 2.792023e-08 0.034329545 0.5669411 0.24653935
-60.476856 6.7654037 -12.860612 -0.29375014 4.977624e-06 0.04797695 0.31694108 0.49653935
-60.361675 6.7654037 -12.860612 0.21033756 7.430421e-09 0.034329318 0.31694108 0.24653935
-60.361675 6.7654037 -12.9927025 0.29374832 -3.3840188e-08 -0.047977246 0.81429666 0.045527905
-60.476856 8.081852 -12.9927025 -0.21033742 5.636261e-09 -0.03432934 0.3657722 0.09483889
-60.361675 8.081852 -12.9927025 0.29375017 -5.227616e-09 -0.047976945 0.3657722 0.045527905
-65.38783 6.7654037 -12.9927025 0.2937986 -6.246901e-08 -0.047969043 0.88443863 0.028680354
-65.38783 8.081852 -12.860612 0.21026967 7.431629e-09 0.034340404 0.23433578 0.012996644
-65.38783 6.7654037 -12.860612 0.21026982 7.4316264e-09 0.034340378 0.88443875 0.012996644
-65.503006 8.081852 -12.992704 -0.21026956 3.5640674e-06 -0.034340426 0.8709347 0.029668808
-65.50302 6.7654037 -12.860612 -0.2937986 4.9966616e-06 0.04796904 0.24655381 0.0099131465
-65.503006 8.081852 -12.860613 -0.2937985 4.996657e-06 0.047969054 0.8709347 0.0099131465
-65.38783 8.081852 -12.860612 0.21026967 7.431629e-09 0.034340404 0.5669411 0.24653935
-65.50302 6.7654037 -12.860612 -0.2937986 4.9966616e-06 0.04796904 0.31694108 0.49653935
-65.38783 6.7654037 -12.860612 0.21026982 7.4316264e-09 0.034340378 0.31694108 0.24653935
-65.38783 6.7654037 -12.9927025 0.2937986 -6.246901e-08 -0.047969043 0.81429666 0.045527905
-65.503006 8.081852 -12.992704 -0.21026956 3.5640674e-06 -0.034340426 0.3657722 0.09483889
-65.38783 8.081852 -12.9927025 0.2937987 -5.2259e-09 -0.047969017 0.3657722 0.045527905
-62.927227 6.7654037 12.892326 0.29379866 -5.2259033e-09 -0.047969032 0.88443863 0.028680354
-62.927235 8.081852 13.024418 0.21026994 2.7917721e-08 0.03434036 0.23433578 0.012996644
-62.927235 6.7654037 13.024418 0.21026975 7.4316273e-09 0.03434039 0.88443875 0.012996644
-63.042408 8.081852 12.892326 -0.21026869 -7.4316464e-09 -0.034340564 0.8709347 0.029668808
-63.042423 6.7654037 13.024418 -0.29379782 5.8133915e-09 0.047969162 0.24655381 0.0099131465
-63.042408 8.081852 13.024418 -0.29379913 3.443755e-08 0.047968946 0.8709347 0.0099131465
-62.927235 8.081852 13.024418 0.21026994 2.7917721e-08 0.03434036 0.5669411 0.24653935
-63.042423 6.7654037 13.024418 -0.29379782 5.8133915e-09 0.047969162 0.31694108 0.49653935
-62.927235 6.7654037 13.024418 0.21026975 7.4316273e-09 0.03434039 0.31694108 0.24653935
-62.927227 6.7654037 12.892326 0.29379866 -5.2259033e-09 -0.047969032 0.81429666 0.045527905
-63.042408 8.081852 12.892326 -0.21026869 -7.4316464e-09 -0.034340564 0.3657722 0.09483889
-62.927227 8.081852 12.892326 0.29379854 -5.2259077e-09 -0.04796905 0.3657722 0.045527905
-60.361675 6.7654037 12.892326 0.2937483 -5.2276827e-09 -0.047977254 0.88443863 0.028680354
-60.36166 8.081852 13.024418 0.21033652 7.4304394e-09 0.034329485 0.23433578 0.012996644
-60.36166 6.7654037 13.024418 0.21033764 7.4304203e-09 0.03432931 0.88443875 0.012996644
-60.47685 8.081852 12.892326 -0.21033776 3.5525513e-06 -0.034329288 0.8709347 0.029668808
-60.47685 6.7654037 13.024418 -0.29375014 2.4063137e-08 0.047976945 0.24655381 0.0099131465
-60.47684 8.081852 13.024418 -0.29374978 4.9957966e-06 0.047977015 0.8709347 0.0099131465
-60.36166 8.081852 13.024418 0.21033652 7.4304394e-09 0.034329485 0.5669411 0.24653935
-60.47685 6.7654037 13.024418 -0.29375014 2.4063137e-08 0.047976945 0.31694108 0.49653935
-60.36166 6.7654037 13.024418 0.21033764 7.4304203e-09 0.03432931 0.31694108 0.24653935
-60.361675 6.7654037 12.892326 0.2937483 -5.2276827e-09 -0.047977254 0.81429666 0.045527905
-60.47685 8.081852 12.892326 -0.21033776 3.5525513e-06 -0.034329288 0.3657722 0.09483889
-60.361675 8.081852 12.892326 0.29374996 -5.227624e-09 -0.04797698 0.3657722 0.045527905
-65.38782 6.7654037 12.892326 0.29379785 -5.2259317e-09 -0.047969162 0.88443863 0.028680354
-65.38783 8.081852 13.024418 0.21026818 2.7917727e-08 0.034340642 0.23433578 0.012996644
-65.38783 6.7654037 13.024418 0.21027087 7.4316073e-09 0.034340207 0.88443875 0.012996644
-65.503006 8.081852 13.024418 -0.29379925 3.443749e-08 0.04796893 0.8709347 0.0099131465
-65.503006 6.7654037 12.892326 -0.21026976 -7.431628e-09 -0.03434039 0.24655381 0.029668808
-65.50302 6.7654037 13.024418 -0.2937971 5.8134226e-09 0.047969274 0.24655381 0.0099131465
-65.38783 8.081852 13.024418 0.21026818 2.7917727e-08 0.034340642 0.5669411 0.24653935
-65.50302 6.7654037 13.024418 -0.2937971 5.8134226e-09 0.047969274 0.31694108 0.49653935
-65.38783 6.7654037 13.024418 0.21027087 7.4316073e-09 0.034340207 0.31694108 0.24653935
-65.38782 6.7654037 12.892326 0.29379785 -5.2259317e-09 -0.047969162 0.81429666 0.045527905
-65.503006 8.081852 12.892326 -0.21026762 -7.431666e-09 -0.03434074 0.3657722 0.09483889
-65.38782 8.081852 12.892326 0.29379934 -5.225879e-09 -0.04796892 0.3657722 0.045527905
-52.01382 6.7654037 12.892326 0.2937997 -5.2258664e-09 -0.04796886 0.88443863 0.028680354
-52.01383 8.081852 13.024418 0.21026881 2.7917686e-08 0.03434054 0.23433578 0.012996644
-52.01383 6.7654037 13.024418 0.21027087 7.4316073e-09 0.034340207 0.88443875 0.012996644
-52.129 8.081852 12.892326 -0.2102712 -7.4316024e-09 -0.034340158 0.8709347 0.029668808
-52.129017 6.7654037 13.024418 -0.29379863 5.8133667e-09 0.047969036 0.24655381 0.0099131465
-52.129 8.081852 13.024418 -0.29379836 3.4437424e-08 0.047969073 0.8709347 0.0099131465
-52.01383 8.081852 13.024418 0.21026881 2.7917686e-08 0.03434054 0.5669411 0.24653935
-52.129017 6.7654037 13.024418 -0.29379863 5.8133667e-09 0.047969036 0.31694108 0.49653935
-52.01383 6.7654037 13.024418 0.21027087 7.4316073e-09 0.034340207 0.31694108 0.24653935
-52.01382 8.081852 12.892326 0.29379722 -5.225953e-09 -0.04796926 0.3657722 0.045527905
-52.12901 6.7654037 12.892326 -0.21026856 -7.4316495e-09 -0.03434059 0.81429666 0.09483889
-52.129 8.081852 12.892326 -0.2102712 -7.4316024e-09 -0.034340158 0.3657722 0.09483889
-49.44826 6.7654037 12.892326 0.2937475 -5.227711e-09 -0.047977384 0.88443863 0.028680354
-49.448254 8.081852 13.024418 0.21033542 7.430459e-09 0.034329664 0.23433578 0.012996644
-49.448254 6.7654037 13.024418 0.21033815 7.430412e-09 0.034329228 0.88443875 0.012996644
-49.563442 8.081852 12.892326 -0.21033603 3.552625e-06 -0.03432957 0.8709347 0.029668808
-49.563442 6.7654037 13.024418 -0.2937498 2.4063405e-08 0.047976997 0.24655381 0.0099131465
-49.563435 8.081852 13.024414 -0.29375058 4.995933e-06 0.047976878 0.8709347 0.0099131465
-49.448254 8.081852 13.024418 0.21033542 7.430459e-09 0.034329664 0.5669411 0.24653935
-49.563442 6.7654037 13.024418 -0.2937498 2.4063405e-08 0.047976997 0.31694108 0.49653935
-49.448254 6.7654037 13.024418 0.21033815 7.430412e-09 0.034329228 0.31694108 0.24653935
-49.44826 6.7654037 12.892326 0.2937475 -5.227711e-09 -0.047977384 0.81429666 0.045527905
-49.563442 8.081852 12.892326 -0.21033603 3.552625e-06 -0.03432957 0.3657722 0.09483889
-49.44826 8.081852 12.892326 0.2937512 -5.2275793e-09 -0.047976773 0.3657722 0.045527905
-54.474415 6.7654037 12.892326 0.29379866 -5.2259033e-09 -0.047969032 0.88443863 0.028680354
-54.474422 8.081852 13.024418 0.21026994 2.7917721e-08 0.03434036 0.23433578 0.012996644
-54.474422 6.7654037 13.024418 0.21026975 7.4316273e-09 0.03434039 0.88443875 0.012996644
-54.589596 8.081852 12.892326 -0.21026869 -7.4316464e-09 -0.034340564 0.8709347 0.029668808
-54.58961 6.7654037 13.024418 -0.29379782 5.8133915e-09 0.047969162 0.24655381 0.0099131465
-54.589596 8.081852 13.024418 -0.29379913 3.443755e-08 0.047968946 0.8709347 0.0099131465
-54.474422 8.081852 13.024418 0.21026994 2.7917721e-08 0.03434036 0.5669411 0.24653935
-54.58961 6.7654037 13.024418 -0.29379782 5.8133915e-09 0.047969162 0.31694108 0.49653935
-54.474422 6.7654037 13.024418 0.21026975 7.4316273e-09 0.03434039 0.31694108 0.24653935
-54.474415 6.7654037 12.892326 0.29379866 -5.2259033e-09 -0.047969032 0.81429666 0.045527905
-54.589596 8.081852 12.892326 -0.21026869 -7.4316464e-09 -0.034340564 0.3657722 0.09483889
-54.474415 8.081852 12.892326 0.29379854 -5.2259077e-09 -0.04796905 0.3657722 0.045527905
-40.69221 6.7654037 12.892326 0.29380047 -5.225838e-09 -0.04796873 0.88443863 0.028680354
-40.692204 8.081852 13.024418 0.21026881 2.7917686e-08 0.03434054 0.23433578 0.012996644
-40.692204 6.7654037 13.024418 0.21026975 7.4316273e-09 0.03434039 0.88443875 0.012996644
-40.807377 8.081852 12.892326 -0.21027009 -7.431622e-09 -0.034340337 0.8709347 0.029668808
-40.807392 6.7654037 13.024418 -0.29379866 5.8133662e-09 0.04796903 0.24655381 0.0099131465
-40.807384 8.081852 13.024414 -0.29379913 3.443755e-08 0.047968946 0.8709347 0.0099131465
-40.692204 8.081852 13.024418 0.21026881 2.7917686e-08 0.03434054 0.5669411 0.24653935
-40.807392 6.7654037 13.024418 -0.29379866 5.8133662e-09 0.04796903 0.31694108 0.49653935
-40.692204 6.7654037 13.024418 0.21026975 7.4316273e-09 0.03434039 0.31694108 0.24653935
-40.69221 8.081852 12.892326 0.29379722 -5.225953e-09 -0.04796926 0.3657722 0.045527905
-40.807392 6.7654037 12.892326 -0.21026856 -7.4316495e-09 -0.03434059 0.81429666 0.09483889
-40.807377 8.081852 12.892326 -0.21027009 -7.431622e-09 -0.034340337 0.3657722 0.09483889
-38.12665 6.7654037 12.892326 0.29374665 -5.22774e-09 -0.047977522 0.88443863 0.028680354
-38.126644 8.081852 13.024418 0.21033545 7.430459e-09 0.034329664 0.23433578 0.012996644
-38.126644 6.7654037 13.024418 0.21033987 7.43038e-09 0.034328938 0.88443875 0.012996644
-38.241825 8.081852 12.892326 -0.21033888 3.5524827e-06 -0.03432911 0.8709347 0.029668808
-38.241833 6.7654037 13.024418 -0.29375014 2.4062725e-08 0.04797695 0.24655381 0.0099131465
-38.241817 8.081852 13.024418 -0.29374894 4.99566e-06 0.047977142 0.8709347 0.0099131465
-38.126644 8.081852 13.024418 0.21033545 7.430459e-09 0.034329664 0.5669411 0.24653935
-38.241833 6.7654037 13.024418 -0.29375014 2.4062725e-08 0.04797695 0.31694108 0.49653935
-38.126644 6.7654037 13.024418 0.21033987 7.43038e-09 0.034328938 0.31694108 0.24653935
-38.12665 6.7654037 12.892326 0.29374665 -5.22774e-09 -0.047977522 0.81429666 0.045527905
-38.241825 8.081852 12.892326 -0.21033888 3.5524827e-06 -0.03432911 0.3657722 0.09483889
-38.12665 8.081852 12.892326 0.29375073 -5.2275952e-09 -0.047976844 0.3657722 0.045527905
-43.152805 6.7654037 12.892326 0.29380047 -5.225838e-09 -0.04796873 0.88443863 0.028680354
-43.152805 8.081852 13.024418 0.21026881 2.7917686e-08 0.03434054 0.23433578 0.012996644
-43.152805 6.7654037 13.024418 0.21026975 7.4316273e-09 0.03434039 0.88443875 0.012996644
-43.267986 8.081852 12.892326 -0.2102688 -7.4316446e-09 -0.034340546 0.8709347 0.029668808
-43.267994 6.7654037 13.024418 -0.29379705 5.813416e-09 0.04796929 0.24655381 0.0099131465
-43.267986 8.081852 13.024418 -0.29379913 3.443755e-08 0.047968946 0.8709347 0.0099131465
-43.152805 8.081852 13.024418 0.21026881 2.7917686e-08 0.03434054 0.5669411 0.24653935
-43.267994 6.7654037 13.024418 -0.29379705 5.813416e-09 0.04796929 0.31694108 0.49653935
-43.152805 6.7654037 13.024418 0.21026975 7.4316273e-09 0.03434039 0.31694108 0.24653935
-43.152805 8.081852 12.892326 0.29379815 -5.225921e-09 -0.047969114 0.3657722 0.045527905
-43.267994 6.7654037 12.892326 -0.21027078 -7.431609e-09 -0.034340218 0.81429666 0.09483889
-43.267986 8.081852 12.892326 -0.2102688 -7.4316446e-09 -0.034340546 0.3657722 0.09483889
-30.259441 6.7654037 12.892326 0.29379863 -3.3847744e-08 -0.04796903 0.88443863 0.028680354
-30.259449 8.081852 13.024418 0.21027106 7.4316047e-09 0.034340177 0.23433578 0.012996644
-30.259449 6.7654037 13.024418 0.21026975 7.4316273e-09 0.03434039 0.88443875 0.012996644
-30.374622 8.081852 12.892326 -0.21027093 1.7782635e-06 -0.0343402 0.8709347 0.029668808
-30.374638 6.7654037 13.024418 -0.29379863 2.5009774e-06 0.047969036 0.24655381 0.0099131465
-30.374622 8.081852 13.024418 -0.29379752 2.500844e-06 0.04796921 0.8709347 0.0099131465
-30.259449 8.081852 13.024418 0.21027106 7.4316047e-09 0.034340177 0.5669411 0.24653935
-30.374638 6.7654037 13.024418 -0.29379863 2.5009774e-06 0.047969036 0.31694108 0.49653935
-30.259449 6.7654037 13.024418 0.21026975 7.4316273e-09 0.03434039 0.31694108 0.24653935
-30.259441 6.7654037 12.892326 0.29379863 -3.3847744e-08 -0.04796903 0.81429666 0.045527905
-30.374622 8.081852 12.892326 -0.21027093 1.7782635e-06 -0.0343402 0.3657722 0.09483889
-30.259441 8.081852 12.892326 0.29379773 -5.2259352e-09 -0.047969177 0.3657722 0.045527905
-27.69389 6.7654037 12.892326 0.29374918 -3.384026e-08 -0.04797711 0.88443863 0.028680354
-27.693882 8.081852 13.024418 0.21033542 2.7920013e-08 0.034329664 0.23433578 0.012996644
-27.693882 6.7654037 13.024418 0.21033764 7.4304203e-09 0.03432931 0.88443875 0.012996644
-27.80907 8.081852 12.892326 -0.21033661 1.7789174e-06 -0.034329474 0.8709347 0.029668808
-27.80907 6.7654037 13.024418 -0.29374856 2.5010302e-06 0.04797721 0.24655381 0.0099131465
-27.809063 8.081852 13.024418 -0.29375058 2.5297825e-06 0.047976878 0.8709347 0.0099131465
-27.693882 8.081852 13.024418 0.21033542 2.7920013e-08 0.034329664 0.5669411 0.24653935
-27.80907 6.7654037 13.024418 -0.29374856 2.5010302e-06 0.04797721 0.31694108 0.49653935
-27.693882 6.7654037 13.024418 0.21033764 7.4304203e-09 0.03432931 0.31694108 0.24653935
-27.69389 6.7654037 12.892326 0.29374918 -3.384026e-08 -0.04797711 0.81429666 0.045527905
-27.80907 8.081852 12.892326 -0.21033661 1.7789174e-06 -0.034329474 0.3657722 0.09483889
-27.69389 8.081852 12.892326 0.29375073 -5.2275952e-09 -0.047976844 0.3657722 0.045527905
-32.720043 6.7654037 12.892326 0.29379866 -3.3847748e-08 -0.047969032 0.88443863 0.028680354
-32.72005 8.081852 13.024418 0.21026881 2.7917686e-08 0.03434054 0.23433578 0.012996644
-32.72005 6.7654037 13.024418 0.21026975 7.4316273e-09 0.03434039 0.88443875 0.012996644
-32.835217 8.081852 13.024418 -0.2937988 4.3825224e-08 0.04796901 0.8709347 0.0099131465
-32.83523 6.7654037 12.892326 -0.21026976 1.7511366e-06 -0.03434039 0.24655381 0.029668808
-32.83523 6.7654037 13.024418 -0.2937971 2.5015524e-06 0.047969278 0.24655381 0.0099131465
-32.72005 8.081852 13.024418 0.21026881 2.7917686e-08 0.03434054 0.5669411 0.24653935
-32.83523 6.7654037 13.024418 -0.2937971 2.5015524e-06 0.047969278 0.31694108 0.49653935
-32.72005 6.7654037 13.024418 0.21026975 7.4316273e-09 0.03434039 0.31694108 0.24653935
-32.720043 6.7654037 12.892326 0.29379866 -3.3847748e-08 -0.047969032 0.81429666 0.045527905
-32.835224 8.081852 12.892326 -0.21026762 -7.8521e-09 -0.03434074 0.3657722 0.09483889
-32.720043 8.081852 12.892326 0.29379934 -5.225879e-09 -0.04796892 0.3657722 0.045527905
-19.472866 6.7654037 12.892326 0.29379866 -3.3847748e-08 -0.047969032 0.88443863 0.028680354
-19.472874 8.081852 13.024418 0.21026881 2.7917686e-08 0.03434054 0.23433578 0.012996644
-19.472874 6.7654037 13.024418 0.21026975 7.4316273e-09 0.03434039 0.88443875 0.012996644
-19.588047 8.081852 13.024418 -0.2937988 2.5301892e-06 0.04796901 0.8709347 0.0099131465
-19.588055 6.7654037 12.892326 -0.21026976 1.7578553e-06 -0.03434039 0.24655381 0.029668808
-19.588055 6.7654037 13.024418 -0.2937971 2.5015524e-06 0.047969278 0.24655381 0.0099131465
-19.472874 8.081852 13.024418 0.21026881 2.7917686e-08 0.03434054 0.5669411 0.24653935
-19.588055 6.7654037 13.024418 -0.2937971 2.5015524e-06 0.047969278 0.31694108 0.49653935
-19.472874 6.7654037 13.024418 0.21026975 7.4316273e-09 0.03434039 0.31694108 0.24653935
-19.472866 6.7654037 12.892326 0.29379866 -3.3847748e-08 -0.047969032 0.81429666 0.045527905
-19.588047 8.081852 12.892326 -0.21026762 1.7783227e-06 -0.03434074 0.3657722 0.09483889
-19.472866 8.081852 12.892326 0.29379934 -5.225879e-09 -0.04796892 0.3657722 0.045527905
-16.907314 6.7654037 12.89233 0.2937483 -3.384046e-08 -0.047977254 0.88443863 0.028680354
-16.907307 8.081852 13.024418 0.21033764 2.7920088e-08 0.03432931 0.23433578 0.012996644
-16.907307 6.7654037 13.024418 0.21033764 7.4304203e-09 0.03432931 0.88443875 0.012996644
-17.022495 8.081852 12.892326 -0.21033888 1.7788492e-06 -0.03432911 0.8709347 0.029668808
-17.022495 6.7654037 13.024418 -0.29375014 2.5011652e-06 0.04797695 0.24655381 0.0099131465
-17.022488 8.081852 13.024418 -0.29374894 2.5296458e-06 0.047977142 0.8709347 0.0099131465
-16.907307 8.081852 13.024418 0.21033764 2.7920088e-08 0.03432931 0.5669411 0.24653935
-17.022495 6.7654037 13.024418 -0.29375014 2.5011652e-06 0.04797695 0.31694108 0.49653935
-16.907307 6.7654037 13.024418 0.21033764 7.4304203e-09 0.03432931 0.31694108 0.24653935
-16.907314 6.7654037 12.89233 0.2937483 -3.384046e-08 -0.047977254 0.81429666 0.045527905
-17.022495 8.081852 12.892326 -0.21033888 1.7788492e-06 -0.03432911 0.3657722 0.09483889
-16.907314 8.081852 12.892326 0.29374912 -5.227653e-09 -0.047977112 0.3657722 0.045527905
-21.933468 6.7654037 12.892326 0.29379866 -3.3847748e-08 -0.047969032 0.88443863 0.028680354
-21.933475 8.081852 13.024418 0.21026881 7.431644e-09 0.03434054 0.23433578 0.012996644
-21.933475 6.7654037 13.024418 0.21026975 7.4316273e-09 0.03434039 0.88443875 0.012996644
-22.048649 8.081852 13.024418 -0.2937988 2.5009774e-06 0.04796901 0.8709347 0.0099131465
-22.048656 6.7654037 12.892326 -0.21026976 1.7578553e-06 -0.03434039 0.24655381 0.029668808
-22.048664 6.7654037 13.024418 -0.2937971 2.500965e-06 0.047969278 0.24655381 0.0099131465
-21.933475 8.081852 13.024418 0.21026881 7.431644e-09 0.03434054 0.5669411 0.24653935
-22.048664 6.7654037 13.024418 -0.2937971 2.500965e-06 0.047969278 0.31694108 0.49653935
-21.933475 6.7654037 13.024418 0.21026975 7.4316273e-09 0.03434039 0.31694108 0.24653935
-21.933468 6.7654037 12.892326 0.29379866 -3.3847748e-08 -0.047969032 0.81429666 0.045527905
-22.048649 8.081852 12.892326 -0.21026762 1.7783227e-06 -0.03434074 0.3657722 0.09483889
-21.933468 8.081852 12.892326 0.29379934 -5.225879e-09 -0.04796892 0.3657722 0.045527905
-8.609829 6.7654037 12.892326 0.29379869 -3.384774e-08 -0.047969025 0.88443863 0.028680354
-8.609833 8.081852 13.024418 0.21026881 2.7917686e-08 0.03434054 0.23433578 0.012996644
-8.609833 6.7654037 13.024418 0.21026975 7.4316273e-09 0.03434039 0.88443875 0.012996644
-8.725006 8.081852 13.024418 -0.2937972 2.5300533e-06 0.047969267 0.8709347 0.0099131465
-8.725018 6.7654037 12.892326 -0.21026976 1.757855e-06 -0.03434039 0.24655381 0.029668808
-8.725018 6.7654037 13.024418 -0.2937971 2.5015524e-06 0.047969278 0.24655381 0.0099131465
-8.609833 8.081852 13.024418 0.21026881 2.7917686e-08 0.03434054 0.5669411 0.24653935
-8.725018 6.7654037 13.024418 -0.2937971 2.5015524e-06 0.047969278 0.31694108 0.49653935
-8.609833 6.7654037 13.024418 0.21026975 7.4316273e-09 0.03434039 0.31694108 0.24653935
-8.609829 6.7654037 12.892326 0.29379869 -3.384774e-08 -0.047969025 0.81429666 0.045527905
-8.725006 8.081852 12.892326 -0.21026865 1.7782598e-06 -0.034340575 0.3657722 0.09483889
-8.609829 8.081852 12.892326 0.29380023 -5.225846e-09 -0.047968764 0.3657722 0.045527905
-6.0442734 6.7654037 12.89233 0.2937483 -1.9534072e-08 -0.047977254 0.88443863 0.028680354
-6.0442657 8.081852 13.024418 0.21033542 1.7675237e-08 0.034329664 0.23433578 0.012996644
-6.0442657 6.7654037 13.024418 0.21033764 7.4304203e-09 0.03432931 0.88443875 0.012996644
-6.1594505 8.081852 12.892326 -0.21033661 1.7723842e-06 -0.034329467 0.8709347 0.029668808
-6.1594543 6.7654037 13.024418 -0.29375014 1.4939221e-08 0.04797695 0.24655381 0.0099131465
-6.159443 8.081852 13.024418 -0.29375058 2.5151812e-06 0.047976878 0.8709347 0.0099131465
-6.0442657 8.081852 13.024418 0.21033542 1.7675237e-08 0.034329664 0.5669411 0.24653935
-6.1594543 6.7654037 13.024418 -0.29375014 1.4939221e-08 0.04797695 0.31694108 0.49653935
-6.0442657 6.7654037 13.024418 0.21033764 7.4304203e-09 0.03432931 0.31694108 0.24653935
-6.0442734 6.7654037 12.89233 0.2937483 -1.9534072e-08 -0.047977254 0.81429666 0.045527905
-6.1594505 8.081852 12.892326 -0.21033661 1.7723842e-06 -0.034329467 0.3657722 0.09483889
-6.0442734 8.081852 12.89233 0.29375073 -5.2275952e-09 -0.047976844 0.3657722 0.045527905
-11.070431 6.7654037 12.89233 0.29379702 -3.3847492e-08 -0.047969293 0.88443863 0.028680354
-11.070431 8.081852 13.024422 0.2102676 7.431666e-09 0.034340743 0.23433578 0.012996644
-11.070431 6.7654037 13.024422 0.21027201 7.431587e-09 0.034340017 0.88443875 0.012996644
-11.185604 8.081852 12.892326 -0.21026869 1.7783318e-06 -0.034340564 0.8709347 0.029668808
-11.185619 6.7654037 13.024422 -0.29379869 2.5009776e-06 0.047969025 0.24655381 0.0099131465
-11.185612 8.081852 13.024418 -0.29380006 2.5009654e-06 0.047968794 0.8709347 0.0099131465
-11.070431 8.081852 13.024422 0.2102676 7.431666e-09 0.034340743 0.5669411 0.24653935
-11.185619 6.7654037 13.024422 -0.29379869 2.5009776e-06 0.047969025 0.31694108 0.49653935
-11.070431 6.7654037 13.024422 0.21027201 7.431587e-09 0.034340017 0.31694108 0.24653935
-11.070431 6.7654037 12.89233 0.29379702 -3.3847492e-08 -0.047969293 0.81429666 0.045527905
-11.185604 8.081852 12.892326 -0.21026869 1.7783318e-06 -0.034340564 0.3657722 0.09483889
-11.070431 8.081852 12.89233 0.29379934 -5.225879e-09 -0.04796892 0.3657722 0.045527905
1.6049995 6.7654037 12.892326 0.29379869 -3.384774e-08 -0.047969025 0.88443863 0.028680354
1.6049957 8.081852 13.024418 0.21026881 2.7917686e-08 0.03434054 0.23433578 0.012996644
1.6049957 6.7654037 13.024418 0.21026975 7.4316273e-09 0.03434039 0.88443875 0.012996644
1.4898224 8.081852 12.892326 -0.21026745 1.7783368e-06 -0.034340765 0.8709347 0.029668808
1.489811 6.7654037 13.024418 -0.29379705 2.5014297e-06 0.04796929 0.24655381 0.0099131465
1.4898224 8.081852 13.024418 -0.29379913 2.5301924e-06 0.047968946 0.8709347 0.0099131465
1.6049957 8.081852 13.024418 0.21026881 2.7917686e-08 0.03434054 0.5669411 0.24653935
1.489811 6.7654037 13.024418 -0.29379705 2.5014297e-06 0.04796929 0.31694108 0.49653935
1.6049957 6.7654037 13.024418 0.21026975 7.4316273e-09 0.03434039 0.31694108 0.24653935
1.6049995 6.7654037 12.892326 0.29379869 -3.384774e-08 -0.047969025 0.81429666 0.045527905
1.4898224 8.081852 12.892326 -0.21026745 1.7783368e-06 -0.034340765 0.3657722 0.09483889
1.6049995 8.081852 12.892326 0.29380023 -5.225846e-09 -0.047968764 0.3657722 0.045527905
4.170555 6.7654037 12.892326 0.2937483 -3.384046e-08 -0.047977254 0.88443863 0.028680354
4.1705627 8.081852 13.024418 0.21033542 2.7920013e-08 0.034329664 0.23433578 0.012996644
4.1705627 6.7654037 13.024418 0.21033764 7.4304203e-09 0.03432931 0.88443875 0.012996644
4.055378 8.081852 12.892326 -0.21033661 1.7789174e-06 -0.034329467 0.8709347 0.029668808
4.055374 6.7654037 13.024418 -0.29375014 2.5011657e-06 0.04797695 0.24655381 0.0099131465
4.0553856 8.081852 13.024418 -0.29375058 2.5297825e-06 0.047976878 0.8709347 0.0099131465
4.1705627 8.081852 13.024418 0.21033542 2.7920013e-08 0.034329664 0.5669411 0.24653935
4.055374 6.7654037 13.024418 -0.29375014 2.5011657e-06 0.04797695 0.31694108 0.49653935
4.1705627 6.7654037 13.024418 0.21033764 7.4304203e-09 0.03432931 0.31694108 0.24653935
4.170555 6.7654037 12.892326 0.2937483 -3.384046e-08 -0.047977254 0.81429666 0.045527905
4.055378 8.081852 12.892326 -0.21033661 1.7789174e-06 -0.034329467 0.3657722 0.09483889
4.170555 8.081852 12.892326 0.29375073 -5.2275952e-09 -0.047976844 0.3657722 0.045527905
-0.85560226 6.7654037 12.892326 0.29379702 -1.9536728e-08 -0.047969293 0.88443863 0.028680354
-0.8556061 8.081852 13.024418 0.2102676 1.7674719e-08 0.034340743 0.23433578 0.012996644
-0.8556061 6.7654037 13.024418 0.21027201 7.431587e-09 0.034340017 0.88443875 0.012996644
-0.9707794 8.081852 13.024418 -0.29379973 2.515568e-06 0.047968857 0.8709347 0.0099131465
-0.97079086 6.7654037 12.892326 -0.21026976 1.7683077e-06 -0.03434039 0.24655381 0.029668808
-0.97079086 6.7654037 13.024418 -0.29379714 2.5012582e-06 0.047969274 0.24655381 0.0099131465
-0.8556061 8.081852 13.024418 0.2102676 1.7674719e-08 0.034340743 0.5669411 0.24653935
-0.97079086 6.7654037 13.024418 -0.29379714 2.5012582e-06 0.047969274 0.31694108 0.49653935
-0.8556061 6.7654037 13.024418 0.21027201 7.431587e-09 0.034340017 0.31694108 0.24653935
-0.85560226 6.7654037 12.892326 0.29379702 -1.9536728e-08 -0.047969293 0.81429666 0.045527905
-0.9707756 8.081852 12.892326 -0.21026762 1.7785329e-06 -0.03434074 0.3657722 0.09483889
-0.85560226 8.081852 12.892326 0.29379934 -5.225879e-09 -0.04796892 0.3657722 0.045527905
12.42334 6.7654037 12.892326 0.29379866 -1.9536824e-08 -0.047969032 0.88443863 0.028680354
12.423336 8.081852 13.024418 0.21026881 1.7674665e-08 0.03434054 0.23433578 0.012996644
12.423336 6.7654037 13.024418 0.21026975 7.4316273e-09 0.03434039 0.88443875 0.012996644
12.308163 8.081852 12.892326 -0.21026869 1.7751714e-06 -0.034340564 0.8709347 0.029668808
12.308147 6.7654037 13.024418 -0.29379866 1.2581055e-06 0.04796903 0.24655381 0.0099131465
12.308159 8.081852 13.024418 -0.29379913 2.5155864e-06 0.047968946 0.8709347 0.0099131465
12.423336 8.081852 13.024418 0.21026881 1.7674665e-08 0.03434054 0.5669411 0.24653935
12.308147 6.7654037 13.024418 -0.29379866 1.2581055e-06 0.04796903 0.31694108 0.49653935
12.423336 6.7654037 13.024418 0.21026975 7.4316273e-09 0.03434039 0.31694108 0.24653935
12.42334 6.7654037 12.892326 0.29379866 -1.9536824e-08 -0.047969032 0.81429666 0.045527905
12.308163 8.081852 12.892326 -0.21026869 1.7751714e-06 -0.034340564 0.3657722 0.09483889
12.42334 8.081852 12.892326 0.29379934 -5.225879e-09 -0.04796892 0.3657722 0.045527905
14.988895 6.7654037 12.89233 0.29374665 -1.9533978e-08 -0.047977522 0.88443863 0.028680354
14.988903 8.081852 13.024418 0.2103342 1.7675289e-08 0.03432987 0.23433578 0.012996644
14.988903 6.7654037 13.024418 0.21033987 7.43038e-09 0.034328938 0.88443875 0.012996644
14.873718 8.081852 12.892326 -0.21033661 1.7791277e-06 -0.034329467 0.8709347 0.029668808
14.873714 6.7654037 13.024418 -0.29375017 2.5008717e-06 0.04797694 0.24655381 0.0099131465
14.873726 8.081852 13.024418 -0.29375148 2.5151658e-06 0.047976725 0.8709347 0.0099131465
14.988903 8.081852 13.024418 0.2103342 1.7675289e-08 0.03432987 0.5669411 0.24653935
14.873714 6.7654037 13.024418 -0.29375017 2.5008717e-06 0.04797694 0.31694108 0.49653935
14.988903 6.7654037 13.024418 0.21033987 7.43038e-09 0.034328938 0.31694108 0.24653935
14.988895 6.7654037 12.89233 0.29374665 -1.9533978e-08 -0.047977522 0.81429666 0.045527905
14.873718 8.081852 12.892326 -0.21033661 1.7791277e-06 -0.034329467 0.3657722 0.09483889
14.988895 8.081852 12.892326 0.29375073 -5.2275952e-09 -0.047976844 0.3657722 0.045527905
9.962742 6.7654037 12.892326 0.29379869 -3.384774e-08 -0.047969025 0.88443863 0.028680354
9.962738 8.081852 13.024418 0.21026881 2.7917686e-08 0.03434054 0.23433578 0.012996644
9.962738 6.7654037 13.024418 0.21026975 7.4316273e-09 0.03434039 0.88443875 0.012996644
9.847561 8.081852 12.892326 -0.21026745 1.7783368e-06 -0.034340765 0.8709347 0.029668808
9.847553 6.7654037 13.024418 -0.29379705 2.5014297e-06 0.04796929 0.24655381 0.0099131465
9.847565 8.081852 13.024418 -0.29379913 2.5301924e-06 0.047968946 0.8709347 0.0099131465
9.962738 8.081852 13.024418 0.21026881 2.7917686e-08 0.03434054 0.5669411 0.24653935
9.847553 6.7654037 13.024418 -0.29379705 2.5014297e-06 0.04796929 0.31694108 0.49653935
9.962738 6.7654037 13.024418 0.21026975 7.4316273e-09 0.03434039 0.31694108 0.24653935
9.962742 6.7654037 12.892326 0.29379869 -3.384774e-08 -0.047969025 0.81429666 0.045527905
9.847561 8.081852 12.892326 -0.21026745 1.7783368e-06 -0.034340765 0.3657722 0.09483889
9.962742 8.081852 12.892326 0.29380023 -5.225846e-09 -0.047968764 0.3657722 0.045527905
23.596073 6.7654037 12.892326 0.29379866 -1.9536824e-08 -0.047969032 0.88443863 0.028680354
23.596071 8.081852 13.024418 0.21026881 1.7674665e-08 0.03434054 0.23433578 0.012996644
23.596071 6.7654037 13.024418 0.21026975 7.4316273e-09 0.03434039 0.88443875 0.012996644
23.480898 8.081852 12.892326 -0.21026869 1.778542e-06 -0.034340564 0.8709347 0.029668808
23.480885 6.7654037 13.024418 -0.29379866 2.5012719e-06 0.04796903 0.24655381 0.0099131465
23.480896 8.081852 13.024414 -0.29379913 2.5155864e-06 0.047968946 0.8709347 0.0099131465
23.596071 8.081852 13.024418 0.21026881 1.7674665e-08 0.03434054 0.5669411 0.24653935
23.480885 6.7654037 13.024418 -0.29379866 2.5012719e-06 0.04796903 0.31694108 0.49653935
23.596071 6.7654037 13.024418 0.21026975 7.4316273e-09 0.03434039 0.31694108 0.24653935
23.596073 6.7654037 12.892326 0.29379866 -1.9536824e-08 -0.047969032 0.81429666 0.045527905
23.480898 8.081852 12.892326 -0.21026869 1.778542e-06 -0.034340564 0.3657722 0.09483889
23.596073 8.081852 12.892326 0.29379934 -5.225879e-09 -0.04796892 0.3657722 0.045527905
26.161629 6.7654037 12.892326 0.29374665 -2.6687097e-08 -0.047977522 0.88443863 0.028680354
26.161636 8.081852 13.024418 0.21033542 2.2797627e-08 0.03432967 0.23433578 0.012996644
26.161636 6.7654037 13.024418 0.2103386 7.430404e-09 0.034329154 0.88443875 0.012996644
26.046453 8.081852 12.892326 -0.21033661 1.7790227e-06 -0.034329467 0.8709347 0.029668808
26.04645 6.7654037 13.024418 -0.29375103 2.501004e-06 0.0479768 0.24655381 0.0099131465
26.04646 8.081852 13.024418 -0.29375058 2.522482e-06 0.047976878 0.8709347 0.0099131465
26.161636 8.081852 13.024418 0.21033542 2.2797627e-08 0.03432967 0.5669411 0.24653935
26.04645 6.7654037 13.024418 -0.29375103 2.501004e-06 0.0479768 0.31694108 0.49653935
26.161636 6.7654037 13.024418 0.2103386 7.430404e-09 0.034329154 0.31694108 0.24653935
26.161629 6.7654037 12.892326 0.29374665 -2.6687097e-08 -0.047977522 0.81429666 0.045527905
26.046453 8.081852 12.892326 -0.21033661 1.7790227e-06 -0.034329467 0.3657722 0.09483889
26.161629 8.081852 12.892326 0.29375073 -5.2275952e-09 -0.047976844 0.3657722 0.045527905
21.135471 6.7654037 12.892326 0.29379869 -3.384774e-08 -0.047969025 0.88443863 0.028680354
21.135471 8.081852 13.024418 0.21026881 2.7917686e-08 0.03434054 0.23433578 0.012996644
21.135471 6.7654037 13.024418 0.21026975 7.4316273e-09 0.03434039 0.88443875 0.012996644
21.020294 8.081852 13.024418 -0.2937972 2.5300533e-06 0.047969267 0.8709347 0.0099131465
21.02029 6.7654037 12.892326 -0.21026976 1.757855e-06 -0.03434039 0.24655381 0.029668808
21.020287 6.7654037 13.024418 -0.2937971 2.5015524e-06 0.047969278 0.24655381 0.0099131465
21.135471 8.081852 13.024418 0.21026881 2.7917686e-08 0.03434054 0.5669411 0.24653935
21.020287 6.7654037 13.024418 -0.2937971 2.5015524e-06 0.047969278 0.31694108 0.49653935
21.135471 6.7654037 13.024418 0.21026975 7.4316273e-09 0.03434039 0.31694108 0.24653935
21.135471 6.7654037 12.892326 0.29379869 -3.384774e-08 -0.047969025 0.81429666 0.045527905
21.020298 8.081852 12.892326 -0.21026865 1.7782598e-06 -0.034340575 0.3657722 0.09483889
21.135471 8.081852 12.892326 0.29380023 -5.225846e-09 -0.047968764 0.3657722 0.045527905
34.698265 6.7654037 12.892326 0.29379702 -1.9536728e-08 -0.047969293 0.88443863 0.028680354
34.698265 8.081852 13.024418 0.21026881 2.2796177e-08 0.034340546 0.23433578 0.012996644
34.698265 6.7654037 13.024418 0.21027072 7.43161e-09 0.03434023 0.88443875 0.012996644
34.58309 8.081852 12.892326 -0.21026869 1.778542e-06 -0.034340564 0.8709347 0.029668808
34.583076 6.7654037 13.024418 -0.29379952 2.5014037e-06 0.047968887 0.24655381 0.0099131465
34.583088 8.081852 13.024418 -0.29379913 2.5228894e-06 0.047968946 0.8709347 0.0099131465
34.698265 8.081852 13.024418 0.21026881 2.2796177e-08 0.034340546 0.5669411 0.24653935
34.583076 6.7654037 13.024418 -0.29379952 2.5014037e-06 0.047968887 0.31694108 0.49653935
34.698265 6.7654037 13.024418 0.21027072 7.43161e-09 0.03434023 0.31694108 0.24653935
34.698265 6.7654037 12.892326 0.29379702 -1.9536728e-08 -0.047969293 0.81429666 0.045527905
34.58309 8.081852 12.892326 -0.21026869 1.778542e-06 -0.034340564 0.3657722 0.09483889
34.698265 8.081852 12.892326 0.29379934 -5.225879e-09 -0.04796892 0.3657722 0.045527905
37.26382 6.7654037 12.892326 0.2937483 -2.6687266e-08 -0.047977254 0.88443863 0.028680354
37.263832 8.081852 13.024418 0.21033764 2.2797671e-08 0.03432931 0.23433578 0.012996644
37.263832 6.7654037 13.024418 0.21033764 7.4304203e-09 0.03432931 0.88443875 0.012996644
37.148643 8.081852 12.892326 -0.21033888 1.7772685e-06 -0.03432911 0.8709347 0.029668808
37.148643 6.7654037 13.024418 -0.29375014 1.8795351e-06 0.04797695 0.24655381 0.0099131465
37.14865 8.081852 13.024418 -0.29374894 2.5223453e-06 0.047977142 0.8709347 0.0099131465
37.263832 8.081852 13.024418 0.21033764 2.2797671e-08 0.03432931 0.5669411 0.24653935
37.148643 6.7654037 13.024418 -0.29375014 1.8795351e-06 0.04797695 0.31694108 0.49653935
37.263832 6.7654037 13.024418 0.21033764 7.4304203e-09 0.03432931 0.31694108 0.24653935
37.26382 6.7654037 12.892326 0.2937483 -2.6687266e-08 -0.047977254 0.81429666 0.045527905
37.148643 8.081852 12.892326 -0.21033888 1.7772685e-06 -0.03432911 0.3657722 0.09483889
37.26382 8.081852 12.892326 0.29374912 -5.227653e-09 -0.047977112 0.3657722 0.045527905
32.237667 6.7654037 12.892326 0.29379866 -2.6692284e-08 -0.047969032 0.88443863 0.028680354
32.237663 8.081852 13.024418 0.21026881 2.2796176e-08 0.03434054 0.23433578 0.012996644
32.237663 6.7654037 13.024418 0.21026975 7.4316273e-09 0.03434039 0.88443875 0.012996644
32.12249 8.081852 12.892326 -0.21026869 1.778437e-06 -0.034340564 0.8709347 0.029668808
32.122475 6.7654037 13.024418 -0.29379866 2.5014187e-06 0.04796903 0.24655381 0.0099131465
32.12249 8.081852 13.024418 -0.29379913 2.5228894e-06 0.047968946 0.8709347 0.0099131465
32.237663 8.081852 13.024418 0.21026881 2.2796176e-08 0.03434054 0.5669411 0.24653935
32.122475 6.7654037 13.024418 -0.29379866 2.5014187e-06 0.04796903 0.31694108 0.49653935
32.237663 6.7654037 13.024418 0.21026975 7.4316273e-09 0.03434039 0.31694108 0.24653935
32.237667 6.7654037 12.892326 0.29379866 -2.6692284e-08 -0.047969032 0.81429666 0.045527905
32.12249 8.081852 12.892326 -0.21026869 1.778437e-06 -0.034340564 0.3657722 0.09483889
32.237667 8.081852 12.892326 0.29379934 -5.225879e-09 -0.04796892 0.3657722 0.045527905
45.687176 6.7654037 12.892326 0.29379866 -2.6692284e-08 -0.047969032 0.88443863 0.028680354
45.687172 8.081852 13.024418 0.21026881 2.023542e-08 0.03434054 0.23433578 0.012996644
45.687172 6.7654037 13.024418 0.21026975 7.4316273e-09 0.03434039 0.88443875 0.012996644
45.572 8.081852 12.892326 -0.21026869 1.7775943e-06 -0.034340564 0.8709347 0.029668808
45.571983 6.7654037 13.024414 -0.29379866 2.1905537e-06 0.04796903 0.24655381 0.0099131465
45.571995 8.081852 13.024414 -0.29379913 2.519238e-06 0.047968946 0.8709347 0.0099131465
45.687172 8.081852 13.024418 0.21026881 2.023542e-08 0.03434054 0.5669411 0.24653935
45.571983 6.7654037 13.024414 -0.29379866 2.1905537e-06 0.04796903 0.31694108 0.49653935
45.687172 6.7654037 13.024418 0.21026975 7.4316273e-09 0.03434039 0.31694108 0.24653935
45.687176 6.7654037 12.892326 0.29379866 -2.6692284e-08 -0.047969032 0.81429666 0.045527905
45.572 8.081852 12.892326 -0.21026869 1.7775943e-06 -0.034340564 0.3657722 0.09483889
45.687176 8.081852 12.892326 0.29379934 -5.225879e-09 -0.04796892 0.3657722 0.045527905
48.25273 6.7654037 12.89233 0.29374665 -2.6687097e-08 -0.047977522 0.88443863 0.028680354
48.25274 8.081852 13.024418 0.21033542 2.2797627e-08 0.03432967 0.23433578 0.012996644
48.25274 6.7654037 13.024418 0.2103386 7.430404e-09 0.034329154 0.88443875 0.012996644
48.137554 8.081852 12.892326 -0.21033661 1.7781797e-06 -0.034329467 0.8709347 0.029668808
48.13755 6.7654037 13.024418 -0.29375103 2.190264e-06 0.0479768 0.24655381 0.0099131465
48.13756 8.081852 13.024418 -0.29375058 2.522482e-06 0.047976878 0.8709347 0.0099131465
48.25274 8.081852 13.024418 0.21033542 2.2797627e-08 0.03432967 0.5669411 0.24653935
48.13755 6.7654037 13.024418 -0.29375103 2.190264e-06 0.0479768 0.31694108 0.49653935
48.25274 6.7654037 13.024418 0.2103386 7.430404e-09 0.034329154 0.31694108 0.24653935
48.25273 6.7654037 12.89233 0.29374665 -2.6687097e-08 -0.047977522 0.81429666 0.045527905
48.137554 8.081852 12.892326 -0.21033661 1.7781797e-06 -0.034329467 0.3657722 0.09483889
48.25273 8.081852 12.89233 0.29375073 -5.2275952e-09 -0.047976844 0.3657722 0.045527905
43.226574 6.7654037 12.892326 0.29379863 -2.3114554e-08 -0.04796903 0.88443863 0.028680354
43.22657 8.081852 13.024418 0.21027106 2.2796218e-08 0.034340177 0.23433578 0.012996644
43.22657 6.7654037 13.024418 0.21026975 7.4316273e-09 0.03434039 0.88443875 0.012996644
43.111397 8.081852 12.892326 -0.21026869 1.3336286e-06 -0.034340564 0.8709347 0.029668808
43.111385 6.7654037 13.024418 -0.29379705 2.498928e-06 0.04796929 0.24655381 0.0099131465
43.111397 8.081852 13.024418 -0.29379913 1.8989505e-06 0.047968946 0.8709347 0.0099131465
43.22657 8.081852 13.024418 0.21027106 2.2796218e-08 0.034340177 0.5669411 0.24653935
43.111385 6.7654037 13.024418 -0.29379705 2.498928e-06 0.04796929 0.31694108 0.49653935
43.22657 6.7654037 13.024418 0.21026975 7.4316273e-09 0.03434039 0.31694108 0.24653935
43.226574 6.7654037 12.892326 0.29379863 -2.3114554e-08 -0.04796903 0.81429666 0.045527905
43.111397 8.081852 12.892326 -0.21026869 1.3336286e-06 -0.034340564 0.3657722 0.09483889
43.226574 8.081852 12.892326 0.29379773 -5.2259352e-09 -0.047969177 0.3657722 0.045527905
45.687176 34.570107 13.713306 0.2937972 -2.6691989e-08 -0.047969267 0.88443863 0.028680354
45.687172 35.886555 13.845398 0.21026774 2.0235523e-08 0.03434072 0.23433578 0.012996644
45.687172 34.570107 13.845398 0.21027178 7.4315922e-09 0.034340065 0.88443875 0.012996644
45.572 35.886555 13.713306 -0.21026884 1.5560078e-06 -0.03434054 0.8709347 0.029668808
45.571983 34.570107 13.845398 -0.29379883 2.5001693e-06 0.04796899 0.24655381 0.0099131465
45.571995 35.886555 13.845394 -0.29379994 2.2072543e-06 0.047968812 0.8709347 0.0099131465
45.687172 35.886555 13.845398 0.21026774 2.0235523e-08 0.03434072 0.5669411 0.24653935
45.571983 34.570107 13.845398 -0.29379883 2.5001693e-06 0.04796899 0.31694108 0.49653935
45.687172 34.570107 13.845398 0.21027178 7.4315922e-09 0.034340065 0.31694108 0.24653935
45.687176 34.570107 13.713306 0.2937972 -2.6691989e-08 -0.047969267 0.81429666 0.045527905
45.572 35.886555 13.713306 -0.21026884 1.5560078e-06 -0.03434054 0.3657722 0.09483889
45.687176 35.886555 13.713306 0.29379922 -5.2258824e-09 -0.04796893 0.3657722 0.045527905
48.25273 34.570107 13.713306 0.29374844 -2.6687143e-08 -0.047977217 0.88443863 0.028680354
48.25274 35.886555 13.845398 0.21033557 2.2797678e-08 0.03432964 0.23433578 0.012996644
48.25274 34.570107 13.845398 0.21033739 7.4304247e-09 0.034329347 0.88443875 0.012996644
48.137554 35.886555 13.713306 -0.21033552 1.5565254e-06 -0.034329653 0.8709347 0.029668808
48.13755 34.570107 13.845398 -0.2937487 2.4997075e-06 0.04797718 0.24655381 0.0099131465
48.13756 35.886555 13.845398 -0.29375046 2.2105617e-06 0.047976896 0.8709347 0.0099131465
48.25274 35.886555 13.845398 0.21033557 2.2797678e-08 0.03432964 0.5669411 0.24653935
48.13755 34.570107 13.845398 -0.2937487 2.4997075e-06 0.04797718 0.31694108 0.49653935
48.25274 34.570107 13.845398 0.21033739 7.4304247e-09 0.034329347 0.31694108 0.24653935
48.25273 34.570107 13.713306 0.29374844 -2.6687143e-08 -0.047977217 0.81429666 0.045527905
48.137554 35.886555 13.713306 -0.21033552 1.5565254e-06 -0.034329653 0.3657722 0.09483889
48.25273 35.886555 13.713306 0.29375154 -5.2275673e-09 -0.04797672 0.3657722 0.045527905
43.226574 34.570107 13.713306 0.29379883 -2.6692163e-08 -0.047969 0.88443863 0.028680354
43.22657 35.886555 13.845398 0.21026897 2.2796229e-08 0.03434052 0.23433578 0.012996644
43.22657 34.570107 13.845398 0.21026951 7.431633e-09 0.034340438 0.88443875 0.012996644
43.111397 35.886555 13.713306 -0.21026884 1.7784382e-06 -0.03434054 0.8709347 0.029668808
43.111385 34.570107 13.845394 -0.29379883 2.5014206e-06 0.047969 0.24655381 0.0099131465
43.111397 35.886555 13.845394 -0.29379904 2.522888e-06 0.04796896 0.8709347 0.0099131465
43.22657 35.886555 13.845398 0.21026897 2.2796229e-08 0.03434052 0.5669411 0.24653935
43.111385 34.570107 13.845394 -0.29379883 2.5014206e-06 0.047969 0.31694108 0.49653935
43.22657 34.570107 13.845398 0.21026951 7.431633e-09 0.034340438 0.31694108 0.24653935
43.226574 34.570107 13.713306 0.29379883 -2.6692163e-08 -0.047969 0.81429666 0.045527905
43.111397 35.886555 13.713306 -0.21026884 1.7784382e-06 -0.03434054 0.3657722 0.09483889
43.226574 35.886555 13.713306 0.29379922 -5.2258824e-09 -0.04796893 0.3657722 0.045527905
34.719933 34.570107 13.713303 0.29379883 -2.6692163e-08 -0.047969 0.88443863 0.028680354
34.71993 35.886555 13.845398 0.21026897 2.2796229e-08 0.03434052 0.23433578 0.012996644
34.71993 34.570107 13.845398 0.21026951 7.431633e-09 0.034340438 0.88443875 0.012996644
34.604755 35.886555 13.713306 -0.21026884 1.7784382e-06 -0.03434054 0.8709347 0.029668808
34.604744 34.570107 13.845398 -0.29379883 2.5014206e-06 0.047969 0.24655381 0.0099131465
34.60475 35.886555 13.845398 -0.29379904 2.522888e-06 0.04796896 0.8709347 0.0099131465
34.71993 35.886555 13.845398 0.21026897 2.2796229e-08 0.03434052 0.5669411 0.24653935
34.604744 34.570107 13.845398 -0.29379883 2.5014206e-06 0.047969 0.31694108 0.49653935
34.71993 34.570107 13.845398 0.21026951 7.431633e-09 0.034340438 0.31694108 0.24653935
34.719933 34.570107 13.713303 0.29379883 -2.6692163e-08 -0.047969 0.81429666 0.045527905
34.604755 35.886555 13.713306 -0.21026884 1.7784382e-06 -0.03434054 0.3657722 0.09483889
34.719933 35.886555 13.713303 0.29379922 -5.2258824e-09 -0.04796893 0.3657722 0.045527905
37.285484 34.570107 13.713306 0.29374683 -1.9533893e-08 -0.047977485 0.88443863 0.028680354
37.285496 35.886555 13.845398 0.21033432 2.2797748e-08 0.034329847 0.23433578 0.012996644
37.285496 34.570107 13.845398 0.21033965 7.4303843e-09 0.034328975 0.88443875 0.012996644
37.17031 35.886555 13.713306 -0.21033676 1.777443e-06 -0.034329444 0.8709347 0.029668808
37.170307 34.570107 13.845398 -0.29375038 1.8795367e-06 0.04797691 0.24655381 0.0099131465
37.17032 35.886555 13.845398 -0.29375136 2.5224651e-06 0.047976747 0.8709347 0.0099131465
37.285496 35.886555 13.845398 0.21033432 2.2797748e-08 0.034329847 0.5669411 0.24653935
37.170307 34.570107 13.845398 -0.29375038 1.8795367e-06 0.04797691 0.31694108 0.49653935
37.285496 34.570107 13.845398 0.21033965 7.4303843e-09 0.034328975 0.31694108 0.24653935
37.285484 34.570107 13.713306 0.29374683 -1.9533893e-08 -0.047977485 0.81429666 0.045527905
37.17031 35.886555 13.713306 -0.21033676 1.777443e-06 -0.034329444 0.3657722 0.09483889
37.285484 35.886555 13.713306 0.29375064 -5.2275992e-09 -0.047976866 0.3657722 0.045527905
32.25933 34.570107 13.713306 0.29379973 -2.6692e-08 -0.047968857 0.88443863 0.028680354
32.25933 35.886555 13.845398 0.21026897 1.7674699e-08 0.03434052 0.23433578 0.012996644
32.25933 34.570107 13.845398 0.21026951 7.431633e-09 0.034340438 0.88443875 0.012996644
32.144157 35.886555 13.713306 -0.2102688 1.7784379e-06 -0.03434054 0.8709347 0.029668808
32.144142 34.570107 13.845398 -0.29379722 2.5011377e-06 0.04796926 0.24655381 0.0099131465
32.144154 35.886555 13.845398 -0.29379904 2.515585e-06 0.04796896 0.8709347 0.0099131465
32.25933 35.886555 13.845398 0.21026897 1.7674699e-08 0.03434052 0.5669411 0.24653935
32.144142 34.570107 13.845398 -0.29379722 2.5011377e-06 0.04796926 0.31694108 0.49653935
32.25933 34.570107 13.845398 0.21026951 7.431633e-09 0.034340438 0.31694108 0.24653935
32.25933 34.570107 13.713306 0.29379973 -2.6692e-08 -0.047968857 0.81429666 0.045527905
32.144157 35.886555 13.713306 -0.2102688 1.7784379e-06 -0.03434054 0.3657722 0.09483889
32.25933 35.886555 13.713306 0.29379922 -5.2258824e-09 -0.04796893 0.3657722 0.045527905
23.58873 34.570107 13.713306 0.29379883 -3.3847584e-08 -0.047969 0.88443863 0.028680354
23.58873 35.886555 13.845398 0.21027124 2.791783e-08 0.034340154 0.23433578 0.012996644
23.58873 34.570107 13.845398 0.21026951 7.431633e-09 0.034340438 0.88443875 0.012996644
23.473555 35.886555 13.713303 -0.21026884 1.7783326e-06 -0.03434054 0.8709347 0.029668808
23.473541 34.570107 13.845398 -0.29379722 2.5014315e-06 0.04796926 0.24655381 0.0099131465
23.47355 35.886555 13.845394 -0.29379904 2.530191e-06 0.04796896 0.8709347 0.0099131465
23.58873 35.886555 13.845398 0.21027124 2.791783e-08 0.034340154 0.5669411 0.24653935
23.473541 34.570107 13.845398 -0.29379722 2.5014315e-06 0.04796926 0.31694108 0.49653935
23.58873 34.570107 13.845398 0.21026951 7.431633e-09 0.034340438 0.31694108 0.24653935
23.58873 34.570107 13.713306 0.29379883 -3.3847584e-08 -0.047969 0.81429666 0.045527905
23.473555 35.886555 13.713303 -0.21026884 1.7783326e-06 -0.03434054 0.3657722 0.09483889
23.58873 35.886555 13.713306 0.2937976 -5.2259397e-09 -0.0479692 0.3657722 0.045527905
26.154287 34.570107 13.713306 0.29374844 -2.6687147e-08 -0.047977224 0.88443863 0.028680354
26.154293 35.886555 13.845398 0.21033557 1.7675271e-08 0.03432964 0.23433578 0.012996644
26.154293 34.570107 13.845398 0.21033739 7.4304247e-09 0.034329347 0.88443875 0.012996644
26.03911 35.886555 13.713306 -0.21033676 1.7756522e-06 -0.034329444 0.8709347 0.029668808
26.039106 34.570107 13.845394 -0.29375035 1.2579065e-06 0.04797691 0.24655381 0.0099131465
26.039118 35.886555 13.845394 -0.29375046 2.51518e-06 0.047976896 0.8709347 0.0099131465
26.154293 35.886555 13.845398 0.21033557 1.7675271e-08 0.03432964 0.5669411 0.24653935
26.039106 34.570107 13.845394 -0.29375035 1.2579065e-06 0.04797691 0.31694108 0.49653935
26.154293 34.570107 13.845398 0.21033739 7.4304247e-09 0.034329347 0.31694108 0.24653935
26.154287 34.570107 13.713306 0.29374844 -2.6687147e-08 -0.047977224 0.81429666 0.045527905
26.03911 35.886555 13.713306 -0.21033676 1.7756522e-06 -0.034329444 0.3657722 0.09483889
26.154287 35.886555 13.713306 0.29375064 -5.2275992e-09 -0.047976866 0.3657722 0.045527905
21.128132 34.570107 13.713306 0.2937972 -1.9536644e-08 -0.047969267 0.88443863 0.028680354
21.128128 35.886555 13.845398 0.21026894 1.7674699e-08 0.03434052 0.23433578 0.012996644
21.128128 34.570107 13.845398 0.2102705 7.431615e-09 0.034340274 0.88443875 0.012996644
21.012955 35.886555 13.713306 -0.21026884 1.7785433e-06 -0.03434054 0.8709347 0.029668808
21.01294 34.570107 13.845398 -0.2937997 2.5012585e-06 0.047968853 0.24655381 0.0099131465
21.01295 35.886555 13.845398 -0.29379904 2.515585e-06 0.04796896 0.8709347 0.0099131465
21.128128 35.886555 13.845398 0.21026894 1.7674699e-08 0.03434052 0.5669411 0.24653935
21.01294 34.570107 13.845398 -0.2937997 2.5012585e-06 0.047968853 0.31694108 0.49653935
21.128128 34.570107 13.845398 0.2102705 7.431615e-09 0.034340274 0.31694108 0.24653935
21.128132 34.570107 13.713306 0.2937972 -1.9536644e-08 -0.047969267 0.81429666 0.045527905
21.012955 35.886555 13.713306 -0.21026884 1.7785433e-06 -0.03434054 0.3657722 0.09483889
21.128132 35.886555 13.713306 0.29379922 -5.2258824e-09 -0.04796893 0.3657722 0.045527905
12.732681 34.570107 13.713306 0.29379883 -1.953674e-08 -0.047969 0.88443863 0.028680354
12.732677 35.886555 13.845398 0.21026897 1.7674699e-08 0.03434052 0.23433578 0.012996644
12.732677 34.570107 13.845398 0.21026951 7.431633e-09 0.034340438 0.88443875 0.012996644
12.617508 35.886555 13.713306 -0.21026884 1.7785433e-06 -0.03434054 0.8709347 0.029668808
12.617493 34.570107 13.845394 -0.29379883 2.5012737e-06 0.047969 0.24655381 0.0099131465
12.617504 35.886555 13.845394 -0.29379904 2.515585e-06 0.04796896 0.8709347 0.0099131465
12.732677 35.886555 13.845398 0.21026897 1.7674699e-08 0.03434052 0.5669411 0.24653935
12.617493 34.570107 13.845394 -0.29379883 2.5012737e-06 0.047969 0.31694108 0.49653935
12.732677 34.570107 13.845398 0.21026951 7.431633e-09 0.034340438 0.31694108 0.24653935
12.732681 34.570107 13.713306 0.29379883 -1.953674e-08 -0.047969 0.81429666 0.045527905
12.617508 35.886555 13.713306 -0.21026884 1.7785433e-06 -0.03434054 0.3657722 0.09483889
12.732681 35.886555 13.713306 0.29379922 -5.2258824e-09 -0.04796893 0.3657722 0.045527905
15.298237 34.570107 13.713306 0.29374683 -1.9533893e-08 -0.047977485 0.88443863 0.028680354
15.298244 35.886555 13.845398 0.21033555 1.7675273e-08 0.034329645 0.23433578 0.012996644
15.298244 34.570107 13.845398 0.21033838 7.4304074e-09 0.034329187 0.88443875 0.012996644
15.18306 35.886555 13.713306 -0.21033676 1.7791289e-06 -0.034329444 0.8709347 0.029668808
15.183056 34.570107 13.845398 -0.29375124 2.5008585e-06 0.04797677 0.24655381 0.0099131465
15.183067 35.886555 13.845398 -0.29375046 2.51518e-06 0.047976896 0.8709347 0.0099131465
15.298244 35.886555 13.845398 0.21033555 1.7675273e-08 0.034329645 0.5669411 0.24653935
15.183056 34.570107 13.845398 -0.29375124 2.5008585e-06 0.04797677 0.31694108 0.49653935
15.298244 34.570107 13.845398 0.21033838 7.4304074e-09 0.034329187 0.31694108 0.24653935
15.298237 34.570107 13.713306 0.29374683 -1.9533893e-08 -0.047977485 0.81429666 0.045527905
15.18306 35.886555 13.713306 -0.21033676 1.7791289e-06 -0.034329444 0.3657722 0.09483889
15.298237 35.886555 13.713306 0.29375064 -5.2275992e-09 -0.047976866 0.3657722 0.045527905
10.272083 34.570107 13.713306 0.29379883 -3.3847577e-08 -0.047969 0.88443863 0.028680354
10.272079 35.886555 13.845398 0.2102705 7.431615e-09 0.034340274 0.23433578 0.012996644
10.272079 34.570107 13.845398 0.21026817 2.7916034e-08 0.034340646 0.88443875 0.012996644
10.15691 35.886555 13.713306 -0.21026759 1.7783381e-06 -0.034340747 0.8709347 0.029668808
10.156895 34.570107 13.845398 -0.29379922 2.5300697e-06 0.04796893 0.24655381 0.0099131465
10.156906 35.886555 13.845398 -0.2937971 2.5015506e-06 0.047969278 0.8709347 0.0099131465
10.272079 34.570107 13.845398 0.21026817 2.7916034e-08 0.034340646 0.31694108 0.24653935
10.156906 35.886555 13.845398 -0.2937971 2.5015506e-06 0.047969278 0.5669411 0.49653935
10.156895 34.570107 13.845398 -0.29379922 2.5300697e-06 0.04796893 0.31694108 0.49653935
10.272083 34.570107 13.713306 0.29379883 -3.3847577e-08 -0.047969 0.81429666 0.045527905
10.15691 35.886555 13.713306 -0.21026759 1.7783381e-06 -0.034340747 0.3657722 0.09483889
10.272083 35.886555 13.713306 0.29380012 -5.2258504e-09 -0.047968786 0.3657722 0.045527905
1.7585602 34.570107 13.713306 0.29379973 -1.9536623e-08 -0.047968857 0.88443863 0.028680354
1.7585564 35.886555 13.845398 0.21026897 1.7674699e-08 0.03434052 0.23433578 0.012996644
1.7585564 34.570107 13.845398 0.21026951 7.431633e-09 0.034340438 0.88443875 0.012996644
1.6433792 35.886555 13.713306 -0.2102688 1.7785428e-06 -0.03434054 0.8709347 0.029668808
1.6433678 34.570107 13.845398 -0.29379722 2.5011377e-06 0.04796926 0.24655381 0.0099131465
1.6433792 35.886555 13.845398 -0.29379904 2.515585e-06 0.04796896 0.8709347 0.0099131465
1.7585564 35.886555 13.845398 0.21026897 1.7674699e-08 0.03434052 0.5669411 0.24653935
1.6433678 34.570107 13.845398 -0.29379722 2.5011377e-06 0.04796926 0.31694108 0.49653935
1.7585564 34.570107 13.845398 0.21026951 7.431633e-09 0.034340438 0.31694108 0.24653935
1.7585602 34.570107 13.713306 0.29379973 -1.9536623e-08 -0.047968857 0.81429666 0.045527905
1.6433792 35.886555 13.713306 -0.2102688 1.7785428e-06 -0.03434054 0.3657722 0.09483889
1.7585602 35.886555 13.713306 0.29379922 -5.2258824e-09 -0.04796893 0.3657722 0.045527905
4.3241158 34.570107 13.713306 0.29374683 -1.9533893e-08 -0.047977485 0.88443863 0.028680354
4.3241234 35.886555 13.845394 0.2103356 1.7675271e-08 0.034329638 0.23433578 0.012996644
4.3241234 34.570107 13.845394 0.21033965 7.4303843e-09 0.034328975 0.88443875 0.012996644
4.2089386 35.886555 13.713306 -0.21033901 1.7790607e-06 -0.034329083 0.8709347 0.029668808
4.208935 34.570107 13.845398 -0.29375032 2.500873e-06 0.04797692 0.24655381 0.0099131465
4.2089424 35.886555 13.845394 -0.29374883 2.5150437e-06 0.047977157 0.8709347 0.0099131465
4.3241234 35.886555 13.845394 0.2103356 1.7675271e-08 0.034329638 0.5669411 0.24653935
4.208935 34.570107 13.845398 -0.29375032 2.500873e-06 0.04797692 0.31694108 0.49653935
4.3241234 34.570107 13.845394 0.21033965 7.4303843e-09 0.034328975 0.31694108 0.24653935
4.3241158 34.570107 13.713306 0.29374683 -1.9533893e-08 -0.047977485 0.81429666 0.045527905
4.2089386 35.886555 13.713306 -0.21033901 1.7790607e-06 -0.034329083 0.3657722 0.09483889
4.3241158 35.886555 13.713306 0.29375064 -5.2275992e-09 -0.047976866 0.3657722 0.045527905
-0.702034 34.570107 13.713306 0.29379883 -1.953674e-08 -0.047969 0.88443863 0.028680354
-0.7020378 35.886555 13.845398 0.21027124 1.7674715e-08 0.034340154 0.23433578 0.012996644
-0.7020378 34.570107 13.845398 0.21026951 7.431633e-09 0.034340438 0.88443875 0.012996644
-0.81721497 35.886555 13.713306 -0.21027109 1.778475e-06 -0.03434017 0.8709347 0.029668808
-0.8172264 34.570107 13.845398 -0.29379883 2.501273e-06 0.047969 0.24655381 0.0099131465
-0.8172188 35.886555 13.845398 -0.29379743 2.5154486e-06 0.047969226 0.8709347 0.0099131465
-0.7020378 35.886555 13.845398 0.21027124 1.7674715e-08 0.034340154 0.5669411 0.24653935
-0.8172264 34.570107 13.845398 -0.29379883 2.501273e-06 0.047969 0.31694108 0.49653935
-0.7020378 34.570107 13.845398 0.21026951 7.431633e-09 0.034340438 0.31694108 0.24653935
-0.702034 34.570107 13.713306 0.29379883 -1.953674e-08 -0.047969 0.81429666 0.045527905
-0.81721497 35.886555 13.713306 -0.21027109 1.778475e-06 -0.03434017 0.3657722 0.09483889
-0.702034 35.886555 13.713306 0.2937976 -5.2259397e-09 -0.0479692 0.3657722 0.045527905
-8.572086 34.570107 13.713306 0.29379883 -5.225897e-09 -0.047969 0.88443863 0.028680354
-8.57209 35.886555 13.845398 0.21026897 2.7917757e-08 0.03434052 0.23433578 0.012996644
-8.57209 34.570107 13.845398 0.21026951 7.431633e-09 0.034340438 0.88443875 0.012996644
-8.687267 35.886555 13.713306 -0.21026884 1.7787535e-06 -0.03434054 0.8709347 0.029668808
-8.687279 34.570107 13.845398 -0.29379883 2.5015675e-06 0.047969 0.24655381 0.0099131465
-8.687271 35.886555 13.845398 -0.29379904 2.530191e-06 0.04796896 0.8709347 0.0099131465
-8.57209 35.886555 13.845398 0.21026897 2.7917757e-08 0.03434052 0.5669411 0.24653935
-8.687279 34.570107 13.845398 -0.29379883 2.5015675e-06 0.047969 0.31694108 0.49653935
-8.57209 34.570107 13.845398 0.21026951 7.431633e-09 0.034340438 0.31694108 0.24653935
-8.572086 34.570107 13.713306 0.29379883 -5.225897e-09 -0.047969 0.81429666 0.045527905
-8.687267 35.886555 13.713306 -0.21026884 1.7787535e-06 -0.03434054 0.3657722 0.09483889
-8.572086 35.886555 13.713306 0.29379922 -5.2258824e-09 -0.04796893 0.3657722 0.045527905
-6.0065346 34.570107 13.713306 0.29374844 -3.3840298e-08 -0.047977217 0.88443863 0.028680354
-6.006527 35.886555 13.845398 0.21033557 2.7920084e-08 0.03432964 0.23433578 0.012996644
-6.006527 34.570107 13.845398 0.21033739 7.4304247e-09 0.034329347 0.88443875 0.012996644
-6.1217117 35.886555 13.713306 -0.21033552 1.7789241e-06 -0.034329653 0.8709347 0.029668808
-6.1217117 34.570107 13.845394 -0.2937487 2.5010315e-06 0.04797718 0.24655381 0.0099131465
-6.121704 35.886555 13.845394 -0.29375046 2.5297813e-06 0.047976896 0.8709347 0.0099131465
-6.006527 35.886555 13.845398 0.21033557 2.7920084e-08 0.03432964 0.5669411 0.24653935
-6.1217117 34.570107 13.845394 -0.2937487 2.5010315e-06 0.04797718 0.31694108 0.49653935
-6.006527 34.570107 13.845398 0.21033739 7.4304247e-09 0.034329347 0.31694108 0.24653935
-6.0065346 34.570107 13.713306 0.29374844 -3.3840298e-08 -0.047977217 0.81429666 0.045527905
-6.1217117 35.886555 13.713306 -0.21033552 1.7789241e-06 -0.034329653 0.3657722 0.09483889
-6.0065346 35.886555 13.713306 0.29375154 -5.2275673e-09 -0.04797672 0.3657722 0.045527905
-11.0326805 34.570107 13.71331 0.29379973 -3.3847382e-08 -0.047968857 0.88443863 0.028680354
-11.0326805 35.886555 13.845398 0.21026897 2.7917757e-08 0.03434052 0.23433578 0.012996644
-11.0326805 34.570107 13.845398 0.21026951 7.431633e-09 0.034340438 0.88443875 0.012996644
-11.147854 35.886555 13.713306 -0.2102688 -1.1109274e-09 -0.03434054 0.8709347 0.029668808
-11.147869 34.570107 13.845398 -0.29379722 2.492012e-06 0.04796926 0.24655381 0.0099131465
-11.147854 35.886555 13.845398 -0.29379904 3.4437626e-08 0.04796896 0.8709347 0.0099131465
-11.0326805 35.886555 13.845398 0.21026897 2.7917757e-08 0.03434052 0.5669411 0.24653935
-11.147869 34.570107 13.845398 -0.29379722 2.492012e-06 0.04796926 0.31694108 0.49653935
-11.0326805 34.570107 13.845398 0.21026951 7.431633e-09 0.034340438 0.31694108 0.24653935
-11.0326805 34.570107 13.71331 0.29379973 -3.3847382e-08 -0.047968857 0.81429666 0.045527905
-11.147854 35.886555 13.713306 -0.2102688 -1.1109274e-09 -0.03434054 0.3657722 0.09483889
-11.0326805 35.886555 13.713306 0.29379922 -5.2258824e-09 -0.04796893 0.3657722 0.045527905
-19.56757 34.570107 13.713306 0.29379883 -3.3847584e-08 -0.047969 0.88443863 0.028680354
-19.567577 35.886555 13.845398 0.21026897 2.7917757e-08 0.03434052 0.23433578 0.012996644
-19.567577 34.570107 13.845398 0.21026951 7.431633e-09 0.034340438 0.88443875 0.012996644
-19.68275 35.886555 13.713306 -0.21026884 1.778333e-06 -0.03434054 0.8709347 0.029668808
-19.682766 34.570107 13.845398 -0.29379883 2.5015675e-06 0.047969 0.24655381 0.0099131465
-19.682758 35.886555 13.845398 -0.29379904 2.530191e-06 0.04796896 0.8709347 0.0099131465
-19.567577 35.886555 13.845398 0.21026897 2.7917757e-08 0.03434052 0.5669411 0.24653935
-19.682766 34.570107 13.845398 -0.29379883 2.5015675e-06 0.047969 0.31694108 0.49653935
-19.567577 34.570107 13.845398 0.21026951 7.431633e-09 0.034340438 0.31694108 0.24653935
-19.56757 34.570107 13.713306 0.29379883 -3.3847584e-08 -0.047969 0.81429666 0.045527905
-19.68275 35.886555 13.713306 -0.21026884 1.778333e-06 -0.03434054 0.3657722 0.09483889
-19.56757 35.886555 13.713306 0.29379922 -5.2258824e-09 -0.04796893 0.3657722 0.045527905
-17.002018 34.570107 13.713306 0.29374933 -5.2276445e-09 -0.047977075 0.88443863 0.028680354
-17.00201 35.886555 13.845398 0.21033706 7.430431e-09 0.034329403 0.23433578 0.012996644
-17.00201 34.570107 13.845398 0.21033604 7.4304483e-09 0.034329563 0.88443875 0.012996644
-17.117199 35.886555 13.713303 -0.21033676 1.7793393e-06 -0.03432945 0.8709347 0.029668808
-17.117199 34.570107 13.845398 -0.29375076 2.5004615e-06 0.047976848 0.24655381 0.0099131465
-17.117191 35.886555 13.845394 -0.29374853 2.500563e-06 0.04797721 0.8709347 0.0099131465
-17.00201 34.570107 13.845398 0.21033604 7.4304483e-09 0.034329563 0.31694108 0.24653935
-17.117191 35.886555 13.845394 -0.29374853 2.500563e-06 0.04797721 0.5669411 0.49653935
-17.117199 34.570107 13.845398 -0.29375076 2.5004615e-06 0.047976848 0.31694108 0.49653935
-17.002018 34.570107 13.713306 0.29374933 -5.2276445e-09 -0.047977075 0.81429666 0.045527905
-17.117199 35.886555 13.713303 -0.21033676 1.7793393e-06 -0.03432945 0.3657722 0.09483889
-17.002018 35.886555 13.713306 0.29375064 -5.2275992e-09 -0.047976866 0.3657722 0.045527905
-22.028164 34.570107 13.713306 0.29379973 -5.225865e-09 -0.047968857 0.88443863 0.028680354
-22.028172 35.886555 13.845398 0.2102705 7.431615e-09 0.034340274 0.23433578 0.012996644
-22.028172 34.570107 13.845398 0.21026817 2.7916034e-08 0.034340646 0.88443875 0.012996644
-22.143345 35.886555 13.845398 -0.2937951 1.5200921e-08 0.047969602 0.8709347 0.0099131465
-22.143353 34.570107 13.71331 -0.21026823 1.7720445e-06 -0.034340635 0.24655381 0.029668808
-22.14336 34.570107 13.845398 -0.29379934 2.5301931e-06 0.047968917 0.24655381 0.0099131465
-22.028172 34.570107 13.845398 0.21026817 2.7916034e-08 0.034340646 0.31694108 0.24653935
-22.143345 35.886555 13.845398 -0.2937951 1.5200921e-08 0.047969602 0.5669411 0.49653935
-22.14336 34.570107 13.845398 -0.29379934 2.5301931e-06 0.047968917 0.31694108 0.49653935
-22.028164 34.570107 13.713306 0.29379973 -5.225865e-09 -0.047968857 0.81429666 0.045527905
-22.143345 35.886555 13.713306 -0.21027 -7.4316233e-09 -0.034340348 0.3657722 0.09483889
-22.028164 35.886555 13.713306 0.29379922 -5.2258824e-09 -0.04796893 0.3657722 0.045527905
-30.170132 34.570107 13.713306 0.29379883 -5.225897e-09 -0.047969 0.88443863 0.028680354
-30.170132 35.886555 13.845398 0.21027124 2.791783e-08 0.034340154 0.23433578 0.012996644
-30.170132 34.570107 13.845398 0.21026951 7.431633e-09 0.034340438 0.88443875 0.012996644
-30.285313 35.886555 13.845398 -0.29379869 2.5301874e-06 0.047969025 0.8709347 0.0099131465
-30.28532 34.570107 13.713306 -0.21027178 1.7786897e-06 -0.03434006 0.24655381 0.029668808
-30.28532 34.570107 13.845398 -0.2937957 2.5014178e-06 0.04796951 0.24655381 0.0099131465
-30.170132 35.886555 13.845398 0.21027124 2.791783e-08 0.034340154 0.5669411 0.24653935
-30.28532 34.570107 13.845398 -0.2937957 2.5014178e-06 0.04796951 0.31694108 0.49653935
-30.170132 34.570107 13.845398 0.21026951 7.431633e-09 0.034340438 0.31694108 0.24653935
-30.170132 34.570107 13.713306 0.29379883 -5.225897e-09 -0.047969 0.81429666 0.045527905
-30.285305 35.886555 13.713306 -0.21026778 1.7787444e-06 -0.034340713 0.3657722 0.09483889
-30.170132 35.886555 13.713306 0.2937976 -5.2259397e-09 -0.0479692 0.3657722 0.045527905
-27.604572 34.570107 13.713306 0.29374844 -5.227677e-09 -0.047977224 0.88443863 0.028680354
-27.604572 35.886555 13.845398 0.21033557 7.4304567e-09 0.03432964 0.23433578 0.012996644
-27.604572 34.570107 13.845398 0.21033739 7.4304247e-09 0.034329347 0.88443875 0.012996644
-27.719753 35.886555 13.713306 -0.21033676 1.7793392e-06 -0.034329444 0.8709347 0.029668808
-27.71976 34.570107 13.845398 -0.29375035 2.5005797e-06 0.04797691 0.24655381 0.0099131465
-27.719746 35.886555 13.845394 -0.29375046 2.500579e-06 0.047976896 0.8709347 0.0099131465
-27.604572 35.886555 13.845398 0.21033557 7.4304567e-09 0.03432964 0.5669411 0.24653935
-27.71976 34.570107 13.845398 -0.29375035 2.5005797e-06 0.04797691 0.31694108 0.49653935
-27.604572 34.570107 13.845398 0.21033739 7.4304247e-09 0.034329347 0.31694108 0.24653935
-27.604572 34.570107 13.713306 0.29374844 -5.227677e-09 -0.047977224 0.81429666 0.045527905
-27.719753 35.886555 13.713306 -0.21033676 1.7793392e-06 -0.034329444 0.3657722 0.09483889
-27.604572 35.886555 13.713306 0.29375064 -5.2275992e-09 -0.047976866 0.3657722 0.045527905
-32.63072 34.570107 13.71331 0.29379883 -3.3847584e-08 -0.047969 0.88443863 0.028680354
-32.630726 35.886555 13.845398 0.21026897 2.7917757e-08 0.03434052 0.23433578 0.012996644
-32.630726 34.570107 13.845402 0.21026951 7.431633e-09 0.034340438 0.88443875 0.012996644
-32.7459 35.886555 13.713306 -0.21026884 1.778333e-06 -0.03434054 0.8709347 0.029668808
-32.745907 34.570107 13.845398 -0.29379883 2.5015675e-06 0.047969 0.24655381 0.0099131465
-32.7459 35.886555 13.845398 -0.29379904 2.530191e-06 0.04796896 0.8709347 0.0099131465
-32.630726 35.886555 13.845398 0.21026897 2.7917757e-08 0.03434052 0.5669411 0.24653935
-32.745907 34.570107 13.845398 -0.29379883 2.5015675e-06 0.047969 0.31694108 0.49653935
-32.630726 34.570107 13.845402 0.21026951 7.431633e-09 0.034340438 0.31694108 0.24653935
-32.63072 34.570107 13.71331 0.29379883 -3.3847584e-08 -0.047969 0.81429666 0.045527905
-32.7459 35.886555 13.713306 -0.21026884 1.778333e-06 -0.03434054 0.3657722 0.09483889
-32.63072 35.886555 13.71331 0.29379922 -5.2258824e-09 -0.04796893 0.3657722 0.045527905
-41.091373 34.570107 13.713306 0.2937972 -5.225954e-09 -0.047969267 0.88443863 0.028680354
-41.09138 35.886555 13.845398 0.21026897 4.840387e-08 0.034340516 0.23433578 0.012996644
-41.09138 34.570107 13.845398 0.21027178 7.4315922e-09 0.034340065 0.88443875 0.012996644
-41.206554 35.886555 13.713306 -0.21027109 -7.4316038e-09 -0.03434017 0.8709347 0.029668808
-41.20657 34.570107 13.845398 -0.29379883 6.4008288e-09 0.047969 0.24655381 0.0099131465
-41.206554 35.886555 13.845398 -0.29379743 6.364879e-08 0.047969226 0.8709347 0.0099131465
-41.09138 35.886555 13.845398 0.21026897 4.840387e-08 0.034340516 0.5669411 0.24653935
-41.20657 34.570107 13.845398 -0.29379883 6.4008288e-09 0.047969 0.31694108 0.49653935
-41.09138 34.570107 13.845398 0.21027178 7.4315922e-09 0.034340065 0.31694108 0.24653935
-41.091373 34.570107 13.713306 0.2937972 -5.225954e-09 -0.047969267 0.81429666 0.045527905
-41.206554 35.886555 13.713306 -0.21027109 -7.4316038e-09 -0.03434017 0.3657722 0.09483889
-41.091373 35.886555 13.713306 0.29379922 -5.2258824e-09 -0.04796893 0.3657722 0.045527905
-38.52582 34.570107 13.713306 0.29374844 -5.227677e-09 -0.047977224 0.88443863 0.028680354
-38.525814 35.886555 13.845398 0.21033557 7.4304567e-09 0.03432964 0.23433578 0.012996644
-38.525814 34.570107 13.845398 0.21033739 7.4304247e-09 0.034329347 0.88443875 0.012996644
-38.641003 35.886555 13.713303 -0.21033676 3.5526218e-06 -0.034329444 0.8709347 0.029668808
-38.641003 34.570107 13.845398 -0.29375035 2.4063578e-08 0.04797691 0.24655381 0.0099131465
-38.640995 35.886555 13.845394 -0.29375046 4.995931e-06 0.047976896 0.8709347 0.0099131465
-38.525814 35.886555 13.845398 0.21033557 7.4304567e-09 0.03432964 0.5669411 0.24653935
-38.641003 34.570107 13.845398 -0.29375035 2.4063578e-08 0.04797691 0.31694108 0.49653935
-38.525814 34.570107 13.845398 0.21033739 7.4304247e-09 0.034329347 0.31694108 0.24653935
-38.52582 34.570107 13.713306 0.29374844 -5.227677e-09 -0.047977224 0.81429666 0.045527905
-38.641003 35.886555 13.713303 -0.21033676 3.5526218e-06 -0.034329444 0.3657722 0.09483889
-38.52582 35.886555 13.713306 0.29375064 -5.2275992e-09 -0.047976866 0.3657722 0.045527905
-43.551968 34.570107 13.713306 0.29379883 -3.3847584e-08 -0.047969 0.88443863 0.028680354
-43.551975 35.886555 13.845398 0.21026897 7.4316415e-09 0.03434052 0.23433578 0.012996644
-43.551975 34.570107 13.845398 0.21026951 7.431633e-09 0.034340438 0.88443875 0.012996644
-43.66715 35.886555 13.713306 -0.21026884 5.630809e-09 -0.03434054 0.8709347 0.029668808
-43.667164 34.570107 13.845398 -0.29379883 4.977895e-06 0.047969 0.24655381 0.0099131465
-43.66715 35.886555 13.845398 -0.29379904 5.2258886e-09 0.04796896 0.8709347 0.0099131465
-43.551975 35.886555 13.845398 0.21026897 7.4316415e-09 0.03434052 0.5669411 0.24653935
-43.667164 34.570107 13.845398 -0.29379883 4.977895e-06 0.047969 0.31694108 0.49653935
-43.551975 34.570107 13.845398 0.21026951 7.431633e-09 0.034340438 0.31694108 0.24653935
-43.551968 34.570107 13.713306 0.29379883 -3.3847584e-08 -0.047969 0.81429666 0.045527905
-43.66715 35.886555 13.713306 -0.21026884 5.630809e-09 -0.03434054 0.3657722 0.09483889
-43.551968 35.886555 13.713306 0.29379922 -5.2258824e-09 -0.04796893 0.3657722 0.045527905
-51.936184 34.570107 13.713306 0.29379883 -3.3847584e-08 -0.047969 0.88443863 0.028680354
-51.936184 35.886555 13.845398 0.2102705 7.431615e-09 0.034340274 0.23433578 0.012996644
-51.936184 34.570107 13.845398 0.21026817 7.4316557e-09 0.034340646 0.88443875 0.012996644
-52.051357 35.886555 13.713306 -0.21026884 3.564518e-06 -0.03434054 0.8709347 0.029668808
-52.051373 34.570107 13.845398 -0.29380086 4.9967684e-06 0.04796867 0.24655381 0.0099131465
-52.051365 35.886555 13.845398 -0.2937971 4.9967e-06 0.047969278 0.8709347 0.0099131465
-51.936184 34.570107 13.845398 0.21026817 7.4316557e-09 0.034340646 0.31694108 0.24653935
-52.051365 35.886555 13.845398 -0.2937971 4.9967e-06 0.047969278 0.5669411 0.49653935
-52.051373 34.570107 13.845398 -0.29380086 4.9967684e-06 0.04796867 0.31694108 0.49653935
-51.936184 34.570107 13.713306 0.29379883 -3.3847584e-08 -0.047969 0.81429666 0.045527905
-52.051357 35.886555 13.713306 -0.21026884 3.564518e-06 -0.03434054 0.3657722 0.09483889
-51.936184 35.886555 13.713306 0.29379922 -5.2258824e-09 -0.04796893 0.3657722 0.045527905
-49.370632 34.570107 13.713306 0.29374844 -3.3840298e-08 -0.047977217 0.88443863 0.028680354
-49.370625 35.886555 13.845394 0.21033706 7.430431e-09 0.034329403 0.23433578 0.012996644
-49.370625 34.570107 13.845394 0.21033604 2.7918212e-08 0.034329563 0.88443875 0.012996644
-49.485806 35.886555 13.713303 -0.21033552 5.6357807e-09 -0.034329653 0.8709347 0.029668808
-49.485813 34.570107 13.845394 -0.29375076 5.006059e-06 0.047976848 0.24655381 0.0099131465
-49.485798 35.886555 13.845394 -0.29374853 5.814932e-09 0.04797721 0.8709347 0.0099131465
-49.370625 34.570107 13.845394 0.21033604 2.7918212e-08 0.034329563 0.31694108 0.24653935
-49.485798 35.886555 13.845394 -0.29374853 5.814932e-09 0.04797721 0.5669411 0.49653935
-49.485813 34.570107 13.845394 -0.29375076 5.006059e-06 0.047976848 0.31694108 0.49653935
-49.370632 34.570107 13.713306 0.29374844 -3.3840298e-08 -0.047977217 0.81429666 0.045527905
-49.485806 35.886555 13.713303 -0.21033552 5.6357807e-09 -0.034329653 0.3657722 0.09483889
-49.370632 35.886555 13.713303 0.29375154 -5.2275673e-09 -0.04797672 0.3657722 0.045527905
-54.39678 34.570107 13.713306 0.29379973 -5.225865e-09 -0.047968857 0.88443863 0.028680354
-54.39678 35.886555 13.845398 0.2102705 7.431615e-09 0.034340274 0.23433578 0.012996644
-54.39678 34.570107 13.845398 0.21026817 4.8400413e-08 0.034340646 0.88443875 0.012996644
-54.51195 35.886555 13.845394 -0.2937951 6.400912e-09 0.047969602 0.8709347 0.0099131465
-54.511967 34.570107 13.713306 -0.21026823 -7.4316544e-09 -0.034340635 0.24655381 0.029668808
-54.511967 34.570107 13.845398 -0.29379934 6.364391e-08 0.047968917 0.24655381 0.0099131465
-54.39678 34.570107 13.845398 0.21026817 4.8400413e-08 0.034340646 0.31694108 0.24653935
-54.51195 35.886555 13.845394 -0.2937951 6.400912e-09 0.047969602 0.5669411 0.49653935
-54.511967 34.570107 13.845398 -0.29379934 6.364391e-08 0.047968917 0.31694108 0.49653935
-54.39678 34.570107 13.713306 0.29379973 -5.225865e-09 -0.047968857 0.81429666 0.045527905
-54.51195 35.886555 13.713303 -0.21027 -7.4316233e-09 -0.034340348 0.3657722 0.09483889
-54.39678 35.886555 13.713306 0.29379922 -5.2258824e-09 -0.04796893 0.3657722 0.045527905
-63.620846 34.570107 13.713306 0.29379845 -5.2259086e-09 -0.047969054 0.88443863 0.028680354
-63.620853 35.886555 13.845398 0.21026894 2.7917757e-08 0.03434052 0.23433578 0.012996644
-63.620853 34.570107 13.845398 0.21027 7.4316238e-09 0.03434035 0.88443875 0.012996644
-63.73602 35.886555 13.713303 -0.21026881 -7.431644e-09 -0.03434054 0.8709347 0.029668808
-63.736034 34.570107 13.845398 -0.2937985 5.8133693e-09 0.04796906 0.24655381 0.0099131465
-63.73602 35.886555 13.845398 -0.29379904 3.4437626e-08 0.04796896 0.8709347 0.0099131465
-63.620853 35.886555 13.845398 0.21026894 2.7917757e-08 0.03434052 0.5669411 0.24653935
-63.736034 34.570107 13.845398 -0.2937985 5.8133693e-09 0.04796906 0.31694108 0.49653935
-63.620853 34.570107 13.845398 0.21027 7.4316238e-09 0.03434035 0.31694108 0.24653935
-63.620846 34.570107 13.713306 0.29379845 -5.2259086e-09 -0.047969054 0.81429666 0.045527905
-63.73602 35.886555 13.713303 -0.21026881 -7.431644e-09 -0.03434054 0.3657722 0.09483889
-63.620846 35.886555 13.713306 0.29379922 -5.2258824e-09 -0.04796893 0.3657722 0.045527905
-61.055286 34.570107 13.713306 0.29374844 -5.2276765e-09 -0.047977224 0.88443863 0.028680354
-61.05528 35.886555 13.845394 0.2103367 7.4304367e-09 0.034329455 0.23433578 0.012996644
-61.05528 34.570107 13.845394 0.21033739 7.4304247e-09 0.034329347 0.88443875 0.012996644
-61.170467 35.886555 13.713303 -0.21033679 3.552622e-06 -0.034329444 0.8709347 0.029668808
-61.170467 34.570107 13.845398 -0.2937495 2.4063503e-08 0.047977045 0.24655381 0.0099131465
-61.17046 35.886555 13.845394 -0.29375046 4.995931e-06 0.047976896 0.8709347 0.0099131465
-61.05528 35.886555 13.845394 0.2103367 7.4304367e-09 0.034329455 0.5669411 0.24653935
-61.170467 34.570107 13.845398 -0.2937495 2.4063503e-08 0.047977045 0.31694108 0.49653935
-61.05528 34.570107 13.845394 0.21033739 7.4304247e-09 0.034329347 0.31694108 0.24653935
-61.055286 34.570107 13.713306 0.29374844 -5.2276765e-09 -0.047977224 0.81429666 0.045527905
-61.170467 35.886555 13.713303 -0.21033679 3.552622e-06 -0.034329444 0.3657722 0.09483889
-61.055286 35.886555 13.713306 0.29374987 -5.2276277e-09 -0.047977 0.3657722 0.045527905
-66.081436 34.570107 13.713306 0.29379883 -6.246927e-08 -0.047969 0.88443863 0.028680354
-66.081436 35.886555 13.845398 0.2102701 7.431622e-09 0.034340337 0.23433578 0.012996644
-66.081436 34.570107 13.845398 0.21026951 7.431633e-09 0.034340438 0.88443875 0.012996644
-66.19661 35.886555 13.713306 -0.21026997 3.5640296e-06 -0.034340356 0.8709347 0.029668808
-66.196625 34.570107 13.845398 -0.29379883 4.996733e-06 0.047969 0.24655381 0.0099131465
-66.19661 35.886555 13.845398 -0.29379824 4.9965965e-06 0.047969095 0.8709347 0.0099131465
-66.081436 35.886555 13.845398 0.2102701 7.431622e-09 0.034340337 0.5669411 0.24653935
-66.196625 34.570107 13.845398 -0.29379883 4.996733e-06 0.047969 0.31694108 0.49653935
-66.081436 34.570107 13.845398 0.21026951 7.431633e-09 0.034340438 0.31694108 0.24653935
-66.081436 34.570107 13.713306 0.29379883 -6.246927e-08 -0.047969 0.81429666 0.045527905
-66.19661 35.886555 13.713306 -0.21026997 3.5640296e-06 -0.034340356 0.3657722 0.09483889
-66.081436 35.886555 13.713306 0.29379845 -5.225911e-09 -0.047969066 0.3657722 0.045527905
-63.43211 34.570107 -13.600093 0.29379857 -5.2259055e-09 -0.047969036 0.88443863 0.028680354
-63.43211 35.886555 -13.468002 0.21026944 2.7917814e-08 0.03434044 0.23433578 0.012996644
-63.43211 34.570107 -13.468002 0.21026987 7.4316255e-09 0.03434037 0.88443875 0.012996644
-63.547283 35.886555 -13.600094 -0.21026924 -7.431637e-09 -0.03434048 0.8709347 0.029668808
-63.5473 34.570107 -13.468002 -0.29379877 5.8133285e-09 0.047969006 0.24655381 0.0099131465
-63.54729 35.886555 -13.468002 -0.29379877 3.4437583e-08 0.047969013 0.8709347 0.0099131465
-63.43211 35.886555 -13.468002 0.21026944 2.7917814e-08 0.03434044 0.5669411 0.24653935
-63.5473 34.570107 -13.468002 -0.29379877 5.8133285e-09 0.047969006 0.31694108 0.49653935
-63.43211 34.570107 -13.468002 0.21026987 7.4316255e-09 0.03434037 0.31694108 0.24653935
-63.43211 34.570107 -13.600093 0.29379857 -5.2259055e-09 -0.047969036 0.81429666 0.045527905
-63.547283 35.886555 -13.600094 -0.21026924 -7.431637e-09 -0.03434048 0.3657722 0.09483889
-63.43211 35.886555 -13.600094 0.29379898 -5.2258913e-09 -0.047968976 0.3657722 0.045527905
-60.866558 34.570107 -13.600094 0.2937482 -5.227686e-09 -0.04797727 0.88443863 0.028680354
-60.86655 35.886555 -13.468004 0.2103361 7.4304474e-09 0.034329556 0.23433578 0.012996644
-60.86655 34.570107 -13.468004 0.21033773 7.4304185e-09 0.034329288 0.88443875 0.012996644
-60.98173 35.886555 -13.600096 -0.21033719 3.5525952e-06 -0.034329373 0.8709347 0.029668808
-60.98174 34.570107 -13.468004 -0.29375026 2.4063372e-08 0.047976933 0.24655381 0.0099131465
-60.981724 35.886555 -13.468005 -0.29375017 4.995871e-06 0.04797695 0.8709347 0.0099131465
-60.86655 35.886555 -13.468004 0.2103361 7.4304474e-09 0.034329556 0.5669411 0.24653935
-60.98174 34.570107 -13.468004 -0.29375026 2.4063372e-08 0.047976933 0.31694108 0.49653935
-60.86655 34.570107 -13.468004 0.21033773 7.4304185e-09 0.034329288 0.31694108 0.24653935
-60.866558 34.570107 -13.600094 0.2937482 -5.227686e-09 -0.04797727 0.81429666 0.045527905
-60.98173 35.886555 -13.600096 -0.21033719 3.5525952e-06 -0.034329373 0.3657722 0.09483889
-60.866558 35.886555 -13.600095 0.29375035 -5.22761e-09 -0.04797691 0.3657722 0.045527905
-65.8927 34.570107 -13.600092 0.29379857 -3.384755e-08 -0.047969036 0.88443863 0.028680354
-65.8927 35.886555 -13.468002 0.21027085 7.4316087e-09 0.03434021 0.23433578 0.012996644
-65.8927 34.570107 -13.468001 0.21026851 7.4316495e-09 0.03434059 0.88443875 0.012996644
-66.00787 35.886555 -13.600094 -0.21026924 3.5644919e-06 -0.03434048 0.8709347 0.029668808
-66.00789 34.570107 -13.468002 -0.2938006 4.9967084e-06 0.047968708 0.24655381 0.0099131465
-66.00789 35.886555 -13.468002 -0.29379684 4.996642e-06 0.047969326 0.8709347 0.0099131465
-65.8927 34.570107 -13.468001 0.21026851 7.4316495e-09 0.03434059 0.31694108 0.24653935
-66.00789 35.886555 -13.468002 -0.29379684 4.996642e-06 0.047969326 0.5669411 0.49653935
-66.00789 34.570107 -13.468002 -0.2938006 4.9967084e-06 0.047968708 0.31694108 0.49653935
-65.8927 34.570107 -13.600092 0.29379857 -3.384755e-08 -0.047969036 0.81429666 0.045527905
-66.00787 35.886555 -13.600094 -0.21026924 3.5644919e-06 -0.03434048 0.3657722 0.09483889
-65.8927 35.886555 -13.600093 0.29379895 -5.225892e-09 -0.047968976 0.3657722 0.045527905
-51.429287 34.570107 -13.600093 0.29379857 -3.384755e-08 -0.047969043 0.88443863 0.028680354
-51.429295 35.886555 -13.468002 0.21026947 7.4316335e-09 0.03434044 0.23433578 0.012996644
-51.429295 34.570107 -13.468002 0.2102699 7.4316255e-09 0.034340367 0.88443875 0.012996644
-51.544468 35.886555 -13.600094 -0.21026924 3.5644919e-06 -0.03434048 0.8709347 0.029668808
-51.544483 34.570107 -13.468002 -0.29379877 4.9966793e-06 0.047969006 0.24655381 0.0099131465
-51.544468 35.886555 -13.468003 -0.29379874 4.996674e-06 0.04796901 0.8709347 0.0099131465
-51.429295 35.886555 -13.468002 0.21026947 7.4316335e-09 0.03434044 0.5669411 0.24653935
-51.544483 34.570107 -13.468002 -0.29379877 4.9966793e-06 0.047969006 0.31694108 0.49653935
-51.429295 34.570107 -13.468002 0.2102699 7.4316255e-09 0.034340367 0.31694108 0.24653935
-51.429287 34.570107 -13.600093 0.29379857 -3.384755e-08 -0.047969043 0.81429666 0.045527905
-51.544468 35.886555 -13.600094 -0.21026924 3.5644919e-06 -0.03434048 0.3657722 0.09483889
-51.429287 35.886555 -13.600094 0.29379898 -5.2258913e-09 -0.047968976 0.3657722 0.045527905
-48.863735 34.570107 -13.600095 0.29374823 -3.3840266e-08 -0.04797726 0.88443863 0.028680354
-48.863728 35.886555 -13.468004 0.21033609 2.792014e-08 0.034329556 0.23433578 0.012996644
-48.863728 34.570107 -13.468004 0.21033776 7.4304185e-09 0.034329288 0.88443875 0.012996644
-48.978916 35.886555 -13.600096 -0.21033722 5.6362635e-09 -0.034329373 0.8709347 0.029668808
-48.978916 34.570107 -13.468004 -0.2937503 4.9776295e-06 0.04797693 0.24655381 0.0099131465
-48.97891 35.886555 -13.468005 -0.29375014 3.4429878e-08 0.047976956 0.8709347 0.0099131465
-48.863728 35.886555 -13.468004 0.21033609 2.792014e-08 0.034329556 0.5669411 0.24653935
-48.978916 34.570107 -13.468004 -0.2937503 4.9776295e-06 0.04797693 0.31694108 0.49653935
-48.863728 34.570107 -13.468004 0.21033776 7.4304185e-09 0.034329288 0.31694108 0.24653935
-48.863735 34.570107 -13.600095 0.29374823 -3.3840266e-08 -0.04797726 0.81429666 0.045527905
-48.978916 35.886555 -13.600096 -0.21033722 5.6362635e-09 -0.034329373 0.3657722 0.09483889
-48.863735 35.886555 -13.600096 0.29375038 -5.22761e-09 -0.047976915 0.3657722 0.045527905
-53.88988 34.570107 -13.600092 0.29379854 -5.225907e-09 -0.047969043 0.88443863 0.028680354
-53.88989 35.886555 -13.468002 0.21026942 2.7917814e-08 0.03434044 0.23433578 0.012996644
-53.88989 34.570107 -13.468002 0.2102699 7.4316255e-09 0.034340367 0.88443875 0.012996644
-54.005054 35.886555 -13.468003 -0.29379845 3.4437633e-08 0.047969062 0.8709347 0.0099131465
-54.00507 34.570107 -13.600093 -0.2102699 -7.4316255e-09 -0.034340367 0.24655381 0.029668808
-54.00507 34.570107 -13.468002 -0.29379722 5.8133858e-09 0.04796926 0.24655381 0.0099131465
-53.88989 35.886555 -13.468002 0.21026942 2.7917814e-08 0.03434044 0.5669411 0.24653935
-54.00507 34.570107 -13.468002 -0.29379722 5.8133858e-09 0.04796926 0.31694108 0.49653935
-53.88989 34.570107 -13.468002 0.2102699 7.4316255e-09 0.034340367 0.31694108 0.24653935
-53.88988 34.570107 -13.600092 0.29379854 -5.225907e-09 -0.047969043 0.81429666 0.045527905
-54.005062 35.886555 -13.600094 -0.21026812 -7.431657e-09 -0.03434066 0.3657722 0.09483889
-53.88988 35.886555 -13.600093 0.29379898 -5.2258913e-09 -0.047968976 0.3657722 0.045527905
-40.4296 34.570107 -13.600093 0.2937986 -5.2259046e-09 -0.047969036 0.88443863 0.028680354
-40.429607 35.886555 -13.468002 0.21026948 4.8403987e-08 0.034340438 0.23433578 0.012996644
-40.429607 34.570107 -13.468002 0.21026982 7.431627e-09 0.03434038 0.88443875 0.012996644
-40.54478 35.886555 -13.600094 -0.21026924 -7.4316366e-09 -0.034340475 0.8709347 0.029668808
-40.544796 34.570107 -13.468002 -0.29379877 6.400759e-09 0.04796901 0.24655381 0.0099131465
-40.54479 35.886555 -13.468003 -0.2937987 6.364928e-08 0.04796902 0.8709347 0.0099131465
-40.429607 35.886555 -13.468002 0.21026948 4.8403987e-08 0.034340438 0.5669411 0.24653935
-40.544796 34.570107 -13.468002 -0.29379877 6.400759e-09 0.04796901 0.31694108 0.49653935
-40.429607 34.570107 -13.468002 0.21026982 7.431627e-09 0.03434038 0.31694108 0.24653935
-40.4296 34.570107 -13.600093 0.2937986 -5.2259046e-09 -0.047969036 0.81429666 0.045527905
-40.54478 35.886555 -13.600094 -0.21026924 -7.4316366e-09 -0.034340475 0.3657722 0.09483889
-40.4296 35.886555 -13.600094 0.293799 -5.22589e-09 -0.04796897 0.3657722 0.045527905
-37.864048 34.570107 -13.600094 0.29374814 -5.2276876e-09 -0.047977276 0.88443863 0.028680354
-37.864048 35.886555 -13.468004 0.2103361 7.4304474e-09 0.034329556 0.23433578 0.012996644
-37.864048 34.570107 -13.468004 0.21033776 7.4304176e-09 0.034329284 0.88443875 0.012996644
-37.97923 35.886555 -13.600096 -0.21033719 3.5525943e-06 -0.034329377 0.8709347 0.029668808
-37.979237 34.570107 -13.468004 -0.2937503 2.406336e-08 0.04797692 0.24655381 0.0099131465
-37.97922 35.886555 -13.468005 -0.2937501 4.9958685e-06 0.047976956 0.8709347 0.0099131465
-37.864048 35.886555 -13.468004 0.2103361 7.4304474e-09 0.034329556 0.5669411 0.24653935
-37.979237 34.570107 -13.468004 -0.2937503 2.406336e-08 0.04797692 0.31694108 0.49653935
-37.864048 34.570107 -13.468004 0.21033776 7.4304176e-09 0.034329284 0.31694108 0.24653935
-37.864048 34.570107 -13.600094 0.29374814 -5.2276876e-09 -0.047977276 0.81429666 0.045527905
-37.97923 35.886555 -13.600096 -0.21033719 3.5525943e-06 -0.034329377 0.3657722 0.09483889
-37.864048 35.886555 -13.600095 0.29375038 -5.227608e-09 -0.047976904 0.3657722 0.045527905
-42.890194 34.570107 -13.600092 0.29379857 -6.2469205e-08 -0.047969036 0.88443863 0.028680354
-42.8902 35.886555 -13.468002 0.21026948 7.431633e-09 0.034340438 0.23433578 0.012996644
-42.8902 34.570107 -13.468001 0.21026985 7.4316264e-09 0.034340378 0.88443875 0.012996644
-43.005375 35.886555 -13.600094 -0.21026924 3.5640694e-06 -0.034340475 0.8709347 0.029668808
-43.00539 34.570107 -13.468002 -0.2937988 4.9966843e-06 0.047969006 0.24655381 0.0099131465
-43.005375 35.886555 -13.468002 -0.29379874 4.99667e-06 0.047969013 0.8709347 0.0099131465
-42.8902 35.886555 -13.468002 0.21026948 7.431633e-09 0.034340438 0.5669411 0.24653935
-43.00539 34.570107 -13.468002 -0.2937988 4.9966843e-06 0.047969006 0.31694108 0.49653935
-42.8902 34.570107 -13.468001 0.21026985 7.4316264e-09 0.034340378 0.31694108 0.24653935
-42.890194 34.570107 -13.600092 0.29379857 -6.2469205e-08 -0.047969036 0.81429666 0.045527905
-43.005375 35.886555 -13.600094 -0.21026924 3.5640694e-06 -0.034340475 0.3657722 0.09483889
-42.890194 35.886555 -13.600093 0.29379898 -5.225892e-09 -0.047968976 0.3657722 0.045527905
-29.979038 34.570107 -13.600094 0.2937985 -5.2259077e-09 -0.04796905 0.88443863 0.028680354
-29.979038 35.886555 -13.468002 0.21026938 7.4316344e-09 0.034340452 0.23433578 0.012996644
-29.979038 34.570107 -13.468002 0.21026994 7.4316255e-09 0.034340367 0.88443875 0.012996644
-30.09422 35.886555 -13.468003 -0.29379842 2.491562e-06 0.047969066 0.8709347 0.0099131465
-30.094227 34.570107 -13.600094 -0.21026991 -7.130265e-10 -0.034340363 0.24655381 0.029668808
-30.094227 34.570107 -13.468002 -0.2937972 5.2259543e-09 0.047969267 0.24655381 0.0099131465
-29.979038 35.886555 -13.468002 0.21026938 7.4316344e-09 0.034340452 0.5669411 0.24653935
-30.094227 34.570107 -13.468002 -0.2937972 5.2259543e-09 0.047969267 0.31694108 0.49653935
-29.979038 34.570107 -13.468002 0.21026994 7.4316255e-09 0.034340367 0.31694108 0.24653935
-29.979038 34.570107 -13.600094 0.2937985 -5.2259077e-09 -0.04796905 0.81429666 0.045527905
-30.094212 35.886555 -13.600094 -0.21026807 1.7787321e-06 -0.034340665 0.3657722 0.09483889
-29.979038 35.886555 -13.600094 0.29379907 -5.225888e-09 -0.04796896 0.3657722 0.045527905
-27.413479 34.570107 -13.600095 0.2937482 -5.227685e-09 -0.04797726 0.88443863 0.028680354
-27.413479 35.886555 -13.468004 0.2103361 7.4304474e-09 0.034329556 0.23433578 0.012996644
-27.413479 34.570107 -13.468004 0.21033771 7.430419e-09 0.034329295 0.88443875 0.012996644
-27.52866 35.886555 -13.600096 -0.21033722 1.7793235e-06 -0.03432937 0.8709347 0.029668808
-27.528667 34.570107 -13.468004 -0.29375026 2.500555e-06 0.047976926 0.24655381 0.0099131465
-27.528652 35.886555 -13.468005 -0.29375005 2.5005438e-06 0.047976956 0.8709347 0.0099131465
-27.413479 35.886555 -13.468004 0.2103361 7.4304474e-09 0.034329556 0.5669411 0.24653935
-27.528667 34.570107 -13.468004 -0.29375026 2.500555e-06 0.047976926 0.31694108 0.49653935
-27.413479 34.570107 -13.468004 0.21033771 7.430419e-09 0.034329295 0.31694108 0.24653935
-27.413479 34.570107 -13.600095 0.2937482 -5.227685e-09 -0.04797726 0.81429666 0.045527905
-27.52866 35.886555 -13.600096 -0.21033722 1.7793235e-06 -0.03432937 0.3657722 0.09483889
-27.413479 35.886555 -13.600095 0.2937504 -5.227607e-09 -0.047976904 0.3657722 0.045527905
-32.439625 34.570107 -13.600092 0.29379857 -5.225907e-09 -0.047969043 0.88443863 0.028680354
-32.439632 35.886555 -13.468002 0.21026947 2.7917812e-08 0.03434044 0.23433578 0.012996644
-32.439632 34.570107 -13.468002 0.21026987 7.4316255e-09 0.03434037 0.88443875 0.012996644
-32.554806 35.886555 -13.600094 -0.21026924 1.7787394e-06 -0.034340475 0.8709347 0.029668808
-32.554813 34.570107 -13.468002 -0.29379877 2.5015377e-06 0.04796901 0.24655381 0.0099131465
-32.5548 35.886555 -13.468003 -0.2937987 2.5301601e-06 0.047969017 0.8709347 0.0099131465
-32.439632 35.886555 -13.468002 0.21026947 2.7917812e-08 0.03434044 0.5669411 0.24653935
-32.554813 34.570107 -13.468002 -0.29379877 2.5015377e-06 0.04796901 0.31694108 0.49653935
-32.439632 34.570107 -13.468002 0.21026987 7.4316255e-09 0.03434037 0.31694108 0.24653935
-32.439625 34.570107 -13.600092 0.29379857 -5.225907e-09 -0.047969043 0.81429666 0.045527905
-32.554806 35.886555 -13.600094 -0.21026924 1.7787394e-06 -0.034340475 0.3657722 0.09483889
-32.439625 35.886555 -13.600093 0.293799 -5.22589e-09 -0.04796897 0.3657722 0.045527905
-19.592098 34.570107 -13.600093 0.29379857 -5.2259055e-09 -0.047969036 0.88443863 0.028680354
-19.592098 35.886555 -13.468002 0.21026947 2.7917812e-08 0.03434044 0.23433578 0.012996644
-19.592098 34.570107 -13.468002 0.21026994 7.431624e-09 0.03434036 0.88443875 0.012996644
-19.70728 35.886555 -13.468003 -0.29379836 2.5301529e-06 0.04796908 0.8709347 0.0099131465
-19.707287 34.570107 -13.600094 -0.21026985 1.7787452e-06 -0.034340374 0.24655381 0.029668808
-19.707287 34.570107 -13.468002 -0.29379717 2.5015302e-06 0.047969267 0.24655381 0.0099131465
-19.592098 35.886555 -13.468002 0.21026947 2.7917812e-08 0.03434044 0.5669411 0.24653935
-19.707287 34.570107 -13.468002 -0.29379717 2.5015302e-06 0.047969267 0.31694108 0.49653935
-19.592098 34.570107 -13.468002 0.21026994 7.431624e-09 0.03434036 0.31694108 0.24653935
-19.592098 34.570107 -13.600093 0.29379857 -5.2259055e-09 -0.047969036 0.81429666 0.045527905
-19.707272 35.886555 -13.600094 -0.21026826 1.7787276e-06 -0.03434063 0.3657722 0.09483889
-19.592098 35.886555 -13.600094 0.29379898 -5.225891e-09 -0.047968972 0.3657722 0.045527905
-17.026546 34.570107 -13.600095 0.29374814 -3.3840248e-08 -0.047977276 0.88443863 0.028680354
-17.026539 35.886555 -13.468004 0.2103361 7.4304474e-09 0.034329556 0.23433578 0.012996644
-17.026539 34.570107 -13.468004 0.21033777 7.4304176e-09 0.034329284 0.88443875 0.012996644
-17.14172 35.886555 -13.600096 -0.21033718 1.778907e-06 -0.034329385 0.8709347 0.029668808
-17.141727 34.570107 -13.468004 -0.29375023 2.5005456e-06 0.047976933 0.24655381 0.0099131465
-17.14172 35.886555 -13.468005 -0.2937502 2.5005522e-06 0.04797695 0.8709347 0.0099131465
-17.026539 35.886555 -13.468004 0.2103361 7.4304474e-09 0.034329556 0.5669411 0.24653935
-17.141727 34.570107 -13.468004 -0.29375023 2.5005456e-06 0.047976933 0.31694108 0.49653935
-17.026539 34.570107 -13.468004 0.21033777 7.4304176e-09 0.034329284 0.31694108 0.24653935
-17.026546 34.570107 -13.600095 0.29374814 -3.3840248e-08 -0.047977276 0.81429666 0.045527905
-17.14172 35.886555 -13.600096 -0.21033718 1.778907e-06 -0.034329385 0.3657722 0.09483889
-17.026546 35.886555 -13.600095 0.29375035 -5.227609e-09 -0.04797691 0.3657722 0.045527905
-22.052692 34.570107 -13.600093 0.29379857 -3.3847556e-08 -0.047969036 0.88443863 0.028680354
-22.052692 35.886555 -13.468002 0.21026947 2.7917812e-08 0.03434044 0.23433578 0.012996644
-22.052692 34.570107 -13.468001 0.21026985 7.4316264e-09 0.034340378 0.88443875 0.012996644
-22.167873 35.886555 -13.468003 -0.29379842 2.5301613e-06 0.047969066 0.8709347 0.0099131465
-22.167881 34.570107 -13.600093 -0.21027 1.7578361e-06 -0.034340348 0.24655381 0.029668808
-22.167881 34.570107 -13.468002 -0.29379717 2.5015208e-06 0.047969267 0.24655381 0.0099131465
-22.052692 35.886555 -13.468002 0.21026947 2.7917812e-08 0.03434044 0.5669411 0.24653935
-22.167881 34.570107 -13.468002 -0.29379717 2.5015208e-06 0.047969267 0.31694108 0.49653935
-22.052692 34.570107 -13.468001 0.21026985 7.4316264e-09 0.034340378 0.31694108 0.24653935
-22.052692 34.570107 -13.600093 0.29379857 -3.3847556e-08 -0.047969036 0.81429666 0.045527905
-22.167866 35.886555 -13.600094 -0.21026805 1.7783118e-06 -0.03434067 0.3657722 0.09483889
-22.052692 35.886555 -13.600093 0.29379907 -5.2258886e-09 -0.047968965 0.3657722 0.045527905
-8.740669 34.570107 -13.600093 0.29379877 -5.225899e-09 -0.047969013 0.88443863 0.028680354
-8.740669 35.886555 -13.468002 0.21026959 2.7917814e-08 0.03434042 0.23433578 0.012996644
-8.740669 34.570107 -13.468002 0.21026963 7.4316295e-09 0.034340408 0.88443875 0.012996644
-8.855843 35.886555 -13.600094 -0.21026923 1.7719998e-06 -0.03434048 0.8709347 0.029668808
-8.855858 34.570107 -13.468002 -0.29379874 1.5232747e-08 0.04796902 0.24655381 0.0099131465
-8.855846 35.886555 -13.468003 -0.29379877 2.5301642e-06 0.04796901 0.8709347 0.0099131465
-8.740669 35.886555 -13.468002 0.21026959 2.7917814e-08 0.03434042 0.5669411 0.24653935
-8.855858 34.570107 -13.468002 -0.29379874 1.5232747e-08 0.04796902 0.31694108 0.49653935
-8.740669 34.570107 -13.468002 0.21026963 7.4316295e-09 0.034340408 0.31694108 0.24653935
-8.740669 34.570107 -13.600093 0.29379877 -5.225899e-09 -0.047969013 0.81429666 0.045527905
-8.855843 35.886555 -13.600094 -0.21026923 1.7719998e-06 -0.03434048 0.3657722 0.09483889
-8.740669 35.886555 -13.600094 0.2937989 -5.2258944e-09 -0.04796899 0.3657722 0.045527905
-6.1751137 34.570107 -13.600095 0.29374808 -1.9533974e-08 -0.047977284 0.88443863 0.028680354
-6.175106 35.886555 -13.468004 0.2103361 1.7675294e-08 0.034329556 0.23433578 0.012996644
-6.175106 34.570107 -13.468004 0.21033777 7.4304176e-09 0.034329284 0.88443875 0.012996644
-6.290291 35.886555 -13.600096 -0.21033718 1.7791172e-06 -0.034329385 0.8709347 0.029668808
-6.290291 34.570107 -13.468004 -0.29375032 2.5008478e-06 0.04797692 0.24655381 0.0099131465
-6.2902794 35.886555 -13.468005 -0.2937502 2.5151535e-06 0.04797695 0.8709347 0.0099131465
-6.175106 35.886555 -13.468004 0.2103361 1.7675294e-08 0.034329556 0.5669411 0.24653935
-6.290291 34.570107 -13.468004 -0.29375032 2.5008478e-06 0.04797692 0.31694108 0.49653935
-6.175106 34.570107 -13.468004 0.21033777 7.4304176e-09 0.034329284 0.31694108 0.24653935
-6.1751137 34.570107 -13.600095 0.29374808 -1.9533974e-08 -0.047977284 0.81429666 0.045527905
-6.290291 35.886555 -13.600096 -0.21033718 1.7791172e-06 -0.034329385 0.3657722 0.09483889
-6.1751137 35.886555 -13.600095 0.29375035 -5.227609e-09 -0.04797691 0.3657722 0.045527905
-11.201252 34.570107 -13.600093 0.29379857 -3.3847556e-08 -0.047969036 0.88443863 0.028680354
-11.20126 35.886555 -13.468002 0.21027093 7.4316064e-09 0.034340195 0.23433578 0.012996644
-11.20126 34.570107 -13.468002 0.21026842 7.4316513e-09 0.034340605 0.88443875 0.012996644
-11.316433 35.886555 -13.600094 -0.21026923 1.7783208e-06 -0.03434048 0.8709347 0.029668808
-11.316448 34.570107 -13.468002 -0.2938007 2.5009695e-06 0.047968693 0.24655381 0.0099131465
-11.316433 35.886555 -13.468002 -0.29379684 2.5009363e-06 0.04796932 0.8709347 0.0099131465
-11.20126 34.570107 -13.468002 0.21026842 7.4316513e-09 0.034340605 0.31694108 0.24653935
-11.316433 35.886555 -13.468002 -0.29379684 2.5009363e-06 0.04796932 0.5669411 0.49653935
-11.316448 34.570107 -13.468002 -0.2938007 2.5009695e-06 0.047968693 0.31694108 0.49653935
-11.201252 34.570107 -13.600093 0.29379857 -3.3847556e-08 -0.047969036 0.81429666 0.045527905
-11.316433 35.886555 -13.600094 -0.21026923 1.7783208e-06 -0.03434048 0.3657722 0.09483889
-11.201252 35.886555 -13.600093 0.2937989 -5.2258944e-09 -0.04796899 0.3657722 0.045527905
2.3307457 34.570107 -13.600093 0.29379857 -1.9536731e-08 -0.047969036 0.88443863 0.028680354
2.330742 35.886555 -13.468002 0.21026966 1.7674719e-08 0.034340404 0.23433578 0.012996644
2.330742 34.570107 -13.468002 0.21026976 7.431627e-09 0.034340385 0.88443875 0.012996644
2.2155685 35.886555 -13.600094 -0.21026938 1.7785268e-06 -0.034340452 0.8709347 0.029668808
2.2155533 34.570107 -13.468002 -0.29379883 2.5012478e-06 0.04796899 0.24655381 0.0099131465
2.2155647 35.886555 -13.468003 -0.29379863 2.5155512e-06 0.047969036 0.8709347 0.0099131465
2.330742 35.886555 -13.468002 0.21026966 1.7674719e-08 0.034340404 0.5669411 0.24653935
2.2155533 34.570107 -13.468002 -0.29379883 2.5012478e-06 0.04796899 0.31694108 0.49653935
2.330742 34.570107 -13.468002 0.21026976 7.431627e-09 0.034340385 0.31694108 0.24653935
2.3307457 34.570107 -13.600093 0.29379857 -1.9536731e-08 -0.047969036 0.81429666 0.045527905
2.2155685 35.886555 -13.600094 -0.21026938 1.7785268e-06 -0.034340452 0.3657722 0.09483889
2.3307457 35.886555 -13.600094 0.2937989 -5.2258944e-09 -0.04796899 0.3657722 0.045527905
4.8962975 34.570107 -13.600094 0.29374802 -1.9533982e-08 -0.04797729 0.88443863 0.028680354
4.896309 35.886555 -13.468004 0.21033603 1.7675289e-08 0.034329567 0.23433578 0.012996644
4.896309 34.570107 -13.468004 0.21033777 7.4304176e-09 0.034329284 0.88443875 0.012996644
4.781124 35.886555 -13.600096 -0.21033722 1.7791132e-06 -0.03432937 0.8709347 0.029668808
4.7811203 34.570107 -13.468004 -0.29375044 2.5008562e-06 0.047976904 0.24655381 0.0099131465
4.781128 35.886555 -13.468005 -0.29375 2.5151458e-06 0.047976967 0.8709347 0.0099131465
4.896309 35.886555 -13.468004 0.21033603 1.7675289e-08 0.034329567 0.5669411 0.24653935
4.7811203 34.570107 -13.468004 -0.29375044 2.5008562e-06 0.047976904 0.31694108 0.49653935
4.896309 34.570107 -13.468004 0.21033777 7.4304176e-09 0.034329284 0.31694108 0.24653935
4.8962975 34.570107 -13.600094 0.29374802 -1.9533982e-08 -0.04797729 0.81429666 0.045527905
4.781124 35.886555 -13.600096 -0.21033722 1.7791132e-06 -0.03432937 0.3657722 0.09483889
4.8962975 35.886555 -13.600095 0.29375052 -5.2276037e-09 -0.047976885 0.3657722 0.045527905
-0.12984467 34.570107 -13.600093 0.29379857 -1.9536731e-08 -0.047969036 0.88443863 0.028680354
-0.12984848 35.886555 -13.468002 0.21026947 1.7674722e-08 0.03434044 0.23433578 0.012996644
-0.12984848 34.570107 -13.468002 0.21026985 7.4316264e-09 0.034340378 0.88443875 0.012996644
-0.24502182 35.886555 -13.600094 -0.21026929 1.7785271e-06 -0.034340467 0.8709347 0.029668808
-0.24503708 34.570107 -13.468002 -0.2937988 2.501249e-06 0.047969006 0.24655381 0.0099131465
-0.24502563 35.886555 -13.468002 -0.29379869 2.5155502e-06 0.047969025 0.8709347 0.0099131465
-0.12984848 35.886555 -13.468002 0.21026947 1.7674722e-08 0.03434044 0.5669411 0.24653935
-0.24503708 34.570107 -13.468002 -0.2937988 2.501249e-06 0.047969006 0.31694108 0.49653935
-0.12984848 34.570107 -13.468002 0.21026985 7.4316264e-09 0.034340378 0.31694108 0.24653935
-0.12984467 34.570107 -13.600093 0.29379857 -1.9536731e-08 -0.047969036 0.81429666 0.045527905
-0.24502182 35.886555 -13.600094 -0.21026929 1.7785271e-06 -0.034340467 0.3657722 0.09483889
-0.12984467 35.886555 -13.600093 0.29379907 -5.2258886e-09 -0.047968965 0.3657722 0.045527905
12.907928 34.570107 -13.600094 0.29379863 -1.9536744e-08 -0.047969036 0.88443863 0.028680354
12.907925 35.886555 -13.468002 0.21027102 7.4316047e-09 0.03434018 0.23433578 0.012996644
12.907925 34.570107 -13.468002 0.2102683 1.7673866e-08 0.034340627 0.88443875 0.012996644
12.792751 35.886555 -13.600094 -0.21026929 1.7785271e-06 -0.034340467 0.8709347 0.029668808
12.79274 34.570107 -13.468002 -0.2938008 2.515582e-06 0.04796868 0.24655381 0.0099131465
12.7927475 35.886555 -13.468003 -0.2937967 2.5012228e-06 0.04796935 0.8709347 0.0099131465
12.907925 34.570107 -13.468002 0.2102683 1.7673866e-08 0.034340627 0.31694108 0.24653935
12.7927475 35.886555 -13.468003 -0.2937967 2.5012228e-06 0.04796935 0.5669411 0.49653935
12.79274 34.570107 -13.468002 -0.2938008 2.515582e-06 0.04796868 0.31694108 0.49653935
12.907928 34.570107 -13.600094 0.29379863 -1.9536744e-08 -0.047969036 0.81429666 0.045527905
12.792751 35.886555 -13.600094 -0.21026929 1.7785271e-06 -0.034340467 0.3657722 0.09483889
12.907928 35.886555 -13.600094 0.29379895 -5.2258926e-09 -0.047968984 0.3657722 0.045527905
15.473484 34.570107 -13.600095 0.29374814 -3.3840248e-08 -0.047977276 0.88443863 0.028680354
15.473488 35.886555 -13.468004 0.21033618 1.7675298e-08 0.034329545 0.23433578 0.012996644
15.473488 34.570107 -13.468004 0.21033777 7.4304176e-09 0.034329284 0.88443875 0.012996644
15.358303 35.886555 -13.600096 -0.2103371 1.7755389e-06 -0.034329392 0.8709347 0.029668808
15.358299 34.570107 -13.468004 -0.29375023 1.2578894e-06 0.047976933 0.24655381 0.0099131465
15.358311 35.886555 -13.468005 -0.29375035 2.5151612e-06 0.04797692 0.8709347 0.0099131465
15.473488 35.886555 -13.468004 0.21033618 1.7675298e-08 0.034329545 0.5669411 0.24653935
15.358299 34.570107 -13.468004 -0.29375023 1.2578894e-06 0.047976933 0.31694108 0.49653935
15.473488 34.570107 -13.468004 0.21033777 7.4304176e-09 0.034329284 0.31694108 0.24653935
15.473484 34.570107 -13.600095 0.29374814 -3.3840248e-08 -0.047977276 0.81429666 0.045527905
15.358303 35.886555 -13.600096 -0.2103371 1.7755389e-06 -0.034329392 0.3657722 0.09483889
15.473484 35.886555 -13.600095 0.29375023 -5.2276143e-09 -0.047976937 0.3657722 0.045527905
10.447338 34.570107 -13.600093 0.29379854 -3.384753e-08 -0.04796905 0.88443863 0.028680354
10.447334 35.886555 -13.468002 0.21026939 2.79178e-08 0.03434045 0.23433578 0.012996644
10.447334 34.570107 -13.468002 0.21026991 7.4316246e-09 0.034340363 0.88443875 0.012996644
10.332165 35.886555 -13.600094 -0.21026929 1.7749461e-06 -0.034340467 0.8709347 0.029668808
10.3321495 34.570107 -13.468002 -0.29379877 1.2583827e-06 0.047969013 0.24655381 0.0099131465
10.332161 35.886555 -13.468003 -0.29379863 2.530157e-06 0.047969036 0.8709347 0.0099131465
10.447334 35.886555 -13.468002 0.21026939 2.79178e-08 0.03434045 0.5669411 0.24653935
10.3321495 34.570107 -13.468002 -0.29379877 1.2583827e-06 0.047969013 0.31694108 0.49653935
10.447334 34.570107 -13.468002 0.21026991 7.4316246e-09 0.034340363 0.31694108 0.24653935
10.447338 34.570107 -13.600093 0.29379854 -3.384753e-08 -0.04796905 0.81429666 0.045527905
10.332165 35.886555 -13.600094 -0.21026929 1.7749461e-06 -0.034340467 0.3657722 0.09483889
10.447338 35.886555 -13.600093 0.29379913 -5.225885e-09 -0.047968946 0.3657722 0.045527905
23.623865 34.570107 -13.600094 0.29379854 -2.6692124e-08 -0.04796905 0.88443863 0.028680354
23.623863 35.886555 -13.468002 0.21026951 1.7674726e-08 0.03434043 0.23433578 0.012996644
23.623863 34.570107 -13.468002 0.21026991 7.4316246e-09 0.034340363 0.88443875 0.012996644
23.508688 35.886555 -13.600095 -0.21026917 1.77843e-06 -0.03434049 0.8709347 0.029668808
23.508675 34.570107 -13.468002 -0.29379877 2.5012394e-06 0.047969013 0.24655381 0.0099131465
23.508686 35.886555 -13.468003 -0.2937989 2.5155664e-06 0.047968984 0.8709347 0.0099131465
23.623863 35.886555 -13.468002 0.21026951 1.7674726e-08 0.03434043 0.5669411 0.24653935
23.508675 34.570107 -13.468002 -0.29379877 2.5012394e-06 0.047969013 0.31694108 0.49653935
23.623863 34.570107 -13.468002 0.21026991 7.4316246e-09 0.034340363 0.31694108 0.24653935
23.623865 34.570107 -13.600094 0.29379854 -2.6692124e-08 -0.04796905 0.81429666 0.045527905
23.508688 35.886555 -13.600095 -0.21026917 1.77843e-06 -0.03434049 0.3657722 0.09483889
23.623865 35.886555 -13.600094 0.29379883 -5.2258957e-09 -0.04796899 0.3657722 0.045527905
26.18942 34.570107 -13.600095 0.29374814 -2.6687106e-08 -0.047977276 0.88443863 0.028680354
26.189428 35.886555 -13.468004 0.21033603 1.7675289e-08 0.034329567 0.23433578 0.012996644
26.189428 34.570107 -13.468004 0.21033777 7.4304176e-09 0.034329284 0.88443875 0.012996644
26.074245 35.886555 -13.600096 -0.21033722 1.7790081e-06 -0.03432937 0.8709347 0.029668808
26.074242 34.570107 -13.468004 -0.29375023 2.5008394e-06 0.047976933 0.24655381 0.0099131465
26.074251 35.886555 -13.468006 -0.29375 2.5151458e-06 0.047976967 0.8709347 0.0099131465
26.189428 35.886555 -13.468004 0.21033603 1.7675289e-08 0.034329567 0.5669411 0.24653935
26.074242 34.570107 -13.468004 -0.29375023 2.5008394e-06 0.047976933 0.31694108 0.49653935
26.189428 34.570107 -13.468004 0.21033777 7.4304176e-09 0.034329284 0.31694108 0.24653935
26.18942 34.570107 -13.600095 0.29374814 -2.6687106e-08 -0.047977276 0.81429666 0.045527905
26.074245 35.886555 -13.600096 -0.21033722 1.7790081e-06 -0.03432937 0.3657722 0.09483889
26.18942 35.886555 -13.600095 0.29375052 -5.2276037e-09 -0.047976885 0.3657722 0.045527905
21.163277 34.570107 -13.600094 0.29379863 -3.3847584e-08 -0.047969036 0.88443863 0.028680354
21.163273 35.886555 -13.468002 0.21026951 2.791782e-08 0.03434043 0.23433578 0.012996644
21.163273 34.570107 -13.468002 0.21026978 7.431627e-09 0.034340385 0.88443875 0.012996644
21.0481 35.886555 -13.600094 -0.21026929 1.7783169e-06 -0.034340467 0.8709347 0.029668808
21.048088 34.570107 -13.468002 -0.29379883 2.5015515e-06 0.047969 0.24655381 0.0099131465
21.048096 35.886555 -13.468003 -0.2937987 2.530155e-06 0.047969017 0.8709347 0.0099131465
21.163273 35.886555 -13.468002 0.21026951 2.791782e-08 0.03434043 0.5669411 0.24653935
21.048088 34.570107 -13.468002 -0.29379883 2.5015515e-06 0.047969 0.31694108 0.49653935
21.163273 34.570107 -13.468002 0.21026978 7.431627e-09 0.034340385 0.31694108 0.24653935
21.163277 34.570107 -13.600094 0.29379863 -3.3847584e-08 -0.047969036 0.81429666 0.045527905
21.0481 35.886555 -13.600094 -0.21026929 1.7783169e-06 -0.034340467 0.3657722 0.09483889
21.163277 35.886555 -13.600094 0.29379895 -5.2258926e-09 -0.047968984 0.3657722 0.045527905
34.62205 34.570107 -13.600094 0.29379854 -2.6692124e-08 -0.04796905 0.88443863 0.028680354
34.622047 35.886555 -13.468002 0.21026951 2.2796273e-08 0.03434043 0.23433578 0.012996644
34.622047 34.570107 -13.468002 0.21026991 7.4316246e-09 0.034340363 0.88443875 0.012996644
34.506874 35.886555 -13.600094 -0.21026917 1.77843e-06 -0.03434049 0.8709347 0.029668808
34.506863 34.570107 -13.468002 -0.29379877 2.501386e-06 0.047969013 0.24655381 0.0099131465
34.506874 35.886555 -13.468003 -0.2937989 2.522869e-06 0.047968984 0.8709347 0.0099131465
34.622047 35.886555 -13.468002 0.21026951 2.2796273e-08 0.03434043 0.5669411 0.24653935
34.506863 34.570107 -13.468002 -0.29379877 2.501386e-06 0.047969013 0.31694108 0.49653935
34.622047 34.570107 -13.468002 0.21026991 7.4316246e-09 0.034340363 0.31694108 0.24653935
34.62205 34.570107 -13.600094 0.29379854 -2.6692124e-08 -0.04796905 0.81429666 0.045527905
34.506874 35.886555 -13.600094 -0.21026917 1.77843e-06 -0.03434049 0.3657722 0.09483889
34.62205 35.886555 -13.600094 0.29379883 -5.2258957e-09 -0.04796899 0.3657722 0.045527905
37.187607 34.570107 -13.600095 0.29374814 -2.6687106e-08 -0.047977276 0.88443863 0.028680354
37.187614 35.886555 -13.468004 0.21033603 2.279771e-08 0.034329567 0.23433578 0.012996644
37.187614 34.570107 -13.468004 0.21033777 7.4304176e-09 0.034329284 0.88443875 0.012996644
37.072433 35.886555 -13.600096 -0.21033722 1.7773222e-06 -0.03432937 0.8709347 0.029668808
37.072426 34.570107 -13.468004 -0.29375023 1.8795113e-06 0.047976933 0.24655381 0.0099131465
37.072437 35.886555 -13.468006 -0.29375 2.5224463e-06 0.047976967 0.8709347 0.0099131465
37.187614 35.886555 -13.468004 0.21033603 2.279771e-08 0.034329567 0.5669411 0.24653935
37.072426 34.570107 -13.468004 -0.29375023 1.8795113e-06 0.047976933 0.31694108 0.49653935
37.187614 34.570107 -13.468004 0.21033777 7.4304176e-09 0.034329284 0.31694108 0.24653935
37.187607 34.570107 -13.600095 0.29374814 -2.6687106e-08 -0.047977276 0.81429666 0.045527905
37.072433 35.886555 -13.600096 -0.21033722 1.7773222e-06 -0.03432937 0.3657722 0.09483889
37.187607 35.886555 -13.600096 0.29375052 -5.2276037e-09 -0.047976885 0.3657722 0.045527905
32.16146 34.570107 -13.600093 0.29379863 -1.9536744e-08 -0.047969036 0.88443863 0.028680354
32.16146 35.886555 -13.468002 0.21026951 2.2796273e-08 0.03434043 0.23433578 0.012996644
32.16146 34.570107 -13.468002 0.21026978 7.431627e-09 0.034340385 0.88443875 0.012996644
32.046288 35.886555 -13.600094 -0.21026929 1.7768418e-06 -0.034340467 0.8709347 0.029668808
32.046272 34.570107 -13.468002 -0.29379883 1.8798249e-06 0.047969 0.24655381 0.0099131465
32.046284 35.886555 -13.468003 -0.2937987 2.522852e-06 0.047969017 0.8709347 0.0099131465
32.16146 35.886555 -13.468002 0.21026951 2.2796273e-08 0.03434043 0.5669411 0.24653935
32.046272 34.570107 -13.468002 -0.29379883 1.8798249e-06 0.047969 0.31694108 0.49653935
32.16146 34.570107 -13.468002 0.21026978 7.431627e-09 0.034340385 0.31694108 0.24653935
32.16146 34.570107 -13.600093 0.29379863 -1.9536744e-08 -0.047969036 0.81429666 0.045527905
32.046288 35.886555 -13.600094 -0.21026929 1.7768418e-06 -0.034340467 0.3657722 0.09483889
32.16146 35.886555 -13.600094 0.29379895 -5.2258926e-09 -0.047968984 0.3657722 0.045527905
45.46016 34.570107 -13.600094 0.29379863 -2.3114454e-08 -0.047969036 0.88443863 0.028680354
45.46016 35.886555 -13.468002 0.21026951 2.2796273e-08 0.03434043 0.23433578 0.012996644
45.46016 34.570107 -13.468002 0.21026978 7.431627e-09 0.034340385 0.88443875 0.012996644
45.344986 35.886555 -13.600094 -0.21026929 1.777632e-06 -0.034340467 0.8709347 0.029668808
45.34497 34.570107 -13.468002 -0.29379883 2.1906146e-06 0.047969 0.24655381 0.0099131465
45.344982 35.886555 -13.468003 -0.2937987 2.522852e-06 0.047969017 0.8709347 0.0099131465
45.46016 35.886555 -13.468002 0.21026951 2.2796273e-08 0.03434043 0.5669411 0.24653935
45.34497 34.570107 -13.468002 -0.29379883 2.1906146e-06 0.047969 0.31694108 0.49653935
45.46016 34.570107 -13.468002 0.21026978 7.431627e-09 0.034340385 0.31694108 0.24653935
45.46016 34.570107 -13.600094 0.29379863 -2.3114454e-08 -0.047969036 0.81429666 0.045527905
45.344986 35.886555 -13.600094 -0.21026929 1.777632e-06 -0.034340467 0.3657722 0.09483889
45.46016 35.886555 -13.600094 0.29379895 -5.2258926e-09 -0.047968984 0.3657722 0.045527905
48.02572 34.570107 -13.600095 0.29374826 -2.489886e-08 -0.047977254 0.88443863 0.028680354
48.025726 35.886555 -13.468004 0.21033771 7.4304194e-09 0.0343293 0.23433578 0.012996644
48.025726 34.570107 -13.468004 0.2103362 2.1515817e-08 0.034329545 0.88443875 0.012996644
47.91054 35.886555 -13.600096 -0.21033722 1.7781913e-06 -0.03432937 0.8709347 0.029668808
47.910538 34.570107 -13.468004 -0.29375228 2.2099111e-06 0.0479766 0.24655381 0.0099131465
47.91055 35.886555 -13.468006 -0.29374808 2.5009324e-06 0.047977284 0.8709347 0.0099131465
48.025726 34.570107 -13.468004 0.2103362 2.1515817e-08 0.034329545 0.31694108 0.24653935
47.91055 35.886555 -13.468006 -0.29374808 2.5009324e-06 0.047977284 0.5669411 0.49653935
47.910538 34.570107 -13.468004 -0.29375228 2.2099111e-06 0.0479766 0.31694108 0.49653935
48.02572 34.570107 -13.600095 0.29374826 -2.489886e-08 -0.047977254 0.81429666 0.045527905
47.91054 35.886555 -13.600096 -0.21033722 1.7781913e-06 -0.03432937 0.3657722 0.09483889
48.02572 35.886555 -13.600095 0.29375032 -5.227611e-09 -0.04797692 0.3657722 0.045527905
42.999573 34.570107 -13.600093 0.29379854 -2.6692124e-08 -0.04796905 0.88443863 0.028680354
42.99957 35.886555 -13.468002 0.21026923 2.0235495e-08 0.03434048 0.23433578 0.012996644
42.99957 34.570107 -13.468002 0.21026991 7.4316246e-09 0.034340363 0.88443875 0.012996644
42.88439 35.886555 -13.468002 -0.2937984 2.5191976e-06 0.047969073 0.8709347 0.0099131465
42.884384 34.570107 -13.600093 -0.21026963 1.7630713e-06 -0.034340408 0.24655381 0.029668808
42.884384 34.570107 -13.468002 -0.2937974 2.5013167e-06 0.047969233 0.24655381 0.0099131465
42.99957 35.886555 -13.468002 0.21026923 2.0235495e-08 0.03434048 0.5669411 0.24653935
42.884384 34.570107 -13.468002 -0.2937974 2.5013167e-06 0.047969233 0.31694108 0.49653935
42.99957 34.570107 -13.468002 0.21026991 7.4316246e-09 0.034340363 0.31694108 0.24653935
42.999573 34.570107 -13.600093 0.29379854 -2.6692124e-08 -0.04796905 0.81429666 0.045527905
42.884396 35.886555 -13.600094 -0.21026818 1.7784126e-06 -0.034340646 0.3657722 0.09483889
42.999573 35.886555 -13.600094 0.29379913 -5.225885e-09 -0.047968946 0.3657722 0.045527905
57.182198 34.570107 -13.600093 0.29379854 -2.5797698e-08 -0.04796905 0.88443863 0.028680354
57.182198 35.886555 -13.468002 0.21026951 2.215608e-08 0.03434043 0.23433578 0.012996644
57.182198 34.570107 -13.468002 0.21026991 7.4316246e-09 0.034340363 0.88443875 0.012996644
57.067024 35.886555 -13.600094 -0.21026917 1.6668071e-06 -0.03434049 0.8709347 0.029668808
57.06701 34.570107 -13.468002 -0.29379877 2.3453856e-06 0.047969013 0.24655381 0.0099131465
57.06702 35.886555 -13.468003 -0.2937989 2.3659727e-06 0.047968984 0.8709347 0.0099131465
57.182198 35.886555 -13.468002 0.21026951 2.215608e-08 0.03434043 0.5669411 0.24653935
57.06701 34.570107 -13.468002 -0.29379877 2.3453856e-06 0.047969013 0.31694108 0.49653935
57.182198 34.570107 -13.468002 0.21026991 7.4316246e-09 0.034340363 0.31694108 0.24653935
57.182198 34.570107 -13.600093 0.29379854 -2.5797698e-08 -0.04796905 0.81429666 0.045527905
57.067024 35.886555 -13.600094 -0.21026917 1.6668071e-06 -0.03434049 0.3657722 0.09483889
57.182198 35.886555 -13.600094 0.29379883 -5.2258957e-09 -0.04796899 0.3657722 0.045527905
59.747753 34.570107 -13.600095 0.29374814 -2.4898823e-08 -0.047977276 0.88443863 0.028680354
59.74776 35.886555 -13.468004 0.21033618 2.2797725e-08 0.034329545 0.23433578 0.012996644
59.74776 34.570107 -13.468004 0.21033777 7.4304176e-09 0.034329284 0.88443875 0.012996644
59.632576 35.886555 -13.600096 -0.2103371 1.667791e-06 -0.034329392 0.8709347 0.029668808
59.632576 34.570107 -13.468004 -0.29375023 2.5003976e-06 0.047976933 0.24655381 0.0099131465
59.632584 35.886555 -13.468005 -0.29375035 2.3665032e-06 0.04797692 0.8709347 0.0099131465
59.74776 35.886555 -13.468004 0.21033618 2.2797725e-08 0.034329545 0.5669411 0.24653935
59.632576 34.570107 -13.468004 -0.29375023 2.5003976e-06 0.047976933 0.31694108 0.49653935
59.74776 34.570107 -13.468004 0.21033777 7.4304176e-09 0.034329284 0.31694108 0.24653935
59.747753 34.570107 -13.600095 0.29374814 -2.4898823e-08 -0.047977276 0.81429666 0.045527905
59.632576 35.886555 -13.600096 -0.2103371 1.667791e-06 -0.034329392 0.3657722 0.09483889
59.747753 35.886555 -13.600095 0.29375023 -5.2276143e-09 -0.047976937 0.3657722 0.045527905
54.72161 34.570107 -13.600093 0.29379842 -2.557411e-08 -0.047969066 0.88443863 0.028680354
54.721607 35.886555 -13.468002 0.21026939 2.1996017e-08 0.03434045 0.23433578 0.012996644
54.721607 34.570107 -13.468002 0.21026991 7.4316246e-09 0.034340363 0.88443875 0.012996644
54.606434 35.886555 -13.600094 -0.21026929 1.6946067e-06 -0.034340467 0.8709347 0.029668808
54.60642 34.570107 -13.468002 -0.29379898 2.3455434e-06 0.047968984 0.24655381 0.0099131465
54.60643 35.886555 -13.468002 -0.29379863 2.4047258e-06 0.047969036 0.8709347 0.0099131465
54.721607 35.886555 -13.468002 0.21026939 2.1996017e-08 0.03434045 0.5669411 0.24653935
54.60642 34.570107 -13.468002 -0.29379898 2.3455434e-06 0.047968984 0.31694108 0.49653935
54.721607 34.570107 -13.468002 0.21026991 7.4316246e-09 0.034340363 0.31694108 0.24653935
54.72161 34.570107 -13.600093 0.29379842 -2.557411e-08 -0.047969066 0.81429666 0.045527905
54.606434 35.886555 -13.600094 -0.21026929 1.6946067e-06 -0.034340467 0.3657722 0.09483889
54.72161 35.886555 -13.600094 0.29379913 -5.225885e-09 -0.047968946 0.3657722 0.045527905
56.436775 34.570107 13.729656 0.29379883 -2.5797736e-08 -0.047969 0.88443863 0.028680354
56.436775 35.886555 13.861752 0.21026914 2.2156062e-08 0.034340486 0.23433578 0.012996644
56.436775 34.570107 13.861752 0.21026951 7.431633e-09 0.034340438 0.88443875 0.012996644
56.3216 35.886555 13.729656 -0.21026888 1.6946187e-06 -0.03434053 0.8709347 0.029668808
56.321587 34.570107 13.861752 -0.293799 2.3455661e-06 0.04796897 0.24655381 0.0099131465
56.321598 35.886555 13.861752 -0.29379904 2.404987e-06 0.04796897 0.8709347 0.0099131465
56.436775 35.886555 13.861752 0.21026914 2.2156062e-08 0.034340486 0.5669411 0.24653935
56.321587 34.570107 13.861752 -0.293799 2.3455661e-06 0.04796897 0.31694108 0.49653935
56.436775 34.570107 13.861752 0.21026951 7.431633e-09 0.034340438 0.31694108 0.24653935
56.436775 34.570107 13.729656 0.29379883 -2.5797736e-08 -0.047969 0.81429666 0.045527905
56.3216 35.886555 13.729656 -0.21026888 1.6946187e-06 -0.03434053 0.3657722 0.09483889
56.436775 35.886555 13.729656 0.29379916 -5.2258833e-09 -0.04796894 0.3657722 0.045527905
59.00233 34.570107 13.72966 0.29374844 -2.5792998e-08 -0.047977217 0.88443863 0.028680354
59.00234 35.886555 13.861748 0.21033575 2.2157403e-08 0.034329616 0.23433578 0.012996644
59.00234 34.570107 13.861748 0.21033739 7.4304247e-09 0.034329347 0.88443875 0.012996644
58.887154 35.886555 13.72966 -0.21033557 1.6673692e-06 -0.03432964 0.8709347 0.029668808
58.887154 34.570107 13.861748 -0.29374892 2.344917e-06 0.04797715 0.24655381 0.0099131465
58.88716 35.886555 13.861748 -0.2937504 2.3656085e-06 0.047976904 0.8709347 0.0099131465
59.00234 35.886555 13.861748 0.21033575 2.2157403e-08 0.034329616 0.5669411 0.24653935
58.887154 34.570107 13.861748 -0.29374892 2.344917e-06 0.04797715 0.31694108 0.49653935
59.00234 34.570107 13.861748 0.21033739 7.4304247e-09 0.034329347 0.31694108 0.24653935
59.00233 34.570107 13.72966 0.29374844 -2.5792998e-08 -0.047977217 0.81429666 0.045527905
58.887154 35.886555 13.72966 -0.21033557 1.6673692e-06 -0.03432964 0.3657722 0.09483889
59.00233 35.886555 13.72966 0.2937515 -5.227569e-09 -0.047976725 0.3657722 0.045527905
53.97619 34.570107 13.72966 0.29379973 -2.535037e-08 -0.047968857 0.88443863 0.028680354
53.976185 35.886555 13.861752 0.21027054 7.4316144e-09 0.034340266 0.23433578 0.012996644
53.976185 34.570107 13.861752 0.21026817 2.1834733e-08 0.034340646 0.88443875 0.012996644
53.86101 35.886555 13.72966 -0.21026886 1.6946252e-06 -0.03434053 0.8709347 0.029668808
53.860996 34.570107 13.861752 -0.29379922 2.3655684e-06 0.04796893 0.24655381 0.0099131465
53.861008 35.886555 13.861748 -0.29379708 2.3843884e-06 0.04796928 0.8709347 0.0099131465
53.976185 34.570107 13.861752 0.21026817 2.1834733e-08 0.034340646 0.31694108 0.24653935
53.861008 35.886555 13.861748 -0.29379708 2.3843884e-06 0.04796928 0.5669411 0.49653935
53.860996 34.570107 13.861752 -0.29379922 2.3655684e-06 0.04796893 0.31694108 0.49653935
53.97619 34.570107 13.72966 0.29379973 -2.535037e-08 -0.047968857 0.81429666 0.045527905
53.86101 35.886555 13.72966 -0.21026886 1.6946252e-06 -0.03434053 0.3657722 0.09483889
53.97619 35.886555 13.72966 0.29379916 -5.2258833e-09 -0.04796894 0.3657722 0.045527905
-69.61212 30.8754 -27.182478 0.26823285 -0.6203546 4.6007335e-07 0.88443875 0.012996644
-69.61212 31.007488 27.098988 0.21797979 0.770551 -1.3131648e-07 0.23433578 0.028680354
-69.61212 30.875399 27.098988 0.2179698 -0.7705751 1.5832484e-07 0.23433578 0.012996644
-69.72731 31.007492 27.098988 -0.2682282 0.6203738 -1.5739352e-07 0.8709347 0.029668808
-69.72731 30.8754 -27.18247 -0.21797208 -0.7705713 4.9639493e-07 0.24655381 0.0099131465
-69.72731 30.875399 27.098988 -0.2682302 -0.6203669 7.4505806e-08 0.8709347 0.0099131465
-69.61212 30.875399 27.098988 0.2179698 -0.7705751 1.5832484e-07 0.5669411 0.24653935
-69.72731 30.8754 -27.18247 -0.21797208 -0.7705713 4.9639493e-07 0.31694108 0.49653935
-69.61212 30.8754 -27.182478 0.26823285 -0.6203546 4.6007335e-07 0.31694108 0.24653935
-69.61212 31.007488 27.098988 0.21797979 0.770551 -1.3131648e-07 0.3657722 0.045527905
-69.72731 31.00749 -27.18247 -0.2179694 0.77057683 2.3283064e-08 0.81429666 0.09483889
-69.72731 31.007492 27.098988 -0.2682282 0.6203738 -1.5739352e-07 0.3657722 0.09483889
-69.61212 25.155928 -27.182478 0.26823482 -0.6203574 -9.2294067e-07 0.88443875 0.012996644
-69.61212 25.288015 27.098988 0.21797891 0.7705491 7.310882e-07 0.23433578 0.028680354
-69.61212 25.155924 27.098988 0.21796927 -0.7705752 3.8463622e-07 0.23433578 0.012996644
-69.72731 25.288017 27.098988 -0.26822928 0.62037563 6.528571e-07 0.8709347 0.029668808
-69.72731 25.155928 -27.18247 -0.21797094 -0.77056736 -9.480864e-07 0.24655381 0.0099131465
-69.72731 25.155924 27.098988 -0.26823074 -0.620367 3.7718564e-07 0.8709347 0.0099131465
-69.61212 25.155924 27.098988 0.21796927 -0.7705752 3.8463622e-07 0.5669411 0.24653935
-69.72731 25.155928 -27.18247 -0.21797094 -0.77056736 -9.480864e-07 0.31694108 0.49653935
-69.61212 25.155928 -27.182478 0.26823482 -0.6203574 -9.2294067e-07 0.31694108 0.24653935
-69.61212 25.288015 27.098988 0.21797891 0.7705491 7.310882e-07 0.3657722 0.045527905
-69.72731 25.288017 -27.18247 -0.21796878 0.7705751 -6.4074993e-07 0.81429666 0.09483889
-69.72731 25.288017 27.098988 -0.26822928 0.62037563 6.528571e-07 0.3657722 0.09483889
-69.61212 19.752682 -27.182478 0.2682328 -0.6203542 5.280599e-07 0.88443875 0.012996644
-69.61212 19.88477 27.098991 0.21798047 0.7705528 -8.549541e-07 0.23433578 0.028680354
-69.61212 19.752678 27.098991 0.2179699 -0.7705752 7.171184e-08 0.23433578 0.012996644
-69.72731 19.884771 27.098988 -0.26822737 0.6203727 -7.599592e-07 0.8709347 0.029668808
-69.72731 19.752682 -27.18247 -0.21797223 -0.770572 6.845221e-07 0.24655381 0.0099131465
-69.72731 19.752678 27.098988 -0.26823 -0.620367 -1.6763806e-08 0.8709347 0.0099131465
-69.61212 19.752678 27.098991 0.2179699 -0.7705752 7.171184e-08 0.5669411 0.24653935
-69.72731 19.752682 -27.18247 -0.21797223 -0.770572 6.845221e-07 0.31694108 0.49653935
-69.61212 19.752682 -27.182478 0.2682328 -0.6203542 5.280599e-07 0.31694108 0.24653935
-69.61212 19.88477 27.098991 0.21798047 0.7705528 -8.549541e-07 0.3657722 0.045527905
-69.72731 19.884771 -27.18247 -0.21797007 0.7705796 9.201467e-07 0.81429666 0.09483889
-69.72731 19.884771 27.098988 -0.26822737 0.6203727 -7.599592e-07 0.3657722 0.09483889
-69.61212 15.344532 -27.18248 0.26823276 -0.6203541 5.606562e-07 0.88443875 0.012996644
-69.61212 15.47662 27.098991 0.21798047 0.7705528 -8.549541e-07 0.23433578 0.028680354
-69.61212 15.344528 27.098991 0.21797091 -0.770579 -1.2172386e-06 0.23433578 0.012996644
-69.72731 15.476622 27.098991 -0.26822737 0.6203727 -7.599592e-07 0.8709347 0.029668808
-69.72731 15.344532 -27.18247 -0.21797225 -0.7705721 7.171184e-07 0.24655381 0.0099131465
-69.72731 15.344528 27.098991 -0.2682287 -0.62036395 -1.0598451e-06 0.8709347 0.0099131465
-69.61212 15.344528 27.098991 0.21797091 -0.770579 -1.2172386e-06 0.5669411 0.24653935
-69.72731 15.344532 -27.18247 -0.21797225 -0.7705721 7.171184e-07 0.31694108 0.49653935
-69.61212 15.344532 -27.18248 0.26823276 -0.6203541 5.606562e-07 0.31694108 0.24653935
-69.61212 15.47662 27.098991 0.21798047 0.7705528 -8.549541e-07 0.3657722 0.045527905
-69.72731 15.476622 -27.18247 -0.21797003 0.7705795 8.782372e-07 0.81429666 0.09483889
-69.72731 15.476622 27.098991 -0.26822737 0.6203727 -7.599592e-07 0.3657722 0.09483889
-69.61212 11.2824 -27.18248 0.26823288 -0.6203554 2.933666e-07 0.88443875 0.012996644
-69.61212 11.414488 27.098991 0.21798605 0.77052885 1.3522804e-06 0.23433578 0.028680354
-69.61212 11.282396 27.098991 0.21797127 -0.77058274 -2.1904707e-06 0.23433578 0.012996644
-69.72731 11.414492 27.098991 -0.26822558 0.6203919 9.657815e-07 0.8709347 0.029668808
-69.72731 11.2824 -27.18247 -0.21797085 -0.7705705 -3.091991e-07 0.24655381 0.0099131465
-69.72731 11.282396 27.098991 -0.26822785 -0.620361 -1.8989667e-06 0.8709347 0.0099131465
-69.61212 11.282396 27.098991 0.21797127 -0.77058274 -2.1904707e-06 0.5669411 0.24653935
-69.72731 11.2824 -27.18247 -0.21797085 -0.7705705 -3.091991e-07 0.31694108 0.49653935
-69.61212 11.2824 -27.18248 0.26823288 -0.6203554 2.933666e-07 0.31694108 0.24653935
-69.61212 11.414488 27.098991 0.21798605 0.77052885 1.3522804e-06 0.3657722 0.045527905
-69.72731 11.414492 -27.18247 -0.2179686 0.7705777 -2.188608e-07 0.81429666 0.09483889
-69.72731 11.414492 27.098991 -0.26822558 0.6203919 9.657815e-07 0.3657722 0.09483889
-68.548904 34.671856 9.288471 -0.210316 1.325374e-06 -0.03433284 0.88443863 0.028680354
-68.441925 35.988304 9.288477 0.29376704 -2.376269e-06 -0.047974184 0.23433578 0.012996644
-68.441925 34.671856 9.288475 0.2937639 5.7735306e-06 -0.047974702 0.88443875 0.012996644
-68.44191 35.988304 9.403652 0.21031016 -1.486968e-06 0.03433379 0.8709347 0.0099131465
-68.548904 34.671856 9.403658 -0.29376242 2.1942228e-06 0.04797495 0.24655381 0.029668808
-68.44191 34.671856 9.403664 0.21031931 4.355924e-06 0.034332298 0.24655381 0.0099131465
-68.441925 35.988304 9.288477 0.29376704 -2.376269e-06 -0.047974184 0.5669411 0.24653935
-68.44191 34.671856 9.403664 0.21031931 4.355924e-06 0.034332298 0.31694108 0.49653935
-68.441925 34.671856 9.288475 0.2937639 5.7735306e-06 -0.047974702 0.31694108 0.24653935
-68.548904 34.671856 9.288471 -0.210316 1.325374e-06 -0.03433284 0.81429666 0.045527905
-68.548904 35.988304 9.40365 -0.2937672 3.2126704e-07 0.04797416 0.3657722 0.09483889
-68.548904 35.988304 9.288471 -0.2103141 -7.4308395e-09 -0.034333155 0.3657722 0.045527905
-68.54892 34.671856 6.7229156 -0.21031809 2.630121e-06 -0.0343325 0.88443863 0.028680354
-68.44191 35.988304 6.722908 0.29376417 -4.199083e-06 -0.047974654 0.23433578 0.012996644
-68.44191 34.671856 6.72291 0.29376337 -5.227149e-09 -0.047974784 0.88443875 0.012996644
-68.44191 35.988304 6.838089 0.21031354 -2.7278409e-06 0.034333244 0.8709347 0.0099131465
-68.548904 34.671856 6.8381042 -0.2937614 4.0480477e-06 0.047975108 0.24655381 0.029668808
-68.44191 34.671856 6.8380966 0.21031943 2.4513562e-07 0.034332283 0.24655381 0.0099131465
-68.44191 35.988304 6.722908 0.29376417 -4.199083e-06 -0.047974654 0.5669411 0.24653935
-68.44191 34.671856 6.8380966 0.21031943 2.4513562e-07 0.034332283 0.31694108 0.49653935
-68.44191 34.671856 6.72291 0.29376337 -5.227149e-09 -0.047974784 0.31694108 0.24653935
-68.54892 34.671856 6.7229156 -0.21031809 2.630121e-06 -0.0343325 0.81429666 0.045527905
-68.548904 35.988304 6.838093 -0.2937676 4.0513177e-07 0.047974102 0.3657722 0.09483889
-68.54892 35.988304 6.7229156 -0.21031429 -7.430836e-09 -0.03433312 0.3657722 0.045527905
-68.548904 34.671856 11.7490635 -0.21023746 -1.2852299e-06 -0.034345664 0.88443863 0.028680354
-68.44191 35.988304 11.749065 0.29382223 -2.6305818e-06 -0.047965176 0.23433578 0.012996644
-68.44191 34.671856 11.749065 0.29382107 -5.225111e-09 -0.04796537 0.88443875 0.012996644
-68.548904 35.988304 11.864239 -0.2938204 3.687839e-07 0.047965474 0.8709347 0.029668808
-68.44191 34.671856 11.864252 0.21023875 2.9326432e-07 0.03434545 0.24655381 0.0099131465
-68.44191 35.988304 11.864241 0.21023437 -1.6134471e-06 0.034346163 0.8709347 0.0099131465
-68.44191 35.988304 11.749065 0.29382223 -2.6305818e-06 -0.047965176 0.5669411 0.24653935
-68.44191 34.671856 11.864252 0.21023875 2.9326432e-07 0.03434545 0.31694108 0.49653935
-68.44191 34.671856 11.749065 0.29382107 -5.225111e-09 -0.04796537 0.31694108 0.24653935
-68.548904 34.671856 11.7490635 -0.21023746 -1.2852299e-06 -0.034345664 0.81429666 0.045527905
-68.548904 35.988304 11.864239 -0.2938204 3.687839e-07 0.047965474 0.3657722 0.09483889
-68.548904 35.988304 11.749062 -0.21023695 -7.4322117e-09 -0.03434575 0.3657722 0.045527905
-68.548904 34.671856 -0.030452728 -0.21031566 9.441116e-07 -0.034332894 0.88443863 0.028680354
-68.44191 35.988304 -0.030447006 0.29376593 -2.9340566e-07 -0.04797437 0.23433578 0.012996644
-68.44191 34.671856 -0.030448914 0.2937646 5.801822e-08 -0.04797458 0.88443875 0.012996644
-68.548904 35.988304 0.084724426 -0.29376596 4.0471852e-07 0.047974363 0.8709347 0.029668808
-68.441925 34.671856 0.084739685 0.21031594 2.329366e-07 0.03433285 0.24655381 0.0099131465
-68.441925 35.988304 0.08472824 0.21031319 8.3707754e-08 0.0343333 0.8709347 0.0099131465
-68.44191 35.988304 -0.030447006 0.29376593 -2.9340566e-07 -0.04797437 0.5669411 0.24653935
-68.441925 34.671856 0.084739685 0.21031594 2.329366e-07 0.03433285 0.31694108 0.49653935
-68.44191 34.671856 -0.030448914 0.2937646 5.801822e-08 -0.04797458 0.31694108 0.24653935
-68.548904 34.671856 -0.030452728 -0.21031566 9.441116e-07 -0.034332894 0.81429666 0.045527905
-68.548904 35.988304 0.084724426 -0.29376596 4.0471852e-07 0.047974363 0.3657722 0.09483889
-68.548904 35.988304 -0.030452728 -0.21031316 -7.430856e-09 -0.034333304 0.3657722 0.045527905
-68.548904 34.671856 -2.5960083 -0.21031809 1.1257616e-06 -0.0343325 0.88443863 0.028680354
-68.441925 35.988304 -2.596014 0.29376367 2.046053e-06 -0.047974735 0.23433578 0.012996644
-68.441925 34.671856 -2.596014 0.29376337 -5.227149e-09 -0.047974784 0.88443875 0.012996644
-68.54892 35.988304 -2.4808311 -0.29376444 3.4125532e-07 0.047974616 0.8709347 0.029668808
-68.44191 34.671856 -2.4808273 0.21031804 2.8173235e-07 0.034332506 0.24655381 0.0099131465
-68.44191 35.988304 -2.4808369 0.2103159 1.7170237e-06 0.034332857 0.8709347 0.0099131465
-68.441925 35.988304 -2.596014 0.29376367 2.046053e-06 -0.047974735 0.5669411 0.24653935
-68.44191 34.671856 -2.4808273 0.21031804 2.8173235e-07 0.034332506 0.31694108 0.49653935
-68.441925 34.671856 -2.596014 0.29376337 -5.227149e-09 -0.047974784 0.31694108 0.24653935
-68.548904 34.671856 -2.5960083 -0.21031809 1.1257616e-06 -0.0343325 0.81429666 0.045527905
-68.54892 35.988304 -2.4808311 -0.29376444 3.4125532e-07 0.047974616 0.3657722 0.09483889
-68.548904 35.988304 -2.5960083 -0.21031559 -7.430812e-09 -0.034332905 0.3657722 0.045527905
-68.548904 34.671856 2.4301376 -0.21023802 1.293786e-06 -0.034345567 0.88443863 0.028680354
-68.44191 35.988304 2.4301395 0.29382122 -5.290261e-07 -0.047965344 0.23433578 0.012996644
-68.44191 34.671856 2.4301414 0.29382056 -5.225127e-09 -0.04796544 0.88443875 0.012996644
-68.54892 35.988304 2.5453148 -0.2938222 4.1756212e-07 0.047965184 0.8709347 0.029668808
-68.44191 34.671856 2.5453281 0.21023735 2.7664262e-07 0.03434568 0.24655381 0.0099131465
-68.44191 35.988304 2.5453167 0.21023576 -7.745314e-08 0.03434594 0.8709347 0.0099131465
-68.44191 35.988304 2.4301395 0.29382122 -5.290261e-07 -0.047965344 0.5669411 0.24653935
-68.44191 34.671856 2.5453281 0.21023735 2.7664262e-07 0.03434568 0.31694108 0.49653935
-68.44191 34.671856 2.4301414 0.29382056 -5.225127e-09 -0.04796544 0.31694108 0.24653935
-68.548904 34.671856 2.4301376 -0.21023802 1.293786e-06 -0.034345567 0.81429666 0.045527905
-68.54892 35.988304 2.5453148 -0.2938222 4.1756212e-07 0.047965184 0.3657722 0.09483889
-68.548904 35.988304 2.4301376 -0.21023445 -7.4322566e-09 -0.034346163 0.3657722 0.045527905
-68.548904 34.671856 -9.121417 -0.21031617 2.822259e-07 -0.03433282 0.88443863 0.028680354
-68.44191 35.988304 -9.121412 0.29376623 2.315079e-06 -0.04797432 0.23433578 0.012996644
-68.44191 34.671856 -9.121414 0.29376426 7.921771e-08 -0.04797464 0.88443875 0.012996644
-68.548904 35.988304 -9.00624 -0.2937656 3.82203e-07 0.047974426 0.8709347 0.029668808
-68.441925 34.671856 -9.006226 0.21031642 2.3881992e-07 0.034332775 0.24655381 0.0099131465
-68.441925 35.988304 -9.006237 0.21031305 1.942905e-06 0.034333326 0.8709347 0.0099131465
-68.44191 35.988304 -9.121412 0.29376623 2.315079e-06 -0.04797432 0.5669411 0.24653935
-68.441925 34.671856 -9.006226 0.21031642 2.3881992e-07 0.034332775 0.31694108 0.49653935
-68.44191 34.671856 -9.121414 0.29376426 7.921771e-08 -0.04797464 0.31694108 0.24653935
-68.548904 34.671856 -9.121417 -0.21031617 2.822259e-07 -0.03433282 0.81429666 0.045527905
-68.548904 35.988304 -9.00624 -0.2937656 3.82203e-07 0.047974426 0.3657722 0.09483889
-68.548904 35.988304 -9.121418 -0.21031334 -7.4308533e-09 -0.03433328 0.3657722 0.045527905
-68.548904 34.671856 -11.686972 -0.21031812 -7.4128866e-07 -0.034332495 0.88443863 0.028680354
-68.441925 35.988304 -11.686979 0.2937638 2.991444e-06 -0.047974724 0.23433578 0.012996644
-68.441925 34.671856 -11.686979 0.29376328 -5.2271525e-09 -0.047974803 0.88443875 0.012996644
-68.44191 35.988304 -11.571802 0.21031426 2.4235937e-06 0.03433312 0.8709347 0.0099131465
-68.548904 34.671856 -11.571785 -0.29376134 -7.077658e-07 0.047975115 0.24655381 0.029668808
-68.44191 34.671856 -11.571793 0.21031955 2.395758e-07 0.034332257 0.24655381 0.0099131465
-68.441925 35.988304 -11.686979 0.2937638 2.991444e-06 -0.047974724 0.5669411 0.24653935
-68.44191 34.671856 -11.571793 0.21031955 2.395758e-07 0.034332257 0.31694108 0.49653935
-68.441925 34.671856 -11.686979 0.29376328 -5.2271525e-09 -0.047974803 0.31694108 0.24653935
-68.548904 34.671856 -11.686972 -0.21031812 -7.4128866e-07 -0.034332495 0.81429666 0.045527905
-68.548904 35.988304 -11.571796 -0.29376668 3.712665e-07 0.04797425 0.3657722 0.09483889
-68.548904 35.988304 -11.686972 -0.21031532 -7.4308173e-09 -0.034332953 0.3657722 0.045527905
-68.548904 34.671856 -6.6608267 -0.21023795 -5.72573e-07 -0.034345582 0.88443863 0.028680354
-68.44191 35.988304 -6.660824 0.2938216 2.0795458e-06 -0.04796529 0.23433578 0.012996644
-68.44191 34.671856 -6.660824 0.29382068 -5.2251234e-09 -0.04796543 0.88443875 0.012996644
-68.548904 35.988304 -6.5456505 -0.29382163 3.8956216e-07 0.047965277 0.8709347 0.029668808
-68.44191 34.671856 -6.545637 0.2102379 2.8252336e-07 0.03434559 0.24655381 0.0099131465
-68.44191 35.988304 -6.5456486 0.21023524 1.7810439e-06 0.034346025 0.8709347 0.0099131465
-68.44191 35.988304 -6.660824 0.2938216 2.0795458e-06 -0.04796529 0.5669411 0.24653935
-68.44191 34.671856 -6.545637 0.2102379 2.8252336e-07 0.03434559 0.31694108 0.49653935
-68.44191 34.671856 -6.660824 0.29382068 -5.2251234e-09 -0.04796543 0.31694108 0.24653935
-68.548904 34.671856 -6.6608267 -0.21023795 -5.72573e-07 -0.034345582 0.81429666 0.045527905
-68.548904 35.988304 -6.5456505 -0.29382163 3.8956216e-07 0.047965277 0.3657722 0.09483889
-68.548904 35.988304 -6.6608276 -0.21023521 -7.432242e-09 -0.03434603 0.3657722 0.045527905
-82.7126 58.40199 24.143578 0.124985605 0.6902438 0.028908847 0.97530836 0.4674686
-83.70569 58.40199 23.268772 -0.12499388 0.6902496 -0.028907599 0.9643822 0.49418023
-83.70566 58.40199 24.143578 -0.18732406 0.6955324 0.03763893 0.9643822 0.4674686
-87.62529 55.225677 28.066326 -0.29552022 0.18647832 0.045949973 0.69642663 0.8783077
-87.62529 53.82461 19.346027 -0.21028385 -7.4313773e-09 -0.03433809 0.67664695 0.9595829
-87.62529 53.82461 28.066326 -0.2937914 5.2261586e-09 0.047970206 0.67664695 0.8783077
-78.79294 53.82461 19.346024 0.29378402 -5.2264193e-09 -0.047971413 0.6769319 0.87205
-78.79294 55.225677 28.066319 0.21981168 0.14966819 0.03195011 0.69978195 0.9528511
-78.79294 53.82461 28.066319 0.21028914 7.4312827e-09 0.034337223 0.6769319 0.9528511
-78.79294 55.225677 28.066319 0.21981168 0.14966819 0.03195011 0.6991805 0.8705889
-87.62529 53.82461 28.066326 -0.2937914 5.2261586e-09 0.047970206 0.67606956 0.9523124
-78.79294 53.82461 28.066319 0.21028914 7.4312827e-09 0.034337223 0.67606956 0.8705889
-82.7126 58.40199 23.268772 0.18733063 0.69553775 -0.037638016 0.9515531 0.48213863
-78.79294 55.225677 28.066319 0.21981168 0.14966819 0.03195011 0.9884296 0.4658299
-78.79294 55.225677 19.346024 0.29552448 0.18647598 -0.045949314 0.9884296 0.49424285
-83.70566 58.40199 24.143578 -0.18732406 0.6955324 0.03763893 0.9506038 0.47773522
-78.79294 55.225677 28.066319 0.21981168 0.14966819 0.03195011 0.9874744 0.49082363
-82.7126 58.40199 24.143578 0.124985605 0.6902438 0.028908847 0.9506038 0.48049712
-83.70566 58.40199 24.143578 -0.18732406 0.6955324 0.03763893 0.9512061 0.48166716
-87.62529 55.225677 19.346027 -0.21981423 0.14966603 -0.031949744 0.9890198 0.49438804
-87.62529 55.225677 28.066326 -0.29552022 0.18647832 0.045949973 0.9878393 0.46535343
-82.7126 58.40199 23.268772 0.18733063 0.69553775 -0.037638016 0.9517839 0.4797737
-87.62529 55.225677 19.346027 -0.21981423 0.14966603 -0.031949744 0.98732686 0.49122918
-83.70569 58.40199 23.268772 -0.12499388 0.6902496 -0.028907599 0.95178384 0.48219103
-87.62529 55.225677 19.346027 -0.21981423 0.14966603 -0.031949744 0.6977574 0.87597483
-78.79294 53.82461 19.346024 0.29378402 -5.2264193e-09 -0.047971413 0.6753443 0.955231
-87.62529 53.82461 19.346027 -0.21028385 -7.4313773e-09 -0.03433809 0.6753443 0.87597483
-82.712585 58.40199 -23.070116 0.12498862 0.69026923 0.028906899 0.97530836 0.4674686
-83.70567 58.40199 -23.944918 -0.12499476 0.6902561 -0.02890708 0.9643822 0.49418023
-83.70566 58.40199 -23.070114 -0.18732202 0.6955289 0.037639417 0.9643822 0.4674686
-87.62529 55.225677 -19.147367 -0.29552054 0.18647604 0.045949962 0.69642663 0.8783077
-87.625305 53.82461 -27.867664 -0.21028385 -7.4313773e-09 -0.03433809 0.67664695 0.9595829
-87.62529 53.82461 -19.147367 -0.29379135 5.2261595e-09 0.047970213 0.67664695 0.8783077
-78.79294 53.82461 -27.867668 0.29378402 -5.2264193e-09 -0.047971413 0.6769319 0.87205
-78.79294 55.225677 -19.147371 0.21981163 0.14966823 0.031950112 0.69978195 0.9528511
-78.79294 53.82461 -19.147371 0.21028914 7.4312827e-09 0.034337223 0.6769319 0.9528511
-78.79294 55.225677 -19.147371 0.21981163 0.14966823 0.031950112 0.6991805 0.8705889
-87.62529 53.82461 -19.147367 -0.29379135 5.2261595e-09 0.047970213 0.67606956 0.9523124
-78.79294 53.82461 -19.147371 0.21028914 7.4312827e-09 0.034337223 0.67606956 0.8705889
-82.712585 58.40199 -23.944921 0.18732508 0.69552535 -0.03763959 0.9515531 0.48213863
-78.79294 55.225677 -19.147371 0.21981163 0.14966823 0.031950112 0.9884296 0.4658299
-78.79294 55.225677 -27.867668 0.2955245 0.18647598 -0.045949303 0.9884296 0.49424285
-83.70566 58.40199 -23.070114 -0.18732202 0.6955289 0.037639417 0.9506038 0.47773522
-78.79294 55.225677 -19.147371 0.21981163 0.14966823 0.031950112 0.9874744 0.49082363
-82.712585 58.40199 -23.070116 0.12498862 0.69026923 0.028906899 0.9506038 0.48049712
-83.70566 58.40199 -23.070114 -0.18732202 0.6955289 0.037639417 0.9512061 0.48166716
-87.625305 55.225677 -27.867664 -0.21981438 0.14966407 -0.031949736 0.9890198 0.49438804
-87.62529 55.225677 -19.147367 -0.29552054 0.18647604 0.045949962 0.9878393 0.46535343
-82.712585 58.40199 -23.944921 0.18732508 0.69552535 -0.03763959 0.9517839 0.4797737
-87.625305 55.225677 -27.867664 -0.21981438 0.14966407 -0.031949736 0.98732686 0.49122918
-83.70567 58.40199 -23.944918 -0.12499476 0.6902561 -0.02890708 0.95178384 0.48219103
-87.625305 55.225677 -27.867664 -0.21981438 0.14966407 -0.031949736 0.6977574 0.87597483
-78.79294 53.82461 -27.867668 0.29378402 -5.2264193e-09 -0.047971413 0.6753443 0.955231
-87.625305 53.82461 -27.867664 -0.21028385 -7.4313773e-09 -0.03433809 0.6753443 0.87597483
69.2102 58.40199 -22.891768 0.12498599 0.6902526 0.028908266 0.97530836 0.4674686
68.2171 58.40199 -23.766571 -0.12499385 0.6902532 -0.028907383 0.9643822 0.49418023
68.217125 58.40199 -22.891766 -0.18732265 0.69553226 0.037639085 0.9643822 0.4674686
64.29749 55.225677 -18.96902 -0.29552037 0.18647762 0.045949966 0.69642663 0.8783077
64.297485 53.82461 -27.689316 -0.21028379 -7.431379e-09 -0.034338105 0.67664695 0.9595829
64.29749 53.82461 -18.969019 -0.29379144 5.2261573e-09 0.047970206 0.67664695 0.8783077
73.129845 53.82461 -27.68932 0.29378405 -5.226418e-09 -0.047971405 0.6769319 0.87205
73.12985 55.225677 -18.969023 0.21981177 0.14966825 0.0319501 0.69978195 0.9528511
73.12985 53.82461 -18.969023 0.21028905 7.431285e-09 0.03433724 0.6769319 0.9528511
73.12985 55.225677 -18.969023 0.21981177 0.14966825 0.0319501 0.6991805 0.8705889
64.29749 53.82461 -18.969019 -0.29379144 5.2261573e-09 0.047970206 0.67606956 0.9523124
73.12985 53.82461 -18.969023 0.21028905 7.431285e-09 0.03433724 0.67606956 0.8705889
69.21019 58.40199 -23.766573 0.18732832 0.6955355 -0.037638452 0.9515531 0.48213863
73.12985 55.225677 -18.969023 0.21981177 0.14966825 0.0319501 0.9884296 0.4658299
73.129845 55.225677 -27.68932 0.29552442 0.18647589 -0.045949318 0.9884296 0.49424285
68.217125 58.40199 -22.891766 -0.18732265 0.69553226 0.037639085 0.9506038 0.47773522
73.12985 55.225677 -18.969023 0.21981177 0.14966825 0.0319501 0.9874744 0.49082363
69.2102 58.40199 -22.891768 0.12498599 0.6902526 0.028908266 0.9506038 0.48049712
68.217125 58.40199 -22.891766 -0.18732265 0.69553226 0.037639085 0.9512061 0.48166716
64.297485 55.225677 -27.689316 -0.21981421 0.14966531 -0.03194975 0.9890198 0.49438804
64.29749 55.225677 -18.96902 -0.29552037 0.18647762 0.045949966 0.9878393 0.46535343
69.21019 58.40199 -23.766573 0.18732832 0.6955355 -0.037638452 0.9517839 0.4797737
64.297485 55.225677 -27.689316 -0.21981421 0.14966531 -0.03194975 0.98732686 0.49122918
68.2171 58.40199 -23.766571 -0.12499385 0.6902532 -0.028907383 0.95178384 0.48219103
64.297485 55.225677 -27.689316 -0.21981421 0.14966531 -0.03194975 0.6977574 0.87597483
73.129845 53.82461 -27.68932 0.29378405 -5.226418e-09 -0.047971405 0.6753443 0.955231
64.297485 53.82461 -27.689316 -0.21028379 -7.431379e-09 -0.034338105 0.6753443 0.87597483
69.2102 58.40199 24.291187 0.124986134 0.6902517 0.0289083 0.97530836 0.4674686
68.2171 58.40199 23.416382 -0.1249952 0.69026065 -0.028906748 0.9643822 0.49418023
68.217125 58.40199 24.291187 -0.1873213 0.69552636 0.037639692 0.9643822 0.4674686
64.29749 55.225677 28.213936 -0.2955203 0.18647747 0.045949973 0.69642663 0.8783077
64.297485 53.82461 19.493637 -0.2102838 -7.431378e-09 -0.0343381 0.67664695 0.9595829
64.29749 53.82461 28.213936 -0.2937914 5.2261595e-09 0.047970213 0.67664695 0.8783077
73.129845 53.82461 19.493633 0.29378405 -5.2264184e-09 -0.047971413 0.6769319 0.87205
73.129845 55.225677 28.213928 0.2198118 0.14966846 0.031950098 0.69978195 0.9528511
73.129845 53.82461 28.213928 0.21028903 7.431285e-09 0.034337245 0.6769319 0.9528511
73.129845 55.225677 28.213928 0.2198118 0.14966846 0.031950098 0.6991805 0.8705889
64.29749 53.82461 28.213936 -0.2937914 5.2261595e-09 0.047970213 0.67606956 0.9523124
73.129845 53.82461 28.213928 0.21028903 7.431285e-09 0.034337245 0.67606956 0.8705889
69.21019 58.40199 23.416382 0.18732846 0.6955351 -0.03763846 0.9515531 0.48213863
73.129845 55.225677 28.213928 0.2198118 0.14966846 0.031950098 0.9884296 0.4658299
73.129845 55.225677 19.493633 0.2955244 0.18647611 -0.04594932 0.9884296 0.49424285
68.217125 58.40199 24.291187 -0.1873213 0.69552636 0.037639692 0.9506038 0.47773522
73.129845 55.225677 28.213928 0.2198118 0.14966846 0.031950098 0.9874744 0.49082363
69.2102 58.40199 24.291187 0.124986134 0.6902517 0.0289083 0.9506038 0.48049712
68.217125 58.40199 24.291187 -0.1873213 0.69552636 0.037639692 0.9512061 0.48166716
64.297485 55.225677 19.493637 -0.21981432 0.14966522 -0.031949736 0.9890198 0.49438804
64.29749 55.225677 28.213936 -0.2955203 0.18647747 0.045949973 0.9878393 0.46535343
69.21019 58.40199 23.416382 0.18732846 0.6955351 -0.03763846 0.9517839 0.4797737
64.297485 55.225677 19.493637 -0.21981432 0.14966522 -0.031949736 0.98732686 0.49122918
68.2171 58.40199 23.416382 -0.1249952 0.69026065 -0.028906748 0.95178384 0.48219103
64.297485 55.225677 19.493637 -0.21981432 0.14966522 -0.031949736 0.6977574 0.87597483
73.129845 53.82461 19.493633 0.29378405 -5.2264184e-09 -0.047971413 0.6753443 0.955231
64.297485 53.82461 19.493637 -0.2102838 -7.431378e-09 -0.0343381 0.6753443 0.87597483
62.411617 0.46339035 24.226086 -8.650824e-09 1 -1.6039334e-07 0.8059208 0.51023865
-76.74605 0.46338654 8.819189 4.7419926e-09 1 8.79204e-08 0.69836676 0.60083115
-76.74606 0.46339035 24.226086 4.8655515e-09 1 9.021127e-08 0.69836676 0.51023865
62.411617 0.46338654 -8.638306 -8.649624e-09 1 -1.603711e-07 0.8059208 0.51023865
-76.74606 0.46338654 -24.045204 4.8732183e-09 1 9.035344e-08 0.69836676 0.60083115
-76.74606 0.46338654 -8.638304 4.997978e-09 1 9.266657e-08 0.69836676 0.51023865
62.411617 0.44008636 -26.792933 0.24299863 0.5620106 -0.039678514 0.83527255 0.2351292
-76.74606 0.44008255 -3.9058838 -0.24300714 0.56199765 0.039677788 0.6573205 0.49308985
-76.74608 0.44008255 -26.79293 -0.16876264 0.59661293 -0.027556807 0.79429066 0.26376605
62.411617 0.44008636 -26.792933 0.24299863 0.5620106 -0.039678514 0.653584 0.49629605
-76.74606 -1.0000038 -3.905882 -0.24299775 -0.56200826 0.03967882 0.5669411 0.24653935
62.411617 0.44008636 -26.792933 0.24299863 0.5620106 -0.039678514 0.93235725 0.22271667
62.41162 0.44008636 3.6931343 0.24299854 0.56200963 -0.039678592 0.83527255 0.2351292
-76.74608 0.44008636 28.115517 -0.24300857 0.5619969 0.0396776 0.6573205 0.49308985
-76.74606 0.44008636 3.6931343 -0.16876231 0.59660965 -0.02755703 0.79429066 0.26376605
62.41162 0.44008636 3.6931343 0.24299854 0.56200963 -0.039678592 0.2109427 0.05445282
-76.74608 -1 28.115517 -0.24299794 -0.5620084 0.039678782 0.5669411 0.24653935
62.41162 0.44008636 3.6931343 0.24299854 0.56200963 -0.039678592 0.93235725 0.47096467
-76.74608 42.755615 28.115517 8.684715e-09 -1 3.217808e-08 0.5669411 0.24653935
-76.74606 42.755615 14.432827 8.813502e-09 -1 1.4284396e-08 0.5669411 0.24653935
-76.74608 42.755615 -2.353859 8.775477e-09 -1 1.29262645e-08 0.5669411 0.24653935
-76.74606 42.755615 -22.053593 8.774421e-09 -1 3.3841417e-08 0.5669411 0.24653935
5.519787 42.694145 23.653278 5.1037627e-08 -1 3.1947565e-09 0.5669411 0.24653935
-41.114132 42.694145 23.653278 7.502758e-08 -1 3.127127e-09 0.5669411 0.24653935
-76.930145 42.694145 23.653282 2.2030117e-07 -1 3.4483065e-09 0.5669411 0.24653935
57.054268 42.694145 23.653278 2.2320559e-07 -1 3.5932715e-09 0.5669411 0.24653935
62.41162 7.258194 28.115509 0.16876236 0.596612 0.027556702 0.83527255 0.26464024
-76.74608 7.258194 28.115517 -0.24300794 0.5620002 0.039677497 0.6573205 0.49308985
-76.74606 7.25819 12.708614 -0.16876201 0.5966151 -0.027556803 0.79429066 0.26376605
-76.74606 7.25819 12.708614 -0.16876201 0.5966151 -0.027556803 0.93760777 0.37927815
-76.74608 6.27763 28.115517 -0.24299872 -0.5620084 0.039678656 0.5669411 0.24653935
62.41162 7.25819 12.708614 0.24300699 0.5619977 -0.039678004 0.8059208 0.60083115
-76.74606 7.25819 -27.612787 -0.1687618 0.5966149 -0.027556837 0.83527255 0.26464024
62.41163 7.25819 -27.612803 0.24299961 0.5620118 -0.039678276 0.6573205 0.49308985
62.41163 7.25819 -27.612803 0.24299961 0.5620118 -0.039678276 0.79429066 0.23628044
-76.74608 7.25819 -12.205889 -0.24300757 0.56199944 0.039677605 0.6486306 0.37927815
62.41163 6.277626 -27.612804 0.24300754 -0.56199574 -0.03967785 0.5669411 0.24653935
-76.74608 7.25819 -12.205889 -0.24300757 0.56199944 0.039677605 0.8059208 0.5998546
-76.74606 35.38197 -27.612787 -0.16876197 0.5966149 -0.027556814 0.83527255 0.26464024
62.41163 35.381966 -27.612804 0.24299926 0.56201094 -0.039678406 0.6573205 0.49308985
62.41163 35.381966 -27.612804 0.24299926 0.56201094 -0.039678406 0.79429066 0.23628044
-76.74606 35.381966 -13.318439 -0.24300675 0.56200033 0.03967768 0.6486306 0.37927815
62.41163 34.4014 -27.612804 0.2430067 -0.56199735 -0.039677884 0.24321099 0.5194615
-76.74606 35.381966 -13.318439 -0.24300675 0.56200033 0.03967768 0.8045 0.5977063
62.411633 35.38197 13.627781 0.24299891 0.56200993 -0.039678514 0.83527255 0.2351292
-76.74609 35.381966 27.770374 -0.24300668 0.56200135 0.039677624 0.6573205 0.49308985
-76.74609 35.381966 13.627811 -0.16876149 0.59661436 -0.02755692 0.79429066 0.26376605
62.411633 35.38197 13.627781 0.24299891 0.56200993 -0.039678514 0.6486306 0.37927815
-76.74609 34.4014 27.770374 -0.24299842 -0.5620089 0.039678663 0.24321099 0.5194615
62.411633 35.38197 13.627781 0.24299891 0.56200993 -0.039678514 0.8045 0.5977063
7.6366234 42.819553 14.222015 0.16876012 0.59661776 0.027556777 -0.000879094 0.91710085
5.880966 42.81955 14.222019 -0.24299885 0.56201166 0.039678227 -0.0020201057 0.91932404
5.8809776 42.81955 12.794899 -0.16876085 0.5965978 -0.027557872 -0.00020272285 0.9194365
7.636635 42.81955 12.794899 0.24299985 0.56199956 -0.039679036 -0.000105580315 0.91738534
5.880966 -0.15572739 14.222015 -0.24299748 -0.56199837 0.039679505 0.5669411 0.24653935
7.636635 42.81955 12.794899 0.24299985 0.56199956 -0.039679036 0.24389991 0.60571396
30.033903 42.81955 12.794899 0.2430028 0.56199414 -0.039678913 0.028632 0.91710085
30.033895 42.819553 14.222019 0.16876242 0.59661573 0.027556501 0.027694032 0.91932404
28.278246 42.81955 12.794899 -0.1687614 0.59659946 -0.027557693 -0.00020272285 0.9194365
28.278246 42.81955 12.794899 -0.1687614 0.59659946 -0.027557693 0.02645894 0.9173863
28.278236 -0.15572739 14.222015 -0.24299814 -0.5619999 0.0396793 0.5669411 0.24653935
30.033903 42.81955 12.794899 0.2430028 0.56199414 -0.039678913 0.24389991 0.60571396
52.112934 42.819553 14.222015 0.16876012 0.59661776 0.027556777 -0.000879094 0.91710085
50.357277 42.81955 14.222019 -0.24299878 0.5620113 0.03967826 -0.0020201057 0.91932404
50.357285 42.81955 12.794895 -0.16876099 0.596598 -0.02755784 -0.00020272285 0.9194365
52.11294 42.81955 12.794899 0.24299985 0.56199956 -0.039679036 -0.000105580315 0.91738534
50.357277 -0.15572739 14.222015 -0.24299748 -0.56199837 0.039679505 0.5669411 0.24653935
52.11294 42.81955 12.794899 0.24299985 0.56199956 -0.039679036 0.24389991 0.60571396
41.593025 42.819553 14.222015 0.16875999 0.5966175 0.02755681 -0.000879094 0.91710085
39.837364 42.81955 14.222019 -0.24299876 0.56201094 0.039678298 -0.0020201057 0.91932404
39.83737 42.81955 12.794899 -0.16876104 0.59659827 -0.027557814 -0.00020272285 0.9194365
41.593033 42.81955 12.794899 0.24300002 0.5619998 -0.039679002 -0.000105580315 0.91738534
39.837364 -0.15572739 14.222019 -0.24299754 -0.5619987 0.039679468 0.5669411 0.24653935
41.593033 42.81955 12.794899 0.24300002 0.5619998 -0.039679002 0.24389991 0.60571396
19.306736 42.81955 12.794899 0.24300282 0.5619942 -0.039678913 0.028632 0.91710085
17.551075 42.81955 14.222019 -0.24299878 0.5620113 0.03967826 -0.0020201057 0.91932404
17.551079 42.81955 12.794899 -0.1687614 0.59659946 -0.027557693 -0.00020272285 0.9194365
17.551079 42.81955 12.794899 -0.1687614 0.59659946 -0.027557693 0.02645894 0.9173863
17.551071 -0.15572739 14.222015 -0.24299754 -0.5619987 0.039679468 0.5669411 0.24653935
19.306736 42.81955 12.794899 0.24300282 0.5619942 -0.039678913 0.24389991 0.60571396
-13.14024 42.819553 14.222015 0.16875736 0.5966191 0.027557153 -0.000879094 0.91710085
-14.895893 42.81955 14.222015 -0.24300082 0.56201047 0.039677985 -0.0020201057 0.91932404
-14.895878 42.81955 12.794899 -0.1687586 0.59660095 -0.027558077 -0.00020272285 0.9194365
-14.895878 42.81955 12.794899 -0.1687586 0.59660095 -0.027558077 0.02645894 0.9173863
-14.895901 -0.15572739 14.222015 -0.24299952 -0.5619975 0.03967923 0.5669411 0.24653935
-13.140224 42.81955 12.794899 0.24300133 0.5619971 -0.03967896 0.24389991 0.60571396
-34.415546 42.819553 14.222015 0.16875738 0.5966192 0.027557153 -0.000879094 0.91710085
-36.171207 42.81955 14.222015 -0.24300079 0.56201017 0.03967802 -0.0020201057 0.91932404
-36.1712 42.81955 12.794899 -0.1687583 0.59659964 -0.027558194 -0.00020272285 0.9194365
-34.41554 42.81955 12.794899 0.243002 0.5619986 -0.03967876 -0.000105580315 0.91738534
-36.171207 -0.15572739 14.222015 -0.2429996 -0.5619979 0.039679196 0.5669411 0.24653935
-34.41554 42.81955 12.794899 0.243002 0.5619986 -0.03967876 0.24389991 0.60571396
-56.67288 42.819553 14.222015 0.16876312 0.59661776 0.027556285 -0.000879094 0.91710085
-56.67288 42.819553 14.222015 0.16876312 0.59661776 0.027556285 0.027694032 0.91932404
-58.428524 42.81955 12.794895 -0.16875316 0.59660363 -0.027558826 -0.00020272285 0.9194365
-58.428524 42.81955 12.794895 -0.16875316 0.59660363 -0.027558826 0.02645894 0.9173863
-58.428555 -0.15572739 14.222015 -0.24300447 -0.56199807 0.03967838 0.5669411 0.24653935
-56.672886 42.81955 12.794899 0.24299726 0.5619992 -0.03967948 0.24389991 0.60571396
-68.39885 42.819553 14.222012 0.16876322 0.59661764 0.027556278 -0.000879094 0.91710085
-68.39885 42.819553 14.222012 0.16876322 0.59661764 0.027556278 0.027694032 0.91932404
-70.154495 42.81955 12.794895 -0.1687527 0.596602 -0.027558986 -0.00020272285 0.9194365
-68.39885 42.81955 12.794899 0.24299791 0.56200075 -0.03967928 -0.000105580315 0.91738534
-70.154526 -0.15572739 14.222015 -0.24300456 -0.56199795 0.03967838 0.5669411 0.24653935
-68.39885 42.81955 12.794899 0.24299791 0.56200075 -0.03967928 0.24389991 0.60571396
-45.05834 42.81955 12.794895 0.2430014 0.56199604 -0.039679017 0.028632 0.91710085
-45.058346 42.819553 14.222015 0.16876522 0.5966148 0.027556099 0.027694032 0.91932404
-46.81399 42.81955 12.794899 -0.1687526 0.5966021 -0.027558995 -0.00020272285 0.9194365
-45.05834 42.81955 12.794895 0.2430014 0.56199604 -0.039679017 -0.000105580315 0.91738534
-46.814014 -0.15572739 14.222012 -0.24300456 -0.56199795 0.03967838 0.5669411 0.24653935
-45.05834 42.81955 12.794895 0.2430014 0.56199604 -0.039679017 0.24389991 0.60571396
-23.999073 42.819553 14.222012 0.16876325 0.596618 0.027556252 -0.000879094 0.91710085
-23.999073 42.819553 14.222012 0.16876325 0.596618 0.027556252 0.027694032 0.91932404
-25.754719 42.81955 12.794899 -0.1687526 0.59660214 -0.027558995 -0.00020272285 0.9194365
-23.999073 42.81955 12.794899 0.24299785 0.5620004 -0.03967931 -0.000105580315 0.91738534
-25.754742 -0.15572739 14.222015 -0.24300456 -0.56199795 0.03967838 0.5669411 0.24653935
-23.999073 42.81955 12.794899 0.24299785 0.5620004 -0.03967931 0.24389991 0.60571396
-2.448223 42.819553 14.222012 0.16876282 0.5966162 0.02755642 -0.000879094 0.91710085
-4.203888 42.81955 14.222012 -0.24300486 0.56200874 0.03967745 -0.0020201057 0.91932404
-4.203865 42.81955 12.794899 -0.16875315 0.59660375 -0.02755882 -0.00020272285 0.9194365
-4.203865 42.81955 12.794899 -0.16875315 0.59660375 -0.02755882 0.02645894 0.9173863
-4.203888 -0.15572739 14.222012 -0.2430039 -0.56199646 0.03967858 0.5669411 0.24653935
-2.4482193 42.81955 12.794895 0.24299726 0.5619992 -0.039679486 0.24389991 0.60571396
-2.448223 42.819553 -12.693287 0.16876282 0.59661645 0.027556404 -0.000879094 0.91710085
-4.2038918 42.81955 -12.693285 -0.24300498 0.5620088 0.039677426 -0.0020201057 0.91932404
-4.203865 42.81955 -14.120402 -0.1687531 0.5966037 -0.027558833 -0.00020272285 0.9194365
-4.203865 42.81955 -14.120402 -0.1687531 0.5966037 -0.027558833 0.02645894 0.9173863
-4.2038918 -0.15572739 -12.693287 -0.24300928 -0.5620086 0.039676912 0.5669411 0.24653935
-2.4482193 42.81955 -14.120403 0.24299724 0.561999 -0.039679505 0.24389991 0.60571396
8.775562 42.819553 -12.693287 0.1687632 0.59661794 0.027556272 -0.000879094 0.91710085
8.775562 42.819553 -12.693287 0.1687632 0.59661794 0.027556272 0.027694032 0.91932404
7.0199203 42.81955 -14.120403 -0.16875309 0.5966037 -0.027558833 -0.00020272285 0.9194365
7.0199203 42.81955 -14.120403 -0.16875309 0.5966037 -0.027558833 0.02645894 0.9173863
7.0198936 -0.15572739 -12.693287 -0.24300992 -0.56201017 0.0396767 0.5669411 0.24653935
8.775566 42.81955 -14.120403 0.24299721 0.561999 -0.0396795 0.24389991 0.60571396
-13.48019 42.819553 -12.693287 0.16876282 0.59661645 0.0275564 -0.000879094 0.91710085
-15.235851 42.81955 -12.693285 -0.24300495 0.5620088 0.03967743 -0.0020201057 0.91932404
-15.235828 42.81955 -14.120403 -0.16875309 0.5966037 -0.027558833 -0.00020272285 0.9194365
-15.235828 42.81955 -14.120403 -0.16875309 0.5966037 -0.027558833 0.02645894 0.9173863
-15.235851 -0.15572739 -12.693287 -0.24300928 -0.5620086 0.039676912 0.5669411 0.24653935
-13.480183 42.81955 -14.120403 0.24299724 0.561999 -0.03967951 0.24389991 0.60571396
-34.168972 42.819553 -12.693287 0.16876324 0.596618 0.027556263 -0.000879094 0.91710085
-34.168972 42.819553 -12.693287 0.16876324 0.596618 0.027556263 0.027694032 0.91932404
-35.924625 42.81955 -14.120403 -0.1687527 0.5966022 -0.027558982 -0.00020272285 0.9194365
-34.168972 42.81955 -14.120403 0.24299784 0.5620006 -0.039679296 -0.000105580315 0.91738534
-35.92465 -0.15572739 -12.693287 -0.2430099 -0.56201017 0.039676707 0.5669411 0.24653935
-34.168972 42.81955 -14.120403 0.24299784 0.5620006 -0.039679296 0.24389991 0.60571396
-56.415493 42.819553 -12.693287 0.16876279 0.59661645 0.02755641 -0.000879094 0.91710085
-58.17117 42.81955 -12.693285 -0.24300493 0.5620087 0.03967743 -0.0020201057 0.91932404
-58.171146 42.81955 -14.120402 -0.16875267 0.5966023 -0.027558977 -0.00020272285 0.9194365
-56.415485 42.81955 -14.120403 0.24299788 0.5620006 -0.0396793 -0.000105580315 0.91738534
-58.17117 -0.15572739 -12.693286 -0.24300928 -0.56200856 0.039676905 0.5669411 0.24653935
-56.415485 42.81955 -14.120403 0.24299788 0.5620006 -0.0396793 0.24389991 0.60571396
-68.31018 42.819553 -12.693287 0.16876282 0.5966163 0.027556404 -0.000879094 0.91710085
-70.06589 42.81955 -12.693285 -0.24300498 0.56200874 0.03967743 -0.0020201057 0.91932404
-70.06586 42.81955 -14.120401 -0.16875312 0.59660375 -0.02755883 -0.00020272285 0.9194365
-70.06586 42.81955 -14.120401 -0.16875312 0.59660375 -0.02755883 0.02645894 0.9173863
-70.06589 -0.15572739 -12.693286 -0.2430093 -0.56200856 0.039676905 0.5669411 0.24653935
-68.310196 42.81955 -14.120403 0.24299721 0.561999 -0.0396795 0.24389991 0.60571396
-45.05666 42.819553 -12.693287 0.16876283 0.5966164 0.027556404 -0.000879094 0.91710085
-46.812344 42.81955 -12.693284 -0.24300498 0.56200874 0.03967743 -0.0020201057 0.91932404
-46.81233 42.81955 -14.120401 -0.16875271 0.59660226 -0.027558975 -0.00020272285 0.9194365
-45.056652 42.81955 -14.120403 0.24299788 0.5620005 -0.0396793 -0.000105580315 0.91738534
-46.812344 -0.15572739 -12.693285 -0.2430093 -0.56200856 0.039676905 0.5669411 0.24653935
-45.056652 42.81955 -14.120403 0.24299788 0.5620005 -0.0396793 0.24389991 0.60571396
-23.93156 42.819553 -12.693288 0.1687628 0.59661645 0.027556408 -0.000879094 0.91710085
-25.687252 42.81955 -12.693285 -0.24300493 0.5620088 0.039677426 -0.0020201057 0.91932404
-25.687222 42.81955 -14.120401 -0.1687527 0.5966023 -0.027558971 -0.00020272285 0.9194365
-23.93156 42.81955 -14.120403 0.24299785 0.56200063 -0.0396793 -0.000105580315 0.91738534
-25.687252 -0.15572739 -12.693286 -0.24300928 -0.5620087 0.039676905 0.5669411 0.24653935
-23.93156 42.81955 -14.120403 0.24299785 0.56200063 -0.0396793 0.24389991 0.60571396
29.943125 42.819553 -12.693288 0.1687628 0.59661645 0.027556408 -0.000879094 0.91710085
28.187435 42.81955 -12.693285 -0.24300495 0.56200874 0.03967743 -0.0020201057 0.91932404
28.18746 42.81955 -14.120402 -0.16875271 0.59660226 -0.027558971 -0.00020272285 0.9194365
29.943127 42.81955 -14.120404 0.24299784 0.56200063 -0.039679296 -0.000105580315 0.91738534
28.187435 -0.15572739 -12.693287 -0.24300928 -0.5620086 0.039676905 0.5669411 0.24653935
29.943127 42.81955 -14.120404 0.24299784 0.56200063 -0.039679296 0.24389991 0.60571396
52.427277 42.819553 -12.693287 0.16876285 0.5966163 0.0275564 -0.000879094 0.91710085
50.671585 42.81955 -12.693284 -0.24300495 0.5620088 0.039677426 -0.0020201057 0.91932404
50.67161 42.81955 -14.120401 -0.1687527 0.5966023 -0.027558975 -0.00020272285 0.9194365
52.427277 42.81955 -14.120403 0.24299784 0.5620006 -0.039679304 -0.000105580315 0.91738534
50.671585 -0.15572739 -12.693285 -0.24300928 -0.5620087 0.039676905 0.5669411 0.24653935
52.427277 42.81955 -14.120403 0.24299784 0.5620006 -0.039679304 0.24389991 0.60571396
41.06361 42.819553 -12.693287 0.16876282 0.5966163 0.027556412 -0.000879094 0.91710085
39.307922 42.81955 -12.693284 -0.24300495 0.5620088 0.03967743 -0.0020201057 0.91932404
39.307945 42.81955 -14.120401 -0.1687527 0.5966023 -0.027558971 -0.00020272285 0.9194365
41.063614 42.81955 -14.120403 0.24299784 0.56200063 -0.039679304 -0.000105580315 0.91738534
39.307922 -0.15572739 -12.693285 -0.24300928 -0.5620087 0.039676905 0.5669411 0.24653935
41.063614 42.81955 -14.120403 0.24299784 0.56200063 -0.039679304 0.24389991 0.60571396
18.738377 42.819553 -12.693287 0.16876282 0.5966163 0.027556408 -0.000879094 0.91710085
16.982689 42.81955 -12.693284 -0.24300495 0.5620088 0.03967743 -0.0020201057 0.91932404
16.982712 42.81955 -14.120401 -0.16875271 0.59660226 -0.027558975 -0.00020272285 0.9194365
18.73838 42.81955 -14.120403 0.24299784 0.56200063 -0.039679304 -0.000105580315 0.91738534
16.982689 -0.15572739 -12.693285 -0.24300928 -0.5620086 0.039676912 0.5669411 0.24653935
18.73838 42.81955 -14.120403 0.24299784 0.56200063 -0.039679304 0.24389991 0.60571396
50.566154 7.25819 -12.211452 -0.21797374 0.77056557 -1.5553087e-07 0.85241103 0.3581855
62.775497 6.277622 -12.211477 -3.094215e-07 -1 -9.623851e-08 0.5669411 0.24653935
50.566154 7.25819 12.848099 -0.2682321 0.6203604 -4.377216e-08 0.8059208 0.59587085
-68.0999 7.25819 -12.211479 0.26823092 0.620364 -8.288771e-08 0.7517335 0.3581855
-77.30968 6.277622 12.848095 4.20118e-07 -1 -4.2503345e-08 0.5669411 0.24653935
-68.0999 7.25819 -12.211479 0.26823092 0.620364 -8.288771e-08 0.8059208 0.59587085
-69.43643 10.8238945 -26.640818 0.26823264 0.620356 1.4156103e-07 0.14192423 0.00914477
-77.30968 10.3982315 27.277435 4.845698e-07 -1 -2.1120061e-07 0.5669411 0.24653935
-69.43643 10.8238945 -26.640818 0.26823264 0.620356 1.4156103e-07 1.2038624 0.41651812
-69.43643 14.863167 -26.640816 0.26823005 0.62036717 -4.4703484e-08 0.14192423 0.00914477
-77.30968 14.4375 27.277435 4.9259563e-07 -1 -6.2395145e-08 0.5669411 0.24653935
-69.43643 14.863167 -26.640816 0.26823005 0.62036717 -4.4703484e-08 1.2038624 0.41651812
-69.43643 19.251127 -26.640816 0.26823005 0.62036717 -4.4703484e-08 0.14192423 0.00914477
-77.30968 18.82546 27.277431 4.952709e-07 -1 -1.2793336e-08 0.5669411 0.24653935
-69.43643 19.251127 -26.640816 0.26823005 0.62036717 -4.4703484e-08 1.2038624 0.41651812
-69.43643 24.586872 -26.640816 0.26823 0.62036705 -1.21071935e-08 0.14192423 0.00914477
-77.30968 24.161205 27.277431 4.9393157e-07 -1 -3.7593523e-08 0.5669411 0.24653935
-69.43643 24.586872 -26.640816 0.26823 0.62036705 -1.21071935e-08 1.2038624 0.41651812
-69.43643 30.327044 -26.640816 0.26823 0.62036705 -1.21071935e-08 0.14192423 0.00914477
-77.30968 29.901379 27.277431 4.9393157e-07 -1 -3.7593523e-08 0.5669411 0.24653935
-69.43643 30.327044 -26.640816 0.26823 0.62036705 -1.21071935e-08 1.2038624 0.41651812
-68.33836 35.374714 -13.313784 0.26823014 0.6203665 -1.1175871e-08 0.7517335 0.3581855
-77.30968 34.394146 13.950401 4.3447017e-07 -1 3.1802777e-08 0.5669411 0.24653935
-68.33836 35.374714 -13.313784 0.26823014 0.6203665 -1.1175871e-08 0.8079553 0.59587085
-68.31018 42.819553 -4.2455635 0.21028444 2.9939457e-08 0.03433799 -0.000879094 0.91710085
-68.31018 42.819553 -4.2455635 0.21028444 2.9939457e-08 0.03433799 0.027694032 0.91932404
-70.06586 42.81955 -5.672678 -0.2102738 8.211556e-09 -0.034339726 -0.00020272285 0.9194365
-68.31018 42.81955 -5.67268 0.29378757 4.0490725e-08 -0.04797083 -0.000105580315 0.91738534
-68.310196 42.819553 5.5792923 0.2102836 -1.0195578e-10 0.03433813 -0.000879094 0.91710085
-70.06587 42.81955 5.579294 -0.29379725 -2.9363388e-08 0.04796926 -0.0020201057 0.91932404
-70.06586 42.81955 4.152176 -0.2102739 -2.2196655e-08 -0.03433971 -0.00020272285 0.9194365
-68.310196 42.81955 4.152176 0.29379335 -1.785931e-09 -0.047969896 -0.000105580315 0.91738534
-69.98486 8.171074 13.041683 9.9651515e-08 0.62003124 0.043813083 0.23433578 0.028680354
50.732487 8.171074 12.869774 -1.2246892e-07 0.6203531 -0.04379907 0.24655381 0.029668808
-69.98486 8.011139 13.041683 -2.924353e-07 -0.62021196 0.043805335 0.5669411 0.24653935
50.732487 8.171074 12.869774 -1.2246892e-07 0.6203531 -0.04379907 0.81429666 0.09483889
-69.98486 8.171074 -12.832088 -1.0703225e-06 0.62020713 0.04380538 0.23433578 0.028680354
50.732487 8.171074 -13.003998 -9.629875e-07 0.62017703 -0.0438068 0.24655381 0.029668808
-69.98486 8.011139 -12.832088 -3.7625432e-07 -0.620212 0.043805335 0.5669411 0.24653935
50.732487 8.171074 -13.003998 -9.629875e-07 0.62017703 -0.0438068 0.81429666 0.09483889
-69.98486 36.01203 -13.449291 -1.322478e-07 0.6200623 0.043811724 0.23433578 0.028680354
62.400364 36.01203 -13.621201 -2.332963e-07 0.62030953 -0.043800995 0.24655381 0.029668808
-69.98486 35.852097 -13.449291 6.868504e-08 -0.6201551 0.043807816 0.5669411 0.24653935
62.400364 36.01203 -13.621201 -2.332963e-07 0.62030953 -0.043800995 0.81429666 0.09483889
-69.98488 36.01203 13.867573 -1.4319085e-07 0.6200622 0.043811727 0.23433578 0.028680354
62.17917 36.01203 13.695663 2.561137e-08 0.6203497 -0.043799233 0.24655381 0.029668808
-69.98488 35.852097 13.867573 5.7043508e-08 -0.6201491 0.043808084 0.5669411 0.24653935
62.17917 36.01203 13.695663 2.561137e-08 0.6203497 -0.043799233 0.81429666 0.09483889
-68.43555 36.00995 -13.255078 0.2682301 0.62036484 2.2444874e-07 0.88443863 0.028680354
-68.550735 36.00995 -13.255075 -0.21797061 0.77057534 3.091991e-07 0.24655381 0.029668808
-68.55072 35.877857 13.171593 -0.26823038 -0.6203668 1.8347055e-07 0.5669411 0.49653935
-68.43555 36.00995 -13.255078 0.2682301 0.62036484 2.2444874e-07 0.81429666 0.045527905
-68.43555 8.151821 -13.255077 0.26822817 0.6203652 1.1483207e-06 0.88443863 0.028680354
-68.550735 8.151821 -13.255075 -0.21797135 0.7705754 7.050112e-07 0.24655381 0.029668808
-68.55072 8.01973 13.171593 -0.26823157 -0.6203666 7.3667616e-07 0.5669411 0.49653935
-68.43555 8.151821 -13.255077 0.26822817 0.6203652 1.1483207e-06 0.81429666 0.045527905
51.009445 8.151821 -13.255078 0.2682282 0.6203652 1.1473894e-06 0.88443863 0.028680354
50.894257 8.151821 -13.255076 -0.21797146 0.7705752 7.059425e-07 0.24655381 0.029668808
50.89427 8.01973 13.171593 -0.2682318 -0.62036574 7.4133277e-07 0.5669411 0.49653935
51.009445 8.151821 -13.255078 0.2682282 0.6203652 1.1473894e-06 0.81429666 0.045527905
51.014313 8.10807 -4.146735 0.29378766 -4.125308e-08 -0.047970816 0.23433578 0.028680354
50.899124 -0.5227318 -4.146736 -0.2102875 2.6244086e-07 -0.034337495 0.24655381 0.029668808
50.89914 8.10807 -4.0146475 -0.29378387 4.4227806e-07 0.047971442 0.5669411 0.49653935
50.899124 -0.5227318 -4.146736 -0.2102875 2.6244086e-07 -0.034337495 0.81429666 0.09483889
51.014313 8.10807 3.8460789 0.29378924 -4.1254403e-08 -0.047970563 0.23433578 0.028680354
50.899124 -0.5227318 3.8460789 -0.21028788 2.7946953e-07 -0.03433743 0.24655381 0.029668808
50.89914 8.10807 3.9781666 -0.29378247 4.4380283e-07 0.047971666 0.5669411 0.49653935
50.899124 -0.5227318 3.8460789 -0.21028788 2.7946953e-07 -0.03433743 0.81429666 0.09483889
51.014313 8.08186 -0.07503891 0.29378757 -2.4142096e-07 -0.04797084 0.23433578 0.028680354
50.899124 6.7654114 -0.07504082 -0.2102881 1.8735323e-06 -0.03433739 0.24655381 0.029668808
50.89914 8.08186 0.057048798 -0.29378483 2.8463376e-06 0.04797128 0.5669411 0.49653935
50.899124 6.7654114 -0.07504082 -0.2102881 1.8735323e-06 -0.03433739 0.81429666 0.09483889
51.014313 8.081856 -8.276066 0.29378757 -2.4233378e-07 -0.04797084 0.23433578 0.028680354
50.899124 6.7654076 -8.276068 -0.2102881 1.8735323e-06 -0.03433739 0.24655381 0.029668808
50.89914 8.081856 -8.143978 -0.29378352 2.916726e-06 0.047971494 0.5669411 0.49653935
50.899124 6.7654076 -8.276068 -0.2102881 1.8735323e-06 -0.03433739 0.81429666 0.09483889
51.014313 8.081856 8.432224 0.29378697 -1.6303024e-07 -0.04797094 0.23433578 0.028680354
50.899124 6.7654076 8.432224 -0.21028675 1.8735669e-06 -0.034337614 0.24655381 0.029668808
50.89914 8.081856 8.564314 -0.2937838 2.8365394e-06 0.047971457 0.5669411 0.49653935
50.899124 6.7654076 8.432224 -0.21028675 1.8735669e-06 -0.034337614 0.81429666 0.09483889
51.014313 8.081856 6.120302 0.29378614 -3.1900012e-07 -0.047971066 0.23433578 0.028680354
50.899124 6.7654076 6.120302 -0.21028675 1.8735669e-06 -0.034337614 0.24655381 0.029668808
50.89914 8.081856 6.2523937 -0.29378298 2.8364625e-06 0.047971588 0.5669411 0.49653935
50.899124 6.7654076 6.120302 -0.21028675 1.8735669e-06 -0.034337614 0.81429666 0.09483889
51.014313 8.081856 10.633839 0.29378697 -3.2083418e-07 -0.04797094 0.23433578 0.028680354
50.899124 6.7654076 10.633839 -0.21028675 1.8748735e-06 -0.034337614 0.24655381 0.029668808
50.89914 8.081856 10.76593 -0.2937838 2.8383647e-06 0.047971457 0.5669411 0.49653935
50.899124 6.7654076 10.633839 -0.21028675 1.8748735e-06 -0.034337614 0.81429666 0.09483889
51.014313 8.081856 1.8613071 0.29378614 -3.1900012e-07 -0.047971066 0.23433578 0.028680354
50.899124 6.7654076 1.8613071 -0.2102879 1.8735304e-06 -0.03433743 0.24655381 0.029668808
50.899136 8.081856 1.9933968 -0.2937838 2.837452e-06 0.047971457 0.5669411 0.49653935
50.899124 6.7654076 1.8613071 -0.2102879 1.8735304e-06 -0.03433743 0.81429666 0.09483889
51.014313 8.081856 -2.1749344 0.29378697 -3.1992138e-07 -0.04797094 0.23433578 0.028680354
50.899124 6.7654076 -2.1749344 -0.21028675 1.8735669e-06 -0.034337614 0.24655381 0.029668808
50.899136 8.081856 -2.0428448 -0.29378298 2.8373752e-06 0.047971588 0.5669411 0.49653935
50.899124 6.7654076 -2.1749344 -0.21028675 1.8735669e-06 -0.034337614 0.81429666 0.09483889
51.014313 8.081856 -6.329668 0.29378718 -3.1992087e-07 -0.047970906 0.23433578 0.028680354
50.899124 6.7654076 -6.329668 -0.21028733 1.8742021e-06 -0.03433752 0.24655381 0.029668808
50.899136 8.081856 -6.1975775 -0.2937834 2.8374134e-06 0.047971517 0.5669411 0.49653935
50.899124 6.7654076 -6.329668 -0.21028733 1.8742021e-06 -0.03433752 0.81429666 0.09483889
51.014313 8.081852 -10.556563 0.29378656 -3.1900433e-07 -0.047971003 0.23433578 0.028680354
50.899124 6.7654037 -10.556563 -0.21028702 1.8735503e-06 -0.034337576 0.24655381 0.029668808
50.89914 8.081852 -10.424473 -0.2937834 2.8374134e-06 0.047971517 0.5669411 0.49653935
50.899124 6.7654037 -10.556563 -0.21028702 1.8735503e-06 -0.034337576 0.81429666 0.09483889
45.68629 8.081852 -12.9927025 0.29378688 -3.2083184e-07 -0.04797095 0.23433578 0.028680354
45.571102 6.7654037 -12.9927025 -0.21028717 1.763211e-06 -0.034337547 0.24655381 0.029668808
45.571114 8.081852 -12.860612 -0.29378656 2.8347022e-06 0.047971003 0.5669411 0.49653935
45.571102 6.7654037 -12.9927025 -0.21028717 1.763211e-06 -0.034337547 0.81429666 0.09483889
43.455334 8.081852 -12.9927025 0.29378667 -3.2082968e-07 -0.047970988 0.23433578 0.028680354
43.340145 6.7654037 -12.9927025 -0.21028703 1.98651e-06 -0.03433757 0.24655381 0.029668808
43.340157 8.081852 -12.860613 -0.29378656 2.52275e-06 0.047971003 0.5669411 0.49653935
43.340145 6.7654037 -12.9927025 -0.21028703 1.98651e-06 -0.03433757 0.81429666 0.09483889
48.233566 8.081852 -12.9927025 0.29378688 -3.190063e-07 -0.04797095 0.23433578 0.028680354
48.118378 6.7654037 -12.9927025 -0.21028717 1.8735494e-06 -0.034337547 0.24655381 0.029668808
48.11839 8.081852 -12.860613 -0.29378656 2.678726e-06 0.047971003 0.5669411 0.49653935
48.118378 6.7654037 -12.9927025 -0.21028717 1.8735494e-06 -0.034337547 0.81429666 0.09483889
34.607567 8.081852 -12.9927025 0.29378664 -5.226327e-09 -0.047970988 0.23433578 0.028680354
34.49238 6.7654037 -12.9927025 -0.21028683 1.7632168e-06 -0.03433761 0.24655381 0.029668808
34.49239 8.081852 -12.860613 -0.29378647 2.515447e-06 0.047971018 0.5669411 0.49653935
34.49238 6.7654037 -12.9927025 -0.21028683 1.7632168e-06 -0.03433761 0.81429666 0.09483889
37.10663 8.081852 -12.9927025 0.29378685 -5.2263203e-09 -0.047970958 0.23433578 0.028680354
36.991444 6.7654037 -12.9927025 -0.21028695 1.3218554e-06 -0.034337584 0.24655381 0.029668808
36.991455 8.081852 -12.860613 -0.29378635 2.5227514e-06 0.047971036 0.5669411 0.49653935
36.991444 6.7654037 -12.9927025 -0.21028695 1.3218554e-06 -0.034337584 0.81429666 0.09483889
32.26288 8.081852 -12.9927025 0.29378656 -5.2263305e-09 -0.047971006 0.23433578 0.028680354
32.14769 6.7654037 -12.9927025 -0.21028695 1.316629e-06 -0.034337584 0.24655381 0.029668808
32.147705 8.081852 -12.860613 -0.29378667 2.5227662e-06 0.047970988 0.5669411 0.49653935
32.14769 6.7654037 -12.9927025 -0.21028695 1.316629e-06 -0.034337584 0.81429666 0.09483889
23.519787 8.081852 -12.9927025 0.29378664 -5.226327e-09 -0.047970988 0.23433578 0.028680354
23.4046 6.7654037 -12.9927025 -0.21028712 1.7632082e-06 -0.034337558 0.24655381 0.029668808
23.404612 8.081852 -12.860613 -0.29378667 1.2749497e-06 0.047970988 0.5669411 0.49653935
23.4046 6.7654037 -12.9927025 -0.21028712 1.7632082e-06 -0.034337558 0.81429666 0.09483889
26.08535 8.081852 -12.9927025 0.29378656 -5.2263305e-09 -0.047971006 0.23433578 0.028680354
25.970163 6.7654037 -12.9927025 -0.21028695 1.7632087e-06 -0.034337584 0.24655381 0.029668808
25.970173 8.081852 -12.860613 -0.29378667 2.5154638e-06 0.047970988 0.5669411 0.49653935
25.970163 6.7654037 -12.9927025 -0.21028695 1.7632087e-06 -0.034337584 0.81429666 0.09483889
21.059189 8.081852 -12.9927025 0.29378664 -5.226327e-09 -0.047970988 0.23433578 0.028680354
20.944 6.7654037 -12.9927025 -0.21028683 1.7579905e-06 -0.03433761 0.24655381 0.029668808
20.944008 8.081852 -12.860613 -0.29378647 1.2676389e-06 0.047971018 0.5669411 0.49653935
20.944 6.7654037 -12.9927025 -0.21028683 1.7579905e-06 -0.03433761 0.81429666 0.09483889
13.030788 8.081852 -12.9927025 0.29378656 -5.2263305e-09 -0.047971006 0.23433578 0.028680354
12.915615 8.081852 -12.992703 -0.2102853 1.7786634e-06 -0.034337856 0.8709347 0.029668808
12.915615 8.081852 -12.860613 -0.2937861 2.5154468e-06 0.04797107 0.5669411 0.49653935
12.915604 6.7654037 -12.9927025 -0.21028692 1.7684348e-06 -0.034337595 0.81429666 0.09483889
15.596352 8.081852 -12.9927025 0.29378685 -5.2263203e-09 -0.047970958 0.23433578 0.028680354
15.481167 6.7654037 -12.9927025 -0.21028695 8.7527565e-07 -0.034337584 0.24655381 0.029668808
15.481178 8.081852 -12.860613 -0.29378635 2.5154488e-06 0.047971036 0.5669411 0.49653935
15.481167 6.7654037 -12.9927025 -0.21028695 8.7527565e-07 -0.034337584 0.81429666 0.09483889
10.57019 8.081852 -12.9927025 0.29378664 -5.226327e-09 -0.047970988 0.23433578 0.028680354
10.455006 6.7654037 -12.9927025 -0.21028723 1.7579739e-06 -0.034337536 0.24655381 0.029668808
10.455013 8.081852 -12.860613 -0.29378667 2.5300687e-06 0.047970988 0.5669411 0.49653935
10.455006 6.7654037 -12.9927025 -0.21028723 1.7579739e-06 -0.034337536 0.81429666 0.09483889
2.3624496 8.081852 -12.9927025 0.29379866 -5.225903e-09 -0.04796903 0.23433578 0.028680354
2.247261 6.7654037 -12.9927025 -0.21027002 1.7578376e-06 -0.034340344 0.24655381 0.029668808
2.2472687 8.081852 -12.860612 -0.2937988 2.5301706e-06 0.04796901 0.5669411 0.49653935
2.247261 6.7654037 -12.9927025 -0.21027002 1.7578376e-06 -0.034340344 0.81429666 0.09483889
4.928005 8.081852 -12.9927025 0.2937747 -5.226748e-09 -0.047972932 0.23433578 0.028680354
4.8128204 6.7654037 -12.9927025 -0.21030405 3.555049e-06 -0.03433479 0.24655381 0.029668808
4.812832 8.081852 -12.860612 -0.29377425 3.4433857e-08 0.047973014 0.5669411 0.49653935
4.8128204 6.7654037 -12.9927025 -0.21030405 3.555049e-06 -0.03433479 0.81429666 0.09483889
-0.09815216 8.081852 -12.9927025 0.29379874 -5.225899e-09 -0.047969013 0.23433578 0.028680354
-0.21334076 6.7654037 -12.9927025 -0.21027033 1.7682813e-06 -0.0343403 0.24655381 0.029668808
-0.21333313 8.081852 -12.860612 -0.2937988 2.5155646e-06 0.04796901 0.5669411 0.49653935
-0.21334076 6.7654037 -12.9927025 -0.21027033 1.7682813e-06 -0.0343403 0.81429666 0.09483889
-8.948929 8.081852 -12.9927025 0.29379883 -5.225896e-09 -0.047969 0.23433578 0.028680354
-9.064117 6.7654037 -12.9927025 -0.21026997 1.7578416e-06 -0.034340356 0.24655381 0.029668808
-9.06411 8.081852 -12.860612 -0.29379869 2.5301622e-06 0.04796903 0.5669411 0.49653935
-9.064117 6.7654037 -12.9927025 -0.21026997 1.7578416e-06 -0.034340356 0.81429666 0.09483889
-6.3833694 8.081852 -12.9927025 0.2937747 -5.226748e-09 -0.047972932 0.23433578 0.028680354
-6.498558 6.7654037 -12.9927025 -0.21030405 -2.8337338e-08 -0.03433479 0.24655381 0.029668808
-6.498543 8.081852 -12.860612 -0.29377425 2.5153481e-06 0.047973014 0.5669411 0.49653935
-6.498558 6.7654037 -12.9927025 -0.21030405 -2.8337338e-08 -0.03433479 0.81429666 0.09483889
-11.409527 8.081852 -12.9927025 0.2937986 -5.2259046e-09 -0.047969036 0.23433578 0.028680354
-11.524708 8.081852 -12.992703 -0.21026862 -7.4316477e-09 -0.034340575 0.8709347 0.029668808
-11.524708 8.081852 -12.860612 -0.29379803 4.3825178e-08 0.047969133 0.5669411 0.49653935
-11.524715 6.7654037 -12.9927025 -0.21026976 1.7720213e-06 -0.03434039 0.81429666 0.09483889
-19.390995 8.081852 -12.9927025 0.2937987 -5.2259006e-09 -0.047969017 0.23433578 0.028680354
-19.506168 8.081852 -12.9927025 -0.21026835 1.7787341e-06 -0.03434062 0.8709347 0.029668808
-19.506176 8.081852 -12.860612 -0.29379827 2.5301601e-06 0.047969095 0.5669411 0.49653935
-19.506176 6.7654037 -12.9927025 -0.21026987 1.7787397e-06 -0.034340374 0.81429666 0.09483889
-16.825436 8.081852 -12.9927025 0.2937746 -5.226752e-09 -0.04797295 0.23433578 0.028680354
-16.940624 6.7654037 -12.9927025 -0.21030414 3.5445953e-06 -0.03433478 0.24655381 0.029668808
-16.940609 8.081852 -12.860612 -0.2937744 5.2267595e-09 0.047972985 0.5669411 0.49653935
-16.940624 6.7654037 -12.9927025 -0.21030414 3.5445953e-06 -0.03433478 0.81429666 0.09483889
-21.851597 8.081852 -12.9927025 0.29379869 -5.225903e-09 -0.04796903 0.23433578 0.028680354
-21.96677 8.081852 -12.992703 -0.21026856 1.7783055e-06 -0.03434059 0.8709347 0.029668808
-21.966778 8.081852 -12.860612 -0.29379812 2.530142e-06 0.047969118 0.5669411 0.49653935
-21.966785 6.7654037 -12.9927025 -0.2102697 1.7578393e-06 -0.034340397 0.81429666 0.09483889
-29.827282 8.081852 -12.9927025 0.2937987 -5.2259006e-09 -0.047969017 0.23433578 0.028680354
-29.94247 6.7654037 -12.9927025 -0.21026997 1.7578416e-06 -0.034340356 0.24655381 0.029668808
-29.82729 8.081852 -12.860611 0.2102712 7.4316016e-09 0.03434015 0.5669411 0.24653935
-29.94247 6.7654037 -12.9927025 -0.21026997 1.7578416e-06 -0.034340356 0.81429666 0.09483889
-27.261723 8.081852 -12.9927025 0.2937746 -5.226752e-09 -0.04797295 0.23433578 0.028680354
-27.376911 6.7654037 -12.9927025 -0.21030414 -2.8337332e-08 -0.03433478 0.24655381 0.029668808
-27.376896 8.081852 -12.860613 -0.2937744 5.025484e-06 0.047972985 0.5669411 0.49653935
-27.376911 6.7654037 -12.9927025 -0.21030414 -2.8337332e-08 -0.03433478 0.81429666 0.09483889
-32.287884 8.081852 -12.9927025 0.29379874 -5.225899e-09 -0.047969013 0.23433578 0.028680354
-32.403065 6.7654037 -12.9927025 -0.2102701 -2.8336206e-08 -0.034340333 0.24655381 0.029668808
-32.403057 8.081852 -12.860612 -0.2937986 2.5009417e-06 0.04796904 0.5669411 0.49653935
-32.403065 6.7654037 -12.9927025 -0.2102701 -2.8336206e-08 -0.034340333 0.81429666 0.09483889
-40.613956 8.081852 -12.9927025 0.29379883 -5.225897e-09 -0.047969 0.23433578 0.028680354
-40.729145 6.7654037 -12.9927025 -0.21026997 -7.4316233e-09 -0.034340348 0.24655381 0.029668808
-40.729137 8.081852 -12.860612 -0.29379857 6.364947e-08 0.047969043 0.5669411 0.49653935
-40.729145 6.7654037 -12.9927025 -0.21026997 -7.4316233e-09 -0.034340348 0.81429666 0.09483889
-38.048405 8.081852 -12.9927025 0.29375014 -5.2276183e-09 -0.047976956 0.23433578 0.028680354
-38.163586 6.7654037 -12.9927025 -0.21033783 -7.430417e-09 -0.034329277 0.24655381 0.029668808
-38.16357 8.081852 -12.860613 -0.2937501 4.995873e-06 0.047976956 0.5669411 0.49653935
-38.163586 6.7654037 -12.9927025 -0.21033783 -7.430417e-09 -0.034329277 0.81429666 0.09483889
-43.07456 8.081852 -12.9927025 0.29379866 -5.225903e-09 -0.04796903 0.23433578 0.028680354
-43.18974 6.7654037 -12.992703 -0.21027009 -7.4316224e-09 -0.034340344 0.24655381 0.029668808
-43.18974 8.081852 -12.860613 -0.29379857 6.364945e-08 0.047969043 0.5669411 0.49653935
-43.18974 6.7654037 -12.992703 -0.21027009 -7.4316224e-09 -0.034340344 0.81429666 0.09483889
-51.497677 8.081852 -12.9927025 0.29379883 -5.225897e-09 -0.047969 0.23433578 0.028680354
-51.61285 8.081852 -12.9927025 -0.21026832 -7.4316535e-09 -0.034340624 0.8709347 0.029668808
-51.612858 8.081852 -12.860613 -0.2937983 3.443774e-08 0.047969088 0.5669411 0.49653935
-51.612865 6.7654037 -12.9927025 -0.21026976 -7.4316286e-09 -0.034340393 0.81429666 0.09483889
-48.932117 8.081852 -12.9927025 0.2937502 -5.2276152e-09 -0.04797694 0.23433578 0.028680354
-49.047306 6.7654037 -12.9927025 -0.21033786 -7.4304163e-09 -0.034329273 0.24655381 0.029668808
-49.04729 8.081852 -12.860613 -0.29375 4.995865e-06 0.047976974 0.5669411 0.49653935
-49.047306 6.7654037 -12.9927025 -0.21033786 -7.4304163e-09 -0.034329273 0.81429666 0.09483889
-53.95827 8.081852 -12.9927025 0.29379866 -5.225903e-09 -0.04796903 0.23433578 0.028680354
-54.073452 8.081852 -12.992703 -0.2102685 -7.4316495e-09 -0.034340594 0.8709347 0.029668808
-54.073452 8.081852 -12.860612 -0.2937982 3.4437722e-08 0.04796911 0.5669411 0.49653935
-54.07346 6.7654037 -12.9927025 -0.21026981 -7.431627e-09 -0.034340385 0.81429666 0.09483889
-62.927235 8.081852 -12.9927025 0.29379877 -5.2258984e-09 -0.04796901 0.23433578 0.028680354
-63.042423 6.7654037 -12.9927025 -0.21026996 3.5231126e-06 -0.03434036 0.24655381 0.029668808
-63.042416 8.081852 -12.860613 -0.2937986 4.9966725e-06 0.047969036 0.5669411 0.49653935
-63.042423 6.7654037 -12.9927025 -0.21026996 3.5231126e-06 -0.03434036 0.81429666 0.09483889
-60.361675 8.081852 -12.9927025 0.29375017 -5.227616e-09 -0.047976945 0.23433578 0.028680354
-60.476864 6.7654037 -12.9927025 -0.21033786 3.5451812e-06 -0.034329273 0.24655381 0.029668808
-60.47684 8.081852 -12.860613 -0.29375 3.442998e-08 0.047976978 0.5669411 0.49653935
-60.476864 6.7654037 -12.9927025 -0.21033786 3.5451812e-06 -0.034329273 0.81429666 0.09483889
-65.38783 8.081852 -12.9927025 0.2937987 -5.2259e-09 -0.047969017 0.23433578 0.028680354
-65.50302 6.7654037 -12.9927025 -0.21027009 3.5231053e-06 -0.034340337 0.24655381 0.029668808
-65.503006 8.081852 -12.860613 -0.2937985 4.996657e-06 0.047969054 0.5669411 0.49653935
-65.50302 6.7654037 -12.9927025 -0.21027009 3.5231053e-06 -0.034340337 0.81429666 0.09483889
-62.927227 8.081852 12.892326 0.29379854 -5.2259077e-09 -0.04796905 0.23433578 0.028680354
-63.042416 6.7654037 12.892326 -0.21027112 -7.4316033e-09 -0.034340166 0.24655381 0.029668808
-63.042408 8.081852 13.024418 -0.29379913 3.443755e-08 0.047968946 0.5669411 0.49653935
-63.042416 6.7654037 12.892326 -0.21027112 -7.4316033e-09 -0.034340166 0.81429666 0.09483889
-60.361675 8.081852 12.892326 0.29374996 -5.227624e-09 -0.04797698 0.23433578 0.028680354
-60.476856 6.7654037 12.892326 -0.21033788 -7.4304163e-09 -0.03432927 0.24655381 0.029668808
-60.47684 8.081852 13.024418 -0.29374978 4.9957966e-06 0.047977015 0.5669411 0.49653935
-60.476856 6.7654037 12.892326 -0.21033788 -7.4304163e-09 -0.03432927 0.81429666 0.09483889
-65.38782 8.081852 12.892326 0.29379934 -5.225879e-09 -0.04796892 0.23433578 0.028680354
-65.503006 8.081852 12.892326 -0.21026762 -7.431666e-09 -0.03434074 0.8709347 0.029668808
-65.503006 8.081852 13.024418 -0.29379925 3.443749e-08 0.04796893 0.5669411 0.49653935
-65.503006 6.7654037 12.892326 -0.21026976 -7.431628e-09 -0.03434039 0.81429666 0.09483889
-52.01382 8.081852 12.892326 0.29379722 -5.225953e-09 -0.04796926 0.23433578 0.028680354
-52.12901 6.7654037 12.892326 -0.21026856 -7.4316495e-09 -0.03434059 0.24655381 0.029668808
-52.129 8.081852 13.024418 -0.29379836 3.4437424e-08 0.047969073 0.5669411 0.49653935
-52.01382 6.7654037 12.892326 0.2937997 -5.2258664e-09 -0.04796886 0.81429666 0.045527905
-49.44826 8.081852 12.892326 0.2937512 -5.2275793e-09 -0.047976773 0.23433578 0.028680354
-49.56345 6.7654037 12.892326 -0.21033901 -7.4303954e-09 -0.034329083 0.24655381 0.029668808
-49.563435 8.081852 13.024414 -0.29375058 4.995933e-06 0.047976878 0.5669411 0.49653935
-49.56345 6.7654037 12.892326 -0.21033901 -7.4303954e-09 -0.034329083 0.81429666 0.09483889
-54.474415 8.081852 12.892326 0.29379854 -5.2259077e-09 -0.04796905 0.23433578 0.028680354
-54.589603 6.7654037 12.892326 -0.21027112 -7.4316033e-09 -0.034340166 0.24655381 0.029668808
-54.589596 8.081852 13.024418 -0.29379913 3.443755e-08 0.047968946 0.5669411 0.49653935
-54.589603 6.7654037 12.892326 -0.21027112 -7.4316033e-09 -0.034340166 0.81429666 0.09483889
-40.69221 8.081852 12.892326 0.29379722 -5.225953e-09 -0.04796926 0.23433578 0.028680354
-40.807392 6.7654037 12.892326 -0.21026856 -7.4316495e-09 -0.03434059 0.24655381 0.029668808
-40.807384 8.081852 13.024414 -0.29379913 3.443755e-08 0.047968946 0.5669411 0.49653935
-40.69221 6.7654037 12.892326 0.29380047 -5.225838e-09 -0.04796873 0.81429666 0.045527905
-38.12665 8.081852 12.892326 0.29375073 -5.2275952e-09 -0.047976844 0.23433578 0.028680354
-38.24184 6.7654037 12.892326 -0.21033788 -7.4304163e-09 -0.03432927 0.24655381 0.029668808
-38.241817 8.081852 13.024418 -0.29374894 4.99566e-06 0.047977142 0.5669411 0.49653935
-38.24184 6.7654037 12.892326 -0.21033788 -7.4304163e-09 -0.03432927 0.81429666 0.09483889
-43.152805 8.081852 12.892326 0.29379815 -5.225921e-09 -0.047969114 0.23433578 0.028680354
-43.267994 6.7654037 12.892326 -0.21027078 -7.431609e-09 -0.034340218 0.24655381 0.029668808
-43.267986 8.081852 13.024418 -0.29379913 3.443755e-08 0.047968946 0.5669411 0.49653935
-43.152805 6.7654037 12.892326 0.29380047 -5.225838e-09 -0.04796873 0.81429666 0.045527905
-30.259441 8.081852 12.892326 0.29379773 -5.2259352e-09 -0.047969177 0.23433578 0.028680354
-30.37463 6.7654037 12.892326 -0.21027002 1.7578575e-06 -0.03434035 0.24655381 0.029668808
-30.374622 8.081852 13.024418 -0.29379752 2.500844e-06 0.04796921 0.5669411 0.49653935
-30.37463 6.7654037 12.892326 -0.21027002 1.7578575e-06 -0.03434035 0.81429666 0.09483889
-27.69389 8.081852 12.892326 0.29375073 -5.2275952e-09 -0.047976844 0.23433578 0.028680354
-27.809078 6.7654037 12.892326 -0.21033885 1.7583761e-06 -0.034329105 0.24655381 0.029668808
-27.809063 8.081852 13.024418 -0.29375058 2.5297825e-06 0.047976878 0.5669411 0.49653935
-27.809078 6.7654037 12.892326 -0.21033885 1.7583761e-06 -0.034329105 0.81429666 0.09483889
-32.720043 8.081852 12.892326 0.29379934 -5.225879e-09 -0.04796892 0.23433578 0.028680354
-32.835224 8.081852 12.892326 -0.21026762 -7.8521e-09 -0.03434074 0.8709347 0.029668808
-32.835217 8.081852 13.024418 -0.2937988 4.3825224e-08 0.04796901 0.5669411 0.49653935
-32.83523 6.7654037 12.892326 -0.21026976 1.7511366e-06 -0.03434039 0.81429666 0.09483889
-19.472866 8.081852 12.892326 0.29379934 -5.225879e-09 -0.04796892 0.23433578 0.028680354
-19.588047 8.081852 12.892326 -0.21026762 1.7783227e-06 -0.03434074 0.8709347 0.029668808
-19.588047 8.081852 13.024418 -0.2937988 2.5301892e-06 0.04796901 0.5669411 0.49653935
-19.588055 6.7654037 12.892326 -0.21026976 1.7578553e-06 -0.03434039 0.81429666 0.09483889
-16.907314 8.081852 12.892326 0.29374912 -5.227653e-09 -0.047977112 0.23433578 0.028680354
-17.022503 6.7654037 12.892326 -0.21033788 1.7584393e-06 -0.03432927 0.24655381 0.029668808
-17.022488 8.081852 13.024418 -0.29374894 2.5296458e-06 0.047977142 0.5669411 0.49653935
-17.022503 6.7654037 12.892326 -0.21033788 1.7584393e-06 -0.03432927 0.81429666 0.09483889
-21.933468 8.081852 12.892326 0.29379934 -5.225879e-09 -0.04796892 0.23433578 0.028680354
-22.048649 8.081852 12.892326 -0.21026762 1.7783227e-06 -0.03434074 0.8709347 0.029668808
-22.048649 8.081852 13.024418 -0.2937988 2.5009774e-06 0.04796901 0.5669411 0.49653935
-22.048656 6.7654037 12.892326 -0.21026976 1.7578553e-06 -0.03434039 0.81429666 0.09483889
-8.609829 8.081852 12.892326 0.29380023 -5.225846e-09 -0.047968764 0.23433578 0.028680354
-8.725006 8.081852 12.892326 -0.21026865 1.7782598e-06 -0.034340575 0.8709347 0.029668808
-8.725006 8.081852 13.024418 -0.2937972 2.5300533e-06 0.047969267 0.5669411 0.49653935
-8.725018 6.7654037 12.892326 -0.21026976 1.757855e-06 -0.03434039 0.81429666 0.09483889
-6.0442734 8.081852 12.89233 0.29375073 -5.2275952e-09 -0.047976844 0.23433578 0.028680354
-6.159462 6.7654037 12.89233 -0.21033788 -1.788452e-08 -0.03432927 0.24655381 0.029668808
-6.159443 8.081852 13.024418 -0.29375058 2.5151812e-06 0.047976878 0.5669411 0.49653935
-6.159462 6.7654037 12.89233 -0.21033788 -1.788452e-08 -0.03432927 0.81429666 0.09483889
-11.070431 8.081852 12.89233 0.29379934 -5.225879e-09 -0.04796892 0.23433578 0.028680354
-11.185619 6.7654037 12.892326 -0.21027002 1.7578575e-06 -0.03434035 0.24655381 0.029668808
-11.185612 8.081852 13.024418 -0.29380006 2.5009654e-06 0.047968794 0.5669411 0.49653935
-11.185619 6.7654037 12.892326 -0.21027002 1.7578575e-06 -0.03434035 0.81429666 0.09483889
1.6049995 8.081852 12.892326 0.29380023 -5.225846e-09 -0.047968764 0.23433578 0.028680354
1.489811 6.7654037 12.892326 -0.21027227 1.7577887e-06 -0.03433998 0.24655381 0.029668808
1.4898224 8.081852 13.024418 -0.29379913 2.5301924e-06 0.047968946 0.5669411 0.49653935
1.489811 6.7654037 12.892326 -0.21027227 1.7577887e-06 -0.03433998 0.81429666 0.09483889
4.170555 8.081852 12.892326 0.29375073 -5.2275952e-09 -0.047976844 0.23433578 0.028680354
4.0553665 6.7654037 12.892326 -0.21033788 1.7584393e-06 -0.03432927 0.24655381 0.029668808
4.0553856 8.081852 13.024418 -0.29375058 2.5297825e-06 0.047976878 0.5669411 0.49653935
4.0553665 6.7654037 12.892326 -0.21033788 1.7584393e-06 -0.03432927 0.81429666 0.09483889
-0.85560226 8.081852 12.892326 0.29379934 -5.225879e-09 -0.04796892 0.23433578 0.028680354
-0.9707756 8.081852 12.892326 -0.21026762 1.7785329e-06 -0.03434074 0.8709347 0.029668808
-0.9707794 8.081852 13.024418 -0.29379973 2.515568e-06 0.047968857 0.5669411 0.49653935
-0.97079086 6.7654037 12.892326 -0.21026976 1.7683077e-06 -0.03434039 0.81429666 0.09483889
12.42334 8.081852 12.892326 0.29379934 -5.225879e-09 -0.04796892 0.23433578 0.028680354
12.308151 6.7654037 12.892326 -0.21027002 8.752129e-07 -0.03434035 0.24655381 0.029668808
12.308159 8.081852 13.024418 -0.29379913 2.5155864e-06 0.047968946 0.5669411 0.49653935
12.308151 6.7654037 12.892326 -0.21027002 8.752129e-07 -0.03434035 0.81429666 0.09483889
14.988895 8.081852 12.892326 0.29375073 -5.2275952e-09 -0.047976844 0.23433578 0.028680354
14.873707 6.7654037 12.892326 -0.21033788 1.7688934e-06 -0.03432927 0.24655381 0.029668808
14.873726 8.081852 13.024418 -0.29375148 2.5151658e-06 0.047976725 0.5669411 0.49653935
14.873707 6.7654037 12.892326 -0.21033788 1.7688934e-06 -0.03432927 0.81429666 0.09483889
9.962742 8.081852 12.892326 0.29380023 -5.225846e-09 -0.047968764 0.23433578 0.028680354
9.847553 6.7654037 12.892326 -0.21027227 1.7577887e-06 -0.03433998 0.24655381 0.029668808
9.847565 8.081852 13.024418 -0.29379913 2.5301924e-06 0.047968946 0.5669411 0.49653935
9.847553 6.7654037 12.892326 -0.21027227 1.7577887e-06 -0.03433998 0.81429666 0.09483889
23.596073 8.081852 12.892326 0.29379934 -5.225879e-09 -0.04796892 0.23433578 0.028680354
23.480886 6.7654037 12.892326 -0.21027002 1.7683097e-06 -0.03434035 0.24655381 0.029668808
23.480896 8.081852 13.024414 -0.29379913 2.5155864e-06 0.047968946 0.5669411 0.49653935
23.480886 6.7654037 12.892326 -0.21027002 1.7683097e-06 -0.03434035 0.81429666 0.09483889
26.161629 8.081852 12.892326 0.29375073 -5.2275952e-09 -0.047976844 0.23433578 0.028680354
26.046442 6.7654037 12.892326 -0.21033788 1.7636664e-06 -0.03432927 0.24655381 0.029668808
26.04646 8.081852 13.024418 -0.29375058 2.522482e-06 0.047976878 0.5669411 0.49653935
26.046442 6.7654037 12.892326 -0.21033788 1.7636664e-06 -0.03432927 0.81429666 0.09483889
21.135471 8.081852 12.892326 0.29380023 -5.225846e-09 -0.047968764 0.23433578 0.028680354
21.020298 8.081852 12.892326 -0.21026865 1.7782598e-06 -0.034340575 0.8709347 0.029668808
21.020294 8.081852 13.024418 -0.2937972 2.5300533e-06 0.047969267 0.5669411 0.49653935
21.02029 6.7654037 12.892326 -0.21026976 1.757855e-06 -0.03434039 0.81429666 0.09483889
34.698265 8.081852 12.892326 0.29379934 -5.225879e-09 -0.04796892 0.23433578 0.028680354
34.58308 6.7654037 12.892326 -0.21027002 1.7683097e-06 -0.03434035 0.24655381 0.029668808
34.583088 8.081852 13.024418 -0.29379913 2.5228894e-06 0.047968946 0.5669411 0.49653935
34.58308 6.7654037 12.892326 -0.21027002 1.7683097e-06 -0.03434035 0.81429666 0.09483889
37.26382 8.081852 12.892326 0.29374912 -5.227653e-09 -0.047977112 0.23433578 0.028680354
37.148636 6.7654037 12.892326 -0.21033788 1.3169719e-06 -0.03432927 0.24655381 0.029668808
37.14865 8.081852 13.024418 -0.29374894 2.5223453e-06 0.047977142 0.5669411 0.49653935
37.148636 6.7654037 12.892326 -0.21033788 1.3169719e-06 -0.03432927 0.81429666 0.09483889
32.237667 8.081852 12.892326 0.29379934 -5.225879e-09 -0.04796892 0.23433578 0.028680354
32.122482 6.7654037 12.892326 -0.21027002 1.7630837e-06 -0.03434035 0.24655381 0.029668808
32.12249 8.081852 13.024418 -0.29379913 2.5228894e-06 0.047968946 0.5669411 0.49653935
32.122482 6.7654037 12.892326 -0.21027002 1.7630837e-06 -0.03434035 0.81429666 0.09483889
45.687176 8.081852 12.892326 0.29379934 -5.225879e-09 -0.04796892 0.23433578 0.028680354
45.571987 6.7654037 12.892326 -0.21027002 1.5398094e-06 -0.03434035 0.24655381 0.029668808
45.571995 8.081852 13.024414 -0.29379913 2.519238e-06 0.047968946 0.5669411 0.49653935
45.571987 6.7654037 12.892326 -0.21027002 1.5398094e-06 -0.03434035 0.81429666 0.09483889
48.25273 8.081852 12.89233 0.29375073 -5.2275952e-09 -0.047976844 0.23433578 0.028680354
48.137543 6.7654037 12.892326 -0.21033788 1.5403192e-06 -0.03432927 0.24655381 0.029668808
48.13756 8.081852 13.024418 -0.29375058 2.522482e-06 0.047976878 0.5669411 0.49653935
48.137543 6.7654037 12.892326 -0.21033788 1.5403192e-06 -0.03432927 0.81429666 0.09483889
43.226574 8.081852 12.892326 0.29379773 -5.2259352e-09 -0.047969177 0.23433578 0.028680354
43.11139 6.7654037 12.892326 -0.21027227 1.765628e-06 -0.03433998 0.24655381 0.029668808
43.111397 8.081852 13.024418 -0.29379913 1.8989505e-06 0.047968946 0.5669411 0.49653935
43.11139 6.7654037 12.892326 -0.21027227 1.765628e-06 -0.03433998 0.81429666 0.09483889
45.687176 35.886555 13.713306 0.29379922 -5.2258824e-09 -0.04796893 0.23433578 0.028680354
45.571987 34.570107 13.713306 -0.21026976 1.7630814e-06 -0.03434039 0.24655381 0.029668808
45.571995 35.886555 13.845394 -0.29379994 2.2072543e-06 0.047968812 0.5669411 0.49653935
45.571987 34.570107 13.713306 -0.21026976 1.7630814e-06 -0.03434039 0.81429666 0.09483889
48.25273 35.886555 13.713306 0.29375154 -5.2275673e-09 -0.04797672 0.23433578 0.028680354
48.137543 34.570107 13.71331 -0.21033993 1.7635958e-06 -0.034328934 0.24655381 0.029668808
48.13756 35.886555 13.845398 -0.29375046 2.2105617e-06 0.047976896 0.5669411 0.49653935
48.137543 34.570107 13.71331 -0.21033993 1.7635958e-06 -0.034328934 0.81429666 0.09483889
43.226574 35.886555 13.713306 0.29379922 -5.2258824e-09 -0.04796893 0.23433578 0.028680354
43.11139 34.570107 13.713306 -0.21026976 1.7630814e-06 -0.03434039 0.24655381 0.029668808
43.111397 35.886555 13.845394 -0.29379904 2.522888e-06 0.04796896 0.5669411 0.49653935
43.11139 34.570107 13.713306 -0.21026976 1.7630814e-06 -0.03434039 0.81429666 0.09483889
34.719933 35.886555 13.713303 0.29379922 -5.2258824e-09 -0.04796893 0.23433578 0.028680354
34.604744 34.570107 13.713306 -0.21026976 1.7630814e-06 -0.03434039 0.24655381 0.029668808
34.60475 35.886555 13.845398 -0.29379904 2.522888e-06 0.04796896 0.5669411 0.49653935
34.604744 34.570107 13.713306 -0.21026976 1.7630814e-06 -0.03434039 0.81429666 0.09483889
37.285484 35.886555 13.713306 0.29375064 -5.2275992e-09 -0.047976866 0.23433578 0.028680354
37.1703 34.570107 13.713306 -0.21033764 1.3221972e-06 -0.034329303 0.24655381 0.029668808
37.17032 35.886555 13.845398 -0.29375136 2.5224651e-06 0.047976747 0.5669411 0.49653935
37.1703 34.570107 13.713306 -0.21033764 1.3221972e-06 -0.034329303 0.81429666 0.09483889
32.25933 35.886555 13.713306 0.29379922 -5.2258824e-09 -0.04796893 0.23433578 0.028680354
32.144146 34.570107 13.713306 -0.21027073 1.7630181e-06 -0.03434023 0.24655381 0.029668808
32.144154 35.886555 13.845398 -0.29379904 2.515585e-06 0.04796896 0.5669411 0.49653935
32.144146 34.570107 13.713306 -0.21027073 1.7630181e-06 -0.03434023 0.81429666 0.09483889
23.58873 35.886555 13.713306 0.2937976 -5.2259397e-09 -0.0479692 0.23433578 0.028680354
23.473545 34.570107 13.713306 -0.21027203 1.7577864e-06 -0.034340017 0.24655381 0.029668808
23.47355 35.886555 13.845394 -0.29379904 2.530191e-06 0.04796896 0.5669411 0.49653935
23.473545 34.570107 13.713306 -0.21027203 1.7577864e-06 -0.034340017 0.81429666 0.09483889
26.154287 35.886555 13.713306 0.29375064 -5.2275992e-09 -0.047976866 0.23433578 0.028680354
26.0391 34.570107 13.713306 -0.21033764 8.702764e-07 -0.034329303 0.24655381 0.029668808
26.039118 35.886555 13.845394 -0.29375046 2.51518e-06 0.047976896 0.5669411 0.49653935
26.0391 34.570107 13.713306 -0.21033764 8.702764e-07 -0.034329303 0.81429666 0.09483889
21.128132 35.886555 13.713306 0.29379922 -5.2258824e-09 -0.04796893 0.23433578 0.028680354
21.012943 34.570107 13.713306 -0.21026976 1.7683076e-06 -0.03434039 0.24655381 0.029668808
21.01295 35.886555 13.845398 -0.29379904 2.515585e-06 0.04796896 0.5669411 0.49653935
21.012943 34.570107 13.713306 -0.21026976 1.7683076e-06 -0.03434039 0.81429666 0.09483889
12.732681 35.886555 13.713306 0.29379922 -5.2258824e-09 -0.04796893 0.23433578 0.028680354
12.6174965 34.570107 13.713306 -0.21026976 1.7683076e-06 -0.03434039 0.24655381 0.029668808
12.617504 35.886555 13.845394 -0.29379904 2.515585e-06 0.04796896 0.5669411 0.49653935
12.6174965 34.570107 13.713306 -0.21026976 1.7683076e-06 -0.03434039 0.81429666 0.09483889
15.298237 35.886555 13.713306 0.29375064 -5.2275992e-09 -0.047976866 0.23433578 0.028680354
15.183048 34.570107 13.713306 -0.21033764 1.7688911e-06 -0.034329303 0.24655381 0.029668808
15.183067 35.886555 13.845398 -0.29375046 2.51518e-06 0.047976896 0.5669411 0.49653935
15.183048 34.570107 13.713306 -0.21033764 1.7688911e-06 -0.034329303 0.81429666 0.09483889
10.272083 35.886555 13.713306 0.29380012 -5.2258504e-09 -0.047968786 0.23433578 0.028680354
10.1568985 34.570107 13.713306 -0.21027203 1.7577864e-06 -0.034340017 0.24655381 0.029668808
10.272079 35.886555 13.845398 0.2102705 7.431615e-09 0.034340274 0.5669411 0.24653935
10.1568985 34.570107 13.713306 -0.21027203 1.7577864e-06 -0.034340017 0.81429666 0.09483889
1.7585602 35.886555 13.713306 0.29379922 -5.2258824e-09 -0.04796893 0.23433578 0.028680354
1.6433716 34.570107 13.713306 -0.21027073 1.7682444e-06 -0.03434023 0.24655381 0.029668808
1.6433792 35.886555 13.845398 -0.29379904 2.515585e-06 0.04796896 0.5669411 0.49653935
1.6433716 34.570107 13.713306 -0.21027073 1.7682444e-06 -0.03434023 0.81429666 0.09483889
4.3241158 35.886555 13.713306 0.29375064 -5.2275992e-09 -0.047976866 0.23433578 0.028680354
4.208927 34.570107 13.713306 -0.21033764 1.7688911e-06 -0.034329303 0.24655381 0.029668808
4.2089424 35.886555 13.845394 -0.29374883 2.5150437e-06 0.047977157 0.5669411 0.49653935
4.208927 34.570107 13.713306 -0.21033764 1.7688911e-06 -0.034329303 0.81429666 0.09483889
-0.702034 35.886555 13.713306 0.2937976 -5.2259397e-09 -0.0479692 0.23433578 0.028680354
-0.8172226 34.570107 13.713306 -0.21026976 1.7683076e-06 -0.03434039 0.24655381 0.029668808
-0.8172188 35.886555 13.845398 -0.29379743 2.5154486e-06 0.047969226 0.5669411 0.49653935
-0.8172226 34.570107 13.713306 -0.21026976 1.7683076e-06 -0.03434039 0.81429666 0.09483889
-8.572086 35.886555 13.713306 0.29379922 -5.2258824e-09 -0.04796893 0.23433578 0.028680354
-8.687275 34.570107 13.713306 -0.21026976 1.77876e-06 -0.03434039 0.24655381 0.029668808
-8.687271 35.886555 13.845398 -0.29379904 2.530191e-06 0.04796896 0.5669411 0.49653935
-8.687275 34.570107 13.713306 -0.21026976 1.77876e-06 -0.03434039 0.81429666 0.09483889
-6.0065346 35.886555 13.713306 0.29375154 -5.2275673e-09 -0.04797672 0.23433578 0.028680354
-6.1217194 34.570107 13.713306 -0.21033993 1.7583689e-06 -0.034328934 0.24655381 0.029668808
-6.121704 35.886555 13.845394 -0.29375046 2.5297813e-06 0.047976896 0.5669411 0.49653935
-6.1217194 34.570107 13.713306 -0.21033993 1.7583689e-06 -0.034328934 0.81429666 0.09483889
-11.0326805 35.886555 13.713306 0.29379922 -5.2258824e-09 -0.04796893 0.23433578 0.028680354
-11.1478615 34.570107 13.713306 -0.21027073 1.7577919e-06 -0.03434023 0.24655381 0.029668808
-11.147854 35.886555 13.845398 -0.29379904 3.4437626e-08 0.04796896 0.5669411 0.49653935
-11.1478615 34.570107 13.713306 -0.21027073 1.7577919e-06 -0.03434023 0.81429666 0.09483889
-19.56757 35.886555 13.713306 0.29379922 -5.2258824e-09 -0.04796893 0.23433578 0.028680354
-19.682758 34.570107 13.713306 -0.21026976 1.7578552e-06 -0.03434039 0.24655381 0.029668808
-19.682758 35.886555 13.845398 -0.29379904 2.530191e-06 0.04796896 0.5669411 0.49653935
-19.682758 34.570107 13.713306 -0.21026976 1.7578552e-06 -0.03434039 0.81429666 0.09483889
-17.002018 35.886555 13.713306 0.29375064 -5.2275992e-09 -0.047976866 0.23433578 0.028680354
-17.117207 34.570107 13.713306 -0.21033864 1.7792825e-06 -0.034329142 0.24655381 0.029668808
-17.00201 35.886555 13.845398 0.21033706 7.430431e-09 0.034329403 0.5669411 0.24653935
-17.117207 34.570107 13.713306 -0.21033864 1.7792825e-06 -0.034329142 0.81429666 0.09483889
-22.028164 35.886555 13.713306 0.29379922 -5.2258824e-09 -0.04796893 0.23433578 0.028680354
-22.143345 35.886555 13.713306 -0.21027 -7.4316233e-09 -0.034340348 0.8709347 0.029668808
-22.028172 35.886555 13.845398 0.2102705 7.431615e-09 0.034340274 0.5669411 0.24653935
-22.143353 34.570107 13.71331 -0.21026823 1.7720445e-06 -0.034340635 0.81429666 0.09483889
-30.170132 35.886555 13.713306 0.2937976 -5.2259397e-09 -0.0479692 0.23433578 0.028680354
-30.285305 35.886555 13.713306 -0.21026778 1.7787444e-06 -0.034340713 0.8709347 0.029668808
-30.285313 35.886555 13.845398 -0.29379869 2.5301874e-06 0.047969025 0.5669411 0.49653935
-30.28532 34.570107 13.713306 -0.21027178 1.7786897e-06 -0.03434006 0.81429666 0.09483889
-27.604572 35.886555 13.713306 0.29375064 -5.2275992e-09 -0.047976866 0.23433578 0.028680354
-27.71976 34.570107 13.713306 -0.21033764 1.7793452e-06 -0.034329303 0.24655381 0.029668808
-27.719746 35.886555 13.845394 -0.29375046 2.500579e-06 0.047976896 0.5669411 0.49653935
-27.71976 34.570107 13.713306 -0.21033764 1.7793452e-06 -0.034329303 0.81429666 0.09483889
-32.63072 35.886555 13.71331 0.29379922 -5.2258824e-09 -0.04796893 0.23433578 0.028680354
-32.745907 34.570107 13.71331 -0.21026976 1.7578552e-06 -0.03434039 0.24655381 0.029668808
-32.7459 35.886555 13.845398 -0.29379904 2.530191e-06 0.04796896 0.5669411 0.49653935
-32.745907 34.570107 13.71331 -0.21026976 1.7578552e-06 -0.03434039 0.81429666 0.09483889
-41.091373 35.886555 13.713306 0.29379922 -5.2258824e-09 -0.04796893 0.23433578 0.028680354
-41.206562 34.570107 13.713306 -0.21026976 -7.4316273e-09 -0.03434039 0.24655381 0.029668808
-41.206554 35.886555 13.845398 -0.29379743 6.364879e-08 0.047969226 0.5669411 0.49653935
-41.206562 34.570107 13.713306 -0.21026976 -7.4316273e-09 -0.03434039 0.81429666 0.09483889
-38.52582 35.886555 13.713306 0.29375064 -5.2275992e-09 -0.047976866 0.23433578 0.028680354
-38.64101 34.570107 13.713306 -0.21033764 -7.4304194e-09 -0.034329303 0.24655381 0.029668808
-38.640995 35.886555 13.845394 -0.29375046 4.995931e-06 0.047976896 0.5669411 0.49653935
-38.64101 34.570107 13.713306 -0.21033764 -7.4304194e-09 -0.034329303 0.81429666 0.09483889
-43.551968 35.886555 13.713306 0.29379922 -5.2258824e-09 -0.04796893 0.23433578 0.028680354
-43.667156 34.570107 13.713306 -0.21026976 3.5440466e-06 -0.03434039 0.24655381 0.029668808
-43.66715 35.886555 13.845398 -0.29379904 5.2258886e-09 0.04796896 0.5669411 0.49653935
-43.667156 34.570107 13.713306 -0.21026976 3.5440466e-06 -0.03434039 0.81429666 0.09483889
-51.936184 35.886555 13.713306 0.29379922 -5.2258824e-09 -0.04796893 0.23433578 0.028680354
-52.051373 34.570107 13.713306 -0.21026976 3.5440466e-06 -0.03434039 0.24655381 0.029668808
-51.936184 35.886555 13.845398 0.2102705 7.431615e-09 0.034340274 0.5669411 0.24653935
-52.051373 34.570107 13.713306 -0.21026976 3.5440466e-06 -0.03434039 0.81429666 0.09483889
-49.370632 35.886555 13.713303 0.29375154 -5.2275673e-09 -0.04797672 0.23433578 0.028680354
-49.48582 34.570107 13.713303 -0.21033993 3.5450762e-06 -0.034328934 0.24655381 0.029668808
-49.370625 35.886555 13.845394 0.21033706 7.430431e-09 0.034329403 0.5669411 0.24653935
-49.48582 34.570107 13.713303 -0.21033993 3.5450762e-06 -0.034328934 0.81429666 0.09483889
-54.39678 35.886555 13.713306 0.29379922 -5.2258824e-09 -0.04796893 0.23433578 0.028680354
-54.51195 35.886555 13.713303 -0.21027 -7.4316233e-09 -0.034340348 0.8709347 0.029668808
-54.39678 35.886555 13.845398 0.2102705 7.431615e-09 0.034340274 0.5669411 0.24653935
-54.511967 34.570107 13.713306 -0.21026823 -7.4316544e-09 -0.034340635 0.81429666 0.09483889
-63.620846 35.886555 13.713306 0.29379922 -5.2258824e-09 -0.04796893 0.23433578 0.028680354
-63.736027 34.570107 13.713306 -0.21027026 -7.431619e-09 -0.034340307 0.24655381 0.029668808
-63.73602 35.886555 13.845398 -0.29379904 3.4437626e-08 0.04796896 0.5669411 0.49653935
-63.736027 34.570107 13.713306 -0.21027026 -7.431619e-09 -0.034340307 0.81429666 0.09483889
-61.055286 35.886555 13.713306 0.29374987 -5.2276277e-09 -0.047977 0.23433578 0.028680354
-61.170475 34.570107 13.713306 -0.21033879 -7.4304e-09 -0.03432912 0.24655381 0.029668808
-61.17046 35.886555 13.845394 -0.29375046 4.995931e-06 0.047976896 0.5669411 0.49653935
-61.170475 34.570107 13.713306 -0.21033879 -7.4304e-09 -0.03432912 0.81429666 0.09483889
-66.081436 35.886555 13.713306 0.29379845 -5.225911e-09 -0.047969066 0.23433578 0.028680354
-66.196625 34.570107 13.713306 -0.21026976 3.523142e-06 -0.03434039 0.24655381 0.029668808
-66.19661 35.886555 13.845398 -0.29379824 4.9965965e-06 0.047969095 0.5669411 0.49653935
-66.196625 34.570107 13.713306 -0.21026976 3.523142e-06 -0.03434039 0.81429666 0.09483889
-63.43211 35.886555 -13.600094 0.29379898 -5.2258913e-09 -0.047968976 0.23433578 0.028680354
-63.5473 34.570107 -13.600093 -0.21027006 -7.431622e-09 -0.03434034 0.24655381 0.029668808
-63.54729 35.886555 -13.468002 -0.29379877 3.4437583e-08 0.047969013 0.5669411 0.49653935
-63.5473 34.570107 -13.600093 -0.21027006 -7.431622e-09 -0.03434034 0.81429666 0.09483889
-60.866558 35.886555 -13.600095 0.29375035 -5.22761e-09 -0.04797691 0.23433578 0.028680354
-60.981747 34.570107 -13.600094 -0.210338 -7.430414e-09 -0.03432925 0.24655381 0.029668808
-60.981724 35.886555 -13.468005 -0.29375017 4.995871e-06 0.04797695 0.5669411 0.49653935
-60.981747 34.570107 -13.600094 -0.210338 -7.430414e-09 -0.03432925 0.81429666 0.09483889
-65.8927 35.886555 -13.600093 0.29379895 -5.225892e-09 -0.047968976 0.23433578 0.028680354
-66.00789 34.570107 -13.600093 -0.21027006 3.5440178e-06 -0.03434034 0.24655381 0.029668808
-65.8927 35.886555 -13.468002 0.21027085 7.4316087e-09 0.03434021 0.5669411 0.24653935
-66.00789 34.570107 -13.600093 -0.21027006 3.5440178e-06 -0.03434034 0.81429666 0.09483889
-51.429287 35.886555 -13.600094 0.29379898 -5.2258913e-09 -0.047968976 0.23433578 0.028680354
-51.544476 34.570107 -13.600093 -0.21027006 3.5440185e-06 -0.03434034 0.24655381 0.029668808
-51.544468 35.886555 -13.468003 -0.29379874 4.996674e-06 0.04796901 0.5669411 0.49653935
-51.544476 34.570107 -13.600093 -0.21027006 3.5440185e-06 -0.03434034 0.81429666 0.09483889
-48.863735 35.886555 -13.600096 0.29375038 -5.22761e-09 -0.047976915 0.23433578 0.028680354
-48.978924 34.570107 -13.600095 -0.210338 3.5451862e-06 -0.03432925 0.24655381 0.029668808
-48.97891 35.886555 -13.468005 -0.29375014 3.4429878e-08 0.047976956 0.5669411 0.49653935
-48.978924 34.570107 -13.600095 -0.210338 3.5451862e-06 -0.03432925 0.81429666 0.09483889
-53.88988 35.886555 -13.600093 0.29379898 -5.2258913e-09 -0.047968976 0.23433578 0.028680354
-54.005062 35.886555 -13.600094 -0.21026812 -7.431657e-09 -0.03434066 0.8709347 0.029668808
-54.005054 35.886555 -13.468003 -0.29379845 3.4437633e-08 0.047969062 0.5669411 0.49653935
-54.00507 34.570107 -13.600093 -0.2102699 -7.4316255e-09 -0.034340367 0.81429666 0.09483889
-40.4296 35.886555 -13.600094 0.293799 -5.22589e-09 -0.04796897 0.23433578 0.028680354
-40.54479 34.570107 -13.600093 -0.21027006 -7.431622e-09 -0.03434034 0.24655381 0.029668808
-40.54479 35.886555 -13.468003 -0.2937987 6.364928e-08 0.04796902 0.5669411 0.49653935
-40.54479 34.570107 -13.600093 -0.21027006 -7.431622e-09 -0.03434034 0.81429666 0.09483889
-37.864048 35.886555 -13.600095 0.29375038 -5.227608e-09 -0.047976904 0.23433578 0.028680354
-37.979237 34.570107 -13.600094 -0.210338 -7.430414e-09 -0.03432925 0.24655381 0.029668808
-37.97922 35.886555 -13.468005 -0.2937501 4.9958685e-06 0.047976956 0.5669411 0.49653935
-37.979237 34.570107 -13.600094 -0.210338 -7.430414e-09 -0.03432925 0.81429666 0.09483889
-42.890194 35.886555 -13.600093 0.29379898 -5.225892e-09 -0.047968976 0.23433578 0.028680354
-43.005383 34.570107 -13.600093 -0.21027006 3.5231164e-06 -0.03434034 0.24655381 0.029668808
-43.005375 35.886555 -13.468002 -0.29379874 4.99667e-06 0.047969013 0.5669411 0.49653935
-43.005383 34.570107 -13.600093 -0.21027006 3.5231164e-06 -0.03434034 0.81429666 0.09483889
-29.979038 35.886555 -13.600094 0.29379907 -5.225888e-09 -0.04796896 0.23433578 0.028680354
-30.094212 35.886555 -13.600094 -0.21026807 1.7787321e-06 -0.034340665 0.8709347 0.029668808
-30.09422 35.886555 -13.468003 -0.29379842 2.491562e-06 0.047969066 0.5669411 0.49653935
-30.094227 34.570107 -13.600094 -0.21026991 -7.130265e-10 -0.034340363 0.81429666 0.09483889
-27.413479 35.886555 -13.600095 0.2937504 -5.227607e-09 -0.047976904 0.23433578 0.028680354
-27.528667 34.570107 -13.600095 -0.210338 1.7793328e-06 -0.03432925 0.24655381 0.029668808
-27.528652 35.886555 -13.468005 -0.29375005 2.5005438e-06 0.047976956 0.5669411 0.49653935
-27.528667 34.570107 -13.600095 -0.210338 1.7793328e-06 -0.03432925 0.81429666 0.09483889
-32.439625 35.886555 -13.600093 0.293799 -5.22589e-09 -0.04796897 0.23433578 0.028680354
-32.554813 34.570107 -13.600093 -0.21027006 1.7787448e-06 -0.03434034 0.24655381 0.029668808
-32.5548 35.886555 -13.468003 -0.2937987 2.5301601e-06 0.047969017 0.5669411 0.49653935
-32.554813 34.570107 -13.600093 -0.21027006 1.7787448e-06 -0.03434034 0.81429666 0.09483889
-19.592098 35.886555 -13.600094 0.29379898 -5.225891e-09 -0.047968972 0.23433578 0.028680354
-19.707272 35.886555 -13.600094 -0.21026826 1.7787276e-06 -0.03434063 0.8709347 0.029668808
-19.70728 35.886555 -13.468003 -0.29379836 2.5301529e-06 0.04796908 0.5669411 0.49653935
-19.707287 34.570107 -13.600094 -0.21026985 1.7787452e-06 -0.034340374 0.81429666 0.09483889
-17.026546 35.886555 -13.600095 0.29375035 -5.227609e-09 -0.04797691 0.23433578 0.028680354
-17.141735 34.570107 -13.600095 -0.21033806 1.7584208e-06 -0.03432924 0.24655381 0.029668808
-17.14172 35.886555 -13.468005 -0.2937502 2.5005522e-06 0.04797695 0.5669411 0.49653935
-17.141735 34.570107 -13.600095 -0.21033806 1.7584208e-06 -0.03432924 0.81429666 0.09483889
-22.052692 35.886555 -13.600093 0.29379907 -5.2258886e-09 -0.047968965 0.23433578 0.028680354
-22.167866 35.886555 -13.600094 -0.21026805 1.7783118e-06 -0.03434067 0.8709347 0.029668808
-22.167873 35.886555 -13.468003 -0.29379842 2.5301613e-06 0.047969066 0.5669411 0.49653935
-22.167881 34.570107 -13.600093 -0.21027 1.7578361e-06 -0.034340348 0.81429666 0.09483889
-8.740669 35.886555 -13.600094 0.2937989 -5.2258944e-09 -0.04796899 0.23433578 0.028680354
-8.855854 34.570107 -13.600094 -0.21027006 -7.431622e-09 -0.03434034 0.24655381 0.029668808
-8.855846 35.886555 -13.468003 -0.29379877 2.5301642e-06 0.04796901 0.5669411 0.49653935
-8.855854 34.570107 -13.600094 -0.21027006 -7.431622e-09 -0.03434034 0.81429666 0.09483889
-6.1751137 35.886555 -13.600095 0.29375035 -5.227609e-09 -0.04797691 0.23433578 0.028680354
-6.2903023 34.570107 -13.600095 -0.210338 1.7688787e-06 -0.03432925 0.24655381 0.029668808
-6.2902794 35.886555 -13.468005 -0.2937502 2.5151535e-06 0.04797695 0.5669411 0.49653935
-6.2903023 34.570107 -13.600095 -0.210338 1.7688787e-06 -0.03432925 0.81429666 0.09483889
-11.201252 35.886555 -13.600093 0.2937989 -5.2258944e-09 -0.04796899 0.23433578 0.028680354
-11.316441 34.570107 -13.600093 -0.21027006 1.7578425e-06 -0.03434034 0.24655381 0.029668808
-11.20126 35.886555 -13.468002 0.21027093 7.4316064e-09 0.034340195 0.5669411 0.24653935
-11.316441 34.570107 -13.600093 -0.21027006 1.7578425e-06 -0.03434034 0.81429666 0.09483889
2.3307457 35.886555 -13.600094 0.2937989 -5.2258944e-09 -0.04796899 0.23433578 0.028680354
2.215557 34.570107 -13.600094 -0.21027006 1.7682947e-06 -0.03434034 0.24655381 0.029668808
2.2155647 35.886555 -13.468003 -0.29379863 2.5155512e-06 0.047969036 0.5669411 0.49653935
2.215557 34.570107 -13.600094 -0.21027006 1.7682947e-06 -0.03434034 0.81429666 0.09483889
4.8962975 35.886555 -13.600095 0.29375052 -5.2276037e-09 -0.047976885 0.23433578 0.028680354
4.7811127 34.570107 -13.600095 -0.21033792 1.7688827e-06 -0.034329258 0.24655381 0.029668808
4.781128 35.886555 -13.468005 -0.29375 2.5151458e-06 0.047976967 0.5669411 0.49653935
4.7811127 34.570107 -13.600095 -0.21033792 1.7688827e-06 -0.034329258 0.81429666 0.09483889
-0.12984467 35.886555 -13.600093 0.29379907 -5.2258886e-09 -0.047968965 0.23433578 0.028680354
-0.24503326 34.570107 -13.600093 -0.21027006 1.7682947e-06 -0.03434034 0.24655381 0.029668808
-0.24502563 35.886555 -13.468002 -0.29379869 2.5155502e-06 0.047969025 0.5669411 0.49653935
-0.24503326 34.570107 -13.600093 -0.21027006 1.7682947e-06 -0.03434034 0.81429666 0.09483889
12.907928 35.886555 -13.600094 0.29379895 -5.2258926e-09 -0.047968984 0.23433578 0.028680354
12.792744 34.570107 -13.600094 -0.21027 1.7682984e-06 -0.034340348 0.24655381 0.029668808
12.907925 35.886555 -13.468002 0.21027102 7.4316047e-09 0.03434018 0.5669411 0.24653935
12.792744 34.570107 -13.600094 -0.21027 1.7682984e-06 -0.034340348 0.81429666 0.09483889
15.473484 35.886555 -13.600095 0.29375023 -5.2276143e-09 -0.047976937 0.23433578 0.028680354
15.358295 34.570107 -13.600095 -0.21033806 8.6504116e-07 -0.03432924 0.24655381 0.029668808
15.358311 35.886555 -13.468005 -0.29375035 2.5151612e-06 0.04797692 0.5669411 0.49653935
15.358295 34.570107 -13.600095 -0.21033806 8.6504116e-07 -0.03432924 0.81429666 0.09483889
10.447338 35.886555 -13.600093 0.29379913 -5.225885e-09 -0.047968946 0.23433578 0.028680354
10.332153 34.570107 -13.600093 -0.21027014 8.647511e-07 -0.034340333 0.24655381 0.029668808
10.332161 35.886555 -13.468003 -0.29379863 2.530157e-06 0.047969036 0.5669411 0.49653935
10.332153 34.570107 -13.600093 -0.21027014 8.647511e-07 -0.034340333 0.81429666 0.09483889
23.623865 35.886555 -13.600094 0.29379883 -5.2258957e-09 -0.04796899 0.23433578 0.028680354
23.508678 34.570107 -13.600094 -0.21027014 1.7630646e-06 -0.034340333 0.24655381 0.029668808
23.508686 35.886555 -13.468003 -0.2937989 2.5155664e-06 0.047968984 0.5669411 0.49653935
23.508678 34.570107 -13.600094 -0.21027014 1.7630646e-06 -0.034340333 0.81429666 0.09483889
26.18942 35.886555 -13.600095 0.29375052 -5.2276037e-09 -0.047976885 0.23433578 0.028680354
26.074234 34.570107 -13.600096 -0.21033806 1.7636479e-06 -0.03432924 0.24655381 0.029668808
26.074251 35.886555 -13.468006 -0.29375 2.5151458e-06 0.047976967 0.5669411 0.49653935
26.074234 34.570107 -13.600096 -0.21033806 1.7636479e-06 -0.03432924 0.81429666 0.09483889
21.163277 35.886555 -13.600094 0.29379895 -5.2258926e-09 -0.047968984 0.23433578 0.028680354
21.048092 34.570107 -13.600094 -0.21027 1.7578461e-06 -0.034340348 0.24655381 0.029668808
21.048096 35.886555 -13.468003 -0.2937987 2.530155e-06 0.047969017 0.5669411 0.49653935
21.048092 34.570107 -13.600094 -0.21027 1.7578461e-06 -0.034340348 0.81429666 0.09483889
34.62205 35.886555 -13.600094 0.29379883 -5.2258957e-09 -0.04796899 0.23433578 0.028680354
34.506866 34.570107 -13.600094 -0.21027014 1.7630646e-06 -0.034340333 0.24655381 0.029668808
34.506874 35.886555 -13.468003 -0.2937989 2.522869e-06 0.047968984 0.5669411 0.49653935
34.506866 34.570107 -13.600094 -0.21027014 1.7630646e-06 -0.034340333 0.81429666 0.09483889
37.187607 35.886555 -13.600096 0.29375052 -5.2276037e-09 -0.047976885 0.23433578 0.028680354
37.07242 34.570107 -13.600096 -0.21033806 1.3169581e-06 -0.03432924 0.24655381 0.029668808
37.072437 35.886555 -13.468006 -0.29375 2.5224463e-06 0.047976967 0.5669411 0.49653935
37.07242 34.570107 -13.600096 -0.21033806 1.3169581e-06 -0.03432924 0.81429666 0.09483889
32.16146 35.886555 -13.600094 0.29379895 -5.2258926e-09 -0.047968984 0.23433578 0.028680354
32.046272 34.570107 -13.600094 -0.21027 1.3217528e-06 -0.034340348 0.24655381 0.029668808
32.046284 35.886555 -13.468003 -0.2937987 2.522852e-06 0.047969017 0.5669411 0.49653935
32.046272 34.570107 -13.600094 -0.21027 1.3217528e-06 -0.034340348 0.81429666 0.09483889
45.46016 35.886555 -13.600094 0.29379895 -5.2258926e-09 -0.047968984 0.23433578 0.028680354
45.344975 34.570107 -13.600094 -0.21027 1.5424124e-06 -0.034340348 0.24655381 0.029668808
45.344982 35.886555 -13.468003 -0.2937987 2.522852e-06 0.047969017 0.5669411 0.49653935
45.344975 34.570107 -13.600094 -0.21027 1.5424124e-06 -0.034340348 0.81429666 0.09483889
48.02572 35.886555 -13.600095 0.29375032 -5.227611e-09 -0.04797692 0.23433578 0.028680354
47.91053 34.570107 -13.600096 -0.21033792 1.5416165e-06 -0.034329258 0.24655381 0.029668808
48.025726 35.886555 -13.468004 0.21033771 7.4304194e-09 0.0343293 0.5669411 0.24653935
47.91053 34.570107 -13.600096 -0.21033792 1.5416165e-06 -0.034329258 0.81429666 0.09483889
42.999573 35.886555 -13.600094 0.29379913 -5.225885e-09 -0.047968946 0.23433578 0.028680354
42.884396 35.886555 -13.600094 -0.21026818 1.7784126e-06 -0.034340646 0.8709347 0.029668808
42.88439 35.886555 -13.468002 -0.2937984 2.5191976e-06 0.047969073 0.5669411 0.49653935
42.884384 34.570107 -13.600093 -0.21026963 1.7630713e-06 -0.034340408 0.81429666 0.09483889
57.182198 35.886555 -13.600094 0.29379883 -5.2258957e-09 -0.04796899 0.23433578 0.028680354
57.067013 34.570107 -13.600094 -0.21027014 1.6520821e-06 -0.034340333 0.24655381 0.029668808
57.06702 35.886555 -13.468003 -0.2937989 2.3659727e-06 0.047968984 0.5669411 0.49653935
57.067013 34.570107 -13.600094 -0.21027014 1.6520821e-06 -0.034340333 0.81429666 0.09483889
59.747753 35.886555 -13.600095 0.29375023 -5.2276143e-09 -0.047976937 0.23433578 0.028680354
59.63257 34.570107 -13.600095 -0.21033806 1.7649546e-06 -0.03432924 0.24655381 0.029668808
59.632584 35.886555 -13.468005 -0.29375035 2.3665032e-06 0.04797692 0.5669411 0.49653935
59.63257 34.570107 -13.600095 -0.21033806 1.7649546e-06 -0.03432924 0.81429666 0.09483889
54.72161 35.886555 -13.600094 0.29379913 -5.225885e-09 -0.047968946 0.23433578 0.028680354
54.606422 34.570107 -13.600093 -0.21027 1.6522525e-06 -0.034340348 0.24655381 0.029668808
54.60643 35.886555 -13.468002 -0.29379863 2.4047258e-06 0.047969036 0.5669411 0.49653935
54.606422 34.570107 -13.600093 -0.21027 1.6522525e-06 -0.034340348 0.81429666 0.09483889
56.436775 35.886555 13.729656 0.29379916 -5.2258833e-09 -0.04796894 0.23433578 0.028680354
56.32159 34.570107 13.729656 -0.21026976 1.6520977e-06 -0.03434039 0.24655381 0.029668808
56.321598 35.886555 13.861752 -0.29379904 2.404987e-06 0.04796897 0.5669411 0.49653935
56.32159 34.570107 13.729656 -0.21026976 1.6520977e-06 -0.03434039 0.81429666 0.09483889
59.00233 35.886555 13.72966 0.2937515 -5.227569e-09 -0.047976725 0.23433578 0.028680354
58.887146 34.570107 13.72966 -0.21033993 1.65258e-06 -0.034328934 0.24655381 0.029668808
58.88716 35.886555 13.861748 -0.2937504 2.3656085e-06 0.047976904 0.5669411 0.49653935
58.887146 34.570107 13.72966 -0.21033993 1.65258e-06 -0.034328934 0.81429666 0.09483889
53.97619 35.886555 13.72966 0.29379916 -5.2258833e-09 -0.04796894 0.23433578 0.028680354
53.861 34.570107 13.72966 -0.21027073 1.6523651e-06 -0.03434023 0.24655381 0.029668808
53.976185 35.886555 13.861752 0.21027054 7.4316144e-09 0.034340266 0.5669411 0.24653935
53.861 34.570107 13.72966 -0.21027073 1.6523651e-06 -0.03434023 0.81429666 0.09483889
-69.61212 31.00749 -27.182478 0.26823106 0.62036234 8.009374e-08 0.88443863 0.028680354
-69.72731 31.00749 -27.18247 -0.2179694 0.77057683 2.3283064e-08 0.24655381 0.029668808
-69.72731 30.875399 27.098988 -0.2682302 -0.6203669 7.4505806e-08 0.5669411 0.49653935
-69.61212 31.00749 -27.182478 0.26823106 0.62036234 8.009374e-08 0.81429666 0.045527905
-69.61212 25.288017 -27.182478 0.2682322 0.62036365 -6.8265945e-07 0.88443863 0.028680354
-69.72731 25.288017 -27.18247 -0.21796878 0.7705751 -6.4074993e-07 0.24655381 0.029668808
-69.72731 25.155924 27.098988 -0.26823074 -0.620367 3.7718564e-07 0.5669411 0.49653935
-69.61212 25.288017 -27.182478 0.2682322 0.62036365 -6.8265945e-07 0.81429666 0.045527905
-69.61212 19.884771 -27.182478 0.26823023 0.62036085 7.2363764e-07 0.88443863 0.028680354
-69.72731 19.884771 -27.18247 -0.21797007 0.7705796 9.201467e-07 0.24655381 0.029668808
-69.72731 19.752678 27.098988 -0.26823 -0.620367 -1.6763806e-08 0.5669411 0.49653935
-69.61212 19.884771 -27.182478 0.26823023 0.62036085 7.2363764e-07 0.81429666 0.045527905
-69.61212 15.476622 -27.18248 0.26823026 0.6203609 6.9104135e-07 0.88443863 0.028680354
-69.72731 15.476622 -27.18247 -0.21797003 0.7705795 8.782372e-07 0.24655381 0.029668808
-69.72731 15.344528 27.098991 -0.2682287 -0.62036395 -1.0598451e-06 0.5669411 0.49653935
-69.61212 15.476622 -27.18248 0.26823026 0.6203609 6.9104135e-07 0.81429666 0.045527905
-69.61212 11.414492 -27.18248 0.2682305 0.6203625 3.5203993e-07 0.88443863 0.028680354
-69.72731 11.414492 -27.18247 -0.2179686 0.7705777 -2.188608e-07 0.24655381 0.029668808
-69.72731 11.282396 27.098991 -0.26822785 -0.620361 -1.8989667e-06 0.5669411 0.49653935
-69.61212 11.414492 -27.18248 0.2682305 0.6203625 3.5203993e-07 0.81429666 0.045527905
-68.548904 35.988304 9.288471 -0.2103141 -7.4308395e-09 -0.034333155 0.23433578 0.028680354
-68.548904 35.988304 9.40365 -0.2937672 3.2126704e-07 0.04797416 0.8709347 0.029668808
-68.44191 35.988304 9.403652 0.21031016 -1.486968e-06 0.03433379 0.5669411 0.49653935
-68.548904 34.671856 9.403658 -0.29376242 2.1942228e-06 0.04797495 0.81429666 0.09483889
-68.54892 35.988304 6.7229156 -0.21031429 -7.430836e-09 -0.03433312 0.23433578 0.028680354
-68.548904 35.988304 6.838093 -0.2937676 4.0513177e-07 0.047974102 0.8709347 0.029668808
-68.44191 35.988304 6.838089 0.21031354 -2.7278409e-06 0.034333244 0.5669411 0.49653935
-68.548904 34.671856 6.8381042 -0.2937614 4.0480477e-06 0.047975108 0.81429666 0.09483889
-68.548904 35.988304 11.749062 -0.21023695 -7.4322117e-09 -0.03434575 0.23433578 0.028680354
-68.548904 34.671856 11.864248 -0.29382 -1.3775884e-06 0.047965534 0.24655381 0.029668808
-68.44191 35.988304 11.864241 0.21023437 -1.6134471e-06 0.034346163 0.5669411 0.49653935
-68.548904 34.671856 11.864248 -0.29382 -1.3775884e-06 0.047965534 0.81429666 0.09483889
-68.548904 35.988304 -0.030452728 -0.21031316 -7.430856e-09 -0.034333304 0.23433578 0.028680354
-68.548904 34.671856 0.08473396 -0.2937653 1.5907971e-06 0.04797447 0.24655381 0.029668808
-68.441925 35.988304 0.08472824 0.21031319 8.3707754e-08 0.0343333 0.5669411 0.49653935
-68.548904 34.671856 0.08473396 -0.2937653 1.5907971e-06 0.04797447 0.81429666 0.09483889
-68.548904 35.988304 -2.5960083 -0.21031559 -7.430812e-09 -0.034332905 0.23433578 0.028680354
-68.548904 34.671856 -2.4808197 -0.29376334 1.9705358e-06 0.047974795 0.24655381 0.029668808
-68.44191 35.988304 -2.4808369 0.2103159 1.7170237e-06 0.034332857 0.5669411 0.49653935
-68.548904 34.671856 -2.4808197 -0.29376334 1.9705358e-06 0.047974795 0.81429666 0.09483889
-68.548904 35.988304 2.4301376 -0.21023445 -7.4322566e-09 -0.034346163 0.23433578 0.028680354
-68.54892 34.671856 2.5453243 -0.29382107 2.2071263e-06 0.04796537 0.24655381 0.029668808
-68.44191 35.988304 2.5453167 0.21023576 -7.745314e-08 0.03434594 0.5669411 0.49653935
-68.54892 34.671856 2.5453243 -0.29382107 2.2071263e-06 0.04796537 0.81429666 0.09483889
-68.548904 35.988304 -9.121418 -0.21031334 -7.4308533e-09 -0.03433328 0.23433578 0.028680354
-68.548904 34.671856 -9.006231 -0.29376498 6.4238407e-07 0.047974534 0.24655381 0.029668808
-68.441925 35.988304 -9.006237 0.21031305 1.942905e-06 0.034333326 0.5669411 0.49653935
-68.548904 34.671856 -9.006231 -0.29376498 6.4238407e-07 0.047974534 0.81429666 0.09483889
-68.548904 35.988304 -11.686972 -0.21031532 -7.4308173e-09 -0.034332953 0.23433578 0.028680354
-68.548904 35.988304 -11.571796 -0.29376668 3.712665e-07 0.04797425 0.8709347 0.029668808
-68.44191 35.988304 -11.571802 0.21031426 2.4235937e-06 0.03433312 0.5669411 0.49653935
-68.548904 34.671856 -11.571785 -0.29376134 -7.077658e-07 0.047975115 0.81429666 0.09483889
-68.548904 35.988304 -6.6608276 -0.21023521 -7.432242e-09 -0.03434603 0.23433578 0.028680354
-68.548904 34.671856 -6.54564 -0.29382065 -4.097837e-07 0.047965437 0.24655381 0.029668808
-68.44191 35.988304 -6.5456486 0.21023524 1.7810439e-06 0.034346025 0.5669411 0.49653935
-68.548904 34.671856 -6.54564 -0.29382065 -4.097837e-07 0.047965437 0.81429666 0.09483889
-82.7126 58.40199 23.268772 0.18733063 0.69553775 -0.037638016 0.97530836 0.49418023
-87.62529 55.225677 19.346027 -0.21981423 0.14966603 -0.031949744 0.69642663 0.9595829
-78.79294 55.225677 19.346024 0.29552448 0.18647598 -0.045949314 0.69978195 0.87205
-87.62529 55.225677 28.066326 -0.29552022 0.18647832 0.045949973 0.6991805 0.9523124
-82.7126 58.40199 24.143578 0.124985605 0.6902438 0.028908847 0.9515528 0.47793412
-87.62529 55.225677 28.066326 -0.29552022 0.18647832 0.045949973 0.9874744 0.46625996
-83.70569 58.40199 23.268772 -0.12499388 0.6902496 -0.028907599 0.9513805 0.48596376
-78.79294 55.225677 19.346024 0.29552448 0.18647598 -0.045949314 0.98732686 0.46973002
-78.79294 55.225677 19.346024 0.29552448 0.18647598 -0.045949314 0.6977574 0.955231
-82.712585 58.40199 -23.944921 0.18732508 0.69552535 -0.03763959 0.97530836 0.49418023
-87.625305 55.225677 -27.867664 -0.21981438 0.14966407 -0.031949736 0.69642663 0.9595829
-78.79294 55.225677 -27.867668 0.2955245 0.18647598 -0.045949303 0.69978195 0.87205
-87.62529 55.225677 -19.147367 -0.29552054 0.18647604 0.045949962 0.6991805 0.9523124
-82.712585 58.40199 -23.070116 0.12498862 0.69026923 0.028906899 0.9515528 0.47793412
-87.62529 55.225677 -19.147367 -0.29552054 0.18647604 0.045949962 0.9874744 0.46625996
-83.70567 58.40199 -23.944918 -0.12499476 0.6902561 -0.02890708 0.9513805 0.48596376
-78.79294 55.225677 -27.867668 0.2955245 0.18647598 -0.045949303 0.98732686 0.46973002
-78.79294 55.225677 -27.867668 0.2955245 0.18647598 -0.045949303 0.6977574 0.955231
69.21019 58.40199 -23.766573 0.18732832 0.6955355 -0.037638452 0.97530836 0.49418023
64.297485 55.225677 -27.689316 -0.21981421 0.14966531 -0.03194975 0.69642663 0.9595829
73.129845 55.225677 -27.68932 0.29552442 0.18647589 -0.045949318 0.69978195 0.87205
64.29749 55.225677 -18.96902 -0.29552037 0.18647762 0.045949966 0.6991805 0.9523124
69.2102 58.40199 -22.891768 0.12498599 0.6902526 0.028908266 0.9515528 0.47793412
64.29749 55.225677 -18.96902 -0.29552037 0.18647762 0.045949966 0.9874744 0.46625996
68.2171 58.40199 -23.766571 -0.12499385 0.6902532 -0.028907383 0.9513805 0.48596376
73.129845 55.225677 -27.68932 0.29552442 0.18647589 -0.045949318 0.98732686 0.46973002
73.129845 55.225677 -27.68932 0.29552442 0.18647589 -0.045949318 0.6977574 0.955231
69.21019 58.40199 23.416382 0.18732846 0.6955351 -0.03763846 0.97530836 0.49418023
64.297485 55.225677 19.493637 -0.21981432 0.14966522 -0.031949736 0.69642663 0.9595829
73.129845 55.225677 19.493633 0.2955244 0.18647611 -0.04594932 0.69978195 0.87205
64.29749 55.225677 28.213936 -0.2955203 0.18647747 0.045949973 0.6991805 0.9523124
69.2102 58.40199 24.291187 0.124986134 0.6902517 0.0289083 0.9515528 0.47793412
64.29749 55.225677 28.213936 -0.2955203 0.18647747 0.045949973 0.9874744 0.46625996
68.2171 58.40199 23.416382 -0.1249952 0.69026065 -0.028906748 0.9513805 0.48596376
73.129845 55.225677 19.493633 0.2955244 0.18647611 -0.04594932 0.98732686 0.46973002
73.129845 55.225677 19.493633 0.2955244 0.18647611 -0.04594932 0.6977574 0.955231
62.411617 0.46338654 8.819187 -8.774384e-09 1 -1.6268424e-07 0.8059208 0.60083115
62.411617 0.46338654 -24.045206 -8.774384e-09 1 -1.6268424e-07 0.8059208 0.60083115
3 0 1 2
3 3 4 5
3 6 7 8
3 9 10 11
3 12 13 14
3 15 16 17
3 18 19 20
3 21 22 23
3 24 25 26
3 27 28 29
3 30 31 32
3 33 34 35
3 36 37 38
3 39 40 41
3 42 43 44
3 45 46 47
3 48 49 50
3 51 52 53
3 54 55 56
3 57 58 59
3 60 61 62
3 63 64 65
3 66 67 68
3 69 70 71
3 72 73 74
3 75 76 77
3 78 79 80
3 81 82 83
3 84 85 86
3 87 88 89
3 90 91 92
3 93 94 95
3 96 97 98
3 99 100 101
3 102 103 104
3 105 106 107
3 108 109 110
3 111 112 113
3 114 115 116
3 117 118 119
3 120 121 122
3 123 124 125
3 126 127 128
3 129 130 131
3 132 133 134
3 135 136 137
3 138 139 140
3 141 142 143
3 144 145 146
3 147 148 149
3 150 151 152
3 153 154 155
3 156 157 158
3 159 160 161
3 162 163 164
3 165 166 167
3 168 169 170
3 171 172 173
3 174 175 176
3 177 178 179
3 180 181 182
3 183 184 185
3 186 187 188
3 189 190 191
3 192 193 194
3 195 196 197
3 198 199 200
3 201 202 203
3 204 205 206
3 207 208 209
3 210 211 212
3 213 214 215
3 216 217 218
3 219 220 221
3 222 223 224
3 225 226 227
3 228 229 230
3 231 232 233
3 234 235 236
3 237 238 239
3 240 241 242
3 243 244 245
3 246 247 248
3 249 250 251
3 252 253 254
3 255 256 257
3 258 259 260
3 261 262 263
3 264 265 266
3 267 268 269
3 270 271 272
3 273 274 275
3 276 277 278
3 279 280 281
3 282 283 284
3 285 286 287
3 288 289 290
3 291 292 293
3 294 295 296
3 297 298 299
3 300 301 302
3 303 304 305
3 306 307 308
3 309 310 311
3 312 313 314
3 315 316 317
3 318 319 320
3 321 322 323
3 324 325 326
3 327 328 329
3 330 331 332
3 333 334 335
3 336 337 338
3 339 340 341
3 342 343 344
3 345 346 347
3 348 349 350
3 351 352 353
3 354 355 356
3 357 358 359
3 360 361 362
3 363 364 365
3 366 367 368
3 369 370 371
3 372 373 374
3 375 376 377
3 378 379 380
3 381 382 383
3 384 385 386
3 387 388 389
3 390 391 392
3 393 394 395
3 396 397 398
3 399 400 401
3 402 403 404
3 405 406 407
3 408 409 410
3 411 412 413
3 414 415 416
3 417 418 419
3 420 421 422
3 423 424 425
3 426 427 428
3 429 430 431
3 432 433 434
3 435 436 437
3 438 439 440
3 441 442 443
3 444 445 446
3 447 448 449
3 450 451 452
3 453 454 455
3 456 457 458
3 459 460 461
3 462 463 464
3 465 466 467
3 468 469 470
3 471 472 473
3 474 475 476
3 477 478 479
3 480 481 482
3 483 484 485
3 486 487 488
3 489 490 491
3 492 493 494
3 495 496 497
3 498 499 500
3 501 502 503
3 504 505 506
3 507 508 509
3 510 511 512
3 513 514 515
3 516 517 518
3 519 520 521
3 522 523 524
3 525 526 527
3 528 529 530
3 531 532 533
3 534 535 536
3 537 538 539
3 540 541 542
3 543 544 545
3 546 547 548
3 549 550 551
3 552 553 554
3 555 556 557
3 558 559 560
3 561 562 563
3 564 565 566
3 567 568 569
3 570 571 572
3 573 574 575
3 576 577 578
3 579 580 581
3 582 583 584
3 585 586 587
3 588 589 590
3 591 592 593
3 594 595 596
3 597 598 599
3 600 601 602
3 603 604 605
3 606 607 608
3 609 610 611
3 612 613 614
3 615 616 617
3 618 619 620
3 621 622 623
3 624 625 626
3 627 628 629
3 630 631 632
3 633 634 635
3 636 637 638
3 639 640 641
3 642 643 644
3 645 646 647
3 648 649 650
3 651 652 653
3 654 655 656
3 657 658 659
3 660 661 662
3 663 664 665
3 666 667 668
3 669 670 671
3 672 673 674
3 675 676 677
3 678 679 680
3 681 682 683
3 684 685 686
3 687 688 689
3 690 691 692
3 693 694 695
3 696 697 698
3 699 700 701
3 702 703 704
3 705 706 707
3 708 709 710
3 711 712 713
3 714 715 716
3 717 718 719
3 720 721 722
3 723 724 725
3 726 727 728
3 729 730 731
3 732 733 734
3 735 736 737
3 738 739 740
3 741 742 743
3 744 745 746
3 747 748 749
3 750 751 752
3 753 754 755
3 756 757 758
3 759 760 761
3 762 763 764
3 765 766 767
3 768 769 770
3 771 772 773
3 774 775 776
3 777 778 779
3 780 781 782
3 783 784 785
3 786 787 788
3 789 790 791
3 792 793 794
3 795 796 797
3 798 799 800
3 801 802 803
3 804 805 806
3 807 808 809
3 810 811 812
3 813 814 815
3 816 817 818
3 819 820 821
3 822 823 824
3 825 826 827
3 828 829 830
3 831 832 833
3 834 835 836
3 837 838 839
3 840 841 842
3 843 844 845
3 846 847 848
3 849 850 851
3 852 853 854
3 855 856 857
3 858 859 860
3 861 862 863
3 864 865 866
3 867 868 869
3 870 871 872
3 873 874 875
3 876 877 878
3 879 880 881
3 882 883 884
3 885 886 887
3 888 889 890
3 891 892 893
3 894 895 896
3 897 898 899
3 900 901 902
3 903 904 905
3 906 907 908
3 909 910 911
3 912 913 914
3 915 916 917
3 918 919 920
3 921 922 923
3 924 925 926
3 927 928 929
3 930 931 932
3 933 934 935
3 936 937 938
3 939 940 941
3 942 943 944
3 945 946 947
3 948 949 950
3 951 952 953
3 954 955 956
3 957 958 959
3 960 961 962
3 963 964 965
3 966 967 968
3 969 970 971
3 972 973 974
3 975 976 977
3 978 979 980
3 981 982 983
3 984 985 986
3 987 988 989
3 990 991 992
3 993 994 995
3 996 997 998
3 999 1000 1001
3 1002 1003 1004
3 1005 1006 1007
3 1008 1009 1010
3 1011 1012 1013
3 1014 1015 1016
3 1017 1018 1019
3 1020 1021 1022
3 1023 1024 1025
3 1026 1027 1028
3 1029 1030 1031
3 1032 1033 1034
3 1035 1036 1037
3 1038 1039 1040
3 1041 1042 1043
3 1044 1045 1046
3 1047 1048 1049
3 1050 1051 1052
3 1053 1054 1055
3 1056 1057 1058
3 1059 1060 1061
3 1062 1063 1064
3 1065 1066 1067
3 1068 1069 1070
3 1071 1072 1073
3 1074 1075 1076
3 1077 1078 1079
3 1080 1081 1082
3 1083 1084 1085
3 1086 1087 1088
3 1089 1090 1091
3 1092 1093 1094
3 1095 1096 1097
3 1098 1099 1100
3 1101 1102 1103
3 1104 1105 1106
3 1107 1108 1109
3 1110 1111 1112
3 1113 1114 1115
3 1116 1117 1118
3 1119 1120 1121
3 1122 1123 1124
3 1125 1126 1127
3 1128 1129 1130
3 1131 1132 1133
3 1134 1135 1136
3 1137 1138 1139
3 1140 1141 1142
3 1143 1144 1145
3 1146 1147 1148
3 1149 1150 1151
3 1152 1153 1154
3 1155 1156 1157
3 1158 1159 1160
3 1161 1162 1163
3 1164 1165 1166
3 1167 1168 1169
3 1170 1171 1172
3 1173 1174 1175
3 1176 1177 1178
3 1179 1180 1181
3 1182 1183 1184
3 1185 1186 1187
3 1188 1189 1190
3 1191 1192 1193
3 1194 1195 1196
3 1197 1198 1199
3 1200 1201 1202
3 1203 1204 1205
3 1206 1207 1208
3 1209 1210 1211
3 1212 1213 1214
3 1215 1216 1217
3 1218 1219 1220
3 1221 1222 1223
3 1224 1225 1226
3 1227 1228 1229
3 1230 1231 1232
3 1233 1234 1235
3 1236 1237 1238
3 1239 1240 1241
3 1242 1243 1244
3 1245 1246 1247
3 1248 1249 1250
3 1251 1252 1253
3 1254 1255 1256
3 1257 1258 1259
3 1260 1261 1262
3 1263 1264 1265
3 1266 1267 1268
3 1269 1270 1271
3 1272 1273 1274
3 1275 1276 1277
3 1278 1279 1280
3 1281 1282 1283
3 1284 1285 1286
3 1287 1288 1289
3 1290 1291 1292
3 1293 1294 1295
3 1296 1297 1298
3 1299 1300 1301
3 1302 1303 1304
3 1305 1306 1307
3 1308 1309 1310
3 1311 1312 1313
3 1314 1315 1316
3 1317 1318 1319
3 1320 1321 1322
3 1323 1324 1325
3 1326 1327 1328
3 1329 1330 1331
3 1332 1333 1334
3 1335 1336 1337
3 1338 1339 1340
3 1341 1342 1343
3 1344 1345 1346
3 1347 1348 1349
3 1350 1351 1352
3 1353 1354 1355
3 1356 1357 1358
3 1359 1360 1361
3 1362 1363 1364
3 1365 1366 1367
3 1368 1369 1370
3 1371 1372 1373
3 1374 1375 1376
3 1377 1378 1379
3 1380 1381 1382
3 1383 1384 1385
3 1386 1387 1388
3 1389 1390 1391
3 1392 1393 1394
3 1395 1396 1397
3 1398 1399 1400
3 1401 1402 1403
3 1404 1405 1406
3 1407 1408 1409
3 1410 1411 1412
3 1413 1414 1415
3 1416 1417 1418
3 1419 1420 1421
3 1422 1423 1424
3 1425 1426 1427
3 1428 1429 1430
3 1431 1432 1433
3 1434 1435 1436
3 1437 1438 1439
3 1440 1441 1442
3 1443 1444 1445
3 1446 1447 1448
3 1449 1450 1451
3 1452 1453 1454
3 1455 1456 1457
3 1458 1459 1460
3 1461 1462 1463
3 1464 1465 1466
3 1467 1468 1469
3 1470 1471 1472
3 1473 1474 1475
3 1476 1477 1478
3 1479 1480 1481
3 1482 1483 1484
3 1485 1486 1487
3 1488 1489 1490
3 1491 1492 1493
3 1494 1495 1496
3 1497 1498 1499
3 1500 1501 1502
3 1503 1504 1505
3 1506 1507 1508
3 1509 1510 1511
3 1512 1513 1514
3 1515 1516 1517
3 1518 1519 1520
3 1521 1522 1523
3 1524 1525 1526
3 1527 1528 1529
3 1530 1531 1532
3 1533 1534 1535
3 1536 1537 1538
3 1539 1540 1541
3 1542 1543 1544
3 1545 1546 1547
3 1548 1549 1550
3 1551 1552 1553
3 1554 1555 1556
3 1557 1558 1559
3 1560 1561 1562
3 1563 1564 1565
3 1566 1567 1568
3 1569 1570 1571
3 1572 1573 1574
3 1575 1576 1577
3 1578 1579 1580
3 1581 1582 1583
3 1584 1585 1586
3 1587 1588 1589
3 1590 1591 1592
3 1593 1594 1595
3 1596 1597 1598
3 1599 1600 1601
3 1602 1603 1604
3 1605 1606 1607
3 1608 1609 1610
3 1611 1612 1613
3 1614 1615 1616
3 1617 1618 1619
3 1620 1621 1622
3 1623 1624 1625
3 1626 1627 1628
3 1629 1630 1631
3 1632 1633 1634
3 1635 1636 1637
3 1638 1639 1640
3 1641 1642 1643
3 1644 1645 1646
3 1647 1648 1649
3 1650 1651 1652
3 1653 1654 1655
3 1656 1657 1658
3 1659 1660 1661
3 1662 1663 1664
3 1665 1666 1667
3 1668 1669 1670
3 1671 1672 1673
3 1674 1675 1676
3 1677 1678 1679
3 1680 1681 1682
3 1683 1684 1685
3 1686 1687 1688
3 1689 1690 1691
3 1692 1693 1694
3 1695 1696 1697
3 1698 1699 1700
3 1701 1702 1703
3 1704 1705 1706
3 1707 1708 1709
3 1710 1711 1712
3 1713 1714 1715
3 1716 1717 1718
3 1719 1720 1721
3 1722 1723 1724
3 1725 1726 1727
3 1728 1729 1730
3 1731 1732 1733
3 1734 1735 1736
3 1737 1738 1739
3 1740 1741 1742
3 1743 1744 1745
3 1746 1747 1748
3 1749 1750 1751
3 1752 1753 1754
3 1755 1756 1757
3 1758 1759 1760
3 1761 1762 1763
3 1764 1765 1766
3 1767 1768 1769
3 1770 1771 1772
3 1773 1774 1775
3 1776 1777 1778
3 1779 1780 1781
3 1782 1783 1784
3 1785 1786 1787
3 1788 1789 1790
3 1791 1792 1793
3 1794 1795 1796
3 1797 1798 1799
3 1800 1801 1802
3 1803 1804 1805
3 1806 1807 1808
3 1809 1810 1811
3 1812 1813 1814
3 1815 1816 1817
3 1818 1819 1820
3 1821 1822 1823
3 1824 1825 1826
3 1827 1828 1829
3 1830 1831 1832
3 1833 1834 1835
3 1836 1837 1838
3 1839 1840 1841
3 1842 1843 1844
3 1845 1846 1847
3 1848 1849 1850
3 1851 1852 1853
3 1854 1855 1856
3 1857 1858 1859
3 1860 1861 1862
3 1863 1864 1865
3 1866 1867 1868
3 1869 1870 1871
3 1872 1873 1874
3 1875 1876 1877
3 1878 1879 1880
3 1881 1882 1883
3 1884 1885 1886
3 1887 1888 1889
3 1890 1891 1892
3 1893 1894 1895
3 1896 1897 1898
3 1899 1900 1901
3 1902 1903 1904
3 1905 1906 1907
3 1908 1909 1910
3 1911 1912 1913
3 1914 1915 1916
3 1917 1918 1919
3 1920 1921 1922
3 1923 1924 1925
3 1926 1927 1928
3 1929 1930 1931
3 1932 1933 1934
3 1935 1936 1937
3 1938 1939 1940
3 1941 1942 1943
3 1944 1945 1946
3 1947 1948 1949
3 1950 1951 1952
3 1953 1954 1955
3 1956 1957 1958
3 1959 1960 1961
3 1962 1963 1964
3 1965 1966 1967
3 1968 1969 1970
3 1971 1972 1973
3 1974 1975 1976
3 1977 1978 1979
3 1980 1981 1982
3 1983 1984 1985
3 1986 1987 1988
3 1989 1990 1991
3 1992 1993 1994
3 1995 1996 1997
3 1998 1999 2000
3 2001 2002 2003
3 2004 2005 2006
3 2007 2008 2009
3 2010 2011 2012
3 2013 2014 2015
3 2016 2017 2018
3 2019 2020 2021
3 2022 2023 2024
3 2025 2026 2027
3 2028 2029 2030
3 2031 2032 2033
3 2034 2035 2036
3 2037 2038 2039
3 2040 2041 2042
3 2043 2044 2045
3 2046 2047 2048
3 2049 2050 2051
3 2052 2053 2054
3 2055 2056 2057
3 2058 2059 2060
3 2061 2062 2063
3 2064 2065 2066
3 2067 2068 2069
3 2070 2071 2072
3 2073 2074 2075
3 2076 2077 2078
3 2079 2080 2081
3 2082 2083 2084
3 2085 2086 2087
3 2088 2089 2090
3 2091 2092 2093
3 2094 2095 2096
3 2097 2098 2099
3 2100 2101 2102
3 2103 2104 2105
3 2106 2107 2108
3 2109 2110 2111
3 2112 2113 2114
3 2115 2116 2117
3 2118 2119 2120
3 2121 2122 2123
3 2124 2125 2126
3 2127 2128 2129
3 2130 2131 2132
3 2133 2134 2135
3 2136 2137 2138
3 2139 2140 2141
3 2142 2143 2144
3 2145 2146 2147
3 2148 2149 2150
3 2151 2152 2153
3 2154 2155 2156
3 2157 2158 2159
3 2160 2161 2162
3 2163 2164 2165
3 2166 2167 2168
3 2169 2170 2171
3 2172 2173 2174
3 2175 2176 2177
3 2178 2179 2180
3 2181 2182 2183
3 2184 2185 2186
3 2187 2188 2189
3 2190 2191 2192
3 2193 2194 2195
3 2196 2197 2198
3 2199 2200 2201
3 2202 2203 2204
3 2205 2206 2207
3 2208 2209 2210
3 2211 2212 2213
3 2214 2215 2216
3 2217 2218 2219
3 2220 2221 2222
3 2223 2224 2225
3 2226 2227 2228
3 2229 2230 2231
3 2232 2233 2234
3 2235 2236 2237
3 2238 2239 2240
3 2241 2242 2243
3 2244 2245 2246
3 2247 2248 2249
3 2250 2251 2252
3 2253 2254 2255
3 2256 2257 2258
3 2259 2260 2261
3 2262 2263 2264
3 2265 2266 2267
3 2268 2269 2270
3 2271 2272 2273
3 2274 2275 2276
3 2277 2278 2279
3 2280 2281 2282
3 2283 2284 2285
3 2286 2287 2288
3 2289 2290 2291
3 2292 2293 2294
3 2295 2296 2297
3 2298 2299 2300
3 2301 2302 2303
3 2304 2305 2306
3 2307 2308 2309
3 2310 2311 2312
3 2313 2314 2315
3 2316 2317 2318
3 2319 2320 2321
3 2322 2323 2324
3 2325 2326 2327
3 2328 2329 2330
3 2331 2332 2333
3 2334 2335 2336
3 2337 2338 2339
3 2340 2341 2342
3 2343 2344 2345
3 2346 2347 2348
3 2349 2350 2351
3 2352 2353 2354
3 2355 2356 2357
3 2358 2359 2360
3 2361 2362 2363
3 2364 2365 2366
3 2367 2368 2369
3 2370 2371 2372
3 2373 2374 2375
3 2376 2377 2378
3 2379 2380 2381
3 2382 2383 2384
3 2385 2386 2387
3 2388 2389 2390
3 2391 2392 2393
3 2394 2395 2396
3 2397 2398 2399
3 2400 2401 2402
3 2403 2404 2405
3 2406 2407 2408
3 2409 2410 2411
3 2412 2413 2414
3 2415 2416 2417
3 2418 2419 2420
3 2421 2422 2423
3 2424 2425 2426
3 2427 2428 2429
3 2430 2431 2432
3 2433 2434 2435
3 2436 2437 2438
3 2439 2440 2441
3 2442 2443 2444
3 2445 2446 2447
3 2448 2449 2450
3 2451 2452 2453
3 2454 2455 2456
3 2457 2458 2459
3 2460 2461 2462
3 2463 2464 2465
3 2466 2467 2468
3 2469 2470 2471
3 2472 2473 2474
3 2475 2476 2477
3 2478 2479 2480
3 2481 2482 2483
3 2484 2485 2486
3 2487 2488 2489
3 2490 2491 2492
3 2493 2494 2495
3 2496 2497 2498
3 2499 2500 2501
3 2502 2503 2504
3 2505 2506 2507
3 2508 2509 2510
3 2511 2512 2513
3 2514 2515 2516
3 2517 2518 2519
3 2520 2521 2522
3 2523 2524 2525
3 2526 2527 2528
3 2529 2530 2531
3 2532 2533 2534
3 2535 2536 2537
3 2538 2539 2540
3 2541 2542 2543
3 2544 2545 2546
3 2547 2548 2549
3 2550 2551 2552
3 2553 2554 2555
3 2556 2557 2558
3 2559 2560 2561
3 2562 2563 2564
3 2565 2566 2567
3 2568 2569 2570
3 2571 2572 2573
3 2574 2575 2576
3 2577 2578 2579
3 2580 2581 2582
3 2583 2584 2585
3 2586 2587 2588
3 2589 2590 2591
3 2592 2593 2594
3 2595 2596 2597
3 2598 2599 2600
3 2601 2602 2603
3 2604 2605 2606
3 2607 2608 2609
3 2610 2611 2612
3 2613 2614 2615
3 2616 2617 2618
3 2619 2620 2621
3 2622 2623 2624
3 2625 2626 2627
3 2628 2629 2630
3 2631 2632 2633
3 2634 2635 2636
3 2637 2638 2639
3 2640 2641 2642
3 2643 2644 2645
3 2646 2647 2648
3 2649 2650 2651
3 2652 2653 2654
3 2655 2656 2657
3 2658 2659 2660
3 2661 2662 2663
3 2664 2665 2666
3 2667 2668 2669
3 2670 2671 2672
3 2673 2674 2675
3 2676 2677 2678
3 2679 2680 2681
3 2682 2683 2684
3 2685 2686 2687
3 2688 2689 2690
3 2691 2692 2693
3 2694 2695 2696
3 2697 2698 2699
3 2700 2701 2702
3 2703 2704 2705
3 2706 2707 2708
3 2709 2710 2711
3 2712 2713 2714
3 2715 2716 2717
3 2718 2719 2720
3 2721 2722 2723
3 2724 2725 2726
3 2727 2728 2729
3 2730 2731 2732
3 2733 2734 2735
3 2736 2737 2738
3 2739 2740 2741
3 2742 2743 2744
3 2745 2746 2747
3 2748 2749 2750
3 2751 2752 2753
3 2754 2755 2756
3 2757 2758 2759
3 2760 2761 2762
3 2763 2764 2765
3 2766 2767 2768
3 2769 2770 2771
3 2772 2773 2774
3 2775 2776 2777
3 2778 2779 2780
3 2781 2782 2783
3 2784 2785 2786
3 2787 2788 2789
3 2790 2791 2792
3 2793 2794 2795
3 2796 2797 2798
3 2799 2800 2801
3 2802 2803 2804
3 2805 2806 2807
3 2808 2809 2810
3 2811 2812 2813
3 0 2814 1
3 3 2815 4
3 6 2816 7
3 9 2817 10
3 12 2818 13
3 15 2819 16
3 18 2820 19
3 21 2821 22
3 24 2822 25
3 27 2823 28
3 30 2824 31
3 33 2825 34
3 36 2826 37
3 39 2827 40
3 42 2828 43
3 45 2829 46
3 48 2830 49
3 51 2831 52
3 54 2832 55
3 57 2833 58
3 60 2834 61
3 63 2835 64
3 66 2836 67
3 69 2837 70
3 72 2838 73
3 75 2839 76
3 78 2840 79
3 81 2841 82
3 84 2842 85
3 87 2843 88
3 90 2844 91
3 93 2845 94
3 96 2846 97
3 99 2847 100
3 102 2848 103
3 105 2849 106
3 108 2850 109
3 111 2851 112
3 114 2852 115
3 117 2853 118
3 120 2854 121
3 123 2855 124
3 126 2856 127
3 129 2857 130
3 132 2858 133
3 135 2859 136
3 138 2860 139
3 141 2861 142
3 144 2862 145
3 147 2863 148
3 150 2864 151
3 153 2865 154
3 156 2866 157
3 159 2867 160
3 162 2868 163
3 165 2869 166
3 168 2870 169
3 171 2871 172
3 174 2872 175
3 177 2873 178
3 180 2874 181
3 183 2875 184
3 186 2876 187
3 189 2877 190
3 192 2878 193
3 195 2879 196
3 198 2880 199
3 201 2881 202
3 204 2882 205
3 207 2883 208
3 210 2884 211
3 213 2885 214
3 216 2886 217
3 219 2887 220
3 222 2888 223
3 225 2889 226
3 228 2890 229
3 231 2891 232
3 234 2892 235
3 237 2893 238
3 240 2894 241
3 243 2895 244
3 246 2896 247
3 249 2897 250
3 252 2898 253
3 255 2899 256
3 258 2900 259
3 261 2901 262
3 264 2902 265
3 267 2903 268
3 270 2904 271
3 273 2905 274
3 276 2906 277
3 279 2907 280
3 282 2908 283
3 285 2909 286
3 288 2910 289
3 291 2911 292
3 294 2912 295
3 297 2913 298
3 300 2914 301
3 303 2915 304
3 306 2916 307
3 309 2917 310
3 312 2918 313
3 315 2919 316
3 318 2920 319
3 321 2921 322
3 324 2922 325
3 327 2923 328
3 330 2924 331
3 333 2925 334
3 336 2926 337
3 339 2927 340
3 342 2928 343
3 345 2929 346
3 348 2930 349
3 351 2931 352
3 354 2932 355
3 357 2933 358
3 360 2934 361
3 363 2935 364
3 366 2936 367
3 369 2937 370
3 372 2938 373
3 375 2939 376
3 378 2940 379
3 381 2941 382
3 384 2942 385
3 387 2943 388
3 390 2944 391
3 393 2945 394
3 396 2946 397
3 399 2947 400
3 402 2948 403
3 405 2949 406
3 408 2950 409
3 411 2951 412
3 414 2952 415
3 417 2953 418
3 420 2954 421
3 423 2955 424
3 426 2956 427
3 429 2957 430
3 432 2958 433
3 435 2959 436
3 438 2960 439
3 441 2961 442
3 444 2962 445
3 447 2963 448
3 450 2964 451
3 453 2965 454
3 456 2966 457
3 459 2967 460
3 462 2968 463
3 465 2969 466
3 468 2970 469
3 471 2971 472
3 474 2972 475
3 477 2973 478
3 480 2974 481
3 483 2975 484
3 486 2976 487
3 489 2977 490
3 492 2978 493
3 495 2979 496
3 498 2980 499
3 501 2981 502
3 504 2982 505
3 507 2983 508
3 510 2984 511
3 513 2985 514
3 516 2986 517
3 519 2987 520
3 522 2988 523
3 525 2989 526
3 528 2990 529
3 531 2991 532
3 534 2992 535
3 537 2993 538
3 540 2994 541
3 543 2995 544
3 546 2996 547
3 549 2997 550
3 552 2998 553
3 555 2999 556
3 558 3000 559
3 561 3001 562
3 564 3002 565
3 567 3003 568
3 570 3004 571
3 573 3005 574
3 576 3006 577
3 579 3007 580
3 582 3008 583
3 585 3009 586
3 588 3010 589
3 591 3011 592
3 594 3012 595
3 597 3013 598
3 600 3014 601
3 603 3015 604
3 606 3016 607
3 609 3017 610
3 612 3018 613
3 615 3019 616
3 618 3020 619
3 621 3021 622
3 624 3022 625
3 627 3023 628
3 630 3024 631
3 633 3025 634
3 636 3026 637
3 639 3027 640
3 642 3028 643
3 645 3029 646
3 648 3030 649
3 651 3031 652
3 654 3032 655
3 657 3033 658
3 660 3034 661
3 663 3035 664
3 666 3036 667
3 669 3037 670
3 672 3038 673
3 675 3039 676
3 678 3040 679
3 681 3041 682
3 684 3042 685
3 687 3043 688
3 690 3044 691
3 693 3045 694
3 696 3046 697
3 699 3047 700
3 702 3048 703
3 705 3049 706
3 708 3050 709
3 711 3051 712
3 714 3052 715
3 717 3053 718
3 720 3054 721
3 723 3055 724
3 726 3056 727
3 729 3057 730
3 732 3058 733
3 735 3059 736
3 738 3060 739
3 741 3061 742
3 744 3062 745
3 747 3063 748
3 750 3064 751
3 753 3065 754
3 756 3066 757
3 759 3067 760
3 762 3068 763
3 765 3069 766
3 768 3070 769
3 771 3071 772
3 774 3072 775
3 777 3073 778
3 780 3074 781
3 783 3075 784
3 786 3076 787
3 789 3077 790
3 792 3078 793
3 795 3079 796
3 798 3080 799
3 801 3081 802
3 804 3082 805
3 807 3083 808
3 810 3084 811
3 813 3085 814
3 816 3086 817
3 819 3087 820
3 822 3088 823
3 825 3089 826
3 828 3090 829
3 831 3091 832
3 834 3092 835
3 837 3093 838
3 840 3094 841
3 843 3095 844
3 846 3096 847
3 849 3097 850
3 852 3098 853
3 855 3099 856
3 858 3100 859
3 861 3101 862
3 864 3102 865
3 867 3103 868
3 870 3104 871
3 873 3105 874
3 876 3106 877
3 879 3107 880
3 882 3108 883
3 885 3109 886
3 888 3110 889
3 891 3111 892
3 894 3112 895
3 897 3113 898
3 900 3114 901
3 903 3115 904
3 906 3116 907
3 909 3117 910
3 912 3118 913
3 915 3119 916
3 918 3120 919
3 921 3121 922
3 924 3122 925
3 927 3123 928
3 930 3124 931
3 933 3125 934
3 936 3126 937
3 939 3127 940
3 942 3128 943
3 945 3129 946
3 948 3130 949
3 951 3131 952
3 954 3132 955
3 957 3133 958
3 960 3134 961
3 963 3135 964
3 966 3136 967
3 969 3137 970
3 972 3138 973
3 975 3139 976
3 978 3140 979
3 981 3141 982
3 984 3142 985
3 987 3143 988
3 990 3144 991
3 993 3145 994
3 996 3146 997
3 999 3147 1000
3 1002 3148 1003
3 1005 3149 1006
3 1008 3150 1009
3 1011 3151 1012
3 1014 3152 1015
3 1017 3153 1018
3 1020 3154 1021
3 1023 3155 1024
3 1026 3156 1027
3 1029 3157 1030
3 1032 3158 1033
3 1035 3159 1036
3 1038 3160 1039
3 1041 3161 1042
3 1044 3162 1045
3 1047 3163 1048
3 1050 3164 1051
3 1053 3165 1054
3 1056 3166 1057
3 1059 3167 1060
3 1062 3168 1063
3 1065 3169 1066
3 1068 3170 1069
3 1071 3171 1072
3 1074 3172 1075
3 1077 3173 1078
3 1080 3174 1081
3 1083 3175 1084
3 1086 3176 1087
3 1089 3177 1090
3 1092 3178 1093
3 1095 3179 1096
3 1098 3180 1099
3 1101 3181 1102
3 1104 3182 1105
3 1107 3183 1108
3 1110 3184 1111
3 1113 3185 1114
3 1116 3186 1117
3 1119 3187 1120
3 1122 3188 1123
3 1125 3189 1126
3 1128 3190 1129
3 1131 3191 1132
3 1134 3192 1135
3 1137 3193 1138
3 1140 3194 1141
3 1143 3195 1144
3 1146 3196 1147
3 1149 3197 1150
3 1152 3198 1153
3 1155 3199 1156
3 1158 3200 1159
3 1161 3201 1162
3 1164 3202 1165
3 1167 3203 1168
3 1170 3204 1171
3 1173 3205 1174
3 1176 3206 1177
3 1179 3207 1180
3 1182 3208 1183
3 1185 3209 1186
3 1188 3210 1189
3 1191 3211 1192
3 1194 3212 1195
3 1197 3213 1198
3 1200 3214 1201
3 1203 3215 1204
3 1206 3216 1207
3 1209 3217 1210
3 1212 3218 1213
3 1215 3219 1216
3 1218 3220 1219
3 1221 3221 1222
3 1224 3222 1225
3 1227 3223 1228
3 1230 3224 1231
3 1233 3225 1234
3 1236 3226 1237
3 1239 3227 1240
3 1242 3228 1243
3 1245 3229 1246
3 1248 3230 1249
3 1251 3231 1252
3 1254 3232 1255
3 1257 3233 1258
3 1260 3234 1261
3 1263 3235 1264
3 1266 3236 1267
3 1269 3237 1270
3 1272 3238 1273
3 1275 3239 1276
3 1278 3240 1279
3 1281 3241 1282
3 1284 3242 1285
3 1287 3243 1288
3 1290 3244 1291
3 1293 3245 1294
3 1296 3246 1297
3 1299 3247 1300
3 1302 3248 1303
3 1305 3249 1306
3 1308 3250 1309
3 1311 3251 1312
3 1314 3252 1315
3 1317 3253 1318
3 1320 3254 1321
3 1323 3255 1324
3 1326 3256 1327
3 1329 3257 1330
3 1332 3258 1333
3 1335 3259 1336
3 1338 3260 1339
3 1341 3261 1342
3 1344 3262 1345
3 1347 3263 1348
3 1350 3264 1351
3 1353 3265 1354
3 1356 3266 1357
3 1359 3267 1360
3 1362 3268 1363
3 1365 3269 1366
3 1368 3270 1369
3 1371 3271 1372
3 1374 3272 1375
3 1377 3273 1378
3 1380 3274 1381
3 1383 3275 1384
3 1386 3276 1387
3 1389 3277 1390
3 1392 3278 1393
3 1395 3279 1396
3 1398 3280 1399
3 1401 3281 1402
3 1404 3282 1405
3 1407 3283 1408
3 1410 3284 1411
3 1413 3285 1414
3 1416 3286 1417
3 1419 3287 1420
3 1422 3288 1423
3 1425 3289 1426
3 1428 3290 1429
3 1431 3291 1432
3 1434 3292 1435
3 1437 3293 1438
3 1440 3294 1441
3 1443 3295 1444
3 1446 3296 1447
3 1449 3297 1450
3 1452 3298 1453
3 1455 3299 1456
3 1458 3300 1459
3 1461 3301 1462
3 1464 3302 1465
3 1467 3303 1468
3 1470 3304 1471
3 1473 3305 1474
3 1476 3306 1477
3 1479 3307 1480
3 1482 3308 1483
3 1485 3309 1486
3 1488 3310 1489
3 1491 3311 1492
3 1494 3312 1495
3 1497 3313 1498
3 1500 3314 1501
3 1503 3315 1504
3 1506 3316 1507
3 1509 3317 1510
3 1512 3318 1513
3 1515 3319 1516
3 1518 3320 1519
3 1521 3321 1522
3 1524 3322 1525
3 1527 3323 1528
3 1530 3324 1531
3 1533 3325 1534
3 1536 3326 1537
3 1539 3327 1540
3 1542 3328 1543
3 1545 3329 1546
3 1548 3330 1549
3 1551 3331 1552
3 1554 3332 1555
3 1557 3333 1558
3 1560 3334 1561
3 1563 3335 1564
3 1566 3336 1567
3 1569 3337 1570
3 1572 3338 1573
3 1575 3339 1576
3 1578 3340 1579
3 1581 3341 1582
3 1584 3342 1585
3 1587 3343 1588
3 1590 3344 1591
3 1593 3345 1594
3 1596 3346 1597
3 1599 3347 1600
3 1602 3348 1603
3 1605 3349 1606
3 1608 3350 1609
3 1611 3351 1612
3 1614 3352 1615
3 1617 3353 1618
3 1620 3354 1621
3 1623 3355 1624
3 1626 3356 1627
3 1629 3357 1630
3 1632 3358 1633
3 1635 3359 1636
3 1638 3360 1639
3 1641 3361 1642
3 1644 3362 1645
3 1647 3363 1648
3 1650 3364 1651
3 1653 3365 1654
3 1656 3366 1657
3 1659 3367 1660
3 1662 3368 1663
3 1665 3369 1666
3 1668 3370 1669
3 1671 3371 1672
3 1674 3372 1675
3 1677 3373 1678
3 1680 3374 1681
3 1683 3375 1684
3 1686 3376 1687
3 1689 3377 1690
3 1692 3378 1693
3 1695 3379 1696
3 1698 3380 1699
3 1701 3381 1702
3 1704 3382 1705
3 1707 3383 1708
3 1710 3384 1711
3 1713 3385 1714
3 1716 3386 1717
3 1719 3387 1720
3 1722 3388 1723
3 1725 3389 1726
3 1728 3390 1729
3 1731 3391 1732
3 1734 3392 1735
3 1737 3393 1738
3 1740 3394 1741
3 1743 3395 1744
3 1746 3396 1747
3 1749 3397 1750
3 1752 3398 1753
3 1755 3399 1756
3 1758 3400 1759
3 1761 3401 1762
3 1764 3402 1765
3 1767 3403 1768
3 1770 3404 1771
3 1773 3405 1774
3 1776 3406 1777
3 1779 3407 1780
3 1782 3408 1783
3 1785 3409 1786
3 1788 3410 1789
3 1791 3411 1792
3 1794 3412 1795
3 1797 3413 1798
3 1800 3414 1801
3 1803 3415 1804
3 1806 3416 1807
3 1809 3417 1810
3 1812 3418 1813
3 1815 3419 1816
3 1818 3420 1819
3 1821 3421 1822
3 1824 3422 1825
3 1827 3423 1828
3 1830 3424 1831
3 1833 3425 1834
3 1836 3426 1837
3 1839 3427 1840
3 1842 3428 1843
3 1845 3429 1846
3 1848 3430 1849
3 1851 3431 1852
3 1854 3432 1855
3 1857 3433 1858
3 1860 3434 1861
3 1863 3435 1864
3 1866 3436 1867
3 1869 3437 1870
3 1872 3438 1873
3 1875 3439 1876
3 1878 3440 1879
3 1881 3441 1882
3 1884 3442 1885
3 1887 3443 1888
3 1890 3444 1891
3 1893 3445 1894
3 1896 3446 1897
3 1899 3447 1900
3 1902 3448 1903
3 1905 3449 1906
3 1908 3450 1909
3 1911 3451 1912
3 1914 3452 1915
3 1917 3453 1918
3 1920 3454 1921
3 1923 3455 1924
3 1926 3456 1927
3 1929 3457 1930
3 1932 3458 1933
3 1935 3459 1936
3 1938 3460 1939
3 1941 3461 1942
3 1944 3462 1945
3 1947 3463 1948
3 1950 3464 1951
3 1953 3465 1954
3 1956 3466 1957
3 1959 3467 1960
3 1962 3468 1963
3 1965 3469 1966
3 1968 3470 1969
3 1971 3471 1972
3 1974 3472 1975
3 1977 3473 1978
3 1980 3474 1981
3 1983 3475 1984
3 1986 3476 1987
3 1989 3477 1990
3 1992 3478 1993
3 1995 3479 1996
3 1998 3480 1999
3 2001 3481 2002
3 2004 3482 2005
3 2007 3483 2008
3 2010 3484 2011
3 2013 3485 2014
3 2016 3486 2017
3 2019 3487 2020
3 2022 3488 2023
3 2025 3489 2026
3 2028 3490 2029
3 2031 3491 2032
3 2034 3492 2035
3 2037 3493 2038
3 2040 3494 2041
3 2043 3495 2044
3 2046 3496 2047
3 2049 3497 2050
3 2052 3498 2053
3 2055 3499 2056
3 2058 3500 2059
3 2061 3501 2062
3 2064 3502 2065
3 2067 3503 2068
3 2070 3504 2071
3 2073 3505 2074
3 2076 3506 2077
3 2079 3507 2080
3 2082 3508 2083
3 2085 3509 2086
3 2088 3510 2089
3 2091 3511 2092
3 2094 3512 2095
3 2097 3513 2098
3 2100 3514 2101
3 2103 3515 2104
3 2106 3516 2107
3 2109 3517 2110
3 2112 3518 2113
3 2115 3519 2116
3 2118 3520 2119
3 2121 3521 2122
3 2124 3522 2125
3 2127 3523 2128
3 2130 3524 2131
3 2133 3525 2134
3 2136 3526 2137
3 2139 3527 2140
3 2142 3528 2143
3 2145 3529 2146
3 2148 3530 2149
3 2151 3531 2152
3 2154 3532 2155
3 2157 3533 2158
3 2160 3534 2161
3 2163 3535 2164
3 2166 3536 2167
3 2169 3537 2170
3 2172 3538 2173
3 2175 3539 2176
3 2178 3540 2179
3 2181 3541 2182
3 2184 3542 2185
3 2187 3543 2188
3 2190 3544 2191
3 2193 3545 2194
3 2196 3546 2197
3 2199 3547 2200
3 2202 3548 2203
3 2205 3549 2206
3 2208 3550 2209
3 2211 3551 2212
3 2214 3552 2215
3 2217 3553 2218
3 2220 3554 2221
3 2223 3555 2224
3 2226 3556 2227
3 2229 3557 2230
3 2232 3558 2233
3 2235 3559 2236
3 2238 3560 2239
3 2241 3561 2242
3 2244 3562 2245
3 2247 3563 2248
3 2250 3564 2251
3 2253 3565 2254
3 2256 3566 2257
3 2259 3567 2260
3 2262 3568 2263
3 2265 3569 2266
3 2268 3570 2269
3 2271 3571 2272
3 2274 3572 2275
3 2277 3573 2278
3 2280 3574 2281
3 2283 3575 2284
3 2286 3576 2287
3 2289 3577 2290
3 2292 3578 2293
3 2295 3579 2296
3 2298 3580 2299
3 2301 3581 2302
3 2304 3582 2305
3 2307 3583 2308
3 2310 3584 2311
3 2313 3585 2314
3 2316 3586 2317
3 2319 3587 2320
3 2322 3588 2323
3 2325 3589 2326
3 2328 3590 2329
3 2331 3591 2332
3 2334 3592 2335
3 2337 3593 2338
3 2340 3594 2341
3 2343 3595 2344
3 2346 3596 2347
3 2349 3597 2350
3 2352 3598 2353
3 2355 3599 2356
3 2358 3600 2359
3 2361 3601 2362
3 2364 3602 2365
3 2367 3603 2368
3 2370 3604 2371
3 2373 3605 2374
3 2376 3606 2377
3 2379 3607 2380
3 2382 3608 2383
3 2385 3609 2386
3 2388 3610 2389
3 2391 3611 2392
3 2394 3612 2395
3 2397 3613 2398
3 2400 3614 2401
3 2403 3615 2404
3 2406 3616 2407
3 2409 3617 2410
3 2412 3618 2413
3 2415 3619 2416
3 2418 3620 2419
3 2421 3621 2422
3 2424 3622 2425
3 2427 3623 2428
3 2430 3624 2431
3 2433 3625 2434
3 2436 3626 2437
3 2439 3627 2440
3 2442 3628 2443
3 2445 3629 2446
3 2448 3630 2449
3 2451 3631 2452
3 2454 3632 2455
3 2457 3633 2458
3 2460 3634 2461
3 2463 3635 2464
3 2466 3636 2467
3 2469 3637 2470
3 2472 3638 2473
3 2475 3639 2476
3 2478 3640 2479
3 2481 3641 2482
3 2484 3642 2485
3 2487 3643 2488
3 2490 3644 2491
3 2493 3645 2494
3 2496 3646 2497
3 2499 3647 2500
3 2502 3648 2503
3 2505 3649 2506
3 2508 3650 2509
3 2511 3651 2512
3 2514 3652 2515
3 2517 3653 2518
3 2520 3654 2521
3 2523 3655 2524
3 2526 3656 2527
3 2529 3657 2530
3 2532 3658 2533
3 2535 3659 2536
3 2538 3660 2539
3 2541 3661 2542
3 2544 3662 2545
3 2547 3663 2548
3 2550 3664 2551
3 2553 3665 2554
3 2556 3666 2557
3 2559 3667 2560
3 2562 3668 2563
3 2565 3669 2566
3 2568 3670 2569
3 2571 3671 2572
3 2574 3672 2575
3 2577 3673 2578
3 2580 3674 2581
3 2583 3675 2584
3 2586 3676 2587
3 2589 3677 2590
3 2592 3678 2593
3 2595 3679 2596
3 2598 3680 2599
3 2601 3681 2602
3 2604 3682 2605
3 2607 3683 2608
3 2610 3684 2611
3 2613 3685 2614
3 2616 3686 2617
3 2619 3687 2620
3 2622 3688 2623
3 2625 3689 2626
3 2628 3690 2629
3 2631 3691 2632
3 2634 3692 2635
3 2637 3693 2638
3 2640 3694 2641
3 2643 3695 2644
3 2646 3696 2647
3 2649 3697 2650
3 2652 3698 2653
3 2655 3699 2656
3 2658 3700 2659
3 2661 3701 2662
3 2664 3702 2665
3 2667 3703 2668
3 2670 3704 2671
3 2673 3705 2674
3 2676 3706 2677
3 2679 3707 2680
3 2682 3708 2683
3 2685 3709 2686
3 2688 3710 2689
3 2691 3711 2692
3 2694 3712 2695
3 2697 3713 2698
3 2700 3714 2701
3 2703 3715 2704
3 2706 3716 2707
3 2709 3717 2710
3 2712 3718 2713
3 2715 3719 2716
3 2718 3720 2719
3 2721 3721 2722
3 2724 3722 2725
3 2727 3723 2728
3 2730 3724 2731
3 2733 3725 2734
3 2736 3726 2737
3 2739 3727 2740
3 2742 3728 2743
3 2745 3729 2746
3 2748 3730 2749
3 2751 3731 2752
3 2754 3732 2755
3 2757 3733 2758
3 2760 3734 2761
3 2763 3735 2764
3 2766 3736 2767
3 2769 3737 2770
3 2772 3738 2773
3 2775 3739 2776
3 2778 3740 2779
3 2781 3741 2782
3 2784 3742 2785
3 2787 3743 2788
3 2790 3744 2791
3 2793 3745 2794
3 2796 3746 2797
3 2799 3747 2800
3 2802 3748 2803
3 2805 3749 2806
3 2808 3750 2809
3 2811 3751 2812
