ply
format ascii 1.0
comment VCGLIB generated
element vertex 3252
property float x
property float y
property float z
property float nx
property float ny
property float nz
property uchar red
property uchar green
property uchar blue
property uchar alpha
property float texture_u
property float texture_v
element face 3360
property list uchar int vertex_indices
end_header
17.12946 8.319191 14.36348 0 1 0 226 195 140 255 0.959203 0.038664
16.09028 8.319191 13.32431 0 1 0 0 0 0 255 0.482203 0.51993
16.09028 8.319191 14.36348 0 1 0 0 0 0 255 0.482203 0.038664
16.09028 8.319191 13.32431 0 0 -1 0 0 0 255 0.496408 0.524084
17.12946 7.280018 13.32431 0 -1.835448e-06 -1 208 174 136 255 0.007498 0.995447
16.09028 7.280018 13.32431 0 -1.835448e-06 -1 224 202 165 255 0.007498 0.524084
17.12946 8.319191 13.32431 1 0 0 197 164 121 255 0.503242 0.505278
17.12946 7.280018 14.36348 1 0 0 0 0 0 255 0.000664 1.002534
17.12946 7.280018 13.32431 1 0 0 208 174 136 255 0.000664 0.505278
16.09028 7.280018 14.36348 0 -1 0 220 190 128 255 0.960739 0.039261
17.12946 7.280018 13.32431 0 -1 0 208 174 136 255 0.484574 0.515426
17.12946 7.280018 14.36348 0 -1 0 0 0 0 255 0.484574 0.039261
16.09028 8.319191 14.36348 -1 0 0 0 0 0 255 0.957102 0.527273
16.09028 7.280018 13.32431 -1 0 0 224 202 165 255 0.48821 0.996165
16.09028 7.280018 14.36348 -1 0 0 220 190 128 255 0.48821 0.527273
17.12946 8.319191 14.36348 0 0 1 226 195 140 255 0.490682 0.051873
16.09028 7.280018 14.36348 0 0 1 220 190 128 255 0.005412 0.51844
17.12946 7.280018 14.36348 0 0 1 0 0 0 255 0.005412 0.051873
10.295 1.462468 5.075999 0 1 0 226 195 140 255 0.959203 0.038664
9.255827 1.462468 4.036826 0 1 0 230 201 159 255 0.482203 0.51993
9.255827 1.462468 5.075999 0 1 0 0 0 0 255 0.482203 0.038664
9.255827 1.462468 4.036826 0 0 -1 230 201 159 255 0.496408 0.524084
10.295 0.423295 4.036826 0 0 -1 206 180 131 255 0.007498 0.995447
9.255827 0.423295 4.036826 0 0 -1 241 210 155 255 0.007498 0.524084
10.295 1.462468 4.036826 1 0 0 197 164 121 255 0.503242 0.505278
10.295 0.423295 5.075999 1 0 0 0 0 0 255 0.000664 1.002534
10.295 0.423295 4.036826 1 0 0 206 180 131 255 0.000664 0.505278
9.255827 0.423295 5.075999 0 -1 0 224 199 158 255 0.960739 0.039261
10.295 0.423295 4.036826 0 -1 0 206 180 131 255 0.484574 0.515426
10.295 0.423295 5.075999 0 -1 0 0 0 0 255 0.484574 0.039261
9.255827 1.462468 5.075999 -1 0 0 0 0 0 255 0.957102 0.527273
9.255827 0.423295 4.036826 -1 0 0 241 210 155 255 0.48821 0.996165
9.255827 0.423295 5.075999 -1 0 0 224 199 158 255 0.48821 0.527273
10.295 1.462468 5.075999 0 0 1 226 195 140 255 0.490682 0.051873
9.255827 0.423295 5.075999 0 0 1 224 199 158 255 0.005412 0.51844
10.295 0.423295 5.075999 0 0 1 0 0 0 255 0.005412 0.051873
8.989527 1.462468 5.393763 0 1 0 226 195 140 255 0.959203 0.038664
7.950352 1.462468 4.354589 0 1 0 0 0 0 255 0.482203 0.51993
7.950352 1.462468 5.393763 0 1 0 209 182 135 255 0.482203 0.038664
7.950352 1.462468 4.354589 0 0 -1 0 0 0 255 0.496408 0.524084
8.989527 0.423295 4.354589 0 0 -1 208 174 136 255 0.007498 0.995447
7.950352 0.423295 4.354589 0 0 -1 241 210 155 255 0.007498 0.524084
8.989527 1.462468 4.354589 1 0 0 235 208 163 255 0.503242 0.505278
8.989527 0.423295 5.393763 1 0 0 0 0 0 255 0.000664 1.002534
8.989527 0.423295 4.354589 1 0 0 208 174 136 255 0.000664 0.505278
7.950352 0.423295 5.393763 0 -1 0 228 201 158 255 0.960739 0.039261
8.989527 0.423295 4.354589 0 -1 0 208 174 136 255 0.484574 0.515426
8.989527 0.423295 5.393763 0 -1 0 0 0 0 255 0.484574 0.039261
7.950352 1.462468 5.393763 -1 0 0 209 182 135 255 0.957102 0.527273
7.950352 0.423295 4.354589 -1 0 0 241 210 155 255 0.48821 0.996165
7.950352 0.423295 5.393763 -1 0 0 228 201 158 255 0.48821 0.527273
8.989527 1.462468 5.393763 0 0 1 226 195 140 255 0.490682 0.051873
7.950352 0.423295 5.393763 0 0 1 228 201 158 255 0.005412 0.51844
8.989527 0.423295 5.393763 0 0 1 0 0 0 255 0.005412 0.051873
7.711517 1.462468 6.04245 0 1 0 231 202 160 255 0.959203 0.038664
6.672342 1.462468 5.003277 0 1 0 230 201 159 255 0.482203 0.51993
6.672342 1.462468 6.04245 0 1 0 0 0 0 255 0.482203 0.038664
6.672342 1.462468 5.003277 0 0 -1 230 201 159 255 0.496408 0.524084
7.711517 0.423295 5.003277 0 0 -1 230 197 146 255 0.007498 0.995447
6.672342 0.423295 5.003277 0 0 -1 202 170 132 255 0.007498 0.524084
7.711517 1.462468 5.003277 1 0 0 235 208 163 255 0.503242 0.505278
7.711517 0.423295 6.04245 1 0 0 0 0 0 255 0.000664 1.002534
7.711517 0.423295 5.003277 1 0 0 230 197 146 255 0.000664 0.505278
6.672342 0.423295 6.04245 0 -1 0 228 201 158 255 0.960739 0.039261
7.711517 0.423295 5.003277 0 -1 0 230 197 146 255 0.484574 0.515426
7.711517 0.423295 6.04245 0 -1 0 0 0 0 255 0.484574 0.039261
6.672342 1.462468 6.04245 -1 0 0 0 0 0 255 0.957102 0.527273
6.672342 0.423295 5.003277 -1 0 0 202 170 132 255 0.48821 0.996165
6.672342 0.423295 6.04245 -1 0 0 228 201 158 255 0.48821 0.527273
7.711517 1.462468 6.04245 0 0 1 231 202 160 255 0.490682 0.051873
6.672342 0.423295 6.04245 0 0 1 228 201 158 255 0.005412 0.51844
7.711517 0.423295 6.04245 0 0 1 0 0 0 255 0.005412 0.051873
7.857183 1.462468 5.062973 0 1 0 226 195 140 255 0.959203 0.038664
6.818009 1.462468 4.0238 0 1 0 0 0 0 255 0.482203 0.51993
6.818009 1.462468 5.062973 0 1 0 205 174 130 255 0.482203 0.038664
6.818009 1.462468 4.0238 0 0 -1 0 0 0 255 0.496408 0.524084
7.857183 0.423295 4.0238 0 0 -1 206 180 131 255 0.007498 0.995447
6.818009 0.423295 4.0238 0 0 -1 202 170 132 255 0.007498 0.524084
7.857183 1.462468 4.0238 1 0 0 235 208 163 255 0.503242 0.505278
7.857183 0.423295 5.062973 1 0 0 0 0 0 255 0.000664 1.002534
7.857183 0.423295 4.0238 1 0 0 206 180 131 255 0.000664 0.505278
6.818009 0.423295 5.062973 0 -1 0 231 207 163 255 0.960739 0.039261
7.857183 0.423295 4.0238 0 -1 0 206 180 131 255 0.484574 0.515426
7.857183 0.423295 5.062973 0 -1 0 0 0 0 255 0.484574 0.039261
6.818009 1.462468 5.062973 -1 0 0 205 174 130 255 0.957102 0.527273
6.818009 0.423295 4.0238 -1 0 0 202 170 132 255 0.48821 0.996165
6.818009 0.423295 5.062973 -1 0 0 231 207 163 255 0.48821 0.527273
7.857183 1.462468 5.062973 0 0 1 226 195 140 255 0.490682 0.051873
6.818009 0.423295 5.062973 0 0 1 231 207 163 255 0.005412 0.51844
7.857183 0.423295 5.062973 0 0 1 0 0 0 255 0.005412 0.051873
6.610853 1.76131 5.849235 0 1 0 0 0 0 255 0.959203 0.038664
5.273268 1.76131 4.51165 0 1 0 233 214 182 255 0.482203 0.51993
5.273268 1.76131 5.849235 0 1 0 0 0 0 255 0.482203 0.038664
5.273268 1.76131 4.51165 0 0 -1 233 214 182 255 0.496408 0.524084
6.610853 0.4237266 4.51165 0 0 -1 208 174 136 255 0.007498 0.995447
5.273268 0.4237266 4.51165 0 0 -1 241 210 155 255 0.007498 0.524084
6.610853 1.76131 4.51165 1 0 0 240 217 176 255 0.503242 0.505278
6.610853 0.4237266 5.849235 1 0 0 0 0 0 255 0.000664 1.002534
6.610853 0.4237266 4.51165 1 0 0 208 174 136 255 0.000664 0.505278
5.273268 0.4237266 5.849235 0 -1 0 228 201 158 255 0.960739 0.039261
6.610853 0.4237266 4.51165 0 -1 0 208 174 136 255 0.484574 0.515426
6.610853 0.4237266 5.849235 0 -1 0 0 0 0 255 0.484574 0.039261
5.273268 1.76131 5.849235 -1 0 0 0 0 0 255 0.957102 0.527273
5.273268 0.4237266 4.51165 -1 0 0 241 210 155 255 0.48821 0.996165
5.273268 0.4237266 5.849235 -1 0 0 228 201 158 255 0.48821 0.527273
6.610853 1.76131 5.849235 0 0 1 0 0 0 255 0.490682 0.051873
5.273268 0.4237266 5.849235 0 0 1 228 201 158 255 0.005412 0.51844
6.610853 0.4237266 5.849235 0 0 1 0 0 0 255 0.005412 0.051873
30.04969 1.476628 5.075999 0 1 0 231 202 160 255 0.959203 0.038664
27.42606 1.476628 4.036826 0 1 0 230 201 159 255 0.482203 0.51993
27.42606 1.476628 5.075999 0 1 0 209 182 135 255 0.482203 0.038664
27.42606 1.476628 4.036826 0 0 -1 230 201 159 255 0.496408 0.524084
30.04969 0.4374547 4.036826 0 0 -1 206 180 131 255 0.007498 0.995447
27.42606 0.4374547 4.036826 0 0 -1 241 210 155 255 0.007498 0.524084
30.04969 1.476628 4.036826 1 0 0 197 164 121 255 0.503242 0.505278
30.04969 0.4374547 5.075999 1 0 0 211 179 130 255 0.000664 1.002534
30.04969 0.4374547 4.036826 1 0 0 206 180 131 255 0.000664 0.505278
27.42606 0.4374547 5.075999 0 -1 0 220 190 128 255 0.960739 0.039261
30.04969 0.4374547 4.036826 0 -1 0 206 180 131 255 0.484574 0.515426
30.04969 0.4374547 5.075999 0 -1 0 211 179 130 255 0.484574 0.039261
27.42606 1.476628 5.075999 -1 0 0 209 182 135 255 0.957102 0.527273
27.42606 0.4374547 4.036826 -1 0 0 241 210 155 255 0.48821 0.996165
27.42606 0.4374547 5.075999 -1 0 0 220 190 128 255 0.48821 0.527273
30.04969 1.476628 5.075999 0 0 1 231 202 160 255 0.490682 0.051873
27.42606 0.4374547 5.075999 0 0 1 220 190 128 255 0.005412 0.51844
30.04969 0.4374547 5.075999 0 0 1 211 179 130 255 0.005412 0.051873
30.04969 1.476628 8.18367 0 1 0 231 202 160 255 0.959203 0.038664
27.42606 1.476628 7.144496 0 1 0 0 0 0 255 0.482203 0.51993
27.42606 1.476628 8.18367 0 1 0 205 174 130 255 0.482203 0.038664
27.42606 1.476628 7.144496 0 0 -1 0 0 0 255 0.496408 0.524084
30.04969 0.4374547 7.144496 0 0 -1 208 174 136 255 0.007498 0.995447
27.42606 0.4374547 7.144496 0 0 -1 224 202 165 255 0.007498 0.524084
30.04969 1.476628 7.144496 1 0 0 197 164 121 255 0.503242 0.505278
30.04969 0.4374547 8.18367 1 0 0 0 0 0 255 0.000664 1.002534
30.04969 0.4374547 7.144496 1 0 0 208 174 136 255 0.000664 0.505278
27.42606 0.4374547 8.18367 0 -1 0 228 201 158 255 0.960739 0.039261
30.04969 0.4374547 7.144496 0 -1 0 208 174 136 255 0.484574 0.515426
30.04969 0.4374547 8.18367 0 -1 0 0 0 0 255 0.484574 0.039261
27.42606 1.476628 8.18367 -1 0 0 205 174 130 255 0.957102 0.527273
27.42606 0.4374547 7.144496 -1 0 0 224 202 165 255 0.48821 0.996165
27.42606 0.4374547 8.18367 -1 0 0 228 201 158 255 0.48821 0.527273
30.04969 1.476628 8.18367 0 0 1 231 202 160 255 0.490682 0.051873
27.42606 0.4374547 8.18367 0 0 1 228 201 158 255 0.005412 0.51844
30.04969 0.4374547 8.18367 0 0 1 0 0 0 255 0.005412 0.051873
30.04969 1.476628 -4.277915 0 1 -4.588621e-07 226 195 140 255 0.959203 0.038664
27.42606 1.476628 -5.317088 0 1 -4.588621e-07 0 0 0 255 0.482203 0.51993
27.42606 1.476628 -4.277915 0 1 -4.588621e-07 0 0 0 255 0.482203 0.038664
27.42606 1.476628 -5.317088 0 -1.835449e-06 -1 0 0 0 255 0.496408 0.524084
30.04969 0.4374547 -5.317086 0 -1.835449e-06 -1 208 174 136 255 0.007498 0.995447
27.42606 0.4374547 -5.317086 0 -1.835449e-06 -1 241 210 155 255 0.007498 0.524084
30.04969 1.476628 -5.317088 1 0 0 240 217 176 255 0.503242 0.505278
30.04969 0.4374552 -4.277913 1 0 0 211 179 130 255 0.000664 1.002534
30.04969 0.4374547 -5.317086 1 0 0 208 174 136 255 0.000664 0.505278
27.42606 0.4374552 -4.277913 0 -1 4.588621e-07 224 199 158 255 0.960739 0.039261
30.04969 0.4374547 -5.317086 0 -1 4.588621e-07 208 174 136 255 0.484574 0.515426
30.04969 0.4374552 -4.277913 0 -1 4.588621e-07 211 179 130 255 0.484574 0.039261
27.42606 1.476628 -4.277915 -1 0 0 0 0 0 255 0.957102 0.527273
27.42606 0.4374547 -5.317086 -1 0 0 241 210 155 255 0.48821 0.996165
27.42606 0.4374552 -4.277913 -1 0 0 224 199 158 255 0.48821 0.527273
30.04969 1.476628 -4.277915 0 1.835449e-06 1 226 195 140 255 0.490682 0.051873
27.42606 0.4374552 -4.277913 0 1.835449e-06 1 224 199 158 255 0.005412 0.51844
30.04969 0.4374552 -4.277913 0 1.835449e-06 1 211 179 130 255 0.005412 0.051873
27.6972 2.995501 -5.899125 -1 0 0 226 195 140 255 0.959203 0.038664
27.6972 0.3718762 -6.938296 -1 0 0 0 0 0 255 0.482203 0.51993
27.6972 0.3718762 -5.899123 -1 0 0 209 182 135 255 0.482203 0.038664
27.6972 0.3718762 -6.938296 -8.008958e-14 -7.269898e-07 -1 0 0 0 255 0.496408 0.524084
28.73637 2.995501 -6.938298 -2.534987e-13 -7.269898e-07 -1 0 0 0 255 0.007498 0.995447
28.73637 0.3718762 -6.938296 0 -7.269898e-07 -1 241 210 155 255 0.007498 0.524084
27.6972 2.995502 -6.938298 2.29431e-07 1 2.29431e-07 235 208 163 255 0.503242 0.505278
28.73637 2.995501 -5.899125 2.29431e-07 1 2.29431e-07 216 200 138 255 0.000664 1.002534
28.73637 2.995501 -6.938298 4.588621e-07 1 0 0 0 0 255 0.000664 0.505278
28.73637 0.3718762 -5.899123 1 0 0 228 201 158 255 0.960739 0.039261
28.73637 2.995501 -6.938298 1 0 0 0 0 0 255 0.484574 0.515426
28.73637 2.995501 -5.899125 1 0 0 216 200 138 255 0.484574 0.039261
27.6972 0.3718762 -5.899123 0 -1 0 209 182 135 255 0.957102 0.527273
28.73637 0.3718762 -6.938296 0 -1 0 241 210 155 255 0.48821 0.996165
28.73637 0.3718762 -5.899123 0 -1 0 228 201 158 255 0.48821 0.527273
27.6972 2.995501 -5.899125 0 7.269898e-07 1 226 195 140 255 0.490682 0.051873
28.73637 0.3718762 -5.899123 0 7.269898e-07 1 228 201 158 255 0.005412 0.51844
28.73637 2.995501 -5.899125 0 7.269898e-07 1 216 200 138 255 0.005412 0.051873
10.295 1.462468 -5.277799 0 1 0 226 195 140 255 0.959203 0.038664
9.255827 1.462468 -6.316972 0 1 0 0 0 0 255 0.482203 0.51993
9.255827 1.462468 -5.277799 0 1 0 0 0 0 255 0.482203 0.038664
9.255827 1.462468 -6.316972 0 -1.835448e-06 -1 0 0 0 255 0.496408 0.524084
10.295 0.423295 -6.31697 0 -1.835448e-06 -1 0 0 0 255 0.007498 0.995447
9.255827 0.423295 -6.31697 0 -1.835448e-06 -1 241 210 155 255 0.007498 0.524084
10.295 1.462468 -6.316972 1 0 0 197 164 121 255 0.503242 0.505278
10.295 0.423295 -5.277797 1 0 0 211 179 130 255 0.000664 1.002534
10.295 0.423295 -6.31697 1 0 0 0 0 0 255 0.000664 0.505278
9.255827 0.423295 -5.277797 0 -1 0 228 201 158 255 0.960739 0.039261
10.295 0.423295 -6.31697 0 -1 0 0 0 0 255 0.484574 0.515426
10.295 0.423295 -5.277797 0 -1 0 211 179 130 255 0.484574 0.039261
9.255827 1.462468 -5.277799 -1 0 0 0 0 0 255 0.957102 0.527273
9.255827 0.423295 -6.31697 -1 0 0 241 210 155 255 0.48821 0.996165
9.255827 0.423295 -5.277797 -1 0 0 228 201 158 255 0.48821 0.527273
10.295 1.462468 -5.277799 0 1.835448e-06 1 226 195 140 255 0.490682 0.051873
9.255827 0.423295 -5.277797 0 1.835448e-06 1 228 201 158 255 0.005412 0.51844
10.295 0.423295 -5.277797 0 1.835448e-06 1 211 179 130 255 0.005412 0.051873
8.989527 1.462469 -4.960034 0 1 -4.588612e-07 231 202 160 255 0.959203 0.038664
7.950352 1.462468 -5.999209 0 1 -4.588612e-07 230 201 159 255 0.482203 0.51993
7.950352 1.462469 -4.960034 0 1 -4.588612e-07 0 0 0 255 0.482203 0.038664
7.950352 1.462468 -5.999209 0 -1.835448e-06 -1 230 201 159 255 0.496408 0.524084
8.989527 0.423295 -5.999207 0 -1.835448e-06 -1 208 174 136 255 0.007498 0.995447
7.950352 0.423295 -5.999207 0 -1.835448e-06 -1 241 210 155 255 0.007498 0.524084
8.989527 1.462468 -5.999209 1 0 0 240 217 176 255 0.503242 0.505278
8.989527 0.4232955 -4.960032 1 0 0 0 0 0 255 0.000664 1.002534
8.989527 0.423295 -5.999207 1 0 0 208 174 136 255 0.000664 0.505278
7.950352 0.4232955 -4.960032 0 -1 4.588612e-07 224 199 158 255 0.960739 0.039261
8.989527 0.423295 -5.999207 0 -1 4.588612e-07 208 174 136 255 0.484574 0.515426
8.989527 0.4232955 -4.960032 0 -1 4.588612e-07 0 0 0 255 0.484574 0.039261
7.950352 1.462469 -4.960034 -1 0 0 0 0 0 255 0.957102 0.527273
7.950352 0.423295 -5.999207 -1 0 0 241 210 155 255 0.48821 0.996165
7.950352 0.4232955 -4.960032 -1 0 0 224 199 158 255 0.48821 0.527273
8.989527 1.462469 -4.960034 0 1.835448e-06 1 231 202 160 255 0.490682 0.051873
7.950352 0.4232955 -4.960032 0 1.835448e-06 1 224 199 158 255 0.005412 0.51844
8.989527 0.4232955 -4.960032 0 1.835448e-06 1 0 0 0 255 0.005412 0.051873
7.711517 1.462468 -4.311347 0 1 -4.588612e-07 231 202 160 255 0.959203 0.038664
6.672342 1.462468 -5.350522 0 1 -4.588612e-07 0 0 0 255 0.482203 0.51993
6.672342 1.462468 -4.311347 0 1 -4.588612e-07 0 0 0 255 0.482203 0.038664
6.672342 1.462468 -5.350522 0 -1.835449e-06 -1 0 0 0 255 0.496408 0.524084
7.711517 0.423295 -5.35052 0 -1.835449e-06 -1 230 197 146 255 0.007498 0.995447
6.672342 0.423295 -5.35052 0 -1.835449e-06 -1 224 202 165 255 0.007498 0.524084
7.711517 1.462468 -5.350522 1 0 0 197 164 121 255 0.503242 0.505278
7.711517 0.4232955 -4.311345 1 0 0 0 0 0 255 0.000664 1.002534
7.711517 0.423295 -5.35052 1 0 0 230 197 146 255 0.000664 0.505278
6.672342 0.4232955 -4.311345 0 -1 4.588612e-07 224 199 158 255 0.960739 0.039261
7.711517 0.423295 -5.35052 0 -1 4.588612e-07 230 197 146 255 0.484574 0.515426
7.711517 0.4232955 -4.311345 0 -1 4.588612e-07 0 0 0 255 0.484574 0.039261
6.672342 1.462468 -4.311347 -1 0 0 0 0 0 255 0.957102 0.527273
6.672342 0.423295 -5.35052 -1 0 0 224 202 165 255 0.48821 0.996165
6.672342 0.4232955 -4.311345 -1 0 0 224 199 158 255 0.48821 0.527273
7.711517 1.462468 -4.311347 0 1.835449e-06 1 231 202 160 255 0.490682 0.051873
6.672342 0.4232955 -4.311345 0 1.835449e-06 1 224 199 158 255 0.005412 0.51844
7.711517 0.4232955 -4.311345 0 1.835449e-06 1 0 0 0 255 0.005412 0.051873
7.857183 1.462468 -5.290824 0 1 0 226 195 140 255 0.959203 0.038664
6.818009 1.462468 -6.329999 0 1 0 230 201 159 255 0.482203 0.51993
6.818009 1.462468 -5.290824 0 1 0 205 174 130 255 0.482203 0.038664
6.818009 1.462468 -6.329999 0 -1.835448e-06 -1 230 201 159 255 0.496408 0.524084
7.857183 0.423295 -6.329997 0 -1.835448e-06 -1 206 180 131 255 0.007498 0.995447
6.818009 0.423295 -6.329997 0 -1.835448e-06 -1 241 210 155 255 0.007498 0.524084
7.857183 1.462468 -6.329999 1 0 0 197 164 121 255 0.503242 0.505278
7.857183 0.423295 -5.290822 1 0 0 216 200 138 255 0.000664 1.002534
7.857183 0.423295 -6.329997 1 0 0 206 180 131 255 0.000664 0.505278
6.818009 0.423295 -5.290822 0 -1 0 228 201 158 255 0.960739 0.039261
7.857183 0.423295 -6.329997 0 -1 0 206 180 131 255 0.484574 0.515426
7.857183 0.423295 -5.290822 0 -1 0 216 200 138 255 0.484574 0.039261
6.818009 1.462468 -5.290824 -1 0 0 205 174 130 255 0.957102 0.527273
6.818009 0.423295 -6.329997 -1 0 0 241 210 155 255 0.48821 0.996165
6.818009 0.423295 -5.290822 -1 0 0 228 201 158 255 0.48821 0.527273
7.857183 1.462468 -5.290824 0 1.835448e-06 1 226 195 140 255 0.490682 0.051873
6.818009 0.423295 -5.290822 0 1.835448e-06 1 228 201 158 255 0.005412 0.51844
7.857183 0.423295 -5.290822 0 1.835448e-06 1 216 200 138 255 0.005412 0.051873
6.610853 1.76131 -4.504563 0 1 -3.564915e-07 226 195 140 255 0.959203 0.038664
5.273268 1.76131 -5.842147 0 1 -3.564915e-07 0 0 0 255 0.482203 0.51993
5.273268 1.76131 -4.504563 0 1 -3.564915e-07 205 174 130 255 0.482203 0.038664
5.273268 1.76131 -5.842147 0 -1.425967e-06 -1 0 0 0 255 0.496408 0.524084
6.610853 0.4237266 -5.842145 0 -1.425967e-06 -1 208 174 136 255 0.007498 0.995447
5.273268 0.4237266 -5.842145 0 -1.425967e-06 -1 224 202 165 255 0.007498 0.524084
6.610853 1.76131 -5.842147 1 0 0 240 217 176 255 0.503242 0.505278
6.610853 0.423727 -4.504561 1 0 0 211 179 130 255 0.000664 1.002534
6.610853 0.4237266 -5.842145 1 0 0 208 174 136 255 0.000664 0.505278
5.273268 0.423727 -4.504561 0 -1 3.564915e-07 224 199 158 255 0.960739 0.039261
6.610853 0.4237266 -5.842145 0 -1 3.564915e-07 208 174 136 255 0.484574 0.515426
6.610853 0.423727 -4.504561 0 -1 3.564915e-07 211 179 130 255 0.484574 0.039261
5.273268 1.76131 -4.504563 -1 0 0 205 174 130 255 0.957102 0.527273
5.273268 0.4237266 -5.842145 -1 0 0 224 202 165 255 0.48821 0.996165
5.273268 0.423727 -4.504561 -1 0 0 224 199 158 255 0.48821 0.527273
6.610853 1.76131 -4.504563 0 1.425967e-06 1 226 195 140 255 0.490682 0.051873
5.273268 0.423727 -4.504561 0 1.425967e-06 1 224 199 158 255 0.005412 0.51844
6.610853 0.423727 -4.504561 0 1.425967e-06 1 211 179 130 255 0.005412 0.051873
5.789723 1.462468 -11.39322 0 1 0 0 0 0 255 0.959203 0.038664
6.828898 1.462468 -10.35404 0 1 0 233 214 182 255 0.482203 0.51993
6.828897 1.462468 -11.39322 0 1 0 0 0 0 255 0.482203 0.038664
6.828898 1.462468 -10.35404 9.177224e-07 9.177253e-07 1 233 214 182 255 0.496408 0.524084
5.789724 0.4232955 -10.35404 9.17724e-07 9.177238e-07 1 0 0 0 255 0.007498 0.995447
6.828898 0.4232955 -10.35404 0 1.835449e-06 1 224 202 165 255 0.007498 0.524084
5.789724 0.4232955 -10.35404 -1 8.422167e-13 9.177234e-07 0 0 0 255 0.000664 0.505278
5.789723 1.462468 -11.39322 -1 8.42218e-13 9.177234e-07 0 0 0 255 0.503242 1.002534
5.789723 0.423295 -11.39321 -1 1.684435e-12 9.177243e-07 216 200 138 255 0.000664 1.002534
6.828897 0.423295 -11.39321 0 -1 4.588621e-07 224 199 158 255 0.960739 0.039261
5.789724 0.4232955 -10.35404 0 -1 4.588621e-07 0 0 0 255 0.484574 0.515426
5.789723 0.423295 -11.39321 0 -1 4.588621e-07 216 200 138 255 0.484574 0.039261
6.828897 0.423295 -11.39321 1 -1.684436e-12 -9.177243e-07 224 199 158 255 0.48821 0.527273
6.828898 1.462468 -10.35404 1 -1.684436e-12 -9.177242e-07 233 214 182 255 0.957102 0.996165
6.828898 0.4232955 -10.35404 1 -1.684436e-12 -9.177242e-07 224 202 165 255 0.48821 0.996165
5.789723 1.462468 -11.39322 0 -1.835448e-06 -1 0 0 0 255 0.490682 0.051873
6.828897 0.423295 -11.39321 0 -1.835448e-06 -1 224 199 158 255 0.005412 0.51844
5.789723 0.423295 -11.39321 0 -1.835448e-06 -1 216 200 138 255 0.005412 0.051873
8.134373 1.462468 -11.71098 0 1 0 0 0 0 255 0.482203 0.038664
7.0952 1.462468 -10.67181 0 1 0 197 164 121 255 0.959203 0.51993
8.134374 1.462468 -10.67181 0 1 0 230 201 159 255 0.482203 0.51993
8.134374 1.462468 -10.67181 9.17724e-07 9.177238e-07 1 230 201 159 255 0.496408 0.524084
7.0952 0.4232955 -10.6718 9.177224e-07 9.177253e-07 1 208 174 136 255 0.007498 0.995447
8.134374 0.4232955 -10.67181 1.835446e-06 0 1 224 202 165 255 0.007498 0.524084
7.0952 1.462468 -10.67181 -1 1.684433e-12 9.177225e-07 197 164 121 255 0.503242 0.505278
7.095199 0.423295 -11.71098 -1 1.684433e-12 9.177225e-07 0 0 0 255 0.000664 1.002534
7.0952 0.4232955 -10.6718 -1 1.684433e-12 9.177225e-07 208 174 136 255 0.000664 0.505278
7.095199 0.423295 -11.71098 4.211079e-13 -1 4.588617e-07 0 0 0 255 0.484574 0.039261
8.134374 0.4232955 -10.67181 4.211082e-13 -1 4.588617e-07 224 202 165 255 0.960739 0.515426
7.0952 0.4232955 -10.6718 8.422153e-13 -1 4.588612e-07 208 174 136 255 0.484574 0.515426
8.134373 1.462468 -11.71098 1 0 0 0 0 0 255 0.957102 0.527273
8.134374 0.4232955 -10.67181 1 -1.684433e-12 -1.835447e-06 224 202 165 255 0.48821 0.996165
8.134373 0.423295 -11.71098 1 0 0 224 199 158 255 0.48821 0.527273
7.095199 1.462468 -11.71098 0 -1.835448e-06 -1 231 202 160 255 0.490682 0.051873
8.134373 0.423295 -11.71098 0 -1.835448e-06 -1 224 199 158 255 0.005412 0.51844
7.095199 0.423295 -11.71098 0 -1.835448e-06 -1 0 0 0 255 0.005412 0.051873
8.373208 1.462469 -12.35967 4.211078e-13 1 4.588617e-07 226 195 140 255 0.959203 0.038664
9.412382 1.462468 -11.32049 4.211086e-13 1 4.588617e-07 0 0 0 255 0.482203 0.51993
9.412382 1.462469 -12.35967 0 1 4.588621e-07 209 182 135 255 0.482203 0.038664
9.412382 1.462468 -11.32049 9.177242e-07 9.177242e-07 1 0 0 0 255 0.496408 0.524084
8.373208 0.423295 -11.32049 9.177236e-07 9.177232e-07 1 206 180 131 255 0.007498 0.995447
9.412382 0.423295 -11.32049 0 1.835448e-06 1 224 202 165 255 0.007498 0.524084
8.373208 0.423295 -11.32049 -1 0 0 206 180 131 255 0.000664 0.505278
8.373208 1.462469 -12.35967 -1 0 0 226 195 140 255 0.503242 1.002534
8.373208 0.4232955 -12.35967 -1 0 0 216 200 138 255 0.000664 1.002534
9.412382 0.4232955 -12.35967 0 -1 -4.588621e-07 224 199 158 255 0.960739 0.039261
8.373208 0.423295 -11.32049 0 -1 -4.588621e-07 206 180 131 255 0.484574 0.515426
8.373208 0.4232955 -12.35967 0 -1 -4.588621e-07 216 200 138 255 0.484574 0.039261
9.412382 0.4232955 -12.35967 1 0 0 224 199 158 255 0.48821 0.527273
9.412382 1.462468 -11.32049 1 0 0 0 0 0 255 0.957102 0.996165
9.412382 0.423295 -11.32049 1 0 0 224 202 165 255 0.48821 0.996165
8.373208 1.462469 -12.35967 0 -1.835448e-06 -1 226 195 140 255 0.490682 0.051873
9.412382 0.4232955 -12.35967 0 -1.835448e-06 -1 224 199 158 255 0.005412 0.51844
8.373208 0.4232955 -12.35967 0 -1.835448e-06 -1 216 200 138 255 0.005412 0.051873
8.227542 1.462468 -11.38019 0 1 0 226 195 140 255 0.959203 0.038664
9.266716 1.462468 -10.34102 0 1 0 230 201 159 255 0.482203 0.51993
9.266716 1.462468 -11.38019 0 1 0 213 178 124 255 0.482203 0.038664
9.266716 1.462468 -10.34102 9.17724e-07 9.177249e-07 1 230 201 159 255 0.496408 0.524084
8.227542 0.4232955 -10.34102 9.177239e-07 9.177232e-07 1 208 174 136 255 0.007498 0.995447
9.266716 0.4232955 -10.34102 0 1.835449e-06 1 224 202 165 255 0.007498 0.524084
8.227542 0.4232955 -10.34102 -1 0 0 208 174 136 255 0.000664 0.505278
8.227542 1.462468 -11.38019 -1 0 0 226 195 140 255 0.503242 1.002534
8.227542 0.423295 -11.38019 -1 0 0 211 179 130 255 0.000664 1.002534
9.266716 0.423295 -11.38019 0 -1 4.588621e-07 220 190 128 255 0.960739 0.039261
8.227542 0.4232955 -10.34102 0 -1 4.588621e-07 208 174 136 255 0.484574 0.515426
8.227542 0.423295 -11.38019 0 -1 4.588621e-07 211 179 130 255 0.484574 0.039261
9.266716 0.423295 -11.38019 1 0 0 220 190 128 255 0.48821 0.527273
9.266716 1.462468 -10.34102 1 0 0 230 201 159 255 0.957102 0.996165
9.266716 0.4232955 -10.34102 1 0 0 224 202 165 255 0.48821 0.996165
8.227542 1.462468 -11.38019 0 -1.835448e-06 -1 226 195 140 255 0.490682 0.051873
9.266716 0.423295 -11.38019 0 -1.835448e-06 -1 220 190 128 255 0.005412 0.51844
8.227542 0.423295 -11.38019 0 -1.835448e-06 -1 211 179 130 255 0.005412 0.051873
9.473872 1.76131 -12.16645 0 1 0 0 0 0 255 0.959203 0.038664
10.81146 1.76131 -10.82887 0 1 0 233 214 182 255 0.482203 0.51993
10.81146 1.76131 -12.16645 0 1 0 0 0 0 255 0.482203 0.038664
10.81146 1.76131 -10.82887 7.129829e-07 2.138949e-06 1 233 214 182 255 0.496408 0.524084
9.473873 0.423727 -10.82887 7.129829e-07 2.138949e-06 1 206 180 131 255 0.007498 0.995447
10.81146 0.423727 -10.82887 -7.129829e-07 2.138949e-06 1 241 210 155 255 0.007498 0.524084
9.473873 0.423727 -10.82887 -1 0 0 206 180 131 255 0.000664 0.505278
9.473872 1.76131 -12.16645 -1 -7.129814e-07 2.138948e-06 0 0 0 255 0.503242 1.002534
9.473872 0.423727 -12.16645 -1 7.129825e-07 2.138947e-06 216 200 138 255 0.000664 1.002534
10.81146 0.423727 -12.16645 0 -1 0 228 201 158 255 0.960739 0.039261
9.473873 0.423727 -10.82887 0 -1 0 206 180 131 255 0.484574 0.515426
9.473872 0.423727 -12.16645 0 -1 0 216 200 138 255 0.484574 0.039261
10.81146 0.423727 -12.16645 1 0 0 228 201 158 255 0.48821 0.527273
10.81146 1.76131 -10.82887 1 0 0 233 214 182 255 0.957102 0.996165
10.81146 0.423727 -10.82887 1 0 0 241 210 155 255 0.48821 0.996165
9.473872 1.76131 -12.16645 -7.129835e-07 -7.129827e-07 -1 0 0 0 255 0.490682 0.051873
10.81146 0.423727 -12.16645 -7.129829e-07 -7.12984e-07 -1 228 201 158 255 0.005412 0.51844
9.473872 0.423727 -12.16645 0 0 -1 216 200 138 255 0.005412 0.051873
-15.55636 1.462469 -4.087867 2.29431e-07 1 2.29431e-07 231 202 160 255 0.959203 0.038664
-14.51718 1.462469 -5.12704 2.29431e-07 1 2.29431e-07 230 201 159 255 0.482203 0.51993
-15.55636 1.462469 -5.12704 0 1 0 209 182 135 255 0.482203 0.038664
-14.51718 0.4232955 -5.127038 1 0 0 241 210 155 255 0.007498 0.524084
-14.51718 1.462468 -4.087867 1 0 0 235 208 163 255 0.496408 0.995447
-14.51718 0.4232955 -4.087865 1 0 0 0 0 0 255 0.007498 0.995447
-14.51718 1.462468 -4.087867 4.211088e-13 1.835449e-06 1 235 208 163 255 0.503242 0.505278
-15.55636 0.4232955 -4.087865 4.21109e-13 1.835449e-06 1 216 200 138 255 0.000664 1.002534
-14.51718 0.4232955 -4.087865 0 1.835449e-06 1 0 0 0 255 0.000664 0.505278
-15.55636 0.4232955 -5.127038 0 -1 0 224 199 158 255 0.960739 0.039261
-14.51718 0.4232955 -4.087865 0 -1 0 0 0 0 255 0.484574 0.515426
-15.55636 0.4232955 -4.087865 0 -1 0 216 200 138 255 0.484574 0.039261
-15.55636 1.462469 -5.12704 0 -1.835448e-06 -1 209 182 135 255 0.957102 0.527273
-14.51718 0.4232955 -5.127038 0 -1.835448e-06 -1 241 210 155 255 0.48821 0.996165
-15.55636 0.4232955 -5.127038 0 -1.835448e-06 -1 224 199 158 255 0.48821 0.527273
-15.55636 1.462469 -4.087867 -1 0 0 231 202 160 255 0.490682 0.051873
-15.55636 0.4232955 -5.127038 -1 0 0 224 199 158 255 0.005412 0.51844
-15.55636 0.4232955 -4.087865 -1 0 0 216 200 138 255 0.005412 0.051873
-15.87412 1.462468 -5.39334 2.294311e-07 1 2.294306e-07 231 202 160 255 0.959203 0.038664
-14.83495 1.462468 -6.432515 2.29431e-07 1 2.294306e-07 233 214 182 255 0.482203 0.51993
-15.87412 1.462469 -6.432515 4.588621e-07 1 4.588612e-07 0 0 0 255 0.482203 0.038664
-14.83495 1.462468 -6.432515 1 -3.368871e-12 -1.835449e-06 233 214 182 255 0.496408 0.524084
-14.83495 0.423295 -5.39334 1 -3.368871e-12 -1.835449e-06 206 180 131 255 0.007498 0.995447
-14.83495 0.423295 -6.432513 1 -3.368871e-12 -1.835449e-06 224 202 165 255 0.007498 0.524084
-14.83495 1.462468 -5.393342 9.177215e-07 9.177253e-07 1 235 208 163 255 0.503242 0.505278
-15.87412 0.423295 -5.39334 9.177236e-07 9.177232e-07 1 211 179 130 255 0.000664 1.002534
-14.83495 0.423295 -5.39334 0 1.835448e-06 1 206 180 131 255 0.000664 0.505278
-15.87412 0.423295 -5.39334 -2.29431e-07 -1 -2.29431e-07 211 179 130 255 0.484574 0.039261
-14.83495 0.423295 -6.432513 -2.294308e-07 -1 -2.294308e-07 224 202 165 255 0.960739 0.515426
-14.83495 0.423295 -5.39334 0 -1 0 206 180 131 255 0.484574 0.515426
-15.87412 0.4232955 -6.432513 -8.422177e-13 -1.835448e-06 -1 220 190 128 255 0.48821 0.527273
-14.83495 1.462468 -6.432515 -8.422177e-13 -1.835448e-06 -1 233 214 182 255 0.957102 0.996165
-14.83495 0.423295 -6.432513 -8.422177e-13 -1.835449e-06 -1 224 202 165 255 0.48821 0.996165
-15.87412 0.423295 -5.39334 -1 0 0 211 179 130 255 0.005412 0.051873
-15.87412 1.462469 -6.432515 -1 0 0 0 0 0 255 0.490682 0.51844
-15.87412 0.4232955 -6.432513 -1 0 0 220 190 128 255 0.005412 0.51844
-16.52281 1.462469 -7.710525 0 1 0 209 182 135 255 0.482203 0.038664
-15.48363 1.462469 -6.671351 0 1 0 219 188 142 255 0.959203 0.51993
-15.48363 1.462469 -7.710525 0 1 0 0 0 0 255 0.482203 0.51993
-15.48363 1.462469 -7.710525 1 -1.835452e-06 -1.835449e-06 0 0 0 255 0.496408 0.524084
-15.48363 0.4232955 -6.67135 1 -1.835452e-06 -1.835449e-06 230 197 146 255 0.007498 0.995447
-15.48364 0.4232955 -7.710523 1 -3.670904e-06 -3.670897e-06 202 170 132 255 0.007498 0.524084
-15.48363 1.462469 -6.671351 1.835442e-06 1.835448e-06 1 219 188 142 255 0.503242 0.505278
-16.52281 0.4232955 -6.671348 1.835442e-06 1.835448e-06 1 0 0 0 255 0.000664 1.002534
-15.48363 0.4232955 -6.67135 1.835442e-06 1.835448e-06 1 230 197 146 255 0.000664 0.505278
-16.52281 0.4232955 -6.671348 0 -1 0 0 0 0 255 0.484574 0.039261
-15.48364 0.4232955 -7.710523 0 -1 0 202 170 132 255 0.960739 0.515426
-15.48363 0.4232955 -6.67135 0 -1 0 230 197 146 255 0.484574 0.515426
-16.52281 1.462469 -7.710525 0 -1.835448e-06 -1 209 182 135 255 0.957102 0.527273
-15.48364 0.4232955 -7.710523 0 -1.835448e-06 -1 202 170 132 255 0.48821 0.996165
-16.52281 0.4232955 -7.710523 0 -1.835448e-06 -1 224 199 158 255 0.48821 0.527273
-16.52281 1.462469 -6.67135 -1 0 0 231 202 160 255 0.490682 0.051873
-16.52281 0.4232955 -7.710523 -1 0 0 224 199 158 255 0.005412 0.51844
-16.52281 0.4232955 -6.671348 -1 0 0 0 0 0 255 0.005412 0.051873
-15.54333 1.462469 -7.564858 2.294309e-07 1 2.294308e-07 213 178 124 255 0.482203 0.038664
-14.50416 1.462468 -6.525685 2.294306e-07 1 2.29431e-07 240 217 176 255 0.959203 0.51993
-14.50416 1.462469 -7.564858 0 1 4.588621e-07 0 0 0 255 0.482203 0.51993
-14.50416 0.4232955 -7.564857 1 0 0 202 170 132 255 0.007498 0.524084
-14.50416 1.462468 -6.525685 1 0 0 240 217 176 255 0.496408 0.995447
-14.50416 0.4232955 -6.525683 1 0 0 0 0 0 255 0.007498 0.995447
-14.50416 1.462468 -6.525685 1.835445e-06 1.835449e-06 1 240 217 176 255 0.503242 0.505278
-15.54333 0.4232955 -6.525681 1.835445e-06 1.835449e-06 1 216 200 138 255 0.000664 1.002534
-14.50416 0.4232955 -6.525683 1.835445e-06 1.835449e-06 1 0 0 0 255 0.000664 0.505278
-15.54333 0.4232955 -7.564857 0 -1 0 231 207 163 255 0.960739 0.039261
-14.50416 0.4232955 -6.525683 0 -1 0 0 0 0 255 0.484574 0.515426
-15.54333 0.4232955 -6.525681 0 -1 0 216 200 138 255 0.484574 0.039261
-15.54333 1.462469 -7.564858 0 -1.835448e-06 -1 213 178 124 255 0.957102 0.527273
-14.50416 0.4232955 -7.564857 0 -1.835448e-06 -1 202 170 132 255 0.48821 0.996165
-15.54333 0.4232955 -7.564857 0 -1.835448e-06 -1 231 207 163 255 0.48821 0.527273
-15.54333 1.462469 -6.525683 -1 0 0 0 0 0 255 0.490682 0.051873
-15.54333 0.4232955 -7.564857 -1 0 0 231 207 163 255 0.005412 0.51844
-15.54333 0.4232955 -6.525681 -1 0 0 216 200 138 255 0.005412 0.051873
-16.32959 1.76131 -7.772014 1.782456e-07 1 -1.782459e-07 231 202 160 255 0.959203 0.038664
-14.99201 1.76131 -9.109599 1.782459e-07 1 -1.782456e-07 0 0 0 255 0.482203 0.51993
-16.32959 1.76131 -9.109599 3.56492e-07 1 0 205 174 130 255 0.482203 0.038664
-14.99201 1.76131 -9.109599 1 -7.129841e-07 -7.129827e-07 0 0 0 255 0.496408 0.524084
-14.99201 0.423727 -7.772014 1 -7.129841e-07 -7.129827e-07 208 174 136 255 0.007498 0.995447
-14.99201 0.4237266 -9.109597 1 7.129821e-07 -7.129831e-07 241 210 155 255 0.007498 0.524084
-14.99201 1.76131 -7.772016 1.425965e-06 1.425965e-06 1 197 164 121 255 0.503242 0.505278
-16.32959 0.423727 -7.772012 1.425965e-06 1.425965e-06 1 216 200 138 255 0.000664 1.002534
-14.99201 0.423727 -7.772014 1.425965e-06 1.425968e-06 1 208 174 136 255 0.000664 0.505278
-16.32959 0.423727 -7.772012 -1.782454e-07 -1 1.782461e-07 216 200 138 255 0.484574 0.039261
-14.99201 0.4237266 -9.109597 -1.782454e-07 -1 1.782461e-07 241 210 155 255 0.960739 0.515426
-14.99201 0.423727 -7.772014 5.083447e-13 -1 3.564915e-07 208 174 136 255 0.484574 0.515426
-16.32959 1.76131 -9.109599 7.12982e-07 -2.138951e-06 -1 205 174 130 255 0.957102 0.527273
-14.99201 0.4237266 -9.109597 7.129826e-07 -2.13895e-06 -1 241 210 155 255 0.48821 0.996165
-16.3296 0.423727 -9.109597 -7.129835e-07 -2.138947e-06 -1 228 201 158 255 0.48821 0.527273
-16.32959 1.76131 -7.772014 -1 2.851937e-06 2.851933e-06 231 202 160 255 0.490682 0.051873
-16.3296 0.423727 -9.109597 -1 2.851939e-06 2.85193e-06 228 201 158 255 0.005412 0.51844
-16.32959 0.423727 -7.772012 -1 -1.425955e-06 4.277891e-06 216 200 138 255 0.005412 0.051873
-11.54654 1.462468 -9.279176 -2.294308e-07 1 2.294309e-07 226 195 140 255 0.959203 0.038664
-12.58572 1.462468 -8.240001 -2.294308e-07 1 2.294309e-07 233 214 182 255 0.482203 0.51993
-11.54654 1.462468 -8.240003 -4.588621e-07 1 0 205 174 130 255 0.482203 0.038664
-12.58572 0.423295 -8.240001 -1 -9.177231e-07 9.177236e-07 224 202 165 255 0.007498 0.524084
-12.58572 1.462468 -9.279176 -1 -9.177244e-07 9.177222e-07 197 164 121 255 0.496408 0.995447
-12.58572 0.423295 -9.279174 -1 -1.835448e-06 0 206 180 131 255 0.007498 0.995447
-12.58572 0.423295 -9.279174 0 -1.835448e-06 -1 206 180 131 255 0.000664 0.505278
-11.54654 1.462468 -9.279176 0 -1.835448e-06 -1 226 195 140 255 0.503242 1.002534
-11.54654 0.423295 -9.279174 0 -1.835448e-06 -1 216 200 138 255 0.000664 1.002534
-11.54654 0.423295 -8.240001 0 -1 0 228 201 158 255 0.960739 0.039261
-12.58572 0.423295 -9.279174 0 -1 0 206 180 131 255 0.484574 0.515426
-11.54654 0.423295 -9.279174 0 -1 0 216 200 138 255 0.484574 0.039261
-11.54654 0.423295 -8.240001 9.17724e-07 9.177244e-07 1 228 201 158 255 0.48821 0.527273
-12.58572 1.462468 -8.240001 9.177238e-07 9.177242e-07 1 233 214 182 255 0.957102 0.996165
-12.58572 0.423295 -8.240001 0 0 1 224 202 165 255 0.48821 0.996165
-11.54654 1.462468 -9.279176 1 0 0 226 195 140 255 0.490682 0.051873
-11.54654 0.423295 -8.240001 1 0 0 228 201 158 255 0.005412 0.51844
-11.54654 0.423295 -9.279174 1 0 0 216 200 138 255 0.005412 0.051873
-11.22878 1.462469 -7.973701 -2.29431e-07 1 2.29431e-07 226 195 140 255 0.959203 0.038664
-12.26795 1.462468 -6.934527 -2.29431e-07 1 2.29431e-07 233 214 182 255 0.482203 0.51993
-11.22878 1.462469 -6.934527 -4.588621e-07 1 0 209 182 135 255 0.482203 0.038664
-12.26795 1.462468 -6.934527 -1 0 0 233 214 182 255 0.496408 0.524084
-12.26795 0.4232955 -7.973699 -1 0 0 206 180 131 255 0.007498 0.995447
-12.26795 0.423295 -6.934525 -1 0 0 241 210 155 255 0.007498 0.524084
-12.26795 1.462469 -7.973701 -9.177242e-07 -9.177242e-07 -1 235 208 163 255 0.503242 0.505278
-11.22878 0.4232955 -7.973701 -9.177242e-07 -9.177242e-07 -1 0 0 0 255 0.000664 1.002534
-12.26795 0.4232955 -7.973699 -1.835448e-06 -1.835448e-06 -1 206 180 131 255 0.000664 0.505278
-11.22878 0.4232955 -6.934525 2.294306e-07 -1 -2.294311e-07 224 199 158 255 0.960739 0.039261
-12.26795 0.4232955 -7.973699 2.294306e-07 -1 -2.29431e-07 206 180 131 255 0.484574 0.515426
-11.22878 0.4232955 -7.973701 0 -1 0 0 0 0 255 0.484574 0.039261
-11.22878 1.462469 -6.934527 -8.422169e-13 1.835448e-06 1 209 182 135 255 0.957102 0.527273
-12.26795 0.423295 -6.934525 -8.422169e-13 1.835448e-06 1 241 210 155 255 0.48821 0.996165
-11.22878 0.4232955 -6.934525 -8.422161e-13 1.835448e-06 1 224 199 158 255 0.48821 0.527273
-11.22878 1.462469 -7.973701 1 9.177231e-07 -9.177236e-07 226 195 140 255 0.490682 0.051873
-11.22878 0.4232955 -6.934525 1 9.177242e-07 -9.177225e-07 224 199 158 255 0.005412 0.51844
-11.22878 0.4232955 -7.973701 1 0 -1.835445e-06 0 0 0 255 0.005412 0.051873
-10.58009 1.462468 -5.656518 0 1 0 205 174 130 255 0.482203 0.038664
-11.61926 1.462468 -6.695691 0 1 0 197 164 121 255 0.959203 0.51993
-11.61926 1.462468 -5.656518 0 1 0 230 201 159 255 0.482203 0.51993
-11.61926 0.423295 -5.656516 -1 1.684435e-12 1.835447e-06 224 202 165 255 0.007498 0.524084
-11.61926 1.462468 -6.695691 -1 1.684434e-12 1.835447e-06 197 164 121 255 0.496408 0.995447
-11.61926 0.423295 -6.695691 -1 0 1.835445e-06 206 180 131 255 0.007498 0.995447
-11.61926 1.462468 -6.695691 -9.177215e-07 -9.177232e-07 -1 197 164 121 255 0.503242 0.505278
-10.58009 0.423295 -6.695691 -9.177236e-07 -9.177253e-07 -1 211 179 130 255 0.000664 1.002534
-11.61926 0.423295 -6.695691 0 0 -1 206 180 131 255 0.000664 0.505278
-10.58009 0.423295 -6.695691 0 -1 0 211 179 130 255 0.484574 0.039261
-11.61926 0.423295 -5.656516 0 -1 0 224 202 165 255 0.960739 0.515426
-11.61926 0.423295 -6.695691 0 -1 0 206 180 131 255 0.484574 0.515426
-10.58009 1.462468 -5.656518 0 1.835448e-06 1 205 174 130 255 0.957102 0.527273
-11.61926 0.423295 -5.656516 0 1.835448e-06 1 224 202 165 255 0.48821 0.996165
-10.58009 0.423295 -5.656516 0 1.835448e-06 1 228 201 158 255 0.48821 0.527273
-10.58009 1.462468 -6.695693 1 0 0 226 195 140 255 0.490682 0.051873
-10.58009 0.423295 -5.656516 1 0 0 228 201 158 255 0.005412 0.51844
-10.58009 0.423295 -6.695691 1 0 0 211 179 130 255 0.005412 0.051873
-11.55957 1.462468 -6.841359 -2.294305e-07 1 2.294312e-07 226 195 140 255 0.959203 0.038664
-12.59874 1.462468 -5.802184 -2.294305e-07 1 2.294312e-07 0 0 0 255 0.482203 0.51993
-11.55957 1.462468 -5.802184 -4.588613e-07 1 8.422146e-13 213 178 124 255 0.482203 0.038664
-12.59874 1.462468 -5.802184 -1 -9.177229e-07 9.177242e-07 0 0 0 255 0.496408 0.524084
-12.59874 0.423295 -6.841355 -1 -9.177226e-07 9.177239e-07 206 180 131 255 0.007498 0.995447
-12.59874 0.423295 -5.802182 -1 -1.835446e-06 1.835448e-06 202 170 132 255 0.007498 0.524084
-12.59874 0.423295 -6.841355 -1.835446e-06 -1.83545e-06 -1 206 180 131 255 0.000664 0.505278
-11.55957 1.462468 -6.841359 -1.835446e-06 -1.835451e-06 -1 226 195 140 255 0.503242 1.002534
-11.55957 0.4232955 -6.841357 -1.835444e-06 -1.835453e-06 -1 216 200 138 255 0.000664 1.002534
-11.55957 0.423295 -5.802182 2.294305e-07 -1 -2.294309e-07 231 207 163 255 0.960739 0.039261
-12.59874 0.423295 -6.841355 2.294305e-07 -1 -2.294309e-07 206 180 131 255 0.484574 0.515426
-11.55957 0.4232955 -6.841357 4.588604e-07 -1 -4.588613e-07 216 200 138 255 0.484574 0.039261
-11.55957 1.462468 -5.802184 -4.211081e-13 1.835449e-06 1 213 178 124 255 0.957102 0.527273
-12.59874 0.423295 -5.802182 -4.211088e-13 1.835449e-06 1 202 170 132 255 0.48821 0.996165
-11.55957 0.423295 -5.802182 0 1.835448e-06 1 231 207 163 255 0.48821 0.527273
-11.55957 1.462468 -6.841359 1 9.177239e-07 -9.17721e-07 226 195 140 255 0.490682 0.051873
-11.55957 0.423295 -5.802182 1 9.177216e-07 -9.177234e-07 231 207 163 255 0.005412 0.51844
-11.55957 0.4232955 -6.841357 1 1.835449e-06 8.422165e-13 216 200 138 255 0.005412 0.051873
-10.77331 1.76131 -5.595029 -3.56491e-07 1 -1.553005e-19 226 195 140 255 0.959203 0.038664
-12.11089 1.76131 -4.257443 -3.56491e-07 1 0 230 201 159 255 0.482203 0.51993
-10.7733 1.76131 -4.257443 -3.564912e-07 1 2.541718e-13 209 182 135 255 0.482203 0.038664
-12.11089 1.76131 -4.257443 -1 0 0 230 201 159 255 0.496408 0.524084
-12.11089 0.4237266 -5.595025 -1 0 0 208 174 136 255 0.007498 0.995447
-12.11089 0.4237266 -4.257442 -1 0 0 224 202 165 255 0.007498 0.524084
-12.11089 1.76131 -5.595027 -1.425965e-06 -1.425967e-06 -1 235 208 163 255 0.503242 0.505278
-10.77331 0.4237266 -5.595027 -1.425965e-06 -1.425967e-06 -1 216 200 138 255 0.000664 1.002534
-12.11089 0.4237266 -5.595025 -1.425965e-06 -1.425965e-06 -1 208 174 136 255 0.000664 0.505278
-10.7733 0.423727 -4.257442 1.782458e-07 -1 1.782455e-07 228 201 158 255 0.960739 0.039261
-12.11089 0.4237266 -5.595025 1.782457e-07 -1 1.782455e-07 208 174 136 255 0.484574 0.515426
-10.77331 0.4237266 -5.595027 5.08344e-13 -1 3.56491e-07 216 200 138 255 0.484574 0.039261
-10.7733 0.423727 -4.257442 -5.083442e-13 1.425967e-06 1 228 201 158 255 0.48821 0.527273
-12.11089 1.76131 -4.257443 -5.083442e-13 1.425967e-06 1 230 201 159 255 0.957102 0.996165
-12.11089 0.4237266 -4.257442 -5.083442e-13 1.425967e-06 1 224 202 165 255 0.48821 0.996165
-10.77331 0.4237266 -5.595027 1 7.129814e-07 -7.129814e-07 216 200 138 255 0.005412 0.051873
-10.7733 1.76131 -4.257443 1 7.129813e-07 -7.129813e-07 209 182 135 255 0.490682 0.51844
-10.7733 0.423727 -4.257442 1 -7.129834e-07 -7.129809e-07 228 201 158 255 0.005412 0.51844
-31.81619 1.462468 -9.711835 0 1 0 0 0 0 255 0.959203 0.038664
-32.85537 1.462468 -10.75101 0 1 0 233 214 182 255 0.482203 0.51993
-32.85537 1.462468 -9.711835 0 1 0 209 182 135 255 0.482203 0.038664
-32.85537 1.462468 -10.75101 0 -1.835448e-06 -1 233 214 182 255 0.496408 0.524084
-31.81619 0.423295 -10.75101 0 -1.835448e-06 -1 206 180 131 255 0.007498 0.995447
-32.85537 0.423295 -10.75101 0 -1.835448e-06 -1 241 210 155 255 0.007498 0.524084
-31.81619 1.462468 -10.75101 1 0 0 197 164 121 255 0.503242 0.505278
-31.81619 0.423295 -9.711833 1 0 0 0 0 0 255 0.000664 1.002534
-31.81619 0.423295 -10.75101 1 0 0 206 180 131 255 0.000664 0.505278
-32.85537 0.423295 -9.711833 0 -1 0 224 199 158 255 0.960739 0.039261
-31.81619 0.423295 -10.75101 0 -1 0 206 180 131 255 0.484574 0.515426
-31.81619 0.423295 -9.711833 0 -1 0 0 0 0 255 0.484574 0.039261
-32.85537 1.462468 -9.711835 -1 0 0 209 182 135 255 0.957102 0.527273
-32.85537 0.423295 -10.75101 -1 0 0 241 210 155 255 0.48821 0.996165
-32.85537 0.423295 -9.711833 -1 0 0 224 199 158 255 0.48821 0.527273
-31.81619 1.462468 -9.711835 0 1.835448e-06 1 0 0 0 255 0.490682 0.051873
-32.85537 0.423295 -9.711833 0 1.835448e-06 1 224 199 158 255 0.005412 0.51844
-31.81619 0.423295 -9.711833 0 1.835448e-06 1 0 0 0 255 0.005412 0.051873
-33.12167 1.462468 -9.394071 0 1 0 226 195 140 255 0.959203 0.038664
-34.16084 1.462468 -10.43324 0 1 0 233 214 182 255 0.482203 0.51993
-34.16084 1.462468 -9.394071 0 1 0 209 182 135 255 0.482203 0.038664
-34.16084 1.462468 -10.43324 0 -1.835448e-06 -1 233 214 182 255 0.496408 0.524084
-33.12167 0.423295 -10.43324 0 -1.835448e-06 -1 206 180 131 255 0.007498 0.995447
-34.16084 0.423295 -10.43324 0 -1.835448e-06 -1 224 202 165 255 0.007498 0.524084
-33.12167 1.462468 -10.43324 1 0 0 197 164 121 255 0.503242 0.505278
-33.12167 0.423295 -9.394069 1 0 0 0 0 0 255 0.000664 1.002534
-33.12167 0.423295 -10.43324 1 0 0 206 180 131 255 0.000664 0.505278
-34.16084 0.423295 -9.394069 0 -1 0 224 199 158 255 0.960739 0.039261
-33.12167 0.423295 -10.43324 0 -1 0 206 180 131 255 0.484574 0.515426
-33.12167 0.423295 -9.394069 0 -1 0 0 0 0 255 0.484574 0.039261
-34.16084 1.462468 -9.394071 -1 0 0 209 182 135 255 0.957102 0.527273
-34.16084 0.423295 -10.43324 -1 0 0 224 202 165 255 0.48821 0.996165
-34.16084 0.423295 -9.394069 -1 0 0 224 199 158 255 0.48821 0.527273
-33.12167 1.462468 -9.394071 0 1.835448e-06 1 226 195 140 255 0.490682 0.051873
-34.16084 0.423295 -9.394069 0 1.835448e-06 1 224 199 158 255 0.005412 0.51844
-33.12167 0.423295 -9.394069 0 1.835448e-06 1 0 0 0 255 0.005412 0.051873
-35.43885 1.462468 -8.745381 0 1 0 209 182 135 255 0.482203 0.038664
-34.39967 1.462468 -9.784556 0 1 0 219 188 142 255 0.959203 0.51993
-35.43885 1.462468 -9.784556 0 1 0 0 0 0 255 0.482203 0.51993
-35.43885 1.462468 -9.784556 0 -1.835448e-06 -1 0 0 0 255 0.496408 0.524084
-34.39967 0.423295 -9.784554 0 -1.835448e-06 -1 230 197 146 255 0.007498 0.995447
-35.43885 0.423295 -9.784554 0 -1.835448e-06 -1 202 170 132 255 0.007498 0.524084
-34.39967 1.462468 -9.784556 1 0 0 219 188 142 255 0.503242 0.505278
-34.39967 0.423295 -8.745381 1 0 0 211 179 130 255 0.000664 1.002534
-34.39967 0.423295 -9.784554 1 0 0 230 197 146 255 0.000664 0.505278
-35.43885 0.423295 -8.745379 0 -1 0 224 199 158 255 0.960739 0.039261
-34.39967 0.423295 -9.784554 0 -1 0 230 197 146 255 0.484574 0.515426
-34.39967 0.423295 -8.745381 0 -1 0 211 179 130 255 0.484574 0.039261
-35.43885 1.462468 -8.745381 -1 0 0 209 182 135 255 0.957102 0.527273
-35.43885 0.423295 -9.784554 -1 0 0 202 170 132 255 0.48821 0.996165
-35.43885 0.423295 -8.745379 -1 0 0 224 199 158 255 0.48821 0.527273
-34.39967 1.462468 -8.745383 1.835442e-06 1.835448e-06 1 231 202 160 255 0.490682 0.051873
-35.43885 0.423295 -8.745379 1.835442e-06 1.835448e-06 1 224 199 158 255 0.005412 0.51844
-34.39967 0.423295 -8.745381 1.835442e-06 1.835448e-06 1 211 179 130 255 0.005412 0.051873
-34.25401 1.462468 -9.72486 0 1 0 226 195 140 255 0.959203 0.038664
-35.29318 1.462468 -10.76403 0 1 0 230 201 159 255 0.482203 0.51993
-35.29318 1.462468 -9.724858 0 1 0 213 178 124 255 0.482203 0.038664
-35.29318 1.462468 -10.76403 0 -1.835448e-06 -1 230 201 159 255 0.496408 0.524084
-34.25401 0.423295 -10.76403 0 -1.835448e-06 -1 0 0 0 255 0.007498 0.995447
-35.29318 0.423295 -10.76403 0 -1.835448e-06 -1 202 170 132 255 0.007498 0.524084
-34.25401 1.462468 -10.76403 1 0 0 235 208 163 255 0.503242 0.505278
-34.25401 0.423295 -9.724858 1 0 0 0 0 0 255 0.000664 1.002534
-34.25401 0.423295 -10.76403 1 0 0 0 0 0 255 0.000664 0.505278
-34.25401 0.423295 -9.724858 0 -1 0 0 0 0 255 0.484574 0.039261
-35.29318 0.423295 -10.76403 0 -1 0 202 170 132 255 0.960739 0.515426
-34.25401 0.423295 -10.76403 0 -1 0 0 0 0 255 0.484574 0.515426
-35.29318 1.462468 -9.724858 -1 0 0 213 178 124 255 0.957102 0.527273
-35.29318 0.423295 -10.76403 -1 0 0 202 170 132 255 0.48821 0.996165
-35.29318 0.423295 -9.724856 -1 0 0 231 207 163 255 0.48821 0.527273
-34.25401 1.462468 -9.72486 1.835455e-06 1.835448e-06 1 226 195 140 255 0.490682 0.051873
-35.29318 0.423295 -9.724856 1.835455e-06 1.835448e-06 1 231 207 163 255 0.005412 0.51844
-34.25401 0.423295 -9.724858 1.835455e-06 1.835448e-06 1 0 0 0 255 0.005412 0.051873
-36.83792 1.76131 -8.938598 0 1 0 0 0 0 255 0.482203 0.038664
-35.50034 1.76131 -10.27618 0 1 0 240 217 176 255 0.959203 0.51993
-36.83793 1.76131 -10.27618 0 1 0 0 0 0 255 0.482203 0.51993
-36.83793 1.76131 -10.27618 7.129829e-07 -2.138949e-06 -1 0 0 0 255 0.496408 0.524084
-35.50034 0.4237266 -10.27618 7.129829e-07 -2.138949e-06 -1 0 0 0 255 0.007498 0.995447
-36.83793 0.4237266 -10.27618 -7.129829e-07 -2.138949e-06 -1 202 170 132 255 0.007498 0.524084
-35.50034 1.76131 -10.27618 1 0 0 240 217 176 255 0.503242 0.505278
-35.50034 0.4237266 -8.938596 1 0 0 211 179 130 255 0.000664 1.002534
-35.50034 0.4237266 -10.27618 1 0 0 0 0 0 255 0.000664 0.505278
-36.83792 0.4237266 -8.938596 0 -1 0 220 190 128 255 0.960739 0.039261
-35.50034 0.4237266 -10.27618 0 -1 0 0 0 0 255 0.484574 0.515426
-35.50034 0.4237266 -8.938596 0 -1 0 211 179 130 255 0.484574 0.039261
-36.83792 1.76131 -8.938598 -1 -2.851928e-06 2.851931e-06 0 0 0 255 0.957102 0.527273
-36.83793 0.4237266 -10.27618 -1 -2.851928e-06 2.851931e-06 202 170 132 255 0.48821 0.996165
-36.83792 0.4237266 -8.938596 -1 2.851936e-06 2.851931e-06 220 190 128 255 0.48821 0.527273
-35.50034 1.76131 -8.938598 7.129829e-07 2.138949e-06 1 231 202 160 255 0.490682 0.051873
-36.83792 0.4237266 -8.938596 7.129829e-07 2.138949e-06 1 220 190 128 255 0.005412 0.51844
-35.50034 0.4237266 -8.938596 -7.129829e-07 2.138949e-06 1 211 179 130 255 0.005412 0.051873
-32.93881 1.462468 5.473048 0 1 0 231 202 160 255 0.959203 0.038664
-33.97799 1.462468 4.433875 0 1 0 230 201 159 255 0.482203 0.51993
-33.97799 1.462468 5.473048 0 1 0 205 174 130 255 0.482203 0.038664
-33.97799 1.462468 4.433875 0 0 -1 230 201 159 255 0.496408 0.524084
-32.93881 0.423295 4.433875 0 0 -1 206 180 131 255 0.007498 0.995447
-33.97799 0.423295 4.433875 0 0 -1 241 210 155 255 0.007498 0.524084
-32.93881 1.462468 4.433875 1 0 0 197 164 121 255 0.503242 0.505278
-32.93881 0.423295 5.473048 1 0 0 216 200 138 255 0.000664 1.002534
-32.93881 0.423295 4.433875 1 0 0 206 180 131 255 0.000664 0.505278
-33.97799 0.423295 5.473048 0 -1 0 224 199 158 255 0.960739 0.039261
-32.93881 0.423295 4.433875 0 -1 0 206 180 131 255 0.484574 0.515426
-32.93881 0.423295 5.473048 0 -1 0 216 200 138 255 0.484574 0.039261
-33.97799 1.462468 5.473048 -1 0 0 205 174 130 255 0.957102 0.527273
-33.97799 0.423295 4.433875 -1 0 0 241 210 155 255 0.48821 0.996165
-33.97799 0.423295 5.473048 -1 0 0 224 199 158 255 0.48821 0.527273
-32.93881 1.462468 5.473048 0 0 1 231 202 160 255 0.490682 0.051873
-33.97799 0.423295 5.473048 0 0 1 224 199 158 255 0.005412 0.51844
-32.93881 0.423295 5.473048 0 0 1 216 200 138 255 0.005412 0.051873
-34.24429 1.462468 5.790812 0 1 0 226 195 140 255 0.959203 0.038664
-35.28346 1.462468 4.751638 0 1 0 0 0 0 255 0.482203 0.51993
-35.28346 1.462468 5.790812 0 1 0 205 174 130 255 0.482203 0.038664
-35.28346 1.462468 4.751638 0 0 -1 0 0 0 255 0.496408 0.524084
-34.24429 0.423295 4.751638 0 0 -1 208 174 136 255 0.007498 0.995447
-35.28346 0.423295 4.751638 0 0 -1 202 170 132 255 0.007498 0.524084
-34.24429 1.462468 4.751638 1 0 0 235 208 163 255 0.503242 0.505278
-34.24429 0.423295 5.790812 1 0 0 0 0 0 255 0.000664 1.002534
-34.24429 0.423295 4.751638 1 0 0 208 174 136 255 0.000664 0.505278
-35.28346 0.423295 5.790812 0 -1 0 228 201 158 255 0.960739 0.039261
-34.24429 0.423295 4.751638 0 -1 0 208 174 136 255 0.484574 0.515426
-34.24429 0.423295 5.790812 0 -1 0 0 0 0 255 0.484574 0.039261
-35.28346 1.462468 5.790812 -1 0 0 205 174 130 255 0.957102 0.527273
-35.28346 0.423295 4.751638 -1 0 0 202 170 132 255 0.48821 0.996165
-35.28346 0.423295 5.790812 -1 0 0 228 201 158 255 0.48821 0.527273
-34.24429 1.462468 5.790812 0 0 1 226 195 140 255 0.490682 0.051873
-35.28346 0.423295 5.790812 0 0 1 228 201 158 255 0.005412 0.51844
-34.24429 0.423295 5.790812 0 0 1 0 0 0 255 0.005412 0.051873
-35.52229 1.462468 6.439499 0 1 0 226 195 140 255 0.959203 0.038664
-36.56147 1.462468 5.400326 0 1 0 233 214 182 255 0.482203 0.51993
-36.56147 1.462468 6.439499 0 1 0 205 174 130 255 0.482203 0.038664
-36.56147 1.462468 5.400326 0 0 -1 233 214 182 255 0.496408 0.524084
-35.52229 0.423295 5.400326 0 0 -1 230 197 146 255 0.007498 0.995447
-36.56147 0.423295 5.400326 0 0 -1 202 170 132 255 0.007498 0.524084
-35.52229 1.462468 5.400326 1 0 0 235 208 163 255 0.503242 0.505278
-35.52229 0.423295 6.439499 1 0 0 0 0 0 255 0.000664 1.002534
-35.52229 0.423295 5.400326 1 0 0 230 197 146 255 0.000664 0.505278
-36.56147 0.423295 6.439499 0 -1 0 228 201 158 255 0.960739 0.039261
-35.52229 0.423295 5.400326 0 -1 0 230 197 146 255 0.484574 0.515426
-35.52229 0.423295 6.439499 0 -1 0 0 0 0 255 0.484574 0.039261
-36.56147 1.462468 6.439499 -1 0 0 205 174 130 255 0.957102 0.527273
-36.56147 0.423295 5.400326 -1 0 0 202 170 132 255 0.48821 0.996165
-36.56147 0.423295 6.439499 -1 0 0 228 201 158 255 0.48821 0.527273
-35.52229 1.462468 6.439499 0 0 1 226 195 140 255 0.490682 0.051873
-36.56147 0.423295 6.439499 0 0 1 228 201 158 255 0.005412 0.51844
-35.52229 0.423295 6.439499 0 0 1 0 0 0 255 0.005412 0.051873
-35.37663 1.462468 5.460022 0 1 0 231 202 160 255 0.959203 0.038664
-36.4158 1.462468 4.420849 0 1 0 230 201 159 255 0.482203 0.51993
-36.4158 1.462468 5.460022 0 1 0 209 182 135 255 0.482203 0.038664
-36.4158 1.462468 4.420849 0 0 -1 230 201 159 255 0.496408 0.524084
-35.37663 0.423295 4.420849 0 0 -1 208 174 136 255 0.007498 0.995447
-36.4158 0.423295 4.420849 0 0 -1 224 202 165 255 0.007498 0.524084
-35.37663 1.462468 4.420849 1 0 0 235 208 163 255 0.503242 0.505278
-35.37663 0.423295 5.460022 1 0 0 0 0 0 255 0.000664 1.002534
-35.37663 0.423295 4.420849 1 0 0 208 174 136 255 0.000664 0.505278
-36.4158 0.423295 5.460022 0 -1 0 231 207 163 255 0.960739 0.039261
-35.37663 0.423295 4.420849 0 -1 0 208 174 136 255 0.484574 0.515426
-35.37663 0.423295 5.460022 0 -1 0 0 0 0 255 0.484574 0.039261
-36.4158 1.462468 5.460022 -1 0 0 209 182 135 255 0.957102 0.527273
-36.4158 0.423295 4.420849 -1 0 0 224 202 165 255 0.48821 0.996165
-36.4158 0.423295 5.460022 -1 0 0 231 207 163 255 0.48821 0.527273
-35.37663 1.462468 5.460022 0 0 1 231 202 160 255 0.490682 0.051873
-36.4158 0.423295 5.460022 0 0 1 231 207 163 255 0.005412 0.51844
-35.37663 0.423295 5.460022 0 0 1 0 0 0 255 0.005412 0.051873
-36.62296 1.76131 6.246284 0 1 0 226 195 140 255 0.959203 0.038664
-37.96055 1.76131 4.908699 0 1 0 0 0 0 255 0.482203 0.51993
-37.96055 1.76131 6.246284 0 1 0 0 0 0 255 0.482203 0.038664
-37.96055 1.76131 4.908699 0 0 -1 0 0 0 255 0.496408 0.524084
-36.62296 0.4237266 4.908699 0 0 -1 206 180 131 255 0.007498 0.995447
-37.96055 0.4237266 4.908699 0 0 -1 241 210 155 255 0.007498 0.524084
-36.62296 1.76131 4.908699 1 0 0 235 208 163 255 0.503242 0.505278
-36.62296 0.4237266 6.246284 1 0 0 216 200 138 255 0.000664 1.002534
-36.62296 0.4237266 4.908699 1 0 0 206 180 131 255 0.000664 0.505278
-37.96055 0.4237266 6.246284 0 -1 0 228 201 158 255 0.960739 0.039261
-36.62296 0.4237266 4.908699 0 -1 0 206 180 131 255 0.484574 0.515426
-36.62296 0.4237266 6.246284 0 -1 0 216 200 138 255 0.484574 0.039261
-37.96055 1.76131 6.246284 -1 0 0 0 0 0 255 0.957102 0.527273
-37.96055 0.4237266 4.908699 -1 0 0 241 210 155 255 0.48821 0.996165
-37.96055 0.4237266 6.246284 -1 0 0 228 201 158 255 0.48821 0.527273
-36.62296 1.76131 6.246284 0 0 1 226 195 140 255 0.490682 0.051873
-37.96055 0.4237266 6.246284 0 0 1 228 201 158 255 0.005412 0.51844
-36.62296 0.4237266 6.246284 0 0 1 216 200 138 255 0.005412 0.051873
-12.56981 1.476628 5.075999 0 1 0 231 202 160 255 0.959203 0.038664
-15.19344 1.476628 4.036826 0 1 0 0 0 0 255 0.482203 0.51993
-15.19344 1.476628 5.075999 0 1 0 205 174 130 255 0.482203 0.038664
-15.19344 1.476628 4.036826 0 0 -1 0 0 0 255 0.496408 0.524084
-12.56981 0.4374547 4.036826 0 0 -1 0 0 0 255 0.007498 0.995447
-15.19344 0.4374547 4.036826 0 0 -1 202 170 132 255 0.007498 0.524084
-12.56981 1.476628 4.036826 1 0 0 235 208 163 255 0.503242 0.505278
-12.56981 0.4374547 5.075999 1 0 0 216 200 138 255 0.000664 1.002534
-12.56981 0.4374547 4.036826 1 0 0 0 0 0 255 0.000664 0.505278
-15.19344 0.4374547 5.075999 0 -1 0 224 199 158 255 0.960739 0.039261
-12.56981 0.4374547 4.036826 0 -1 0 0 0 0 255 0.484574 0.515426
-12.56981 0.4374547 5.075999 0 -1 0 216 200 138 255 0.484574 0.039261
-15.19344 1.476628 5.075999 -1 0 0 205 174 130 255 0.957102 0.527273
-15.19344 0.4374547 4.036826 -1 0 0 202 170 132 255 0.48821 0.996165
-15.19344 0.4374547 5.075999 -1 0 0 224 199 158 255 0.48821 0.527273
-12.56981 1.476628 5.075999 0 0 1 231 202 160 255 0.490682 0.051873
-15.19344 0.4374547 5.075999 0 0 1 224 199 158 255 0.005412 0.51844
-12.56981 0.4374547 5.075999 0 0 1 216 200 138 255 0.005412 0.051873
-35.93087 1.476628 -4.516961 0 1 -4.588621e-07 231 202 160 255 0.959203 0.038664
-38.5545 1.476628 -5.556134 0 1 -4.588621e-07 230 201 159 255 0.482203 0.51993
-38.5545 1.476628 -4.516961 0 1 -4.588621e-07 209 182 135 255 0.482203 0.038664
-38.5545 1.476628 -5.556134 0 -1.835449e-06 -1 230 201 159 255 0.496408 0.524084
-35.93087 0.4374547 -5.556132 0 -1.835449e-06 -1 208 174 136 255 0.007498 0.995447
-38.5545 0.4374547 -5.556132 0 -1.835449e-06 -1 241 210 155 255 0.007498 0.524084
-35.93087 1.476628 -5.556134 1 0 0 235 208 163 255 0.503242 0.505278
-35.93087 0.4374552 -4.516959 1 0 0 0 0 0 255 0.000664 1.002534
-35.93087 0.4374547 -5.556132 1 0 0 208 174 136 255 0.000664 0.505278
-38.5545 0.4374552 -4.516959 0 -1 4.588621e-07 228 201 158 255 0.960739 0.039261
-35.93087 0.4374547 -5.556132 0 -1 4.588621e-07 208 174 136 255 0.484574 0.515426
-35.93087 0.4374552 -4.516959 0 -1 4.588621e-07 0 0 0 255 0.484574 0.039261
-38.5545 1.476628 -4.516961 -1 0 0 209 182 135 255 0.957102 0.527273
-38.5545 0.4374547 -5.556132 -1 0 0 241 210 155 255 0.48821 0.996165
-38.5545 0.4374552 -4.516959 -1 0 0 228 201 158 255 0.48821 0.527273
-35.93087 1.476628 -4.516961 0 1.835449e-06 1 231 202 160 255 0.490682 0.051873
-38.5545 0.4374552 -4.516959 0 1.835449e-06 1 228 201 158 255 0.005412 0.51844
-35.93087 0.4374552 -4.516959 0 1.835449e-06 1 0 0 0 255 0.005412 0.051873
-12.56981 1.476628 6.721771 1.26749e-13 1 -4.588616e-07 226 195 140 255 0.959203 0.038664
-15.19344 1.476628 5.682597 0 1 -4.588621e-07 233 214 182 255 0.482203 0.51993
-15.19344 1.476628 6.721771 -1.26749e-13 1 -4.588616e-07 205 174 130 255 0.482203 0.038664
-15.19344 1.476628 5.682597 0 0 -1 233 214 182 255 0.496408 0.524084
-12.56981 0.4374547 5.682597 0 0 -1 206 180 131 255 0.007498 0.995447
-15.19344 0.4374547 5.682597 0 0 -1 224 202 165 255 0.007498 0.524084
-12.56981 1.476628 5.682597 1 0 0 235 208 163 255 0.503242 0.505278
-12.56981 0.4374552 6.721771 1 0 0 211 179 130 255 0.000664 1.002534
-12.56981 0.4374547 5.682597 1 0 0 206 180 131 255 0.000664 0.505278
-15.19344 0.4374552 6.721771 1.26749e-13 -1 4.588616e-07 228 201 158 255 0.960739 0.039261
-12.56981 0.4374547 5.682597 0 -1 4.588621e-07 206 180 131 255 0.484574 0.515426
-12.56981 0.4374552 6.721771 -1.26749e-13 -1 4.588616e-07 211 179 130 255 0.484574 0.039261
-15.19344 1.476628 6.721771 -1 0 0 205 174 130 255 0.957102 0.527273
-15.19344 0.4374547 5.682597 -1 0 0 224 202 165 255 0.48821 0.996165
-15.19344 0.4374552 6.721771 -1 0 0 228 201 158 255 0.48821 0.527273
-12.56981 1.476628 6.721771 0 0 1 226 195 140 255 0.490682 0.051873
-15.19344 0.4374552 6.721771 0 0 1 228 201 158 255 0.005412 0.51844
-12.56981 0.4374552 6.721771 0 0 1 211 179 130 255 0.005412 0.051873
-58.92087 1.462468 4.433875 -2.294312e-07 1 2.294315e-07 0 0 0 255 0.959203 0.038664
-59.96004 1.462468 5.473049 -2.294326e-07 1 2.294301e-07 0 0 0 255 0.482203 0.51993
-58.92087 1.462468 5.473049 -4.588638e-07 1 0 209 182 135 255 0.482203 0.038664
-59.96004 0.423295 5.473048 -1 0 0 224 202 165 255 0.007498 0.524084
-59.96004 1.462468 4.433875 -1 0 0 197 164 121 255 0.496408 0.995447
-59.96004 0.423295 4.433875 -1 0 0 0 0 0 255 0.007498 0.995447
-59.96004 1.462468 4.433875 0 0 -1 197 164 121 255 0.503242 0.505278
-58.92087 0.423295 4.433875 0 0 -1 216 200 138 255 0.000664 1.002534
-59.96004 0.423295 4.433875 0 0 -1 0 0 0 255 0.000664 0.505278
-58.92087 0.423295 5.473048 0 -1 0 224 199 158 255 0.960739 0.039261
-59.96004 0.423295 4.433875 0 -1 0 0 0 0 255 0.484574 0.515426
-58.92087 0.423295 4.433875 0 -1 0 216 200 138 255 0.484574 0.039261
-58.92087 0.423295 5.473048 2.105548e-13 -9.177244e-07 1 224 199 158 255 0.48821 0.527273
-59.96004 1.462468 5.473049 2.105557e-13 -9.177245e-07 1 0 0 0 255 0.957102 0.996165
-59.96004 0.423295 5.473048 0 -9.177245e-07 1 224 202 165 255 0.48821 0.996165
-58.92087 1.462468 4.433875 1 0 0 0 0 0 255 0.490682 0.051873
-58.92087 0.423295 5.473048 1 0 0 224 199 158 255 0.005412 0.51844
-58.92087 0.423295 4.433875 1 0 0 216 200 138 255 0.005412 0.051873
-58.6031 1.462468 5.73935 -2.294324e-07 1 -2.294316e-07 226 195 140 255 0.959203 0.038664
-59.64227 1.462468 6.778524 -2.294312e-07 1 -2.294301e-07 233 214 182 255 0.482203 0.51993
-58.6031 1.462468 6.778524 0 1 0 205 174 130 255 0.482203 0.038664
-59.64227 1.462468 6.778524 -1 0 0 233 214 182 255 0.496408 0.524084
-59.64227 0.423295 5.73935 -1 0 0 208 174 136 255 0.007498 0.995447
-59.64227 0.423295 6.778524 -1 0 0 224 202 165 255 0.007498 0.524084
-59.64227 1.462468 5.73935 -4.588629e-07 4.588632e-07 -1 197 164 121 255 0.503242 0.505278
-58.6031 0.423295 5.739349 -4.588649e-07 4.588612e-07 -1 216 200 138 255 0.000664 1.002534
-59.64227 0.423295 5.73935 -9.177276e-07 0 -1 208 174 136 255 0.000664 0.505278
-58.6031 0.4232955 6.778524 2.294326e-07 -1 2.294301e-07 228 201 158 255 0.960739 0.039261
-59.64227 0.423295 5.73935 2.294314e-07 -1 2.294315e-07 208 174 136 255 0.484574 0.515426
-58.6031 0.423295 5.739349 4.211096e-13 -1 4.588613e-07 216 200 138 255 0.484574 0.039261
-58.6031 0.4232955 6.778524 0 0 1 228 201 158 255 0.48821 0.527273
-59.64227 1.462468 6.778524 0 0 1 233 214 182 255 0.957102 0.996165
-59.64227 0.423295 6.778524 0 0 1 224 202 165 255 0.48821 0.996165
-58.6031 1.462468 5.73935 1 0 0 226 195 140 255 0.490682 0.051873
-58.6031 0.4232955 6.778524 1 0 0 228 201 158 255 0.005412 0.51844
-58.6031 0.423295 5.739349 1 0 0 216 200 138 255 0.005412 0.051873
-57.95441 1.462468 7.01736 0 1 0 226 195 140 255 0.959203 0.038664
-58.99359 1.462468 8.056534 0 1 0 233 214 182 255 0.482203 0.51993
-57.95441 1.462468 8.056534 0 1 0 0 0 0 255 0.482203 0.038664
-58.99359 0.423295 8.056534 -1 0 0 241 210 155 255 0.007498 0.524084
-58.99359 1.462468 7.01736 -1 0 0 219 188 142 255 0.496408 0.995447
-58.99359 0.423295 7.017359 -1 0 0 206 180 131 255 0.007498 0.995447
-58.99359 1.462468 7.01736 0 0 -1 219 188 142 255 0.503242 0.505278
-57.95441 0.423295 7.017359 0 9.177242e-07 -1 211 179 130 255 0.000664 1.002534
-58.99359 0.423295 7.017359 0 9.177242e-07 -1 206 180 131 255 0.000664 0.505278
-57.95441 0.423295 8.056534 0 -1 0 220 190 128 255 0.960739 0.039261
-58.99359 0.423295 7.017359 0 -1 0 206 180 131 255 0.484574 0.515426
-57.95441 0.423295 7.017359 0 -1 0 211 179 130 255 0.484574 0.039261
-57.95441 1.462468 8.056534 0 0 1 0 0 0 255 0.957102 0.527273
-58.99359 0.423295 8.056534 0 0 1 241 210 155 255 0.48821 0.996165
-57.95441 0.423295 8.056534 0 0 1 220 190 128 255 0.48821 0.527273
-57.95441 1.462468 7.01736 1 0 0 226 195 140 255 0.490682 0.051873
-57.95441 0.423295 8.056534 1 0 0 220 190 128 255 0.005412 0.51844
-57.95441 0.423295 7.017359 1 0 0 211 179 130 255 0.005412 0.051873
-58.93389 1.462468 6.871693 0 1 0 0 0 0 255 0.959203 0.038664
-59.97307 1.462468 7.910867 0 1 0 230 201 159 255 0.482203 0.51993
-58.93389 1.462468 7.910867 0 1 0 213 178 124 255 0.482203 0.038664
-59.97307 1.462468 7.910867 -1 0 0 230 201 159 255 0.496408 0.524084
-59.97307 0.423295 6.871693 -1 0 0 206 180 131 255 0.007498 0.995447
-59.97307 0.423295 7.910867 -1 0 0 224 202 165 255 0.007498 0.524084
-59.97307 1.462468 6.871693 0 0 -1 235 208 163 255 0.503242 0.505278
-58.93389 0.4232955 6.871693 0 0 -1 0 0 0 255 0.000664 1.002534
-59.97307 0.423295 6.871693 0 0 -1 206 180 131 255 0.000664 0.505278
-58.93389 0.423295 7.910867 2.294306e-07 -1 -2.294313e-07 231 207 163 255 0.960739 0.039261
-59.97307 0.423295 6.871693 2.294298e-07 -1 -2.294304e-07 206 180 131 255 0.484574 0.515426
-58.93389 0.4232955 6.871693 4.588604e-07 -1 -4.588617e-07 0 0 0 255 0.484574 0.039261
-58.93389 1.462468 7.910867 0 0 1 213 178 124 255 0.957102 0.527273
-59.97307 0.423295 7.910867 0 0 1 224 202 165 255 0.48821 0.996165
-58.93389 0.423295 7.910867 0 0 1 231 207 163 255 0.48821 0.527273
-58.93389 0.4232955 6.871693 1 0 0 0 0 0 255 0.005412 0.051873
-58.93389 1.462468 7.910867 1 0 0 213 178 124 255 0.490682 0.51844
-58.93389 0.423295 7.910867 1 0 0 231 207 163 255 0.005412 0.51844
-58.14763 1.76131 8.118024 2.541725e-13 1 -3.564918e-07 226 195 140 255 0.959203 0.038664
-59.48521 1.76131 9.455608 0 1 -3.56491e-07 230 201 159 255 0.482203 0.51993
-58.14763 1.76131 9.455608 0 1 -3.56491e-07 209 182 135 255 0.482203 0.038664
-59.48521 1.76131 9.455608 -1 0 0 230 201 159 255 0.496408 0.524084
-59.48521 0.4237266 8.118023 -1 0 0 0 0 0 255 0.007498 0.995447
-59.48521 0.4237266 9.455608 -1 0 0 202 170 132 255 0.007498 0.524084
-59.48521 1.76131 8.118024 -7.129829e-07 2.138949e-06 -1 235 208 163 255 0.503242 0.505278
-58.14763 0.4237266 8.118023 0 0 -1 211 179 130 255 0.000664 1.002534
-59.48521 0.4237266 8.118023 0 0 -1 0 0 0 255 0.000664 0.505278
-58.14763 0.423727 9.455608 1.782455e-07 -1 1.782455e-07 224 199 158 255 0.960739 0.039261
-59.48521 0.4237266 8.118023 1.782455e-07 -1 1.782455e-07 0 0 0 255 0.484574 0.515426
-58.14763 0.4237266 8.118023 0 -1 3.56491e-07 211 179 130 255 0.484574 0.039261
-58.14763 0.423727 9.455608 0 0 1 224 199 158 255 0.48821 0.527273
-59.48521 1.76131 9.455608 0 0 1 230 201 159 255 0.957102 0.996165
-59.48521 0.4237266 9.455608 0 0 1 202 170 132 255 0.48821 0.996165
-58.14763 1.76131 8.118024 1 0 0 226 195 140 255 0.490682 0.051873
-58.14763 0.423727 9.455608 1 0 0 224 199 158 255 0.005412 0.51844
-58.14763 0.4237266 8.118023 1 0 0 211 179 130 255 0.005412 0.051873
-56.43232 1.476628 -4.277915 0 1 -4.588621e-07 0 0 0 255 0.959203 0.038664
-59.05595 1.476628 -5.317088 0 1 -4.588621e-07 233 214 182 255 0.482203 0.51993
-59.05595 1.476628 -4.277915 0 1 -4.588621e-07 209 182 135 255 0.482203 0.038664
-59.05595 1.476628 -5.317088 0 -1.835449e-06 -1 233 214 182 255 0.496408 0.524084
-56.43232 0.4374547 -5.317086 0 -1.835449e-06 -1 206 180 131 255 0.007498 0.995447
-59.05595 0.4374547 -5.317086 0 -1.835449e-06 -1 241 210 155 255 0.007498 0.524084
-56.43232 1.476628 -5.317088 1 0 0 235 208 163 255 0.503242 0.505278
-56.43232 0.4374552 -4.277913 1 0 0 0 0 0 255 0.000664 1.002534
-56.43232 0.4374547 -5.317086 1 0 0 206 180 131 255 0.000664 0.505278
-59.05595 0.4374552 -4.277913 0 -1 4.588621e-07 228 201 158 255 0.960739 0.039261
-56.43232 0.4374547 -5.317086 0 -1 4.588621e-07 206 180 131 255 0.484574 0.515426
-56.43232 0.4374552 -4.277913 0 -1 4.588621e-07 0 0 0 255 0.484574 0.039261
-59.05595 1.476628 -4.277915 -1 0 0 209 182 135 255 0.957102 0.527273
-59.05595 0.4374547 -5.317086 -1 0 0 241 210 155 255 0.48821 0.996165
-59.05595 0.4374552 -4.277913 -1 0 0 228 201 158 255 0.48821 0.527273
-56.43232 1.476628 -4.277915 0 1.835449e-06 1 0 0 0 255 0.490682 0.051873
-59.05595 0.4374552 -4.277913 0 1.835449e-06 1 228 201 158 255 0.005412 0.51844
-56.43232 0.4374552 -4.277913 0 1.835449e-06 1 0 0 0 255 0.005412 0.051873
-58.78481 2.995501 -5.899125 -1 0 0 231 202 160 255 0.959203 0.038664
-58.78481 0.3718762 -6.938296 -1 2.209797e-06 -5.579137e-06 0 0 0 255 0.482203 0.51993
-58.78481 0.3718762 -5.899123 -1 2.209794e-06 -9.104451e-06 209 182 135 255 0.482203 0.038664
-58.78481 0.3718762 -6.938296 -8.008958e-14 -7.269898e-07 -1 0 0 0 255 0.496408 0.524084
-57.74564 2.995501 -6.938298 -2.534997e-13 -7.269898e-07 -1 0 0 0 255 0.007498 0.995447
-57.74564 0.3718762 -6.938296 0 -7.269898e-07 -1 202 170 132 255 0.007498 0.524084
-58.78481 2.995502 -6.938298 2.294324e-07 1 2.294305e-07 197 164 121 255 0.503242 0.505278
-57.74564 2.995501 -5.899125 2.294314e-07 1 2.294316e-07 216 200 138 255 0.000664 1.002534
-57.74564 2.995501 -6.938298 4.588638e-07 1 0 0 0 0 255 0.000664 0.505278
-57.74564 0.3718762 -5.899123 1 0 0 228 201 158 255 0.960739 0.039261
-57.74564 2.995501 -6.938298 1 0 0 0 0 0 255 0.484574 0.515426
-57.74564 2.995501 -5.899125 1 0 0 216 200 138 255 0.484574 0.039261
-57.74564 0.3718762 -5.899123 0 -1 0 228 201 158 255 0.48821 0.527273
-58.78481 0.3718762 -6.938296 0 -1 0 0 0 0 255 0.957102 0.996165
-57.74564 0.3718762 -6.938296 0 -1 0 202 170 132 255 0.48821 0.996165
-58.78481 2.995501 -5.899125 0 7.269898e-07 1 231 202 160 255 0.490682 0.051873
-57.74564 0.3718762 -5.899123 0 7.269898e-07 1 228 201 158 255 0.005412 0.51844
-57.74564 2.995501 -5.899125 0 7.269898e-07 1 216 200 138 255 0.005412 0.051873
17.12946 8.319191 13.32431 0 1 0 197 164 121 255 0.959203 0.51993
17.12946 8.319191 13.32431 0 0 -1 197 164 121 255 0.496408 0.995447
17.12946 8.319191 14.36348 1 0 0 226 195 140 255 0.503242 1.002534
16.09028 7.280018 13.32431 0 -1 0 224 202 165 255 0.960739 0.515426
16.09028 8.319191 13.32431 -1 0 0 0 0 0 255 0.957102 0.996165
16.09028 8.319191 14.36348 0 0 1 0 0 0 255 0.490682 0.51844
10.295 1.462468 4.036826 0 1 0 197 164 121 255 0.959203 0.51993
10.295 1.462468 4.036826 0 0 -1 197 164 121 255 0.496408 0.995447
10.295 1.462468 5.075999 1 0 0 226 195 140 255 0.503242 1.002534
9.255827 0.423295 4.036826 0 -1 0 241 210 155 255 0.960739 0.515426
9.255827 1.462468 4.036826 -1 0 0 230 201 159 255 0.957102 0.996165
9.255827 1.462468 5.075999 0 0 1 0 0 0 255 0.490682 0.51844
8.989527 1.462468 4.354589 0 1 0 235 208 163 255 0.959203 0.51993
8.989527 1.462468 4.354589 0 0 -1 235 208 163 255 0.496408 0.995447
8.989527 1.462468 5.393763 1 0 0 226 195 140 255 0.503242 1.002534
7.950352 0.423295 4.354589 0 -1 0 241 210 155 255 0.960739 0.515426
7.950352 1.462468 4.354589 -1 0 0 0 0 0 255 0.957102 0.996165
7.950352 1.462468 5.393763 0 0 1 209 182 135 255 0.490682 0.51844
7.711517 1.462468 5.003277 0 1 0 235 208 163 255 0.959203 0.51993
7.711517 1.462468 5.003277 0 0 -1 235 208 163 255 0.496408 0.995447
7.711517 1.462468 6.04245 1 0 0 231 202 160 255 0.503242 1.002534
6.672342 0.423295 5.003277 0 -1 0 202 170 132 255 0.960739 0.515426
6.672342 1.462468 5.003277 -1 0 0 230 201 159 255 0.957102 0.996165
6.672342 1.462468 6.04245 0 0 1 0 0 0 255 0.490682 0.51844
7.857183 1.462468 4.0238 0 1 0 235 208 163 255 0.959203 0.51993
7.857183 1.462468 4.0238 0 0 -1 235 208 163 255 0.496408 0.995447
7.857183 1.462468 5.062973 1 0 0 226 195 140 255 0.503242 1.002534
6.818009 0.423295 4.0238 0 -1 0 202 170 132 255 0.960739 0.515426
6.818009 1.462468 4.0238 -1 0 0 0 0 0 255 0.957102 0.996165
6.818009 1.462468 5.062973 0 0 1 205 174 130 255 0.490682 0.51844
6.610853 1.76131 4.51165 0 1 0 240 217 176 255 0.959203 0.51993
6.610853 1.76131 4.51165 0 0 -1 240 217 176 255 0.496408 0.995447
6.610853 1.76131 5.849235 1 0 0 0 0 0 255 0.503242 1.002534
5.273268 0.4237266 4.51165 0 -1 0 241 210 155 255 0.960739 0.515426
5.273268 1.76131 4.51165 -1 0 0 233 214 182 255 0.957102 0.996165
5.273268 1.76131 5.849235 0 0 1 0 0 0 255 0.490682 0.51844
30.04969 1.476628 4.036826 0 1 0 197 164 121 255 0.959203 0.51993
30.04969 1.476628 4.036826 0 0 -1 197 164 121 255 0.496408 0.995447
30.04969 1.476628 5.075999 1 0 0 231 202 160 255 0.503242 1.002534
27.42606 0.4374547 4.036826 0 -1 0 241 210 155 255 0.960739 0.515426
27.42606 1.476628 4.036826 -1 0 0 230 201 159 255 0.957102 0.996165
27.42606 1.476628 5.075999 0 0 1 209 182 135 255 0.490682 0.51844
30.04969 1.476628 7.144496 0 1 0 197 164 121 255 0.959203 0.51993
30.04969 1.476628 7.144496 0 0 -1 197 164 121 255 0.496408 0.995447
30.04969 1.476628 8.18367 1 0 0 231 202 160 255 0.503242 1.002534
27.42606 0.4374547 7.144496 0 -1 0 224 202 165 255 0.960739 0.515426
27.42606 1.476628 7.144496 -1 0 0 0 0 0 255 0.957102 0.996165
27.42606 1.476628 8.18367 0 0 1 205 174 130 255 0.490682 0.51844
30.04969 1.476628 -5.317088 0 1 -4.588621e-07 240 217 176 255 0.959203 0.51993
30.04969 1.476628 -5.317088 0 -1.835449e-06 -1 240 217 176 255 0.496408 0.995447
30.04969 1.476628 -4.277915 1 0 0 226 195 140 255 0.503242 1.002534
27.42606 0.4374547 -5.317086 0 -1 4.588621e-07 241 210 155 255 0.960739 0.515426
27.42606 1.476628 -5.317088 -1 0 0 0 0 0 255 0.957102 0.996165
27.42606 1.476628 -4.277915 0 1.835449e-06 1 0 0 0 255 0.490682 0.51844
27.6972 2.995502 -6.938298 -1 0 0 235 208 163 255 0.959203 0.51993
27.6972 2.995502 -6.938298 -4.136779e-13 -7.269898e-07 -1 235 208 163 255 0.496408 0.995447
27.6972 2.995501 -5.899125 0 1 4.588621e-07 226 195 140 255 0.503242 1.002534
28.73637 0.3718762 -6.938296 1 0 0 241 210 155 255 0.960739 0.515426
27.6972 0.3718762 -6.938296 0 -1 0 0 0 0 255 0.957102 0.996165
27.6972 0.3718762 -5.899123 0 7.269898e-07 1 209 182 135 255 0.490682 0.51844
10.295 1.462468 -6.316972 0 1 0 197 164 121 255 0.959203 0.51993
10.295 1.462468 -6.316972 0 -1.835448e-06 -1 197 164 121 255 0.496408 0.995447
10.295 1.462468 -5.277799 1 0 0 226 195 140 255 0.503242 1.002534
9.255827 0.423295 -6.31697 0 -1 0 241 210 155 255 0.960739 0.515426
9.255827 1.462468 -6.316972 -1 0 0 0 0 0 255 0.957102 0.996165
9.255827 1.462468 -5.277799 0 1.835448e-06 1 0 0 0 255 0.490682 0.51844
8.989527 1.462468 -5.999209 0 1 -4.588612e-07 240 217 176 255 0.959203 0.51993
8.989527 1.462468 -5.999209 0 -1.835448e-06 -1 240 217 176 255 0.496408 0.995447
8.989527 1.462469 -4.960034 1 0 0 231 202 160 255 0.503242 1.002534
7.950352 0.423295 -5.999207 0 -1 4.588612e-07 241 210 155 255 0.960739 0.515426
7.950352 1.462468 -5.999209 -1 0 0 230 201 159 255 0.957102 0.996165
7.950352 1.462469 -4.960034 0 1.835448e-06 1 0 0 0 255 0.490682 0.51844
7.711517 1.462468 -5.350522 0 1 -4.588612e-07 197 164 121 255 0.959203 0.51993
7.711517 1.462468 -5.350522 0 -1.835449e-06 -1 197 164 121 255 0.496408 0.995447
7.711517 1.462468 -4.311347 1 0 0 231 202 160 255 0.503242 1.002534
6.672342 0.423295 -5.35052 0 -1 4.588612e-07 224 202 165 255 0.960739 0.515426
6.672342 1.462468 -5.350522 -1 0 0 0 0 0 255 0.957102 0.996165
6.672342 1.462468 -4.311347 0 1.835449e-06 1 0 0 0 255 0.490682 0.51844
7.857183 1.462468 -6.329999 0 1 0 197 164 121 255 0.959203 0.51993
7.857183 1.462468 -6.329999 0 -1.835448e-06 -1 197 164 121 255 0.496408 0.995447
7.857183 1.462468 -5.290824 1 0 0 226 195 140 255 0.503242 1.002534
6.818009 0.423295 -6.329997 0 -1 0 241 210 155 255 0.960739 0.515426
6.818009 1.462468 -6.329999 -1 0 0 230 201 159 255 0.957102 0.996165
6.818009 1.462468 -5.290824 0 1.835448e-06 1 205 174 130 255 0.490682 0.51844
6.610853 1.76131 -5.842147 0 1 -3.564915e-07 240 217 176 255 0.959203 0.51993
6.610853 1.76131 -5.842147 0 -1.425967e-06 -1 240 217 176 255 0.496408 0.995447
6.610853 1.76131 -4.504563 1 0 0 226 195 140 255 0.503242 1.002534
5.273268 0.4237266 -5.842145 0 -1 3.564915e-07 224 202 165 255 0.960739 0.515426
5.273268 1.76131 -5.842147 -1 0 0 0 0 0 255 0.957102 0.996165
5.273268 1.76131 -4.504563 0 1.425967e-06 1 205 174 130 255 0.490682 0.51844
5.789724 1.462468 -10.35404 0 1 0 240 217 176 255 0.959203 0.51993
5.789724 1.462468 -10.35404 1.835446e-06 0 1 240 217 176 255 0.496408 0.995447
5.789724 1.462468 -10.35404 -1 0 9.177224e-07 240 217 176 255 0.503242 0.505278
6.828898 0.4232955 -10.35404 0 -1 4.588621e-07 224 202 165 255 0.960739 0.515426
6.828897 1.462468 -11.39322 1 -1.684435e-12 -9.177242e-07 0 0 0 255 0.957102 0.527273
6.828897 1.462468 -11.39322 0 -1.835448e-06 -1 0 0 0 255 0.490682 0.51844
7.095199 1.462468 -11.71098 0 1 0 231 202 160 255 0.959203 0.038664
7.0952 1.462468 -10.67181 0 1.835449e-06 1 197 164 121 255 0.496408 0.995447
7.095199 1.462468 -11.71098 -1 1.684432e-12 9.177225e-07 231 202 160 255 0.503242 1.002534
8.134373 0.423295 -11.71098 0 -1 4.588621e-07 224 199 158 255 0.960739 0.039261
8.134374 1.462468 -10.67181 1 0 -1.835445e-06 230 201 159 255 0.957102 0.996165
8.134373 1.462468 -11.71098 0 -1.835448e-06 -1 0 0 0 255 0.490682 0.51844
8.373208 1.462468 -11.32049 8.422146e-13 1 4.588613e-07 219 188 142 255 0.959203 0.51993
8.373208 1.462468 -11.32049 1.835445e-06 0 1 219 188 142 255 0.496408 0.995447
8.373208 1.462468 -11.32049 -1 0 0 219 188 142 255 0.503242 0.505278
9.412382 0.423295 -11.32049 0 -1 -4.588621e-07 224 202 165 255 0.960739 0.515426
9.412382 1.462469 -12.35967 1 0 0 209 182 135 255 0.957102 0.527273
9.412382 1.462469 -12.35967 0 -1.835448e-06 -1 209 182 135 255 0.490682 0.51844
8.227542 1.462468 -10.34102 0 1 0 240 217 176 255 0.959203 0.51993
8.227542 1.462468 -10.34102 1.835445e-06 0 1 240 217 176 255 0.496408 0.995447
8.227542 1.462468 -10.34102 -1 0 0 240 217 176 255 0.503242 0.505278
9.266716 0.4232955 -10.34102 0 -1 4.588621e-07 224 202 165 255 0.960739 0.515426
9.266716 1.462468 -11.38019 1 0 0 213 178 124 255 0.957102 0.527273
9.266716 1.462468 -11.38019 0 -1.835448e-06 -1 213 178 124 255 0.490682 0.51844
9.473873 1.76131 -10.82887 0 1 0 197 164 121 255 0.959203 0.51993
9.473873 1.76131 -10.82887 -7.129829e-07 2.138949e-06 1 197 164 121 255 0.496408 0.995447
9.473873 1.76131 -10.82887 -1 0 0 197 164 121 255 0.503242 0.505278
10.81146 0.423727 -10.82887 0 -1 0 241 210 155 255 0.960739 0.515426
10.81146 1.76131 -12.16645 1 0 0 0 0 0 255 0.957102 0.527273
10.81146 1.76131 -12.16645 -1.425964e-06 -1.425967e-06 -1 0 0 0 255 0.490682 0.51844
-14.51718 1.462468 -4.087867 4.588621e-07 1 4.588621e-07 235 208 163 255 0.959203 0.51993
-14.51718 1.462469 -5.12704 1 0 0 230 201 159 255 0.496408 0.524084
-15.55636 1.462469 -4.087867 8.422177e-13 1.835449e-06 1 231 202 160 255 0.503242 1.002534
-14.51718 0.4232955 -5.127038 0 -1 0 241 210 155 255 0.960739 0.515426
-14.51718 1.462469 -5.12704 0 -1.835448e-06 -1 230 201 159 255 0.957102 0.996165
-15.55636 1.462469 -5.12704 -1 0 0 209 182 135 255 0.490682 0.51844
-14.83495 1.462468 -5.393342 0 1 0 235 208 163 255 0.959203 0.51993
-14.83495 1.462468 -5.393342 1 -3.368871e-12 -1.835448e-06 235 208 163 255 0.496408 0.995447
-15.87412 1.462468 -5.39334 1.835445e-06 0 1 231 202 160 255 0.503242 1.002534
-15.87412 0.4232955 -6.432513 -4.588621e-07 -1 -4.588621e-07 220 190 128 255 0.960739 0.039261
-15.87412 1.462469 -6.432515 -8.422177e-13 -1.835448e-06 -1 0 0 0 255 0.957102 0.527273
-15.87412 1.462468 -5.39334 -1 0 0 231 202 160 255 0.490682 0.051873
-16.52281 1.462469 -6.67135 0 1 0 231 202 160 255 0.959203 0.038664
-15.48363 1.462469 -6.671351 1 0 0 219 188 142 255 0.496408 0.995447
-16.52281 1.462469 -6.67135 1.835442e-06 1.835448e-06 1 231 202 160 255 0.503242 1.002534
-16.52281 0.4232955 -7.710523 0 -1 0 224 199 158 255 0.960739 0.039261
-15.48363 1.462469 -7.710525 0 -1.835448e-06 -1 0 0 0 255 0.957102 0.996165
-16.52281 1.462469 -7.710525 -1 0 0 209 182 135 255 0.490682 0.51844
-15.54333 1.462469 -6.525683 4.588613e-07 1 0 0 0 0 255 0.959203 0.038664
-14.50416 1.462469 -7.564858 1 0 0 0 0 0 255 0.496408 0.524084
-15.54333 1.462469 -6.525683 1.835446e-06 1.835448e-06 1 0 0 0 255 0.503242 1.002534
-14.50416 0.4232955 -7.564857 0 -1 0 202 170 132 255 0.960739 0.515426
-14.50416 1.462469 -7.564858 0 -1.835448e-06 -1 0 0 0 255 0.957102 0.996165
-15.54333 1.462469 -7.564858 -1 0 0 213 178 124 255 0.490682 0.51844
-14.99201 1.76131 -7.772016 -5.083447e-13 1 -3.564915e-07 197 164 121 255 0.959203 0.51993
-14.99201 1.76131 -7.772016 1 7.129821e-07 -7.129831e-07 197 164 121 255 0.496408 0.995447
-16.32959 1.76131 -7.772014 1.425965e-06 1.425968e-06 1 231 202 160 255 0.503242 1.002534
-16.3296 0.423727 -9.109597 -3.56491e-07 -1 1.016687e-12 228 201 158 255 0.960739 0.039261
-14.99201 1.76131 -9.109599 -7.129843e-07 -2.13895e-06 -1 0 0 0 255 0.957102 0.996165
-16.32959 1.76131 -9.109599 -1 4.277895e-06 -1.425965e-06 205 174 130 255 0.490682 0.51844
-12.58572 1.462468 -9.279176 0 1 4.588613e-07 197 164 121 255 0.959203 0.51993
-12.58572 1.462468 -8.240001 -1 0 1.835445e-06 233 214 182 255 0.496408 0.524084
-12.58572 1.462468 -9.279176 0 -1.835448e-06 -1 197 164 121 255 0.503242 0.505278
-12.58572 0.423295 -8.240001 0 -1 0 224 202 165 255 0.960739 0.515426
-11.54654 1.462468 -8.240003 1.835448e-06 1.835448e-06 1 205 174 130 255 0.957102 0.527273
-11.54654 1.462468 -8.240003 1 0 0 205 174 130 255 0.490682 0.51844
-12.26795 1.462469 -7.973701 0 1 4.588621e-07 235 208 163 255 0.959203 0.51993
-12.26795 1.462469 -7.973701 -1 0 0 235 208 163 255 0.496408 0.995447
-11.22878 1.462469 -7.973701 0 0 -1 226 195 140 255 0.503242 1.002534
-12.26795 0.423295 -6.934525 4.588612e-07 -1 -4.588621e-07 241 210 155 255 0.960739 0.515426
-12.26795 1.462468 -6.934527 -8.422177e-13 1.835448e-06 1 233 214 182 255 0.957102 0.996165
-11.22878 1.462469 -6.934527 1 1.835448e-06 0 209 182 135 255 0.490682 0.51844
-10.58009 1.462468 -6.695693 0 1 0 226 195 140 255 0.959203 0.038664
-11.61926 1.462468 -5.656518 -1 3.368871e-12 1.835449e-06 230 201 159 255 0.496408 0.524084
-10.58009 1.462468 -6.695693 -1.835445e-06 -1.835448e-06 -1 226 195 140 255 0.503242 1.002534
-10.58009 0.423295 -5.656516 0 -1 0 228 201 158 255 0.960739 0.039261
-11.61926 1.462468 -5.656518 0 1.835448e-06 1 230 201 159 255 0.957102 0.996165
-10.58009 1.462468 -5.656518 1 0 0 205 174 130 255 0.490682 0.51844
-12.59874 1.462468 -6.841357 8.422178e-13 1 4.588621e-07 197 164 121 255 0.959203 0.51993
-12.59874 1.462468 -6.841357 -1 0 0 197 164 121 255 0.496408 0.995447
-12.59874 1.462468 -6.841357 -1.835448e-06 -1.835448e-06 -1 197 164 121 255 0.503242 0.505278
-12.59874 0.423295 -5.802182 0 -1 0 202 170 132 255 0.960739 0.515426
-12.59874 1.462468 -5.802184 -8.422165e-13 1.835449e-06 1 0 0 0 255 0.957102 0.996165
-11.55957 1.462468 -5.802184 1 -3.368865e-12 -1.835445e-06 213 178 124 255 0.490682 0.51844
-12.11089 1.76131 -5.595027 -3.564913e-07 1 2.541721e-13 235 208 163 255 0.959203 0.51993
-12.11089 1.76131 -5.595027 -1 0 0 235 208 163 255 0.496408 0.995447
-10.77331 1.76131 -5.595029 -1.425964e-06 -1.425965e-06 -1 226 195 140 255 0.503242 1.002534
-12.11089 0.4237266 -4.257442 3.56491e-07 -1 0 224 202 165 255 0.960739 0.515426
-10.7733 1.76131 -4.257443 -5.083442e-13 1.425967e-06 1 209 182 135 255 0.957102 0.527273
-10.77331 1.76131 -5.595029 1 -7.129834e-07 -7.129813e-07 226 195 140 255 0.490682 0.051873
-31.81619 1.462468 -10.75101 0 1 0 197 164 121 255 0.959203 0.51993
-31.81619 1.462468 -10.75101 0 -1.835448e-06 -1 197 164 121 255 0.496408 0.995447
-31.81619 1.462468 -9.711835 1 0 0 0 0 0 255 0.503242 1.002534
-32.85537 0.423295 -10.75101 0 -1 0 241 210 155 255 0.960739 0.515426
-32.85537 1.462468 -10.75101 -1 0 0 233 214 182 255 0.957102 0.996165
-32.85537 1.462468 -9.711835 0 1.835448e-06 1 209 182 135 255 0.490682 0.51844
-33.12167 1.462468 -10.43324 0 1 0 197 164 121 255 0.959203 0.51993
-33.12167 1.462468 -10.43324 0 -1.835448e-06 -1 197 164 121 255 0.496408 0.995447
-33.12167 1.462468 -9.394071 1 0 0 226 195 140 255 0.503242 1.002534
-34.16084 0.423295 -10.43324 0 -1 0 224 202 165 255 0.960739 0.515426
-34.16084 1.462468 -10.43324 -1 0 0 233 214 182 255 0.957102 0.996165
-34.16084 1.462468 -9.394071 0 1.835448e-06 1 209 182 135 255 0.490682 0.51844
-34.39967 1.462468 -8.745383 0 1 0 231 202 160 255 0.959203 0.038664
-34.39967 1.462468 -9.784556 0 -1.835448e-06 -1 219 188 142 255 0.496408 0.995447
-34.39967 1.462468 -8.745383 1 0 0 231 202 160 255 0.503242 1.002534
-35.43885 0.423295 -9.784554 0 -1 0 202 170 132 255 0.960739 0.515426
-35.43885 1.462468 -9.784556 -1 0 0 0 0 0 255 0.957102 0.996165
-35.43885 1.462468 -8.745381 1.835442e-06 1.835448e-06 1 209 182 135 255 0.490682 0.51844
-34.25401 1.462468 -10.76403 0 1 0 235 208 163 255 0.959203 0.51993
-34.25401 1.462468 -10.76403 0 -1.835448e-06 -1 235 208 163 255 0.496408 0.995447
-34.25401 1.462468 -9.72486 1 0 0 226 195 140 255 0.503242 1.002534
-35.29318 0.423295 -9.724856 0 -1 0 231 207 163 255 0.960739 0.039261
-35.29318 1.462468 -10.76403 -1 0 0 230 201 159 255 0.957102 0.996165
-35.29318 1.462468 -9.724858 1.835455e-06 1.835448e-06 1 213 178 124 255 0.490682 0.51844
-35.50034 1.76131 -8.938598 0 1 0 231 202 160 255 0.959203 0.038664
-35.50034 1.76131 -10.27618 -7.129829e-07 -2.138949e-06 -1 240 217 176 255 0.496408 0.995447
-35.50034 1.76131 -8.938598 1 0 0 231 202 160 255 0.503242 1.002534
-36.83793 0.4237266 -10.27618 0 -1 0 202 170 132 255 0.960739 0.515426
-36.83793 1.76131 -10.27618 -1 2.851936e-06 2.851931e-06 0 0 0 255 0.957102 0.996165
-36.83792 1.76131 -8.938598 -7.129829e-07 2.138949e-06 1 0 0 0 255 0.490682 0.51844
-32.93881 1.462468 4.433875 0 1 0 197 164 121 255 0.959203 0.51993
-32.93881 1.462468 4.433875 0 0 -1 197 164 121 255 0.496408 0.995447
-32.93881 1.462468 5.473048 1 0 0 231 202 160 255 0.503242 1.002534
-33.97799 0.423295 4.433875 0 -1 0 241 210 155 255 0.960739 0.515426
-33.97799 1.462468 4.433875 -1 0 0 230 201 159 255 0.957102 0.996165
-33.97799 1.462468 5.473048 0 0 1 205 174 130 255 0.490682 0.51844
-34.24429 1.462468 4.751638 0 1 0 235 208 163 255 0.959203 0.51993
-34.24429 1.462468 4.751638 0 0 -1 235 208 163 255 0.496408 0.995447
-34.24429 1.462468 5.790812 1 0 0 226 195 140 255 0.503242 1.002534
-35.28346 0.423295 4.751638 0 -1 0 202 170 132 255 0.960739 0.515426
-35.28346 1.462468 4.751638 -1 0 0 0 0 0 255 0.957102 0.996165
-35.28346 1.462468 5.790812 0 0 1 205 174 130 255 0.490682 0.51844
-35.52229 1.462468 5.400326 0 1 0 235 208 163 255 0.959203 0.51993
-35.52229 1.462468 5.400326 0 0 -1 235 208 163 255 0.496408 0.995447
-35.52229 1.462468 6.439499 1 0 0 226 195 140 255 0.503242 1.002534
-36.56147 0.423295 5.400326 0 -1 0 202 170 132 255 0.960739 0.515426
-36.56147 1.462468 5.400326 -1 0 0 233 214 182 255 0.957102 0.996165
-36.56147 1.462468 6.439499 0 0 1 205 174 130 255 0.490682 0.51844
-35.37663 1.462468 4.420849 0 1 0 235 208 163 255 0.959203 0.51993
-35.37663 1.462468 4.420849 0 0 -1 235 208 163 255 0.496408 0.995447
-35.37663 1.462468 5.460022 1 0 0 231 202 160 255 0.503242 1.002534
-36.4158 0.423295 4.420849 0 -1 0 224 202 165 255 0.960739 0.515426
-36.4158 1.462468 4.420849 -1 0 0 230 201 159 255 0.957102 0.996165
-36.4158 1.462468 5.460022 0 0 1 209 182 135 255 0.490682 0.51844
-36.62296 1.76131 4.908699 0 1 0 235 208 163 255 0.959203 0.51993
-36.62296 1.76131 4.908699 0 0 -1 235 208 163 255 0.496408 0.995447
-36.62296 1.76131 6.246284 1 0 0 226 195 140 255 0.503242 1.002534
-37.96055 0.4237266 4.908699 0 -1 0 241 210 155 255 0.960739 0.515426
-37.96055 1.76131 4.908699 -1 0 0 0 0 0 255 0.957102 0.996165
-37.96055 1.76131 6.246284 0 0 1 0 0 0 255 0.490682 0.51844
-12.56981 1.476628 4.036826 0 1 0 235 208 163 255 0.959203 0.51993
-12.56981 1.476628 4.036826 0 0 -1 235 208 163 255 0.496408 0.995447
-12.56981 1.476628 5.075999 1 0 0 231 202 160 255 0.503242 1.002534
-15.19344 0.4374547 4.036826 0 -1 0 202 170 132 255 0.960739 0.515426
-15.19344 1.476628 4.036826 -1 0 0 0 0 0 255 0.957102 0.996165
-15.19344 1.476628 5.075999 0 0 1 205 174 130 255 0.490682 0.51844
-35.93087 1.476628 -5.556134 0 1 -4.588621e-07 235 208 163 255 0.959203 0.51993
-35.93087 1.476628 -5.556134 0 -1.835449e-06 -1 235 208 163 255 0.496408 0.995447
-35.93087 1.476628 -4.516961 1 0 0 231 202 160 255 0.503242 1.002534
-38.5545 0.4374547 -5.556132 0 -1 4.588621e-07 241 210 155 255 0.960739 0.515426
-38.5545 1.476628 -5.556134 -1 0 0 230 201 159 255 0.957102 0.996165
-38.5545 1.476628 -4.516961 0 1.835449e-06 1 209 182 135 255 0.490682 0.51844
-12.56981 1.476628 5.682597 0 1 -4.588621e-07 235 208 163 255 0.959203 0.51993
-12.56981 1.476628 5.682597 0 0 -1 235 208 163 255 0.496408 0.995447
-12.56981 1.476628 6.721771 1 0 0 226 195 140 255 0.503242 1.002534
-15.19344 0.4374547 5.682597 0 -1 4.588621e-07 224 202 165 255 0.960739 0.515426
-15.19344 1.476628 5.682597 -1 0 0 233 214 182 255 0.957102 0.996165
-15.19344 1.476628 6.721771 0 0 1 205 174 130 255 0.490682 0.51844
-59.96004 1.462468 4.433875 0 1 4.588616e-07 197 164 121 255 0.959203 0.51993
-59.96004 1.462468 5.473049 -1 0 0 0 0 0 255 0.496408 0.524084
-58.92087 1.462468 4.433875 0 0 -1 0 0 0 255 0.503242 1.002534
-59.96004 0.423295 5.473048 0 -1 0 224 202 165 255 0.960739 0.515426
-58.92087 1.462468 5.473049 4.211104e-13 -9.177242e-07 1 209 182 135 255 0.957102 0.527273
-58.92087 1.462468 5.473049 1 0 0 209 182 135 255 0.490682 0.51844
-59.64227 1.462468 5.73935 -4.588638e-07 1 -4.588621e-07 197 164 121 255 0.959203 0.51993
-59.64227 1.462468 5.73935 -1 0 0 197 164 121 255 0.496408 0.995447
-58.6031 1.462468 5.73935 -4.211104e-13 9.177242e-07 -1 226 195 140 255 0.503242 1.002534
-59.64227 0.423295 6.778524 4.588638e-07 -1 0 224 202 165 255 0.960739 0.515426
-58.6031 1.462468 6.778524 0 0 1 205 174 130 255 0.957102 0.527273
-58.6031 1.462468 6.778524 1 0 0 205 174 130 255 0.490682 0.51844
-58.99359 1.462468 7.01736 0 1 0 219 188 142 255 0.959203 0.51993
-58.99359 1.462468 8.056534 -1 0 0 233 214 182 255 0.496408 0.524084
-57.95441 1.462468 7.01736 0 0 -1 226 195 140 255 0.503242 1.002534
-58.99359 0.423295 8.056534 0 -1 0 241 210 155 255 0.960739 0.515426
-58.99359 1.462468 8.056534 0 0 1 233 214 182 255 0.957102 0.996165
-57.95441 1.462468 8.056534 1 0 0 0 0 0 255 0.490682 0.51844
-59.97307 1.462468 6.871693 0 1 0 235 208 163 255 0.959203 0.51993
-59.97307 1.462468 6.871693 -1 0 0 235 208 163 255 0.496408 0.995447
-58.93389 1.462468 6.871693 0 0 -1 0 0 0 255 0.503242 1.002534
-59.97307 0.423295 7.910867 0 -1 0 224 202 165 255 0.960739 0.515426
-59.97307 1.462468 7.910867 0 0 1 230 201 159 255 0.957102 0.996165
-58.93389 1.462468 6.871693 1 0 0 0 0 0 255 0.490682 0.051873
-59.48521 1.76131 8.118024 -2.541725e-13 1 -3.564917e-07 235 208 163 255 0.959203 0.51993
-59.48521 1.76131 8.118024 -1 0 0 235 208 163 255 0.496408 0.995447
-58.14763 1.76131 8.118024 7.129829e-07 2.138949e-06 -1 226 195 140 255 0.503242 1.002534
-59.48521 0.4237266 9.455608 3.56491e-07 -1 0 202 170 132 255 0.960739 0.515426
-58.14763 1.76131 9.455608 0 0 1 209 182 135 255 0.957102 0.527273
-58.14763 1.76131 9.455608 1 0 0 209 182 135 255 0.490682 0.51844
-56.43232 1.476628 -5.317088 0 1 -4.588621e-07 235 208 163 255 0.959203 0.51993
-56.43232 1.476628 -5.317088 0 -1.835449e-06 -1 235 208 163 255 0.496408 0.995447
-56.43232 1.476628 -4.277915 1 0 0 0 0 0 255 0.503242 1.002534
-59.05595 0.4374547 -5.317086 0 -1 4.588621e-07 241 210 155 255 0.960739 0.515426
-59.05595 1.476628 -5.317088 -1 0 0 233 214 182 255 0.957102 0.996165
-59.05595 1.476628 -4.277915 0 1.835449e-06 1 209 182 135 255 0.490682 0.51844
-58.78481 2.995502 -6.938298 -1 0 0 197 164 121 255 0.959203 0.51993
-58.78481 2.995502 -6.938298 -4.136789e-13 -7.269898e-07 -1 197 164 121 255 0.496408 0.995447
-58.78481 2.995501 -5.899125 0 1 4.588621e-07 231 202 160 255 0.503242 1.002534
-57.74564 0.3718762 -6.938296 1 0 0 202 170 132 255 0.960739 0.515426
-58.78481 0.3718762 -5.899123 0 -1 0 209 182 135 255 0.957102 0.527273
-58.78481 0.3718762 -5.899123 0 7.269899e-07 1 209 182 135 255 0.490682 0.51844
16.60987 8.319191 13.84389 0 1 0 117 124 90 255 0.720703 0.279297
16.09028 8.319191 13.84389 0 1 0 231 203 155 255 0.482203 0.279297
16.60987 8.319191 14.36348 0 1 0 0 0 0 255 0.720703 0.038664
16.60987 7.799604 13.32431 0 -9.177242e-07 -1 192 197 156 255 0.251953 0.7597655
16.60987 7.280018 13.32431 0 -1.835448e-06 -1 194 154 102 255 0.007498 0.7597655
16.09028 7.799604 13.32431 0 -9.177242e-07 -1 227 198 154 255 0.251953 0.524084
17.12946 7.799604 13.84389 1 0 0 190 195 154 255 0.251953 0.753906
17.12946 7.280018 13.8439 1 0 0 55 39 26 255 0.000664 0.753906
17.12946 7.799604 13.32431 1 0 0 234 204 166 255 0.251953 0.505278
16.60987 7.280018 13.8439 0 -1 0 69 76 43 255 0.7226565 0.2773435
17.12946 7.280018 13.8439 0 -1 0 55 39 26 255 0.484574 0.2773435
16.60987 7.280018 14.36348 0 -1 0 223 191 134 255 0.7226565 0.039261
16.09028 7.799604 13.8439 -1 0 0 162 167 126 255 0.722656 0.761719
16.09028 7.280018 13.8439 -1 0 0 216 179 134 255 0.48821 0.761719
16.09028 7.799604 14.36348 -1 0 0 223 195 148 255 0.722656 0.527273
16.60987 7.799604 14.36348 0 0 1 59 69 42 255 0.248047 0.2851565
16.60987 7.280018 14.36348 0 0 1 223 191 134 255 0.005412 0.2851565
17.12946 7.799604 14.36348 0 0 1 213 172 126 255 0.248047 0.051873
9.775414 1.462468 4.556413 0 1 0 117 124 90 255 0.720703 0.279297
9.255827 1.462468 4.556413 0 1 0 231 203 155 255 0.482203 0.279297
9.775414 1.462468 5.075999 0 1 0 0 0 0 255 0.720703 0.038664
9.775414 0.9428816 4.036826 0 0 -1 192 197 156 255 0.251953 0.7597655
9.775414 0.423295 4.036826 0 0 -1 211 163 123 255 0.007498 0.7597655
9.255827 0.9428816 4.036826 0 0 -1 227 198 154 255 0.251953 0.524084
10.295 0.9428816 4.556413 1 0 0 190 195 154 255 0.251953 0.753906
10.295 0.423295 4.556413 1 0 0 217 189 142 255 0.000664 0.753906
10.295 0.9428816 4.036826 1 0 0 226 197 157 255 0.251953 0.505278
9.775414 0.423295 4.556413 0 -1 0 69 76 43 255 0.7226565 0.2773435
10.295 0.423295 4.556413 0 -1 0 217 189 142 255 0.484574 0.2773435
9.775414 0.423295 5.075999 0 -1 0 223 191 134 255 0.7226565 0.039261
9.255827 0.9428816 4.556413 -1 0 0 162 167 126 255 0.722656 0.761719
9.255827 0.423295 4.556413 -1 0 0 225 193 132 255 0.48821 0.761719
9.255827 0.9428816 5.075999 -1 0 0 223 195 148 255 0.722656 0.527273
9.775414 0.9428816 5.075999 0 0 1 59 69 42 255 0.248047 0.2851565
9.775414 0.423295 5.075999 0 0 1 223 191 134 255 0.005412 0.2851565
10.295 0.9428816 5.075999 0 0 1 0 0 0 255 0.248047 0.051873
8.469939 1.462468 4.874176 0 1 0 117 124 90 255 0.720703 0.279297
7.950352 1.462468 4.874176 0 1 0 231 203 155 255 0.482203 0.279297
8.469939 1.462468 5.393763 0 1 0 0 0 0 255 0.720703 0.038664
8.469939 0.9428816 4.354589 0 0 -1 192 197 156 255 0.251953 0.7597655
8.469939 0.423295 4.354589 0 0 -1 194 154 102 255 0.007498 0.7597655
7.950352 0.9428816 4.354589 0 0 -1 227 198 154 255 0.251953 0.524084
8.989527 0.9428816 4.874176 1 0 0 190 195 154 255 0.251953 0.753906
8.989527 0.423295 4.874176 1 0 0 55 39 26 255 0.000664 0.753906
8.989527 0.9428816 4.354589 1 0 0 226 197 157 255 0.251953 0.505278
8.469939 0.423295 4.874176 0 -1 0 69 76 43 255 0.7226565 0.2773435
8.989527 0.423295 4.874176 0 -1 0 55 39 26 255 0.484574 0.2773435
8.469939 0.423295 5.393763 0 -1 0 218 198 135 255 0.7226565 0.039261
7.950352 0.9428816 4.874176 -1 0 0 162 167 126 255 0.722656 0.761719
7.950352 0.423295 4.874176 -1 0 0 225 193 132 255 0.48821 0.761719
7.950352 0.9428816 5.393763 -1 0 0 223 195 148 255 0.722656 0.527273
8.469939 0.9428816 5.393763 0 0 1 59 69 42 255 0.248047 0.2851565
8.469939 0.423295 5.393763 0 0 1 218 198 135 255 0.005412 0.2851565
8.989527 0.9428816 5.393763 0 0 1 213 172 126 255 0.248047 0.051873
7.19193 1.462468 5.522863 0 1 0 117 124 90 255 0.720703 0.279297
6.672342 1.462468 5.522863 0 1 0 231 203 155 255 0.482203 0.279297
7.19193 1.462468 6.04245 0 1 0 0 0 0 255 0.720703 0.038664
7.19193 0.9428813 5.003277 0 0 -1 192 197 156 255 0.251953 0.7597655
7.19193 0.423295 5.003277 0 0 -1 225 198 155 255 0.007498 0.7597655
6.672342 0.9428813 5.003277 0 0 -1 227 198 154 255 0.251953 0.524084
7.711517 0.9428813 5.522863 1 0 0 190 195 154 255 0.251953 0.753906
7.711517 0.423295 5.522863 1 0 0 55 39 26 255 0.000664 0.753906
7.711517 0.9428813 5.003277 1 0 0 234 204 166 255 0.251953 0.505278
7.19193 0.423295 5.522863 0 -1 0 69 76 43 255 0.7226565 0.2773435
7.711517 0.423295 5.522863 0 -1 0 55 39 26 255 0.484574 0.2773435
7.19193 0.423295 6.04245 0 -1 0 218 198 135 255 0.7226565 0.039261
6.672342 0.9428813 5.522863 -1 0 0 162 167 126 255 0.722656 0.761719
6.672342 0.423295 5.522863 -1 0 0 216 179 134 255 0.48821 0.761719
6.672342 0.9428813 6.04245 -1 0 0 223 187 137 255 0.722656 0.527273
7.19193 0.9428813 6.04245 0 0 1 59 69 42 255 0.248047 0.2851565
7.19193 0.423295 6.04245 0 0 1 218 198 135 255 0.005412 0.2851565
7.711517 0.9428813 6.04245 0 0 1 0 0 0 255 0.248047 0.051873
7.337596 1.462468 4.543386 0 1 0 117 124 90 255 0.720703 0.279297
6.818009 1.462468 4.543386 0 1 0 231 203 155 255 0.482203 0.279297
7.337596 1.462468 5.062973 0 1 0 225 197 149 255 0.720703 0.038664
7.337596 0.9428816 4.0238 0 0 -1 192 197 156 255 0.251953 0.7597655
7.337596 0.423295 4.0238 0 0 -1 211 163 123 255 0.007498 0.7597655
6.818009 0.9428816 4.0238 0 0 -1 227 198 154 255 0.251953 0.524084
7.857183 0.9428816 4.543386 1 0 0 190 195 154 255 0.251953 0.753906
7.857183 0.423295 4.543386 1 0 0 217 189 142 255 0.000664 0.753906
7.857183 0.9428816 4.0238 1 0 0 234 204 166 255 0.251953 0.505278
7.337596 0.423295 4.543386 0 -1 0 69 76 43 255 0.7226565 0.2773435
7.857183 0.423295 4.543386 0 -1 0 217 189 142 255 0.484574 0.2773435
7.337596 0.423295 5.062973 0 -1 0 222 190 139 255 0.7226565 0.039261
6.818009 0.9428816 4.543386 -1 0 0 162 167 126 255 0.722656 0.761719
6.818009 0.423295 4.543386 -1 0 0 225 193 132 255 0.48821 0.761719
6.818009 0.9428816 5.062973 -1 0 0 223 187 137 255 0.722656 0.527273
7.337596 0.9428816 5.062973 0 0 1 59 69 42 255 0.248047 0.2851565
7.337596 0.423295 5.062973 0 0 1 222 190 139 255 0.005412 0.2851565
7.857183 0.9428816 5.062973 0 0 1 0 0 0 255 0.248047 0.051873
5.94206 1.76131 5.180442 0 1 0 117 124 90 255 0.720703 0.279297
5.273268 1.76131 5.180442 0 1 0 231 203 155 255 0.482203 0.279297
5.94206 1.76131 5.849235 0 1 0 0 0 0 255 0.720703 0.038664
5.94206 1.092518 4.51165 0 0 -1 192 197 156 255 0.251953 0.7597655
5.94206 0.4237266 4.51165 0 0 -1 194 154 102 255 0.007498 0.7597655
5.273268 1.092518 4.51165 0 0 -1 227 198 154 255 0.251953 0.524084
6.610853 1.092518 5.180442 1 0 0 190 195 154 255 0.251953 0.753906
6.610853 0.4237266 5.180442 1 0 0 217 189 142 255 0.000664 0.753906
6.610853 1.092518 4.51165 1 0 0 226 197 157 255 0.251953 0.505278
5.94206 0.4237266 5.180442 0 -1 0 69 76 43 255 0.7226565 0.2773435
6.610853 0.4237266 5.180442 0 -1 0 217 189 142 255 0.484574 0.2773435
5.94206 0.4237266 5.849235 0 -1 0 218 198 135 255 0.7226565 0.039261
5.273268 1.092518 5.180442 -1 0 0 162 167 126 255 0.722656 0.761719
5.273268 0.4237266 5.180442 -1 0 0 225 193 132 255 0.48821 0.761719
5.273268 1.092518 5.849235 -1 0 0 223 187 137 255 0.722656 0.527273
5.94206 1.092518 5.849235 0 0 1 59 69 42 255 0.248047 0.2851565
5.94206 0.4237266 5.849235 0 0 1 218 198 135 255 0.005412 0.2851565
6.610853 1.092518 5.849235 0 0 1 0 0 0 255 0.248047 0.051873
28.73788 1.476628 4.556413 0 1 0 117 124 90 255 0.720703 0.279297
27.42606 1.476628 4.556413 0 1 0 231 203 155 255 0.482203 0.279297
28.73788 1.476628 5.075999 0 1 0 225 197 149 255 0.720703 0.038664
28.73788 0.9570413 4.036826 0 0 -1 192 197 156 255 0.251953 0.7597655
28.73788 0.4374547 4.036826 0 0 -1 194 154 102 255 0.007498 0.7597655
27.42606 0.9570413 4.036826 0 0 -1 227 198 154 255 0.251953 0.524084
30.04969 0.9570413 4.556413 1 0 0 190 195 154 255 0.251953 0.753906
30.04969 0.4374547 4.556413 1 0 0 55 39 26 255 0.000664 0.753906
30.04969 0.9570413 4.036826 1 0 0 234 204 166 255 0.251953 0.505278
28.73788 0.4374547 4.556413 0 -1 0 69 76 43 255 0.7226565 0.2773435
30.04969 0.4374547 4.556413 0 -1 0 55 39 26 255 0.484574 0.2773435
28.73788 0.4374547 5.075999 0 -1 0 223 191 134 255 0.7226565 0.039261
27.42606 0.9570413 4.556413 -1 0 0 162 167 126 255 0.722656 0.761719
27.42606 0.4374547 4.556413 -1 0 0 225 193 132 255 0.48821 0.761719
27.42606 0.9570413 5.075999 -1 0 0 223 187 137 255 0.722656 0.527273
28.73788 0.9570413 5.075999 0 0 1 59 69 42 255 0.248047 0.2851565
28.73788 0.4374547 5.075999 0 0 1 223 191 134 255 0.005412 0.2851565
30.04969 0.9570413 5.075999 0 0 1 213 172 126 255 0.248047 0.051873
28.73788 1.476628 7.664083 0 1 0 117 124 90 255 0.720703 0.279297
27.42606 1.476628 7.664083 0 1 0 204 168 116 255 0.482203 0.279297
28.73788 1.476628 8.18367 0 1 0 0 0 0 255 0.720703 0.038664
28.73788 0.9570413 7.144496 0 0 -1 192 197 156 255 0.251953 0.7597655
28.73788 0.4374547 7.144496 0 0 -1 211 163 123 255 0.007498 0.7597655
27.42606 0.9570413 7.144496 0 0 -1 230 201 159 255 0.251953 0.524084
30.04969 0.9570413 7.664083 1 0 0 190 195 154 255 0.251953 0.753906
30.04969 0.4374547 7.664083 1 0 0 217 189 142 255 0.000664 0.753906
30.04969 0.9570413 7.144496 1 0 0 226 197 157 255 0.251953 0.505278
28.73788 0.4374547 7.664083 0 -1 0 69 76 43 255 0.7226565 0.2773435
30.04969 0.4374547 7.664083 0 -1 0 217 189 142 255 0.484574 0.2773435
28.73788 0.4374547 8.18367 0 -1 0 223 191 134 255 0.7226565 0.039261
27.42606 0.9570413 7.664083 -1 0 0 162 167 126 255 0.722656 0.761719
27.42606 0.4374547 7.664083 -1 0 0 225 193 132 255 0.48821 0.761719
27.42606 0.9570413 8.18367 -1 0 0 223 187 137 255 0.722656 0.527273
28.73788 0.9570413 8.18367 0 0 1 59 69 42 255 0.248047 0.2851565
28.73788 0.4374547 8.18367 0 0 1 223 191 134 255 0.005412 0.2851565
30.04969 0.9570413 8.18367 0 0 1 0 0 0 255 0.248047 0.051873
28.73788 1.476628 -4.797502 0 1 -4.588621e-07 117 124 90 255 0.720703 0.279297
27.42606 1.476628 -4.797502 0 1 -4.588621e-07 231 203 155 255 0.482203 0.279297
28.73788 1.476628 -4.277915 0 1 -4.588621e-07 225 197 149 255 0.720703 0.038664
28.73788 0.9570413 -5.317087 0 -1.835449e-06 -1 192 197 156 255 0.251953 0.7597655
28.73788 0.4374547 -5.317086 0 -1.835449e-06 -1 211 163 123 255 0.007498 0.7597655
27.42606 0.9570413 -5.317087 0 -1.835449e-06 -1 227 198 154 255 0.251953 0.524084
30.04969 0.9570415 -4.797501 1 0 0 190 195 154 255 0.251953 0.753906
30.04969 0.4374549 -4.7975 1 0 0 217 189 142 255 0.000664 0.753906
30.04969 0.9570413 -5.317087 1 0 0 226 197 157 255 0.251953 0.505278
28.73788 0.4374549 -4.7975 0 -1 4.588621e-07 69 76 43 255 0.7226565 0.2773435
30.04969 0.4374549 -4.7975 0 -1 4.588621e-07 217 189 142 255 0.484574 0.2773435
28.73788 0.4374552 -4.277913 0 -1 4.588621e-07 223 191 134 255 0.7226565 0.039261
27.42606 0.9570415 -4.797501 -1 0 0 162 167 126 255 0.722656 0.761719
27.42606 0.4374549 -4.7975 -1 0 0 225 193 132 255 0.48821 0.761719
27.42606 0.9570417 -4.277914 -1 0 0 223 195 148 255 0.722656 0.527273
28.73788 0.9570417 -4.277914 0 1.835449e-06 1 59 69 42 255 0.248047 0.2851565
28.73788 0.4374552 -4.277913 0 1.835449e-06 1 223 191 134 255 0.005412 0.2851565
30.04969 0.9570417 -4.277914 0 1.835449e-06 1 213 172 126 255 0.248047 0.051873
27.6972 1.683689 -6.418711 -1 0 0 117 124 90 255 0.720703 0.279297
27.6972 0.3718762 -6.41871 -1 0 0 231 203 155 255 0.482203 0.279297
27.6972 1.683689 -5.899124 -1 0 0 0 0 0 255 0.720703 0.038664
28.21679 1.683689 -6.938297 -1.667939e-13 -7.269898e-07 -1 192 197 156 255 0.251953 0.7597655
28.73637 1.683689 -6.938297 0 -7.269899e-07 -1 211 163 123 255 0.007498 0.7597655
28.21679 0.3718762 -6.938296 0 -7.269899e-07 -1 227 198 154 255 0.251953 0.524084
28.21679 2.995501 -6.418712 2.294311e-07 1 2.294311e-07 190 195 154 255 0.251953 0.753906
28.73637 2.995501 -6.418712 4.588621e-07 1 0 217 189 142 255 0.000664 0.753906
28.21679 2.995501 -6.938298 4.588621e-07 1 0 226 197 157 255 0.251953 0.505278
28.73637 1.683689 -6.418711 1 0 0 69 76 43 255 0.7226565 0.2773435
28.73637 2.995501 -6.418712 1 0 0 217 189 142 255 0.484574 0.2773435
28.73637 1.683689 -5.899124 1 0 0 223 191 134 255 0.7226565 0.039261
28.21679 0.3718762 -6.41871 0 -1 0 162 167 126 255 0.722656 0.761719
28.73637 0.3718762 -6.41871 0 -1 0 216 179 134 255 0.48821 0.761719
28.21679 0.3718762 -5.899123 0 -1 0 223 195 148 255 0.722656 0.527273
28.21679 1.683689 -5.899124 0 7.269899e-07 1 59 69 42 255 0.248047 0.2851565
28.73637 1.683689 -5.899124 0 7.269899e-07 1 223 191 134 255 0.005412 0.2851565
28.21679 2.995501 -5.899125 0 7.269899e-07 1 213 172 126 255 0.248047 0.051873
9.775414 1.462468 -5.797385 0 1 0 117 124 90 255 0.720703 0.279297
9.255827 1.462468 -5.797385 0 1 0 231 203 155 255 0.482203 0.279297
9.775414 1.462468 -5.277799 0 1 0 0 0 0 255 0.720703 0.038664
9.775414 0.9428816 -6.316971 0 -1.835448e-06 -1 192 197 156 255 0.251953 0.7597655
9.775414 0.423295 -6.31697 0 -1.835448e-06 -1 194 154 102 255 0.007498 0.7597655
9.255827 0.9428816 -6.316971 0 -1.835449e-06 -1 227 198 154 255 0.251953 0.524084
10.295 0.9428816 -5.797384 1 0 0 190 195 154 255 0.251953 0.753906
10.295 0.423295 -5.797383 1 0 0 55 39 26 255 0.000664 0.753906
10.295 0.9428816 -6.316971 1 0 0 234 204 166 255 0.251953 0.505278
9.775414 0.423295 -5.797383 0 -1 0 69 76 43 255 0.7226565 0.2773435
10.295 0.423295 -5.797383 0 -1 0 55 39 26 255 0.484574 0.2773435
9.775414 0.423295 -5.277797 0 -1 0 218 198 135 255 0.7226565 0.039261
9.255827 0.9428816 -5.797384 -1 0 0 162 167 126 255 0.722656 0.761719
9.255827 0.423295 -5.797383 -1 0 0 225 193 132 255 0.48821 0.761719
9.255827 0.9428816 -5.277798 -1 0 0 223 195 148 255 0.722656 0.527273
9.775414 0.9428816 -5.277798 0 1.835448e-06 1 59 69 42 255 0.248047 0.2851565
9.775414 0.423295 -5.277797 0 1.835448e-06 1 218 198 135 255 0.005412 0.2851565
10.295 0.9428816 -5.277798 0 1.835449e-06 1 213 172 126 255 0.248047 0.051873
8.469939 1.462468 -5.479622 0 1 -4.588613e-07 117 124 90 255 0.720703 0.279297
7.950352 1.462468 -5.479622 0 1 -4.588612e-07 231 203 155 255 0.482203 0.279297
8.469939 1.462469 -4.960034 0 1 -4.588612e-07 0 0 0 255 0.720703 0.038664
8.469939 0.9428816 -5.999208 0 -1.835448e-06 -1 192 197 156 255 0.251953 0.7597655
8.469939 0.423295 -5.999207 0 -1.835448e-06 -1 211 163 123 255 0.007498 0.7597655
7.950352 0.9428816 -5.999208 0 -1.835449e-06 -1 230 201 159 255 0.251953 0.524084
8.989527 0.9428818 -5.479621 1 0 0 190 195 154 255 0.251953 0.753906
8.989527 0.4232953 -5.47962 1 0 0 55 39 26 255 0.000664 0.753906
8.989527 0.9428816 -5.999208 1 0 0 226 197 157 255 0.251953 0.505278
8.469939 0.4232953 -5.47962 0 -1 4.588613e-07 69 76 43 255 0.7226565 0.2773435
8.989527 0.4232953 -5.47962 0 -1 4.588612e-07 55 39 26 255 0.484574 0.2773435
8.469939 0.4232955 -4.960032 0 -1 4.588612e-07 223 191 134 255 0.7226565 0.039261
7.950352 0.9428818 -5.479621 -1 0 0 162 167 126 255 0.722656 0.761719
7.950352 0.4232953 -5.47962 -1 0 0 225 193 132 255 0.48821 0.761719
7.950352 0.9428821 -4.960033 -1 0 0 223 195 148 255 0.722656 0.527273
8.469939 0.9428821 -4.960033 0 1.835448e-06 1 59 69 42 255 0.248047 0.2851565
8.469939 0.4232955 -4.960032 0 1.835448e-06 1 223 191 134 255 0.005412 0.2851565
8.989527 0.9428821 -4.960033 0 1.835449e-06 1 0 0 0 255 0.248047 0.051873
7.19193 1.462468 -4.830935 0 1 -4.588613e-07 117 124 90 255 0.720703 0.279297
6.672342 1.462468 -4.830935 0 1 -4.588612e-07 231 203 155 255 0.482203 0.279297
7.19193 1.462468 -4.311347 0 1 -4.588612e-07 225 197 149 255 0.720703 0.038664
7.19193 0.9428813 -5.350521 0 -1.835449e-06 -1 192 197 156 255 0.251953 0.7597655
7.19193 0.423295 -5.35052 0 -1.835449e-06 -1 225 198 155 255 0.007498 0.7597655
6.672342 0.9428813 -5.350521 0 -1.835449e-06 -1 227 198 154 255 0.251953 0.524084
7.711517 0.9428816 -4.830934 1 0 0 190 195 154 255 0.251953 0.753906
7.711517 0.4232953 -4.830933 1 0 0 217 189 142 255 0.000664 0.753906
7.711517 0.9428813 -5.350521 1 0 0 234 204 166 255 0.251953 0.505278
7.19193 0.4232953 -4.830933 0 -1 4.588613e-07 69 76 43 255 0.7226565 0.2773435
7.711517 0.4232953 -4.830933 0 -1 4.588612e-07 217 189 142 255 0.484574 0.2773435
7.19193 0.4232955 -4.311345 0 -1 4.588612e-07 223 191 134 255 0.7226565 0.039261
6.672342 0.9428816 -4.830934 -1 0 0 162 167 126 255 0.722656 0.761719
6.672342 0.4232953 -4.830933 -1 0 0 225 193 132 255 0.48821 0.761719
6.672342 0.9428818 -4.311346 -1 0 0 223 195 148 255 0.722656 0.527273
7.19193 0.9428818 -4.311346 0 1.835449e-06 1 59 69 42 255 0.248047 0.2851565
7.19193 0.4232955 -4.311345 0 1.835449e-06 1 223 191 134 255 0.005412 0.2851565
7.711517 0.9428818 -4.311346 0 1.835449e-06 1 213 172 126 255 0.248047 0.051873
7.337596 1.462468 -5.810411 0 1 0 117 124 90 255 0.720703 0.279297
6.818009 1.462468 -5.810411 0 1 0 204 168 116 255 0.482203 0.279297
7.337596 1.462468 -5.290824 0 1 0 225 197 149 255 0.720703 0.038664
7.337596 0.9428816 -6.329998 0 -1.835449e-06 -1 192 197 156 255 0.251953 0.7597655
7.337596 0.423295 -6.329997 0 -1.835449e-06 -1 194 154 102 255 0.007498 0.7597655
6.818009 0.9428816 -6.329998 0 -1.835449e-06 -1 230 201 159 255 0.251953 0.524084
7.857183 0.9428816 -5.81041 1 0 0 190 195 154 255 0.251953 0.753906
7.857183 0.423295 -5.81041 1 0 0 217 189 142 255 0.000664 0.753906
7.857183 0.9428816 -6.329998 1 0 0 234 204 166 255 0.251953 0.505278
7.337596 0.423295 -5.81041 0 -1 0 69 76 43 255 0.7226565 0.2773435
7.857183 0.423295 -5.81041 0 -1 0 217 189 142 255 0.484574 0.2773435
7.337596 0.423295 -5.290822 0 -1 0 218 198 135 255 0.7226565 0.039261
6.818009 0.9428816 -5.81041 -1 0 0 162 167 126 255 0.722656 0.761719
6.818009 0.423295 -5.81041 -1 0 0 216 179 134 255 0.48821 0.761719
6.818009 0.9428816 -5.290823 -1 0 0 223 187 137 255 0.722656 0.527273
7.337596 0.9428816 -5.290823 0 1.835449e-06 1 59 69 42 255 0.248047 0.2851565
7.337596 0.423295 -5.290822 0 1.835449e-06 1 218 198 135 255 0.005412 0.2851565
7.857183 0.9428816 -5.290823 0 1.835449e-06 1 213 172 126 255 0.248047 0.051873
5.94206 1.76131 -5.173355 0 1 -3.564915e-07 117 124 90 255 0.720703 0.279297
5.273268 1.76131 -5.173355 0 1 -3.564915e-07 231 203 155 255 0.482203 0.279297
5.94206 1.76131 -4.504563 0 1 -3.564915e-07 225 197 149 255 0.720703 0.038664
5.94206 1.092518 -5.842146 0 -1.425966e-06 -1 192 197 156 255 0.251953 0.7597655
5.94206 0.4237266 -5.842145 0 -1.425967e-06 -1 194 154 102 255 0.007498 0.7597655
5.273268 1.092518 -5.842146 0 -1.425967e-06 -1 230 201 159 255 0.251953 0.524084
6.610853 1.092518 -5.173354 1 0 0 190 195 154 255 0.251953 0.753906
6.610853 0.4237268 -5.173353 1 0 0 217 189 142 255 0.000664 0.753906
6.610853 1.092518 -5.842146 1 0 0 226 197 157 255 0.251953 0.505278
5.94206 0.4237268 -5.173353 0 -1 3.564915e-07 69 76 43 255 0.7226565 0.2773435
6.610853 0.4237268 -5.173353 0 -1 3.564915e-07 217 189 142 255 0.484574 0.2773435
5.94206 0.423727 -4.504561 0 -1 3.564915e-07 223 191 134 255 0.7226565 0.039261
5.273268 1.092518 -5.173354 -1 0 0 162 167 126 255 0.722656 0.761719
5.273268 0.4237268 -5.173353 -1 0 0 216 179 134 255 0.48821 0.761719
5.273268 1.092519 -4.504562 -1 0 0 223 195 148 255 0.722656 0.527273
5.94206 1.092519 -4.504562 0 1.425966e-06 1 59 69 42 255 0.248047 0.2851565
5.94206 0.423727 -4.504561 0 1.425967e-06 1 223 191 134 255 0.005412 0.2851565
6.610853 1.092519 -4.504562 0 1.425967e-06 1 213 172 126 255 0.248047 0.051873
6.309311 1.462468 -10.87363 0 1 0 117 124 90 255 0.720703 0.279297
6.828898 1.462468 -10.87363 0 1 0 231 203 155 255 0.482203 0.279297
6.30931 1.462468 -11.39322 0 1 0 0 0 0 255 0.720703 0.038664
6.309311 0.9428818 -10.35404 9.177232e-07 9.177245e-07 1 192 197 156 255 0.251953 0.7597655
6.309311 0.4232955 -10.35404 0 1.835449e-06 1 211 163 123 255 0.007498 0.7597655
6.828898 0.9428818 -10.35404 0 1.835449e-06 1 230 201 159 255 0.251953 0.524084
5.789724 0.9428818 -10.87363 -1 8.422177e-13 9.177234e-07 190 195 154 255 0.251953 0.753906
5.789723 0.9428816 -11.39322 -1 1.684435e-12 9.177242e-07 213 172 126 255 0.251953 1.002534
5.789724 0.4232953 -10.87363 -1 1.684435e-12 9.177242e-07 217 189 142 255 0.000664 0.753906
6.309311 0.4232953 -10.87363 0 -1 4.588621e-07 69 76 43 255 0.7226565 0.2773435
5.789724 0.4232953 -10.87363 0 -1 4.588621e-07 217 189 142 255 0.484574 0.2773435
6.30931 0.423295 -11.39321 0 -1 4.588621e-07 218 198 135 255 0.7226565 0.039261
6.828898 0.9428816 -10.87363 1 -1.684436e-12 -9.177242e-07 162 167 126 255 0.722656 0.761719
6.828898 0.9428818 -10.35404 1 -1.684436e-12 -9.177243e-07 230 201 159 255 0.722656 0.996165
6.828898 0.4232953 -10.87363 1 -1.684436e-12 -9.177242e-07 216 179 134 255 0.48821 0.761719
6.30931 0.9428816 -11.39322 0 -1.835449e-06 -1 59 69 42 255 0.248047 0.2851565
6.30931 0.423295 -11.39321 0 -1.835449e-06 -1 218 198 135 255 0.005412 0.2851565
5.789723 0.9428816 -11.39322 0 -1.835449e-06 -1 213 172 126 255 0.248047 0.051873
7.614786 1.462468 -11.19139 0 1 0 117 124 90 255 0.720703 0.279297
7.614787 1.462468 -10.67181 0 1 0 238 214 168 255 0.720703 0.51993
8.134373 1.462468 -11.19139 0 1 0 204 168 116 255 0.482203 0.279297
7.614787 0.9428818 -10.6718 9.177232e-07 9.177245e-07 1 192 197 156 255 0.251953 0.7597655
7.614787 0.4232955 -10.6718 1.835446e-06 0 1 194 154 102 255 0.007498 0.7597655
8.134374 0.9428818 -10.67181 1.835447e-06 0 1 230 201 159 255 0.251953 0.524084
7.095199 0.9428816 -11.19139 -1 1.684433e-12 9.177226e-07 190 195 154 255 0.251953 0.753906
7.095199 0.4232953 -11.19139 -1 1.684433e-12 9.177226e-07 217 189 142 255 0.000664 0.753906
7.0952 0.9428818 -10.6718 -1 1.684433e-12 9.177226e-07 226 197 157 255 0.251953 0.505278
7.614786 0.4232953 -11.19139 4.211077e-13 -1 4.588617e-07 69 76 43 255 0.7226565 0.2773435
7.614787 0.4232955 -10.6718 8.422154e-13 -1 4.588613e-07 194 154 102 255 0.7226565 0.515426
7.095199 0.4232953 -11.19139 8.422153e-13 -1 4.588612e-07 217 189 142 255 0.484574 0.2773435
8.134373 0.9428818 -11.19139 1 -4.211085e-13 -9.177224e-07 162 167 126 255 0.722656 0.761719
8.134373 0.4232953 -11.19139 1 -1.684437e-12 -9.17725e-07 216 179 134 255 0.48821 0.761719
8.134373 0.9428816 -11.71098 1 0 0 223 187 137 255 0.722656 0.527273
7.614786 0.9428816 -11.71098 0 -1.835449e-06 -1 59 69 42 255 0.248047 0.2851565
7.614786 0.423295 -11.71098 0 -1.835449e-06 -1 223 191 134 255 0.005412 0.2851565
7.095199 0.9428816 -11.71098 0 -1.835449e-06 -1 0 0 0 255 0.248047 0.051873
8.892796 1.462468 -11.84008 4.211073e-13 1 4.588617e-07 117 124 90 255 0.720703 0.279297
9.412382 1.462468 -11.84008 0 1 4.588621e-07 204 168 116 255 0.482203 0.279297
8.892796 1.462469 -12.35967 0 1 4.588621e-07 225 197 149 255 0.720703 0.038664
8.892796 0.9428816 -11.32049 9.177228e-07 9.177245e-07 1 192 197 156 255 0.251953 0.7597655
8.892796 0.423295 -11.32049 0 1.835448e-06 1 194 154 102 255 0.007498 0.7597655
9.412382 0.9428816 -11.32049 0 1.835448e-06 1 230 201 159 255 0.251953 0.524084
8.373208 0.9428818 -11.84008 -1 0 0 190 195 154 255 0.251953 0.753906
8.373208 0.9428821 -12.35967 -1 0 0 213 172 126 255 0.251953 1.002534
8.373208 0.4232953 -11.84008 -1 0 0 217 189 142 255 0.000664 0.753906
8.892796 0.4232953 -11.84008 0 -1 -4.588621e-07 69 76 43 255 0.7226565 0.2773435
8.373208 0.4232953 -11.84008 0 -1 -4.588621e-07 217 189 142 255 0.484574 0.2773435
8.892796 0.4232955 -12.35967 0 -1 -4.588621e-07 218 198 135 255 0.7226565 0.039261
9.412382 0.9428818 -11.84008 1 0 0 162 167 126 255 0.722656 0.761719
9.412382 0.9428816 -11.32049 1 0 0 230 201 159 255 0.722656 0.996165
9.412382 0.4232953 -11.84008 1 0 0 216 179 134 255 0.48821 0.761719
8.892796 0.9428821 -12.35967 0 -1.835448e-06 -1 59 69 42 255 0.248047 0.2851565
8.892796 0.4232955 -12.35967 0 -1.835448e-06 -1 218 198 135 255 0.005412 0.2851565
8.373208 0.9428821 -12.35967 0 -1.835449e-06 -1 213 172 126 255 0.248047 0.051873
8.747129 1.462468 -10.8606 0 1 0 117 124 90 255 0.720703 0.279297
9.266716 1.462468 -10.8606 0 1 0 231 203 155 255 0.482203 0.279297
8.747129 1.462468 -11.38019 0 1 0 228 206 159 255 0.720703 0.038664
8.747129 0.9428818 -10.34102 9.177226e-07 9.177248e-07 1 192 197 156 255 0.251953 0.7597655
8.747129 0.4232955 -10.34102 0 1.835449e-06 1 211 163 123 255 0.007498 0.7597655
9.266716 0.9428818 -10.34102 0 1.835449e-06 1 227 198 154 255 0.251953 0.524084
8.227542 0.9428818 -10.8606 -1 0 0 190 195 154 255 0.251953 0.753906
8.227542 0.9428816 -11.38019 -1 0 0 0 0 0 255 0.251953 1.002534
8.227542 0.4232953 -10.8606 -1 0 0 217 189 142 255 0.000664 0.753906
8.747129 0.4232953 -10.8606 0 -1 4.588621e-07 69 76 43 255 0.7226565 0.2773435
8.227542 0.4232953 -10.8606 0 -1 4.588621e-07 217 189 142 255 0.484574 0.2773435
8.747129 0.423295 -11.38019 0 -1 4.588621e-07 218 198 135 255 0.7226565 0.039261
9.266716 0.9428816 -10.8606 1 0 0 162 167 126 255 0.722656 0.761719
9.266716 0.9428818 -10.34102 1 0 0 227 198 154 255 0.722656 0.996165
9.266716 0.4232953 -10.8606 1 0 0 216 179 134 255 0.48821 0.761719
8.747129 0.9428816 -11.38019 0 -1.835448e-06 -1 59 69 42 255 0.248047 0.2851565
8.747129 0.423295 -11.38019 0 -1.835448e-06 -1 218 198 135 255 0.005412 0.2851565
8.227542 0.9428816 -11.38019 0 -1.835449e-06 -1 0 0 0 255 0.248047 0.051873
10.14266 1.76131 -11.49766 0 1 0 117 124 90 255 0.720703 0.279297
10.81146 1.76131 -11.49766 0 1 0 231 203 155 255 0.482203 0.279297
10.14266 1.76131 -12.16645 0 1 0 225 197 149 255 0.720703 0.038664
10.14266 1.092519 -10.82887 0 7.129827e-07 1 192 197 156 255 0.251953 0.7597655
10.14266 0.423727 -10.82887 0 2.13895e-06 1 211 163 123 255 0.007498 0.7597655
10.81146 1.092519 -10.82887 0 7.12984e-07 1 230 201 159 255 0.251953 0.524084
9.473873 1.092519 -11.49766 -1 0 3.564906e-07 190 195 154 255 0.251953 0.753906
9.473872 1.092519 -12.16645 -1 0 2.138947e-06 213 172 126 255 0.251953 1.002534
9.473873 0.423727 -11.49766 -1 3.564912e-07 3.564906e-07 217 189 142 255 0.000664 0.753906
10.14266 0.423727 -11.49766 0 -1 0 69 76 43 255 0.7226565 0.2773435
9.473873 0.423727 -11.49766 0 -1 0 217 189 142 255 0.484574 0.2773435
10.14266 0.423727 -12.16645 0 -1 0 223 191 134 255 0.7226565 0.039261
10.81146 1.092519 -11.49766 1 0 0 162 167 126 255 0.722656 0.761719
10.81146 1.092519 -10.82887 1 0 0 230 201 159 255 0.722656 0.996165
10.81146 0.423727 -11.49766 1 0 0 225 193 132 255 0.48821 0.761719
10.14266 1.092519 -12.16645 -7.129821e-07 -7.129833e-07 -1 59 69 42 255 0.248047 0.2851565
10.14266 0.423727 -12.16645 0 0 -1 223 191 134 255 0.005412 0.2851565
9.473872 1.092519 -12.16645 0 0 -1 213 172 126 255 0.248047 0.051873
-15.03677 1.462469 -4.607453 2.294311e-07 1 2.294311e-07 117 124 90 255 0.720703 0.279297
-15.03677 1.462469 -5.12704 0 1 0 204 168 116 255 0.482203 0.279297
-15.55636 1.462469 -4.607453 0 1 0 225 197 149 255 0.720703 0.038664
-14.51718 0.9428818 -4.607452 1 0 0 192 197 156 255 0.251953 0.7597655
-14.51718 0.9428818 -4.087866 1 0 0 234 204 166 255 0.251953 0.995447
-14.51718 0.4232955 -4.607451 1 0 0 211 163 123 255 0.007498 0.7597655
-15.03677 0.9428818 -4.087866 4.211088e-13 1.835449e-06 1 190 195 154 255 0.251953 0.753906
-15.03677 0.4232955 -4.087865 0 1.835449e-06 1 55 39 26 255 0.000664 0.753906
-14.51718 0.9428818 -4.087866 0 1.835449e-06 1 234 204 166 255 0.251953 0.505278
-15.03677 0.4232955 -4.607451 0 -1 0 69 76 43 255 0.7226565 0.2773435
-15.03677 0.4232955 -4.087865 0 -1 0 55 39 26 255 0.484574 0.2773435
-15.55636 0.4232955 -4.607451 0 -1 0 218 198 135 255 0.7226565 0.039261
-15.03677 0.9428821 -5.127039 0 -1.835448e-06 -1 162 167 126 255 0.722656 0.761719
-15.03677 0.4232955 -5.127038 0 -1.835448e-06 -1 216 179 134 255 0.48821 0.761719
-15.55636 0.9428821 -5.127039 0 -1.835448e-06 -1 223 195 148 255 0.722656 0.527273
-15.55636 0.9428821 -4.607452 -1 0 0 59 69 42 255 0.248047 0.2851565
-15.55636 0.4232955 -4.607451 -1 0 0 218 198 135 255 0.005412 0.2851565
-15.55636 0.9428821 -4.087866 -1 0 0 213 172 126 255 0.248047 0.051873
-15.35453 1.462468 -5.912928 2.294311e-07 1 2.294307e-07 117 124 90 255 0.720703 0.279297
-15.35453 1.462468 -6.432515 4.588621e-07 1 4.588613e-07 231 203 155 255 0.482203 0.279297
-15.87412 1.462468 -5.912928 4.588621e-07 1 4.588613e-07 0 0 0 255 0.720703 0.038664
-14.83495 0.9428816 -5.912928 1 -3.368871e-12 -1.835449e-06 192 197 156 255 0.251953 0.7597655
-14.83495 0.423295 -5.912927 1 -3.368871e-12 -1.835448e-06 194 154 102 255 0.007498 0.7597655
-14.83495 0.9428816 -6.432514 1 -3.368871e-12 -1.835448e-06 230 201 159 255 0.251953 0.524084
-15.35453 0.9428816 -5.393341 9.177226e-07 9.177243e-07 1 190 195 154 255 0.251953 0.753906
-15.35453 0.423295 -5.39334 0 1.835448e-06 1 55 39 26 255 0.000664 0.753906
-14.83495 0.9428816 -5.393341 0 1.835449e-06 1 234 204 166 255 0.251953 0.505278
-15.35453 0.423295 -5.912927 -2.294311e-07 -1 -2.294311e-07 69 76 43 255 0.7226565 0.2773435
-14.83495 0.423295 -5.912927 0 -1 0 194 154 102 255 0.7226565 0.515426
-15.35453 0.423295 -5.39334 0 -1 0 55 39 26 255 0.484574 0.2773435
-15.35453 0.9428818 -6.432514 -8.422177e-13 -1.835448e-06 -1 162 167 126 255 0.722656 0.761719
-14.83495 0.9428816 -6.432514 -8.422178e-13 -1.835449e-06 -1 230 201 159 255 0.722656 0.996165
-15.35453 0.4232953 -6.432513 -8.422178e-13 -1.835449e-06 -1 225 193 132 255 0.48821 0.761719
-15.87412 0.9428818 -5.912928 -1 0 0 59 69 42 255 0.248047 0.2851565
-15.87412 0.9428821 -6.432514 -1 0 0 223 187 137 255 0.248047 0.51844
-15.87412 0.4232953 -5.912927 -1 0 0 218 198 135 255 0.005412 0.2851565
-16.00322 1.462469 -7.190938 0 1 0 117 124 90 255 0.720703 0.279297
-15.48363 1.462469 -7.190938 0 1 0 238 209 165 255 0.720703 0.51993
-16.00322 1.462469 -7.710525 0 1 0 231 203 155 255 0.482203 0.279297
-15.48363 0.9428821 -7.190937 1 -1.835452e-06 -1.835448e-06 192 197 156 255 0.251953 0.7597655
-15.48363 0.4232955 -7.190936 1 -3.670903e-06 -3.670897e-06 225 198 155 255 0.007498 0.7597655
-15.48363 0.9428821 -7.710524 1 -3.670903e-06 -3.670897e-06 227 198 154 255 0.251953 0.524084
-16.00322 0.9428821 -6.67135 1.835442e-06 1.835448e-06 1 190 195 154 255 0.251953 0.753906
-16.00322 0.4232955 -6.671349 1.835442e-06 1.835448e-06 1 55 39 26 255 0.000664 0.753906
-15.48363 0.9428821 -6.67135 1.835442e-06 1.835448e-06 1 234 204 166 255 0.251953 0.505278
-16.00322 0.4232955 -7.190935 0 -1 0 69 76 43 255 0.7226565 0.2773435
-15.48363 0.4232955 -7.190936 0 -1 0 225 198 155 255 0.7226565 0.515426
-16.00322 0.4232955 -6.671349 0 -1 0 55 39 26 255 0.484574 0.2773435
-16.00322 0.9428821 -7.710524 0 -1.835448e-06 -1 162 167 126 255 0.722656 0.761719
-16.00322 0.4232955 -7.710523 0 -1.835448e-06 -1 225 193 132 255 0.48821 0.761719
-16.52281 0.9428821 -7.710524 0 -1.835448e-06 -1 223 195 148 255 0.722656 0.527273
-16.52281 0.9428821 -7.190936 -1 0 0 59 69 42 255 0.248047 0.2851565
-16.52281 0.4232955 -7.190935 -1 0 0 218 198 135 255 0.005412 0.2851565
-16.52281 0.9428821 -6.671349 -1 0 0 213 172 126 255 0.248047 0.051873
-15.02375 1.462468 -7.045272 2.294306e-07 1 2.294311e-07 117 124 90 255 0.720703 0.279297
-14.50416 1.462468 -7.045272 0 1 4.588621e-07 238 214 168 255 0.720703 0.51993
-15.02375 1.462469 -7.564858 0 1 4.588621e-07 231 203 155 255 0.482203 0.279297
-14.50416 0.9428818 -7.045271 1 0 0 192 197 156 255 0.251953 0.7597655
-14.50416 0.9428818 -6.525684 1 0 0 226 197 157 255 0.251953 0.995447
-14.50416 0.4232955 -7.04527 1 0 0 211 163 123 255 0.007498 0.7597655
-15.02375 0.9428818 -6.525683 1.835446e-06 1.835449e-06 1 190 195 154 255 0.251953 0.753906
-15.02375 0.4232955 -6.525682 1.835445e-06 1.835449e-06 1 217 189 142 255 0.000664 0.753906
-14.50416 0.9428818 -6.525684 1.835445e-06 1.835449e-06 1 226 197 157 255 0.251953 0.505278
-15.02375 0.4232955 -7.04527 0 -1 0 69 76 43 255 0.7226565 0.2773435
-15.02375 0.4232955 -6.525682 0 -1 0 217 189 142 255 0.484574 0.2773435
-15.54333 0.4232955 -7.045269 0 -1 0 222 190 139 255 0.7226565 0.039261
-15.02375 0.9428821 -7.564857 0 -1.835448e-06 -1 162 167 126 255 0.722656 0.761719
-15.02375 0.4232955 -7.564857 0 -1.835448e-06 -1 225 193 132 255 0.48821 0.761719
-15.54333 0.9428821 -7.564857 0 -1.835449e-06 -1 223 195 148 255 0.722656 0.527273
-15.54333 0.9428821 -7.04527 -1 0 0 59 69 42 255 0.248047 0.2851565
-15.54333 0.4232955 -7.045269 -1 0 0 222 190 139 255 0.005412 0.2851565
-15.54333 0.9428821 -6.525682 -1 0 0 213 172 126 255 0.248047 0.051873
-15.6608 1.76131 -8.440806 1.782458e-07 1 -1.782458e-07 117 124 90 255 0.720703 0.279297
-15.6608 1.76131 -9.109599 3.56492e-07 1 0 204 168 116 255 0.482203 0.279297
-16.32959 1.76131 -8.440806 3.56492e-07 1 0 225 197 149 255 0.720703 0.038664
-14.99201 1.092518 -8.440806 1 -3.493825e-12 -2.138949e-06 192 197 156 255 0.251953 0.7597655
-14.99201 0.4237268 -8.440805 1 -3.510202e-12 -2.138949e-06 211 163 123 255 0.007498 0.7597655
-14.99201 1.092518 -9.109598 1 -4.342518e-13 -7.129829e-07 230 201 159 255 0.251953 0.524084
-15.6608 1.092519 -7.772014 1.425967e-06 1.425967e-06 1 190 195 154 255 0.251953 0.753906
-15.6608 0.423727 -7.772013 1.425967e-06 1.425967e-06 1 55 39 26 255 0.000664 0.753906
-14.99201 1.092519 -7.772015 1.425965e-06 1.425967e-06 1 226 197 157 255 0.251953 0.505278
-15.6608 0.4237268 -8.440804 -1.782453e-07 -1 1.782463e-07 69 76 43 255 0.7226565 0.2773435
-14.99201 0.4237268 -8.440805 5.083447e-13 -1 3.564915e-07 211 163 123 255 0.7226565 0.515426
-15.6608 0.423727 -7.772013 5.083447e-13 -1 3.564915e-07 55 39 26 255 0.484574 0.2773435
-15.6608 1.092518 -9.109598 -7.056591e-13 -7.129834e-07 -1 162 167 126 255 0.722656 0.761719
-15.6608 0.4237268 -9.109597 3.601599e-13 -2.138949e-06 -1 225 193 132 255 0.48821 0.761719
-16.32959 1.092519 -9.109598 -1.375131e-12 -7.12984e-07 -1 223 195 148 255 0.722656 0.527273
-16.32959 1.092519 -8.440805 -1 7.12984e-07 7.129809e-07 59 69 42 255 0.248047 0.2851565
-16.32959 0.423727 -8.440804 -1 1.519881e-12 1.425962e-06 218 198 135 255 0.005412 0.2851565
-16.32959 1.092519 -7.772013 -1 4.053016e-12 4.277894e-06 0 0 0 255 0.248047 0.051873
-12.06613 1.462468 -8.759588 -2.294311e-07 1 2.294306e-07 117 124 90 255 0.720703 0.279297
-12.06613 1.462468 -8.240002 -4.588621e-07 1 0 204 168 116 255 0.482203 0.279297
-11.54654 1.462468 -8.759589 -4.588621e-07 1 0 225 197 149 255 0.720703 0.038664
-12.58572 0.9428816 -8.759588 -1 -9.177242e-07 9.177224e-07 192 197 156 255 0.251953 0.7597655
-12.58572 0.9428816 -9.279175 -1 -1.835448e-06 0 226 197 157 255 0.251953 0.995447
-12.58572 0.423295 -8.759587 -1 -1.835448e-06 0 194 154 102 255 0.007498 0.7597655
-12.06613 0.9428816 -9.279175 0 -1.835448e-06 -1 190 195 154 255 0.251953 0.753906
-11.54654 0.9428816 -9.279175 0 -1.835448e-06 -1 213 172 126 255 0.251953 1.002534
-12.06613 0.423295 -9.279174 0 -1.835448e-06 -1 217 189 142 255 0.000664 0.753906
-12.06613 0.423295 -8.759587 0 -1 0 69 76 43 255 0.7226565 0.2773435
-12.06613 0.423295 -9.279174 0 -1 0 217 189 142 255 0.484574 0.2773435
-11.54654 0.423295 -8.759587 0 -1 0 218 198 135 255 0.7226565 0.039261
-12.06613 0.9428813 -8.240001 9.177237e-07 9.177242e-07 1 162 167 126 255 0.722656 0.761719
-12.58572 0.9428813 -8.240001 0 0 1 227 198 154 255 0.722656 0.996165
-12.06613 0.423295 -8.240001 0 0 1 216 179 134 255 0.48821 0.761719
-11.54654 0.9428816 -8.759588 1 0 0 59 69 42 255 0.248047 0.2851565
-11.54654 0.423295 -8.759587 1 0 0 218 198 135 255 0.005412 0.2851565
-11.54654 0.9428816 -9.279175 1 0 0 213 172 126 255 0.248047 0.051873
-11.74837 1.462468 -7.454114 -2.294311e-07 1 2.294311e-07 117 124 90 255 0.720703 0.279297
-11.74837 1.462468 -6.934527 -4.588621e-07 1 0 204 168 116 255 0.482203 0.279297
-11.22878 1.462469 -7.454114 -4.588621e-07 1 0 225 197 149 255 0.720703 0.038664
-12.26795 0.9428818 -7.454113 -1 0 0 192 197 156 255 0.251953 0.7597655
-12.26795 0.4232953 -7.454112 -1 0 0 194 154 102 255 0.007498 0.7597655
-12.26795 0.9428816 -6.934526 -1 0 0 230 201 159 255 0.251953 0.524084
-11.74837 0.9428821 -7.973701 -9.177242e-07 -9.177242e-07 -1 190 195 154 255 0.251953 0.753906
-11.74837 0.4232955 -7.9737 -1.835448e-06 -1.835448e-06 -1 217 189 142 255 0.000664 0.753906
-12.26795 0.9428821 -7.9737 -1.835448e-06 -1.835448e-06 -1 226 197 157 255 0.251953 0.505278
-11.74836 0.4232955 -7.454112 2.294307e-07 -1 -2.294311e-07 69 76 43 255 0.7226565 0.2773435
-11.74837 0.4232955 -7.9737 0 -1 0 217 189 142 255 0.484574 0.2773435
-11.22878 0.4232955 -7.454113 0 -1 0 223 191 134 255 0.7226565 0.039261
-11.74837 0.9428818 -6.934526 -8.422169e-13 1.835448e-06 1 162 167 126 255 0.722656 0.761719
-11.74836 0.4232953 -6.934525 -8.422161e-13 1.835448e-06 1 216 179 134 255 0.48821 0.761719
-11.22878 0.9428821 -6.934526 -8.422159e-13 1.835448e-06 1 223 195 148 255 0.722656 0.527273
-11.22878 0.9428821 -7.454113 1 9.177242e-07 -9.177226e-07 59 69 42 255 0.248047 0.2851565
-11.22878 0.4232955 -7.454113 1 0 -1.835445e-06 223 191 134 255 0.005412 0.2851565
-11.22878 0.9428821 -7.973701 1 0 -1.835445e-06 0 0 0 255 0.248047 0.051873
-11.09968 1.462468 -6.176105 0 1 0 117 124 90 255 0.720703 0.279297
-11.61926 1.462468 -6.176105 0 1 0 238 214 168 255 0.720703 0.51993
-11.09968 1.462468 -5.656518 0 1 0 204 168 116 255 0.482203 0.279297
-11.61926 0.9428816 -6.176104 -1 1.684436e-12 1.835447e-06 192 197 156 255 0.251953 0.7597655
-11.61926 0.9428816 -6.695691 -1 0 1.835445e-06 234 204 166 255 0.251953 0.995447
-11.61926 0.423295 -6.176104 -1 0 1.835445e-06 211 163 123 255 0.007498 0.7597655
-11.09968 0.9428816 -6.695691 -9.177226e-07 -9.177242e-07 -1 190 195 154 255 0.251953 0.753906
-11.09968 0.423295 -6.695691 0 0 -1 217 189 142 255 0.000664 0.753906
-11.61926 0.9428816 -6.695691 0 0 -1 234 204 166 255 0.251953 0.505278
-11.09968 0.423295 -6.176104 0 -1 0 69 76 43 255 0.7226565 0.2773435
-11.61926 0.423295 -6.176104 0 -1 0 211 163 123 255 0.7226565 0.515426
-11.09968 0.423295 -6.695691 0 -1 0 217 189 142 255 0.484574 0.2773435
-11.09968 0.9428816 -5.656517 0 1.835448e-06 1 162 167 126 255 0.722656 0.761719
-11.09968 0.423295 -5.656516 0 1.835448e-06 1 216 179 134 255 0.48821 0.761719
-10.58009 0.9428816 -5.656517 0 1.835448e-06 1 223 187 137 255 0.722656 0.527273
-10.58009 0.9428816 -6.176105 1 0 0 59 69 42 255 0.248047 0.2851565
-10.58009 0.423295 -6.176104 1 0 0 223 191 134 255 0.005412 0.2851565
-10.58009 0.9428816 -6.695692 1 0 0 213 172 126 255 0.248047 0.051873
-12.07915 1.462468 -6.321772 -2.294302e-07 1 2.294315e-07 117 124 90 255 0.720703 0.279297
-12.07915 1.462468 -5.802184 -4.588613e-07 1 8.422146e-13 231 203 155 255 0.482203 0.279297
-11.55957 1.462468 -6.321772 -4.588613e-07 1 8.422146e-13 228 206 159 255 0.720703 0.038664
-12.59874 0.9428813 -6.32177 -1 -9.177228e-07 9.177242e-07 192 197 156 255 0.251953 0.7597655
-12.59874 0.423295 -6.321769 -1 -1.835446e-06 1.835448e-06 211 163 123 255 0.007498 0.7597655
-12.59874 0.9428813 -5.802183 -1 -1.835446e-06 1.835448e-06 227 198 154 255 0.251953 0.524084
-12.07915 0.9428816 -6.841357 -1.835446e-06 -1.835451e-06 -1 190 195 154 255 0.251953 0.753906
-11.55957 0.9428818 -6.841358 -1.835444e-06 -1.835453e-06 -1 213 172 126 255 0.251953 1.002534
-12.07915 0.4232953 -6.841356 -1.835444e-06 -1.835453e-06 -1 217 189 142 255 0.000664 0.753906
-12.07915 0.423295 -6.321769 2.294302e-07 -1 -2.294307e-07 69 76 43 255 0.7226565 0.2773435
-12.07915 0.4232953 -6.841356 4.588604e-07 -1 -4.588613e-07 217 189 142 255 0.484574 0.2773435
-11.55957 0.4232953 -6.32177 4.588604e-07 -1 -4.588613e-07 223 191 134 255 0.7226565 0.039261
-12.07915 0.9428816 -5.802183 -4.211083e-13 1.835449e-06 1 162 167 126 255 0.722656 0.761719
-12.07915 0.423295 -5.802182 0 1.835448e-06 1 225 193 132 255 0.48821 0.761719
-11.55957 0.9428816 -5.802183 0 1.835448e-06 1 223 195 148 255 0.722656 0.527273
-11.55957 0.9428816 -6.321771 1 9.177229e-07 -9.177221e-07 59 69 42 255 0.248047 0.2851565
-11.55957 0.4232953 -6.32177 1 1.835449e-06 8.422165e-13 223 191 134 255 0.005412 0.2851565
-11.55957 0.9428818 -6.841358 1 1.835449e-06 8.422165e-13 213 172 126 255 0.248047 0.051873
-11.4421 1.76131 -4.926236 -3.564914e-07 1 3.812573e-13 117 124 90 255 0.720703 0.279297
-11.4421 1.76131 -4.257443 -3.56491e-07 1 2.541716e-13 231 203 155 255 0.482203 0.279297
-10.7733 1.76131 -4.926236 -3.56491e-07 1 7.625149e-13 225 197 149 255 0.720703 0.038664
-12.11089 1.092518 -4.926234 -1 0 0 192 197 156 255 0.251953 0.7597655
-12.11089 0.4237266 -4.926233 -1 0 0 211 163 123 255 0.007498 0.7597655
-12.11089 1.092518 -4.257442 -1 0 0 230 201 159 255 0.251953 0.524084
-11.4421 1.092518 -5.595027 -1.425967e-06 -1.425966e-06 -1 190 195 154 255 0.251953 0.753906
-11.4421 0.4237266 -5.595026 -1.425967e-06 -1.425967e-06 -1 55 39 26 255 0.000664 0.753906
-12.11089 1.092518 -5.595026 -1.425965e-06 -1.425967e-06 -1 226 197 157 255 0.251953 0.505278
-11.4421 0.4237268 -4.926233 1.782457e-07 -1 1.782455e-07 69 76 43 255 0.7226565 0.2773435
-11.4421 0.4237266 -5.595026 5.08344e-13 -1 3.56491e-07 55 39 26 255 0.484574 0.2773435
-10.7733 0.4237268 -4.926234 5.08344e-13 -1 3.564909e-07 218 198 135 255 0.7226565 0.039261
-11.4421 1.092518 -4.257442 -5.083442e-13 1.425967e-06 1 162 167 126 255 0.722656 0.761719
-12.11089 1.092518 -4.257442 -5.083441e-13 1.425966e-06 1 230 201 159 255 0.722656 0.996165
-11.4421 0.4237268 -4.257442 -5.083442e-13 1.425967e-06 1 216 179 134 255 0.48821 0.761719
-10.7733 1.092518 -4.926235 1 -3.636858e-12 -2.138947e-06 59 69 42 255 0.248047 0.2851565
-10.7733 1.092519 -4.257442 1 -4.704394e-13 -7.129811e-07 223 195 148 255 0.248047 0.51844
-10.7733 0.4237268 -4.926234 1 -3.589448e-12 -2.138947e-06 218 198 135 255 0.005412 0.2851565
-32.33578 1.462468 -10.23142 0 1 0 117 124 90 255 0.720703 0.279297
-32.85537 1.462468 -10.23142 0 1 0 204 168 116 255 0.482203 0.279297
-32.33578 1.462468 -9.711835 0 1 0 225 197 149 255 0.720703 0.038664
-32.33578 0.9428816 -10.75101 0 -1.835448e-06 -1 192 197 156 255 0.251953 0.7597655
-32.33578 0.423295 -10.75101 0 -1.835448e-06 -1 194 154 102 255 0.007498 0.7597655
-32.85537 0.9428816 -10.75101 0 -1.835448e-06 -1 230 201 159 255 0.251953 0.524084
-31.81619 0.9428816 -10.23142 1 0 0 190 195 154 255 0.251953 0.753906
-31.81619 0.423295 -10.23142 1 0 0 55 39 26 255 0.000664 0.753906
-31.81619 0.9428816 -10.75101 1 0 0 234 204 166 255 0.251953 0.505278
-32.33578 0.423295 -10.23142 0 -1 0 69 76 43 255 0.7226565 0.2773435
-31.81619 0.423295 -10.23142 0 -1 0 55 39 26 255 0.484574 0.2773435
-32.33578 0.423295 -9.711833 0 -1 0 223 191 134 255 0.7226565 0.039261
-32.85537 0.9428816 -10.23142 -1 0 0 162 167 126 255 0.722656 0.761719
-32.85537 0.423295 -10.23142 -1 0 0 216 179 134 255 0.48821 0.761719
-32.85537 0.9428816 -9.711834 -1 0 0 223 195 148 255 0.722656 0.527273
-32.33578 0.9428816 -9.711834 0 1.835448e-06 1 59 69 42 255 0.248047 0.2851565
-32.33578 0.423295 -9.711833 0 1.835448e-06 1 223 191 134 255 0.005412 0.2851565
-31.81619 0.9428816 -9.711834 0 1.835448e-06 1 0 0 0 255 0.248047 0.051873
-33.64125 1.462468 -9.913657 0 1 0 117 124 90 255 0.720703 0.279297
-34.16084 1.462468 -9.913657 0 1 0 204 168 116 255 0.482203 0.279297
-33.64125 1.462468 -9.394071 0 1 0 225 197 149 255 0.720703 0.038664
-33.64125 0.9428816 -10.43324 0 -1.835448e-06 -1 192 197 156 255 0.251953 0.7597655
-33.64125 0.423295 -10.43324 0 -1.835448e-06 -1 194 154 102 255 0.007498 0.7597655
-34.16084 0.9428816 -10.43324 0 -1.835448e-06 -1 230 201 159 255 0.251953 0.524084
-33.12167 0.9428816 -9.913656 1 0 0 190 195 154 255 0.251953 0.753906
-33.12167 0.423295 -9.913655 1 0 0 55 39 26 255 0.000664 0.753906
-33.12167 0.9428816 -10.43324 1 0 0 226 197 157 255 0.251953 0.505278
-33.64125 0.423295 -9.913655 0 -1 0 69 76 43 255 0.7226565 0.2773435
-33.12167 0.423295 -9.913655 0 -1 0 55 39 26 255 0.484574 0.2773435
-33.64125 0.423295 -9.394069 0 -1 0 223 191 134 255 0.7226565 0.039261
-34.16084 0.9428816 -9.913656 -1 0 0 162 167 126 255 0.722656 0.761719
-34.16084 0.423295 -9.913655 -1 0 0 216 179 134 255 0.48821 0.761719
-34.16084 0.9428816 -9.39407 -1 0 0 223 187 137 255 0.722656 0.527273
-33.64125 0.9428816 -9.39407 0 1.835448e-06 1 59 69 42 255 0.248047 0.2851565
-33.64125 0.423295 -9.394069 0 1.835448e-06 1 223 191 134 255 0.005412 0.2851565
-33.12167 0.9428816 -9.39407 0 1.835448e-06 1 0 0 0 255 0.248047 0.051873
-34.91926 1.462468 -9.264969 0 1 0 117 124 90 255 0.720703 0.279297
-34.91926 1.462468 -9.784556 0 1 0 238 209 165 255 0.720703 0.51993
-35.43885 1.462468 -9.264969 0 1 0 231 203 155 255 0.482203 0.279297
-34.91926 0.9428816 -9.784555 0 -1.835448e-06 -1 192 197 156 255 0.251953 0.7597655
-34.91926 0.423295 -9.784554 0 -1.835448e-06 -1 225 198 155 255 0.007498 0.7597655
-35.43885 0.9428816 -9.784555 0 -1.835448e-06 -1 227 198 154 255 0.251953 0.524084
-34.39967 0.9428816 -9.264969 1 0 0 190 195 154 255 0.251953 0.753906
-34.39967 0.423295 -9.264968 1 0 0 217 189 142 255 0.000664 0.753906
-34.39967 0.9428816 -9.784555 1 0 0 226 197 157 255 0.251953 0.505278
-34.91926 0.423295 -9.264967 0 -1 0 69 76 43 255 0.7226565 0.2773435
-34.39967 0.423295 -9.264968 0 -1 0 217 189 142 255 0.484574 0.2773435
-34.91926 0.423295 -8.74538 0 -1 0 223 191 134 255 0.7226565 0.039261
-35.43885 0.9428816 -9.264968 -1 0 0 162 167 126 255 0.722656 0.761719
-35.43885 0.423295 -9.264967 -1 0 0 225 193 132 255 0.48821 0.761719
-35.43885 0.9428816 -8.74538 -1 0 0 223 195 148 255 0.722656 0.527273
-34.91926 0.9428816 -8.745381 1.835442e-06 1.835448e-06 1 59 69 42 255 0.248047 0.2851565
-34.91926 0.423295 -8.74538 1.835442e-06 1.835448e-06 1 223 191 134 255 0.005412 0.2851565
-34.39967 0.9428816 -8.745382 1.835442e-06 1.835448e-06 1 0 0 0 255 0.248047 0.051873
-34.7736 1.462468 -10.24445 0 1 0 117 124 90 255 0.720703 0.279297
-35.29318 1.462468 -10.24445 0 1 0 204 168 116 255 0.482203 0.279297
-34.7736 1.462468 -9.724859 0 1 0 228 206 159 255 0.720703 0.038664
-34.7736 0.9428816 -10.76403 0 -1.835448e-06 -1 192 197 156 255 0.251953 0.7597655
-34.7736 0.423295 -10.76403 0 -1.835448e-06 -1 211 163 123 255 0.007498 0.7597655
-35.29318 0.9428816 -10.76403 0 -1.835448e-06 -1 227 198 154 255 0.251953 0.524084
-34.25401 0.9428816 -10.24445 1 0 0 190 195 154 255 0.251953 0.753906
-34.25401 0.423295 -10.24444 1 0 0 55 39 26 255 0.000664 0.753906
-34.25401 0.9428816 -10.76403 1 0 0 234 204 166 255 0.251953 0.505278
-34.7736 0.423295 -10.24444 0 -1 0 69 76 43 255 0.7226565 0.2773435
-34.7736 0.423295 -10.76403 0 -1 0 211 163 123 255 0.7226565 0.515426
-34.25401 0.423295 -10.24444 0 -1 0 55 39 26 255 0.484574 0.2773435
-35.29318 0.9428816 -10.24444 -1 0 0 162 167 126 255 0.722656 0.761719
-35.29318 0.423295 -10.24444 -1 0 0 216 179 134 255 0.48821 0.761719
-35.29318 0.9428816 -9.724857 -1 0 0 223 187 137 255 0.722656 0.527273
-34.7736 0.9428816 -9.724858 1.835455e-06 1.835448e-06 1 59 69 42 255 0.248047 0.2851565
-34.7736 0.423295 -9.724857 1.835455e-06 1.835448e-06 1 222 190 139 255 0.005412 0.2851565
-34.25401 0.9428816 -9.724859 1.835455e-06 1.835448e-06 1 0 0 0 255 0.248047 0.051873
-36.16913 1.76131 -9.607389 0 1 0 117 124 90 255 0.720703 0.279297
-36.16914 1.76131 -10.27618 0 1 0 238 214 168 255 0.720703 0.51993
-36.83792 1.76131 -9.607389 0 1 0 231 203 155 255 0.482203 0.279297
-36.16914 1.092518 -10.27618 0 -7.12984e-07 -1 192 197 156 255 0.251953 0.7597655
-36.16914 0.4237266 -10.27618 0 -2.138949e-06 -1 211 163 123 255 0.007498 0.7597655
-36.83793 1.092518 -10.27618 0 -7.12984e-07 -1 227 198 154 255 0.251953 0.524084
-35.50034 1.092518 -9.607388 1 0 0 190 195 154 255 0.251953 0.753906
-35.50034 0.4237266 -9.607388 1 0 0 55 39 26 255 0.000664 0.753906
-35.50034 1.092518 -10.27618 1 0 0 234 204 166 255 0.251953 0.505278
-36.16913 0.4237266 -9.607388 0 -1 0 69 76 43 255 0.7226565 0.2773435
-35.50034 0.4237266 -9.607388 0 -1 0 55 39 26 255 0.484574 0.2773435
-36.16913 0.4237266 -8.938596 0 -1 0 218 198 135 255 0.7226565 0.039261
-36.83792 1.092518 -9.607388 -1 1.469906e-11 8.555797e-06 162 167 126 255 0.722656 0.761719
-36.83792 0.4237266 -9.607388 -1 1.476456e-11 8.555797e-06 225 193 132 255 0.48821 0.761719
-36.83792 1.092518 -8.938597 -1 1.592256e-12 2.851931e-06 223 195 148 255 0.722656 0.527273
-36.16913 1.092518 -8.938597 0 7.129788e-07 1 59 69 42 255 0.248047 0.2851565
-36.16913 0.4237266 -8.938596 0 2.138954e-06 1 218 198 135 255 0.005412 0.2851565
-35.50034 1.092518 -8.938597 0 7.12984e-07 1 0 0 0 255 0.248047 0.051873
-33.4584 1.462468 4.953462 0 1 0 117 124 90 255 0.720703 0.279297
-33.97799 1.462468 4.953462 0 1 0 204 168 116 255 0.482203 0.279297
-33.4584 1.462468 5.473048 0 1 0 225 197 149 255 0.720703 0.038664
-33.4584 0.9428816 4.433875 0 0 -1 192 197 156 255 0.251953 0.7597655
-33.4584 0.423295 4.433875 0 0 -1 211 163 123 255 0.007498 0.7597655
-33.97799 0.9428816 4.433875 0 0 -1 230 201 159 255 0.251953 0.524084
-32.93881 0.9428816 4.953462 1 0 0 190 195 154 255 0.251953 0.753906
-32.93881 0.423295 4.953462 1 0 0 217 189 142 255 0.000664 0.753906
-32.93881 0.9428816 4.433875 1 0 0 234 204 166 255 0.251953 0.505278
-33.4584 0.423295 4.953462 0 -1 0 69 76 43 255 0.7226565 0.2773435
-32.93881 0.423295 4.953462 0 -1 0 217 189 142 255 0.484574 0.2773435
-33.4584 0.423295 5.473048 0 -1 0 223 191 134 255 0.7226565 0.039261
-33.97799 0.9428816 4.953462 -1 0 0 162 167 126 255 0.722656 0.761719
-33.97799 0.423295 4.953462 -1 0 0 216 179 134 255 0.48821 0.761719
-33.97799 0.9428816 5.473048 -1 0 0 223 187 137 255 0.722656 0.527273
-33.4584 0.9428816 5.473048 0 0 1 59 69 42 255 0.248047 0.2851565
-33.4584 0.423295 5.473048 0 0 1 223 191 134 255 0.005412 0.2851565
-32.93881 0.9428816 5.473048 0 0 1 213 172 126 255 0.248047 0.051873
-34.76387 1.462468 5.271225 0 1 0 117 124 90 255 0.720703 0.279297
-35.28346 1.462468 5.271225 0 1 0 231 203 155 255 0.482203 0.279297
-34.76387 1.462468 5.790812 0 1 0 225 197 149 255 0.720703 0.038664
-34.76387 0.9428816 4.751638 0 0 -1 192 197 156 255 0.251953 0.7597655
-34.76387 0.423295 4.751638 0 0 -1 211 163 123 255 0.007498 0.7597655
-35.28346 0.9428816 4.751638 0 0 -1 227 198 154 255 0.251953 0.524084
-34.24429 0.9428816 5.271225 1 0 0 190 195 154 255 0.251953 0.753906
-34.24429 0.423295 5.271225 1 0 0 55 39 26 255 0.000664 0.753906
-34.24429 0.9428816 4.751638 1 0 0 234 204 166 255 0.251953 0.505278
-34.76387 0.423295 5.271225 0 -1 0 69 76 43 255 0.7226565 0.2773435
-34.24429 0.423295 5.271225 0 -1 0 55 39 26 255 0.484574 0.2773435
-34.76387 0.423295 5.790812 0 -1 0 218 198 135 255 0.7226565 0.039261
-35.28346 0.9428816 5.271225 -1 0 0 162 167 126 255 0.722656 0.761719
-35.28346 0.423295 5.271225 -1 0 0 225 193 132 255 0.48821 0.761719
-35.28346 0.9428816 5.790812 -1 0 0 223 187 137 255 0.722656 0.527273
-34.76387 0.9428816 5.790812 0 0 1 59 69 42 255 0.248047 0.2851565
-34.76387 0.423295 5.790812 0 0 1 218 198 135 255 0.005412 0.2851565
-34.24429 0.9428816 5.790812 0 0 1 0 0 0 255 0.248047 0.051873
-36.04188 1.462468 5.919912 0 1 0 117 124 90 255 0.720703 0.279297
-36.56147 1.462468 5.919912 0 1 0 204 168 116 255 0.482203 0.279297
-36.04188 1.462468 6.439499 0 1 0 225 197 149 255 0.720703 0.038664
-36.04188 0.9428813 5.400326 0 0 -1 192 197 156 255 0.251953 0.7597655
-36.04188 0.423295 5.400326 0 0 -1 225 198 155 255 0.007498 0.7597655
-36.56147 0.9428813 5.400326 0 0 -1 227 198 154 255 0.251953 0.524084
-35.52229 0.9428813 5.919912 1 0 0 190 195 154 255 0.251953 0.753906
-35.52229 0.423295 5.919912 1 0 0 55 39 26 255 0.000664 0.753906
-35.52229 0.9428813 5.400326 1 0 0 234 204 166 255 0.251953 0.505278
-36.04188 0.423295 5.919912 0 -1 0 69 76 43 255 0.7226565 0.2773435
-35.52229 0.423295 5.919912 0 -1 0 55 39 26 255 0.484574 0.2773435
-36.04188 0.423295 6.439499 0 -1 0 223 191 134 255 0.7226565 0.039261
-36.56147 0.9428813 5.919912 -1 0 0 162 167 126 255 0.722656 0.761719
-36.56147 0.423295 5.919912 -1 0 0 225 193 132 255 0.48821 0.761719
-36.56147 0.9428813 6.439499 -1 0 0 223 187 137 255 0.722656 0.527273
-36.04188 0.9428813 6.439499 0 0 1 59 69 42 255 0.248047 0.2851565
-36.04188 0.423295 6.439499 0 0 1 223 191 134 255 0.005412 0.2851565
-35.52229 0.9428813 6.439499 0 0 1 213 172 126 255 0.248047 0.051873
-35.89622 1.462468 4.940435 0 1 0 117 124 90 255 0.720703 0.279297
-36.4158 1.462468 4.940435 0 1 0 204 168 116 255 0.482203 0.279297
-35.89622 1.462468 5.460022 0 1 0 0 0 0 255 0.720703 0.038664
-35.89622 0.9428816 4.420849 0 0 -1 192 197 156 255 0.251953 0.7597655
-35.89622 0.423295 4.420849 0 0 -1 194 154 102 255 0.007498 0.7597655
-36.4158 0.9428816 4.420849 0 0 -1 227 198 154 255 0.251953 0.524084
-35.37663 0.9428816 4.940435 1 0 0 190 195 154 255 0.251953 0.753906
-35.37663 0.423295 4.940435 1 0 0 217 189 142 255 0.000664 0.753906
-35.37663 0.9428816 4.420849 1 0 0 226 197 157 255 0.251953 0.505278
-35.89622 0.423295 4.940435 0 -1 0 69 76 43 255 0.7226565 0.2773435
-35.37663 0.423295 4.940435 0 -1 0 217 189 142 255 0.484574 0.2773435
-35.89622 0.423295 5.460022 0 -1 0 222 190 139 255 0.7226565 0.039261
-36.4158 0.9428816 4.940435 -1 0 0 162 167 126 255 0.722656 0.761719
-36.4158 0.423295 4.940435 -1 0 0 216 179 134 255 0.48821 0.761719
-36.4158 0.9428816 5.460022 -1 0 0 223 187 137 255 0.722656 0.527273
-35.89622 0.9428816 5.460022 0 0 1 59 69 42 255 0.248047 0.2851565
-35.89622 0.423295 5.460022 0 0 1 222 190 139 255 0.005412 0.2851565
-35.37663 0.9428816 5.460022 0 0 1 0 0 0 255 0.248047 0.051873
-37.29176 1.76131 5.577491 0 1 0 117 124 90 255 0.720703 0.279297
-37.96055 1.76131 5.577491 0 1 0 204 168 116 255 0.482203 0.279297
-37.29176 1.76131 6.246284 0 1 0 0 0 0 255 0.720703 0.038664
-37.29176 1.092518 4.908699 0 0 -1 192 197 156 255 0.251953 0.7597655
-37.29176 0.4237266 4.908699 0 0 -1 211 163 123 255 0.007498 0.7597655
-37.96055 1.092518 4.908699 0 0 -1 230 201 159 255 0.251953 0.524084
-36.62296 1.092518 5.577491 1 0 0 190 195 154 255 0.251953 0.753906
-36.62296 0.4237266 5.577491 1 0 0 217 189 142 255 0.000664 0.753906
-36.62296 1.092518 4.908699 1 0 0 234 204 166 255 0.251953 0.505278
-37.29176 0.4237266 5.577491 0 -1 0 69 76 43 255 0.7226565 0.2773435
-36.62296 0.4237266 5.577491 0 -1 0 217 189 142 255 0.484574 0.2773435
-37.29176 0.4237266 6.246284 0 -1 0 218 198 135 255 0.7226565 0.039261
-37.96055 1.092518 5.577491 -1 0 0 162 167 126 255 0.722656 0.761719
-37.96055 0.4237266 5.577491 -1 0 0 216 179 134 255 0.48821 0.761719
-37.96055 1.092518 6.246284 -1 0 0 223 195 148 255 0.722656 0.527273
-37.29176 1.092518 6.246284 0 0 1 59 69 42 255 0.248047 0.2851565
-37.29176 0.4237266 6.246284 0 0 1 218 198 135 255 0.005412 0.2851565
-36.62296 1.092518 6.246284 0 0 1 213 172 126 255 0.248047 0.051873
-13.88162 1.476628 4.556413 0 1 0 117 124 90 255 0.720703 0.279297
-15.19344 1.476628 4.556413 0 1 0 204 168 116 255 0.482203 0.279297
-13.88162 1.476628 5.075999 0 1 0 0 0 0 255 0.720703 0.038664
-13.88162 0.9570413 4.036826 0 0 -1 192 197 156 255 0.251953 0.7597655
-13.88162 0.4374547 4.036826 0 0 -1 211 163 123 255 0.007498 0.7597655
-15.19344 0.9570413 4.036826 0 0 -1 230 201 159 255 0.251953 0.524084
-12.56981 0.9570413 4.556413 1 0 0 190 195 154 255 0.251953 0.753906
-12.56981 0.4374547 4.556413 1 0 0 55 39 26 255 0.000664 0.753906
-12.56981 0.9570413 4.036826 1 0 0 234 204 166 255 0.251953 0.505278
-13.88162 0.4374547 4.556413 0 -1 0 69 76 43 255 0.7226565 0.2773435
-12.56981 0.4374547 4.556413 0 -1 0 55 39 26 255 0.484574 0.2773435
-13.88162 0.4374547 5.075999 0 -1 0 218 198 135 255 0.7226565 0.039261
-15.19344 0.9570413 4.556413 -1 0 0 162 167 126 255 0.722656 0.761719
-15.19344 0.4374547 4.556413 -1 0 0 216 179 134 255 0.48821 0.761719
-15.19344 0.9570413 5.075999 -1 0 0 223 187 137 255 0.722656 0.527273
-13.88162 0.9570413 5.075999 0 0 1 59 69 42 255 0.248047 0.2851565
-13.88162 0.4374547 5.075999 0 0 1 218 198 135 255 0.005412 0.2851565
-12.56981 0.9570413 5.075999 0 0 1 213 172 126 255 0.248047 0.051873
-37.24268 1.476628 -5.036548 0 1 -4.588621e-07 117 124 90 255 0.720703 0.279297
-38.5545 1.476628 -5.036548 0 1 -4.588621e-07 204 168 116 255 0.482203 0.279297
-37.24268 1.476628 -4.516961 0 1 -4.588621e-07 225 197 149 255 0.720703 0.038664
-37.24268 0.9570413 -5.556133 0 -1.835449e-06 -1 192 197 156 255 0.251953 0.7597655
-37.24268 0.4374547 -5.556132 0 -1.835449e-06 -1 211 163 123 255 0.007498 0.7597655
-38.5545 0.9570413 -5.556133 0 -1.835449e-06 -1 227 198 154 255 0.251953 0.524084
-35.93087 0.9570415 -5.036547 1 0 0 190 195 154 255 0.251953 0.753906
-35.93087 0.4374549 -5.036546 1 0 0 55 39 26 255 0.000664 0.753906
-35.93087 0.9570413 -5.556133 1 0 0 226 197 157 255 0.251953 0.505278
-37.24268 0.4374549 -5.036546 0 -1 4.588621e-07 69 76 43 255 0.7226565 0.2773435
-35.93087 0.4374549 -5.036546 0 -1 4.588621e-07 55 39 26 255 0.484574 0.2773435
-37.24268 0.4374552 -4.516959 0 -1 4.588621e-07 223 191 134 255 0.7226565 0.039261
-38.5545 0.9570415 -5.036547 -1 0 0 162 167 126 255 0.722656 0.761719
-38.5545 0.4374549 -5.036546 -1 0 0 225 193 132 255 0.48821 0.761719
-38.5545 0.9570417 -4.51696 -1 0 0 223 187 137 255 0.722656 0.527273
-37.24268 0.9570417 -4.51696 0 1.835449e-06 1 59 69 42 255 0.248047 0.2851565
-37.24268 0.4374552 -4.516959 0 1.835449e-06 1 223 191 134 255 0.005412 0.2851565
-35.93087 0.9570417 -4.51696 0 1.835449e-06 1 0 0 0 255 0.248047 0.051873
-13.88162 1.476628 6.202184 0 1 -4.58862e-07 117 124 90 255 0.720703 0.279297
-15.19344 1.476628 6.202184 -6.337454e-14 1 -4.58862e-07 204 168 116 255 0.482203 0.279297
-13.88162 1.476628 6.721771 0 1 -4.588616e-07 0 0 0 255 0.720703 0.038664
-13.88162 0.9570413 5.682597 0 0 -1 192 197 156 255 0.251953 0.7597655
-13.88162 0.4374547 5.682597 0 0 -1 211 163 123 255 0.007498 0.7597655
-15.19344 0.9570413 5.682597 0 0 -1 227 198 154 255 0.251953 0.524084
-12.56981 0.9570415 6.202184 1 0 0 190 195 154 255 0.251953 0.753906
-12.56981 0.4374549 6.202184 1 0 0 217 189 142 255 0.000664 0.753906
-12.56981 0.9570413 5.682597 1 0 0 234 204 166 255 0.251953 0.505278
-13.88162 0.4374549 6.202184 0 -1 4.58862e-07 69 76 43 255 0.7226565 0.2773435
-12.56981 0.4374549 6.202184 -6.337454e-14 -1 4.58862e-07 217 189 142 255 0.484574 0.2773435
-13.88162 0.4374552 6.721771 0 -1 4.588616e-07 218 198 135 255 0.7226565 0.039261
-15.19344 0.9570415 6.202184 -1 0 0 162 167 126 255 0.722656 0.761719
-15.19344 0.4374549 6.202184 -1 0 0 216 179 134 255 0.48821 0.761719
-15.19344 0.9570417 6.721771 -1 0 0 223 187 137 255 0.722656 0.527273
-13.88162 0.9570417 6.721771 0 0 1 59 69 42 255 0.248047 0.2851565
-13.88162 0.4374552 6.721771 0 0 1 218 198 135 255 0.005412 0.2851565
-12.56981 0.9570417 6.721771 0 0 1 0 0 0 255 0.248047 0.051873
-59.44045 1.462468 4.953462 -2.294319e-07 1 2.294308e-07 117 124 90 255 0.720703 0.279297
-59.44045 1.462468 5.473049 -4.588638e-07 1 0 204 168 116 255 0.482203 0.279297
-58.92087 1.462468 4.953462 -4.588637e-07 1 0 225 197 149 255 0.720703 0.038664
-59.96004 0.9428816 4.953462 -1 0 0 192 197 156 255 0.251953 0.7597655
-59.96004 0.9428816 4.433875 -1 0 0 234 204 166 255 0.251953 0.995447
-59.96004 0.423295 4.953462 -1 0 0 194 154 102 255 0.007498 0.7597655
-59.44045 0.9428816 4.433875 0 0 -1 190 195 154 255 0.251953 0.753906
-59.44045 0.423295 4.433875 0 0 -1 55 39 26 255 0.000664 0.753906
-59.96004 0.9428816 4.433875 0 0 -1 234 204 166 255 0.251953 0.505278
-59.44045 0.423295 4.953462 0 -1 0 69 76 43 255 0.7226565 0.2773435
-59.44045 0.423295 4.433875 0 -1 0 55 39 26 255 0.484574 0.2773435
-58.92087 0.423295 4.953462 0 -1 0 218 198 135 255 0.7226565 0.039261
-59.44045 0.9428813 5.473049 2.105552e-13 -9.177244e-07 1 162 167 126 255 0.722656 0.761719
-59.96004 0.9428813 5.473049 0 -9.177245e-07 1 227 198 154 255 0.722656 0.996165
-59.44045 0.423295 5.473048 0 -9.177245e-07 1 216 179 134 255 0.48821 0.761719
-58.92087 0.9428816 4.953462 1 0 0 59 69 42 255 0.248047 0.2851565
-58.92087 0.423295 4.953462 1 0 0 218 198 135 255 0.005412 0.2851565
-58.92087 0.9428816 4.433875 1 0 0 0 0 0 255 0.248047 0.051873
-59.12269 1.462468 6.258937 -2.294319e-07 1 -2.29431e-07 117 124 90 255 0.720703 0.279297
-59.12269 1.462468 6.778524 0 1 0 204 168 116 255 0.482203 0.279297
-58.6031 1.462468 6.258937 0 1 0 0 0 0 255 0.720703 0.038664
-59.64227 0.9428816 6.258937 -1 0 0 192 197 156 255 0.251953 0.7597655
-59.64227 0.423295 6.258937 -1 0 0 194 154 102 255 0.007498 0.7597655
-59.64227 0.9428816 6.778524 -1 0 0 230 201 159 255 0.251953 0.524084
-59.12269 0.9428813 5.73935 -4.58864e-07 4.588621e-07 -1 190 195 154 255 0.251953 0.753906
-59.12269 0.423295 5.73935 -9.177274e-07 0 -1 217 189 142 255 0.000664 0.753906
-59.64227 0.9428813 5.73935 -9.177276e-07 0 -1 234 204 166 255 0.251953 0.505278
-59.12269 0.4232953 6.258937 2.294319e-07 -1 2.294309e-07 69 76 43 255 0.7226565 0.2773435
-59.12269 0.423295 5.73935 3.158327e-13 -1 4.588616e-07 217 189 142 255 0.484574 0.2773435
-58.6031 0.4232953 6.258937 1.052771e-13 -1 4.588615e-07 218 198 135 255 0.7226565 0.039261
-59.12269 0.9428818 6.778524 0 0 1 162 167 126 255 0.722656 0.761719
-59.64227 0.9428816 6.778524 0 0 1 230 201 159 255 0.722656 0.996165
-59.12269 0.4232953 6.778524 0 0 1 216 179 134 255 0.48821 0.761719
-58.6031 0.9428818 6.258937 1 0 0 59 69 42 255 0.248047 0.2851565
-58.6031 0.4232953 6.258937 1 0 0 218 198 135 255 0.005412 0.2851565
-58.6031 0.9428816 5.73935 1 0 0 213 172 126 255 0.248047 0.051873
-58.474 1.462468 7.536947 0 1 0 117 124 90 255 0.720703 0.279297
-58.474 1.462468 8.056534 0 1 0 204 168 116 255 0.482203 0.279297
-57.95441 1.462468 7.536947 0 1 0 225 197 149 255 0.720703 0.038664
-58.99359 0.9428816 7.536947 -1 0 0 192 197 156 255 0.251953 0.7597655
-58.99359 0.9428816 7.01736 -1 0 0 234 204 166 255 0.251953 0.995447
-58.99359 0.423295 7.536946 -1 0 0 194 154 102 255 0.007498 0.7597655
-58.474 0.9428816 7.01736 0 4.588621e-07 -1 190 195 154 255 0.251953 0.753906
-58.474 0.423295 7.017359 0 9.177242e-07 -1 217 189 142 255 0.000664 0.753906
-58.99359 0.9428816 7.01736 0 4.588621e-07 -1 234 204 166 255 0.251953 0.505278
-58.474 0.423295 7.536946 0 -1 0 69 76 43 255 0.7226565 0.2773435
-58.474 0.423295 7.017359 0 -1 0 217 189 142 255 0.484574 0.2773435
-57.95441 0.423295 7.536946 0 -1 0 223 191 134 255 0.7226565 0.039261
-58.474 0.9428816 8.056534 0 0 1 162 167 126 255 0.722656 0.761719
-58.474 0.423295 8.056534 0 0 1 216 179 134 255 0.48821 0.761719
-57.95441 0.9428816 8.056534 0 0 1 223 195 148 255 0.722656 0.527273
-57.95441 0.9428816 7.536947 1 0 0 59 69 42 255 0.248047 0.2851565
-57.95441 0.423295 7.536946 1 0 0 223 191 134 255 0.005412 0.2851565
-57.95441 0.9428816 7.01736 1 0 0 213 172 126 255 0.248047 0.051873
-59.45348 1.462468 7.39128 0 1 0 117 124 90 255 0.720703 0.279297
-59.45348 1.462468 7.910867 0 1 0 231 203 155 255 0.482203 0.279297
-58.93389 1.462468 7.39128 0 1 0 228 206 159 255 0.720703 0.038664
-59.97307 0.9428816 7.39128 -1 0 0 192 197 156 255 0.251953 0.7597655
-59.97307 0.423295 7.39128 -1 0 0 211 163 123 255 0.007498 0.7597655
-59.97307 0.9428816 7.910867 -1 0 0 227 198 154 255 0.251953 0.524084
-59.45348 0.9428818 6.871693 0 0 -1 190 195 154 255 0.251953 0.753906
-59.45348 0.4232953 6.871693 0 0 -1 217 189 142 255 0.000664 0.753906
-59.97307 0.9428816 6.871693 0 0 -1 234 204 166 255 0.251953 0.505278
-59.45348 0.423295 7.39128 2.294302e-07 -1 -2.294309e-07 69 76 43 255 0.7226565 0.2773435
-59.45348 0.4232953 6.871693 4.588604e-07 -1 -4.588616e-07 217 189 142 255 0.484574 0.2773435
-58.93389 0.4232953 7.39128 4.588605e-07 -1 -4.588617e-07 218 198 135 255 0.7226565 0.039261
-59.45348 0.9428816 7.910867 0 0 1 162 167 126 255 0.722656 0.761719
-59.45348 0.423295 7.910867 0 0 1 225 193 132 255 0.48821 0.761719
-58.93389 0.9428816 7.910867 0 0 1 223 187 137 255 0.722656 0.527273
-58.93389 0.9428818 7.39128 1 0 0 59 69 42 255 0.248047 0.2851565
-58.93389 0.9428816 7.910867 1 0 0 223 187 137 255 0.248047 0.51844
-58.93389 0.4232953 7.39128 1 0 0 218 198 135 255 0.005412 0.2851565
-58.81642 1.76131 8.786816 0 1 -3.564911e-07 117 124 90 255 0.720703 0.279297
-58.81642 1.76131 9.455608 0 1 -3.56491e-07 204 168 116 255 0.482203 0.279297
-58.14763 1.76131 8.786816 1.27086e-13 1 -3.564911e-07 0 0 0 255 0.720703 0.038664
-59.48521 1.092518 8.786816 -1 0 0 192 197 156 255 0.251953 0.7597655
-59.48521 0.4237266 8.786816 -1 0 0 211 163 123 255 0.007498 0.7597655
-59.48521 1.092518 9.455608 -1 0 0 230 201 159 255 0.251953 0.524084
-58.81642 1.092518 8.118023 0 3.56492e-07 -1 190 195 154 255 0.251953 0.753906
-58.81642 0.4237266 8.118023 0 0 -1 217 189 142 255 0.000664 0.753906
-59.48521 1.092518 8.118023 -3.564914e-07 3.56492e-07 -1 234 204 166 255 0.251953 0.505278
-58.81642 0.4237268 8.786816 1.782455e-07 -1 1.782455e-07 69 76 43 255 0.7226565 0.2773435
-58.81642 0.4237266 8.118023 0 -1 3.56491e-07 217 189 142 255 0.484574 0.2773435
-58.14763 0.4237268 8.786816 0 -1 3.56491e-07 223 191 134 255 0.7226565 0.039261
-58.81642 1.092519 9.455608 0 0 1 162 167 126 255 0.722656 0.761719
-59.48521 1.092518 9.455608 0 0 1 230 201 159 255 0.722656 0.996165
-58.81642 0.4237268 9.455608 0 0 1 216 179 134 255 0.48821 0.761719
-58.14763 1.092518 8.786816 1 0 0 59 69 42 255 0.248047 0.2851565
-58.14763 0.4237268 8.786816 1 0 0 223 191 134 255 0.005412 0.2851565
-58.14763 1.092518 8.118023 1 0 0 213 172 126 255 0.248047 0.051873
-57.74413 1.476628 -4.797502 0 1 -4.588621e-07 117 124 90 255 0.720703 0.279297
-59.05595 1.476628 -4.797502 0 1 -4.588621e-07 204 168 116 255 0.482203 0.279297
-57.74413 1.476628 -4.277915 0 1 -4.588621e-07 0 0 0 255 0.720703 0.038664
-57.74413 0.9570413 -5.317087 0 -1.835449e-06 -1 192 197 156 255 0.251953 0.7597655
-57.74413 0.4374547 -5.317086 0 -1.835449e-06 -1 194 154 102 255 0.007498 0.7597655
-59.05595 0.9570413 -5.317087 0 -1.835449e-06 -1 230 201 159 255 0.251953 0.524084
-56.43232 0.9570415 -4.797501 1 0 0 190 195 154 255 0.251953 0.753906
-56.43232 0.4374549 -4.7975 1 0 0 217 189 142 255 0.000664 0.753906
-56.43232 0.9570413 -5.317087 1 0 0 234 204 166 255 0.251953 0.505278
-57.74413 0.4374549 -4.7975 0 -1 4.588621e-07 69 76 43 255 0.7226565 0.2773435
-56.43232 0.4374549 -4.7975 0 -1 4.588621e-07 217 189 142 255 0.484574 0.2773435
-57.74413 0.4374552 -4.277913 0 -1 4.588621e-07 223 191 134 255 0.7226565 0.039261
-59.05595 0.9570415 -4.797501 -1 0 0 162 167 126 255 0.722656 0.761719
-59.05595 0.4374549 -4.7975 -1 0 0 216 179 134 255 0.48821 0.761719
-59.05595 0.9570417 -4.277914 -1 0 0 223 187 137 255 0.722656 0.527273
-57.74413 0.9570417 -4.277914 0 1.835449e-06 1 59 69 42 255 0.248047 0.2851565
-57.74413 0.4374552 -4.277913 0 1.835449e-06 1 223 191 134 255 0.005412 0.2851565
-56.43232 0.9570417 -4.277914 0 1.835449e-06 1 0 0 0 255 0.248047 0.051873
-58.78481 1.683689 -6.418711 -1 1.104898e-06 -3.670897e-06 117 124 90 255 0.720703 0.279297
-58.78481 0.3718762 -6.41871 -1 3.606112e-06 -7.341793e-06 231 203 155 255 0.482203 0.279297
-58.78481 1.683689 -5.899124 -1 3.606112e-06 -7.341793e-06 0 0 0 255 0.720703 0.038664
-58.26522 1.683689 -6.938297 -1.667946e-13 -7.269898e-07 -1 192 197 156 255 0.251953 0.7597655
-57.74564 1.683689 -6.938297 0 -7.269899e-07 -1 211 163 123 255 0.007498 0.7597655
-58.26522 0.3718762 -6.938296 0 -7.269898e-07 -1 227 198 154 255 0.251953 0.524084
-58.26522 2.995501 -6.418712 2.294319e-07 1 2.294311e-07 190 195 154 255 0.251953 0.753906
-57.74564 2.995501 -6.418712 4.588638e-07 1 0 217 189 142 255 0.000664 0.753906
-58.26522 2.995501 -6.938298 4.588638e-07 1 0 226 197 157 255 0.251953 0.505278
-57.74564 1.683689 -6.418711 1 0 0 69 76 43 255 0.7226565 0.2773435
-57.74564 2.995501 -6.418712 1 0 0 217 189 142 255 0.484574 0.2773435
-57.74564 1.683689 -5.899124 1 0 0 223 191 134 255 0.7226565 0.039261
-58.26522 0.3718762 -6.41871 0 -1 0 162 167 126 255 0.722656 0.761719
-58.26522 0.3718762 -6.938296 0 -1 0 227 198 154 255 0.722656 0.996165
-57.74564 0.3718762 -6.41871 0 -1 0 216 179 134 255 0.48821 0.761719
-58.26522 1.683689 -5.899124 0 7.269898e-07 1 59 69 42 255 0.248047 0.2851565
-57.74564 1.683689 -5.899124 0 7.269899e-07 1 223 191 134 255 0.005412 0.2851565
-58.26522 2.995501 -5.899125 0 7.269898e-07 1 213 172 126 255 0.248047 0.051873
17.12946 8.319191 13.84389 0 1 0 215 181 136 255 0.959203 0.279297
16.60987 8.319191 13.32431 0 1 0 226 197 155 255 0.720703 0.51993
16.60987 8.319191 13.32431 0 0 -1 226 197 155 255 0.496408 0.7597655
17.12946 7.799604 13.32431 0 -9.177242e-07 -1 234 204 166 255 0.251953 0.995447
17.12946 8.319191 13.84389 1 0 0 215 181 136 255 0.503242 0.753906
17.12946 7.799604 14.36348 1 0 0 213 172 126 255 0.251953 1.002534
16.09028 7.280018 13.8439 0 -1 0 216 179 134 255 0.960739 0.2773435
16.60987 7.280018 13.32431 0 -1 0 194 154 102 255 0.7226565 0.515426
16.09028 8.319191 13.84389 -1 0 0 231 203 155 255 0.957102 0.761719
16.09028 7.799604 13.32431 -1 0 0 227 198 154 255 0.722656 0.996165
16.60987 8.319191 14.36348 0 0 1 0 0 0 255 0.490682 0.2851565
16.09028 7.799604 14.36348 0 0 1 223 195 148 255 0.248047 0.51844
10.295 1.462468 4.556413 0 1 0 215 181 136 255 0.959203 0.279297
9.775414 1.462468 4.036826 0 1 0 226 197 155 255 0.720703 0.51993
9.775414 1.462468 4.036826 0 0 -1 226 197 155 255 0.496408 0.7597655
10.295 0.9428816 4.036826 0 0 -1 226 197 157 255 0.251953 0.995447
10.295 1.462468 4.556413 1 0 0 215 181 136 255 0.503242 0.753906
10.295 0.9428816 5.075999 1 0 0 0 0 0 255 0.251953 1.002534
9.255827 0.423295 4.556413 0 -1 0 225 193 132 255 0.960739 0.2773435
9.775414 0.423295 4.036826 0 -1 0 211 163 123 255 0.7226565 0.515426
9.255827 1.462468 4.556413 -1 0 0 231 203 155 255 0.957102 0.761719
9.255827 0.9428816 4.036826 -1 0 0 227 198 154 255 0.722656 0.996165
9.775414 1.462468 5.075999 0 0 1 0 0 0 255 0.490682 0.2851565
9.255827 0.9428816 5.075999 0 0 1 223 195 148 255 0.248047 0.51844
8.989527 1.462468 4.874176 0 1 0 233 206 163 255 0.959203 0.279297
8.469939 1.462468 4.354589 0 1 0 238 214 168 255 0.720703 0.51993
8.469939 1.462468 4.354589 0 0 -1 238 214 168 255 0.496408 0.7597655
8.989527 0.9428816 4.354589 0 0 -1 226 197 157 255 0.251953 0.995447
8.989527 1.462468 4.874176 1 0 0 233 206 163 255 0.503242 0.753906
8.989527 0.9428816 5.393763 1 0 0 213 172 126 255 0.251953 1.002534
7.950352 0.423295 4.874176 0 -1 0 225 193 132 255 0.960739 0.2773435
8.469939 0.423295 4.354589 0 -1 0 194 154 102 255 0.7226565 0.515426
7.950352 1.462468 4.874176 -1 0 0 231 203 155 255 0.957102 0.761719
7.950352 0.9428816 4.354589 -1 0 0 227 198 154 255 0.722656 0.996165
8.469939 1.462468 5.393763 0 0 1 0 0 0 255 0.490682 0.2851565
7.950352 0.9428816 5.393763 0 0 1 223 195 148 255 0.248047 0.51844
7.711517 1.462468 5.522863 0 1 0 233 206 163 255 0.959203 0.279297
7.19193 1.462468 5.003277 0 1 0 238 214 168 255 0.720703 0.51993
7.19193 1.462468 5.003277 0 0 -1 238 214 168 255 0.496408 0.7597655
7.711517 0.9428813 5.003277 0 0 -1 234 204 166 255 0.251953 0.995447
7.711517 1.462468 5.522863 1 0 0 233 206 163 255 0.503242 0.753906
7.711517 0.9428813 6.04245 1 0 0 0 0 0 255 0.251953 1.002534
6.672342 0.423295 5.522863 0 -1 0 216 179 134 255 0.960739 0.2773435
7.19193 0.423295 5.003277 0 -1 0 225 198 155 255 0.7226565 0.515426
6.672342 1.462468 5.522863 -1 0 0 231 203 155 255 0.957102 0.761719
6.672342 0.9428813 5.003277 -1 0 0 227 198 154 255 0.722656 0.996165
7.19193 1.462468 6.04245 0 0 1 0 0 0 255 0.490682 0.2851565
6.672342 0.9428813 6.04245 0 0 1 223 187 137 255 0.248047 0.51844
7.857183 1.462468 4.543386 0 1 0 215 181 136 255 0.959203 0.279297
7.337596 1.462468 4.0238 0 1 0 226 197 155 255 0.720703 0.51993
7.337596 1.462468 4.0238 0 0 -1 226 197 155 255 0.496408 0.7597655
7.857183 0.9428816 4.0238 0 0 -1 234 204 166 255 0.251953 0.995447
7.857183 1.462468 4.543386 1 0 0 215 181 136 255 0.503242 0.753906
7.857183 0.9428816 5.062973 1 0 0 0 0 0 255 0.251953 1.002534
6.818009 0.423295 4.543386 0 -1 0 225 193 132 255 0.960739 0.2773435
7.337596 0.423295 4.0238 0 -1 0 211 163 123 255 0.7226565 0.515426
6.818009 1.462468 4.543386 -1 0 0 231 203 155 255 0.957102 0.761719
6.818009 0.9428816 4.0238 -1 0 0 227 198 154 255 0.722656 0.996165
7.337596 1.462468 5.062973 0 0 1 225 197 149 255 0.490682 0.2851565
6.818009 0.9428816 5.062973 0 0 1 223 187 137 255 0.248047 0.51844
6.610853 1.76131 5.180442 0 1 0 215 181 136 255 0.959203 0.279297
5.94206 1.76131 4.51165 0 1 0 238 214 168 255 0.720703 0.51993
5.94206 1.76131 4.51165 0 0 -1 238 214 168 255 0.496408 0.7597655
6.610853 1.092518 4.51165 0 0 -1 226 197 157 255 0.251953 0.995447
6.610853 1.76131 5.180442 1 0 0 215 181 136 255 0.503242 0.753906
6.610853 1.092518 5.849235 1 0 0 0 0 0 255 0.251953 1.002534
5.273268 0.4237266 5.180442 0 -1 0 225 193 132 255 0.960739 0.2773435
5.94206 0.4237266 4.51165 0 -1 0 194 154 102 255 0.7226565 0.515426
5.273268 1.76131 5.180442 -1 0 0 231 203 155 255 0.957102 0.761719
5.273268 1.092518 4.51165 -1 0 0 227 198 154 255 0.722656 0.996165
5.94206 1.76131 5.849235 0 0 1 0 0 0 255 0.490682 0.2851565
5.273268 1.092518 5.849235 0 0 1 223 187 137 255 0.248047 0.51844
30.04969 1.476628 4.556413 0 1 0 215 181 136 255 0.959203 0.279297
28.73788 1.476628 4.036826 0 1 0 238 214 168 255 0.720703 0.51993
28.73788 1.476628 4.036826 0 0 -1 238 214 168 255 0.496408 0.7597655
30.04969 0.9570413 4.036826 0 0 -1 234 204 166 255 0.251953 0.995447
30.04969 1.476628 4.556413 1 0 0 215 181 136 255 0.503242 0.753906
30.04969 0.9570413 5.075999 1 0 0 213 172 126 255 0.251953 1.002534
27.42606 0.4374547 4.556413 0 -1 0 225 193 132 255 0.960739 0.2773435
28.73788 0.4374547 4.036826 0 -1 0 194 154 102 255 0.7226565 0.515426
27.42606 1.476628 4.556413 -1 0 0 231 203 155 255 0.957102 0.761719
27.42606 0.9570413 4.036826 -1 0 0 227 198 154 255 0.722656 0.996165
28.73788 1.476628 5.075999 0 0 1 225 197 149 255 0.490682 0.2851565
27.42606 0.9570413 5.075999 0 0 1 223 187 137 255 0.248047 0.51844
30.04969 1.476628 7.664083 0 1 0 215 181 136 255 0.959203 0.279297
28.73788 1.476628 7.144496 0 1 0 226 197 155 255 0.720703 0.51993
28.73788 1.476628 7.144496 0 0 -1 226 197 155 255 0.496408 0.7597655
30.04969 0.9570413 7.144496 0 0 -1 226 197 157 255 0.251953 0.995447
30.04969 1.476628 7.664083 1 0 0 215 181 136 255 0.503242 0.753906
30.04969 0.9570413 8.18367 1 0 0 0 0 0 255 0.251953 1.002534
27.42606 0.4374547 7.664083 0 -1 0 225 193 132 255 0.960739 0.2773435
28.73788 0.4374547 7.144496 0 -1 0 211 163 123 255 0.7226565 0.515426
27.42606 1.476628 7.664083 -1 0 0 204 168 116 255 0.957102 0.761719
27.42606 0.9570413 7.144496 -1 0 0 230 201 159 255 0.722656 0.996165
28.73788 1.476628 8.18367 0 0 1 0 0 0 255 0.490682 0.2851565
27.42606 0.9570413 8.18367 0 0 1 223 187 137 255 0.248047 0.51844
30.04969 1.476628 -4.797502 0 1 -4.588621e-07 233 206 163 255 0.959203 0.279297
28.73788 1.476628 -5.317088 0 1 -4.588621e-07 226 197 155 255 0.720703 0.51993
28.73788 1.476628 -5.317088 0 -1.835449e-06 -1 226 197 155 255 0.496408 0.7597655
30.04969 0.9570413 -5.317087 0 -1.835449e-06 -1 226 197 157 255 0.251953 0.995447
30.04969 1.476628 -4.797502 1 0 0 233 206 163 255 0.503242 0.753906
30.04969 0.9570417 -4.277914 1 0 0 213 172 126 255 0.251953 1.002534
27.42606 0.4374549 -4.7975 0 -1 4.588621e-07 225 193 132 255 0.960739 0.2773435
28.73788 0.4374547 -5.317086 0 -1 4.588621e-07 211 163 123 255 0.7226565 0.515426
27.42606 1.476628 -4.797502 -1 0 0 231 203 155 255 0.957102 0.761719
27.42606 0.9570413 -5.317087 -1 0 0 227 198 154 255 0.722656 0.996165
28.73788 1.476628 -4.277915 0 1.835449e-06 1 225 197 149 255 0.490682 0.2851565
27.42606 0.9570417 -4.277914 0 1.835449e-06 1 223 195 148 255 0.248047 0.51844
27.6972 2.995501 -6.418712 -1 0 0 215 181 136 255 0.959203 0.279297
27.6972 1.683689 -6.938297 -1 0 0 226 197 155 255 0.720703 0.51993
27.6972 1.683689 -6.938297 -3.736331e-13 -7.269897e-07 -1 226 197 155 255 0.496408 0.7597655
28.21679 2.995501 -6.938298 -3.335878e-13 -7.269897e-07 -1 226 197 157 255 0.251953 0.995447
27.6972 2.995501 -6.418712 0 1 4.588621e-07 215 181 136 255 0.503242 0.753906
28.21679 2.995501 -5.899125 0 1 4.588621e-07 213 172 126 255 0.251953 1.002534
28.73637 0.3718762 -6.41871 1 0 0 216 179 134 255 0.960739 0.2773435
28.73637 1.683689 -6.938297 1 0 0 211 163 123 255 0.7226565 0.515426
27.6972 0.3718762 -6.41871 0 -1 0 231 203 155 255 0.957102 0.761719
28.21679 0.3718762 -6.938296 0 -1 0 227 198 154 255 0.722656 0.996165
27.6972 1.683689 -5.899124 0 7.269898e-07 1 0 0 0 255 0.490682 0.2851565
28.21679 0.3718762 -5.899123 0 7.269899e-07 1 223 195 148 255 0.248047 0.51844
10.295 1.462468 -5.797385 0 1 0 215 181 136 255 0.959203 0.279297
9.775414 1.462468 -6.316972 0 1 0 238 214 168 255 0.720703 0.51993
9.775414 1.462468 -6.316972 0 -1.835448e-06 -1 238 214 168 255 0.496408 0.7597655
10.295 0.9428816 -6.316971 0 -1.835448e-06 -1 234 204 166 255 0.251953 0.995447
10.295 1.462468 -5.797385 1 0 0 215 181 136 255 0.503242 0.753906
10.295 0.9428816 -5.277798 1 0 0 213 172 126 255 0.251953 1.002534
9.255827 0.423295 -5.797383 0 -1 0 225 193 132 255 0.960739 0.2773435
9.775414 0.423295 -6.31697 0 -1 0 194 154 102 255 0.7226565 0.515426
9.255827 1.462468 -5.797385 -1 0 0 231 203 155 255 0.957102 0.761719
9.255827 0.9428816 -6.316971 -1 0 0 227 198 154 255 0.722656 0.996165
9.775414 1.462468 -5.277799 0 1.835448e-06 1 0 0 0 255 0.490682 0.2851565
9.255827 0.9428816 -5.277798 0 1.835448e-06 1 223 195 148 255 0.248047 0.51844
8.989527 1.462468 -5.479622 0 1 -4.588612e-07 215 181 136 255 0.959203 0.279297
8.469939 1.462468 -5.999209 0 1 -4.588612e-07 238 214 168 255 0.720703 0.51993
8.469939 1.462468 -5.999209 0 -1.835448e-06 -1 238 214 168 255 0.496408 0.7597655
8.989527 0.9428816 -5.999208 0 -1.835448e-06 -1 226 197 157 255 0.251953 0.995447
8.989527 1.462468 -5.479622 1 0 0 215 181 136 255 0.503242 0.753906
8.989527 0.9428821 -4.960033 1 0 0 0 0 0 255 0.251953 1.002534
7.950352 0.4232953 -5.47962 0 -1 4.588612e-07 225 193 132 255 0.960739 0.2773435
8.469939 0.423295 -5.999207 0 -1 4.588612e-07 211 163 123 255 0.7226565 0.515426
7.950352 1.462468 -5.479622 -1 0 0 231 203 155 255 0.957102 0.761719
7.950352 0.9428816 -5.999208 -1 0 0 230 201 159 255 0.722656 0.996165
8.469939 1.462469 -4.960034 0 1.835448e-06 1 0 0 0 255 0.490682 0.2851565
7.950352 0.9428821 -4.960033 0 1.835448e-06 1 223 195 148 255 0.248047 0.51844
7.711517 1.462468 -4.830935 0 1 -4.588612e-07 215 181 136 255 0.959203 0.279297
7.19193 1.462468 -5.350522 0 1 -4.588612e-07 226 197 155 255 0.720703 0.51993
7.19193 1.462468 -5.350522 0 -1.835449e-06 -1 226 197 155 255 0.496408 0.7597655
7.711517 0.9428813 -5.350521 0 -1.835449e-06 -1 234 204 166 255 0.251953 0.995447
7.711517 1.462468 -4.830935 1 0 0 215 181 136 255 0.503242 0.753906
7.711517 0.9428818 -4.311346 1 0 0 213 172 126 255 0.251953 1.002534
6.672342 0.4232953 -4.830933 0 -1 4.588612e-07 225 193 132 255 0.960739 0.2773435
7.19193 0.423295 -5.35052 0 -1 4.588612e-07 225 198 155 255 0.7226565 0.515426
6.672342 1.462468 -4.830935 -1 0 0 231 203 155 255 0.957102 0.761719
6.672342 0.9428813 -5.350521 -1 0 0 227 198 154 255 0.722656 0.996165
7.19193 1.462468 -4.311347 0 1.835449e-06 1 225 197 149 255 0.490682 0.2851565
6.672342 0.9428818 -4.311346 0 1.835449e-06 1 223 195 148 255 0.248047 0.51844
7.857183 1.462468 -5.810411 0 1 0 215 181 136 255 0.959203 0.279297
7.337596 1.462468 -6.329999 0 1 0 238 214 168 255 0.720703 0.51993
7.337596 1.462468 -6.329999 0 -1.835449e-06 -1 238 214 168 255 0.496408 0.7597655
7.857183 0.9428816 -6.329998 0 -1.835448e-06 -1 234 204 166 255 0.251953 0.995447
7.857183 1.462468 -5.810411 1 0 0 215 181 136 255 0.503242 0.753906
7.857183 0.9428816 -5.290823 1 0 0 213 172 126 255 0.251953 1.002534
6.818009 0.423295 -5.81041 0 -1 0 216 179 134 255 0.960739 0.2773435
7.337596 0.423295 -6.329997 0 -1 0 194 154 102 255 0.7226565 0.515426
6.818009 1.462468 -5.810411 -1 0 0 204 168 116 255 0.957102 0.761719
6.818009 0.9428816 -6.329998 -1 0 0 230 201 159 255 0.722656 0.996165
7.337596 1.462468 -5.290824 0 1.835449e-06 1 225 197 149 255 0.490682 0.2851565
6.818009 0.9428816 -5.290823 0 1.835448e-06 1 223 187 137 255 0.248047 0.51844
6.610853 1.76131 -5.173355 0 1 -3.564915e-07 233 206 163 255 0.959203 0.279297
5.94206 1.76131 -5.842147 0 1 -3.564915e-07 238 214 168 255 0.720703 0.51993
5.94206 1.76131 -5.842147 0 -1.425967e-06 -1 238 214 168 255 0.496408 0.7597655
6.610853 1.092518 -5.842146 0 -1.425967e-06 -1 226 197 157 255 0.251953 0.995447
6.610853 1.76131 -5.173355 1 0 0 233 206 163 255 0.503242 0.753906
6.610853 1.092519 -4.504562 1 0 0 213 172 126 255 0.251953 1.002534
5.273268 0.4237268 -5.173353 0 -1 3.564915e-07 216 179 134 255 0.960739 0.2773435
5.94206 0.4237266 -5.842145 0 -1 3.564915e-07 194 154 102 255 0.7226565 0.515426
5.273268 1.76131 -5.173355 -1 0 0 231 203 155 255 0.957102 0.761719
5.273268 1.092518 -5.842146 -1 0 0 230 201 159 255 0.722656 0.996165
5.94206 1.76131 -4.504563 0 1.425967e-06 1 225 197 149 255 0.490682 0.2851565
5.273268 1.092519 -4.504562 0 1.425967e-06 1 223 195 148 255 0.248047 0.51844
5.789724 1.462468 -10.87363 0 1 0 233 206 163 255 0.959203 0.279297
6.309311 1.462468 -10.35404 0 1 0 238 214 168 255 0.720703 0.51993
6.309311 1.462468 -10.35404 1.835446e-06 0 1 238 214 168 255 0.496408 0.7597655
5.789724 0.9428818 -10.35404 1.835447e-06 0 1 226 197 157 255 0.251953 0.995447
5.789724 0.9428818 -10.35404 -1 0 9.177224e-07 226 197 157 255 0.251953 0.505278
5.789724 1.462468 -10.87363 -1 0 9.177225e-07 233 206 163 255 0.503242 0.753906
6.828898 0.4232953 -10.87363 0 -1 4.588621e-07 216 179 134 255 0.960739 0.2773435
6.309311 0.4232955 -10.35404 0 -1 4.588621e-07 211 163 123 255 0.7226565 0.515426
6.828897 0.9428816 -11.39322 1 -1.684435e-12 -9.177242e-07 223 195 148 255 0.722656 0.527273
6.828898 1.462468 -10.87363 1 -1.684435e-12 -9.177242e-07 231 203 155 255 0.957102 0.761719
6.30931 1.462468 -11.39322 0 -1.835449e-06 -1 0 0 0 255 0.490682 0.2851565
6.828897 0.9428816 -11.39322 0 -1.835448e-06 -1 223 195 148 255 0.248047 0.51844
7.614786 1.462468 -11.71098 0 1 0 0 0 0 255 0.720703 0.038664
7.095199 1.462468 -11.19139 0 1 0 215 181 136 255 0.959203 0.279297
7.614787 1.462468 -10.67181 0 1.835449e-06 1 238 214 168 255 0.496408 0.7597655
7.0952 0.9428818 -10.6718 0 1.835449e-06 1 226 197 157 255 0.251953 0.995447
7.095199 1.462468 -11.19139 -1 1.684432e-12 9.177224e-07 215 181 136 255 0.503242 0.753906
7.095199 0.9428816 -11.71098 -1 1.684432e-12 9.177226e-07 0 0 0 255 0.251953 1.002534
7.614786 0.423295 -11.71098 0 -1 4.588621e-07 223 191 134 255 0.7226565 0.039261
8.134373 0.4232953 -11.19139 0 -1 4.588621e-07 216 179 134 255 0.960739 0.2773435
8.134373 1.462468 -11.19139 1 0 -9.177226e-07 204 168 116 255 0.957102 0.761719
8.134374 0.9428818 -10.67181 1 0 -1.835445e-06 230 201 159 255 0.722656 0.996165
7.614786 1.462468 -11.71098 0 -1.835449e-06 -1 0 0 0 255 0.490682 0.2851565
8.134373 0.9428816 -11.71098 0 -1.835448e-06 -1 223 187 137 255 0.248047 0.51844
8.373208 1.462468 -11.84008 8.422146e-13 1 4.588613e-07 215 181 136 255 0.959203 0.279297
8.892796 1.462468 -11.32049 8.422154e-13 1 4.588613e-07 238 209 165 255 0.720703 0.51993
8.892796 1.462468 -11.32049 1.835446e-06 0 1 238 209 165 255 0.496408 0.7597655
8.373208 0.9428816 -11.32049 1.835445e-06 0 1 226 197 157 255 0.251953 0.995447
8.373208 0.9428816 -11.32049 -1 0 0 226 197 157 255 0.251953 0.505278
8.373208 1.462468 -11.84008 -1 0 0 215 181 136 255 0.503242 0.753906
9.412382 0.4232953 -11.84008 0 -1 -4.588621e-07 216 179 134 255 0.960739 0.2773435
8.892796 0.423295 -11.32049 0 -1 -4.588621e-07 194 154 102 255 0.7226565 0.515426
9.412382 0.9428821 -12.35967 1 0 0 223 195 148 255 0.722656 0.527273
9.412382 1.462468 -11.84008 1 0 0 204 168 116 255 0.957102 0.761719
8.892796 1.462469 -12.35967 0 -1.835448e-06 -1 225 197 149 255 0.490682 0.2851565
9.412382 0.9428821 -12.35967 0 -1.835448e-06 -1 223 195 148 255 0.248047 0.51844
8.227542 1.462468 -10.8606 0 1 0 233 206 163 255 0.959203 0.279297
8.747129 1.462468 -10.34102 0 1 0 238 214 168 255 0.720703 0.51993
8.747129 1.462468 -10.34102 1.835447e-06 0 1 238 214 168 255 0.496408 0.7597655
8.227542 0.9428818 -10.34102 1.835445e-06 0 1 226 197 157 255 0.251953 0.995447
8.227542 0.9428818 -10.34102 -1 0 0 226 197 157 255 0.251953 0.505278
8.227542 1.462468 -10.8606 -1 0 0 233 206 163 255 0.503242 0.753906
9.266716 0.4232953 -10.8606 0 -1 4.588621e-07 216 179 134 255 0.960739 0.2773435
8.747129 0.4232955 -10.34102 0 -1 4.588621e-07 211 163 123 255 0.7226565 0.515426
9.266716 0.9428816 -11.38019 1 0 0 223 195 148 255 0.722656 0.527273
9.266716 1.462468 -10.8606 1 0 0 231 203 155 255 0.957102 0.761719
8.747129 1.462468 -11.38019 0 -1.835448e-06 -1 228 206 159 255 0.490682 0.2851565
9.266716 0.9428816 -11.38019 0 -1.835448e-06 -1 223 195 148 255 0.248047 0.51844
9.473873 1.76131 -11.49766 0 1 0 233 206 163 255 0.959203 0.279297
10.14266 1.76131 -10.82887 0 1 0 226 197 155 255 0.720703 0.51993
10.14266 1.76131 -10.82887 0 2.138951e-06 1 226 197 155 255 0.496408 0.7597655
9.473873 1.092519 -10.82887 0 7.12984e-07 1 226 197 157 255 0.251953 0.995447
9.473873 1.092519 -10.82887 -1 0 0 226 197 157 255 0.251953 0.505278
9.473873 1.76131 -11.49766 -1 -3.564914e-07 3.564917e-07 233 206 163 255 0.503242 0.753906
10.81146 0.423727 -11.49766 0 -1 0 225 193 132 255 0.960739 0.2773435
10.14266 0.423727 -10.82887 0 -1 0 211 163 123 255 0.7226565 0.515426
10.81146 1.092519 -12.16645 1 0 0 223 187 137 255 0.722656 0.527273
10.81146 1.76131 -11.49766 1 0 0 231 203 155 255 0.957102 0.761719
10.14266 1.76131 -12.16645 -1.425964e-06 -1.425966e-06 -1 225 197 149 255 0.490682 0.2851565
10.81146 1.092519 -12.16645 -1.425964e-06 -1.425967e-06 -1 223 187 137 255 0.248047 0.51844
-15.03677 1.462468 -4.087867 4.588621e-07 1 4.588621e-07 233 206 163 255 0.959203 0.279297
-14.51718 1.462468 -4.607453 4.588621e-07 1 4.588621e-07 238 214 168 255 0.720703 0.51993
-14.51718 0.9428821 -5.127039 1 0 0 230 201 159 255 0.251953 0.524084
-14.51718 1.462468 -4.607453 1 0 0 238 214 168 255 0.496408 0.7597655
-15.03677 1.462468 -4.087867 8.422178e-13 1.835449e-06 1 233 206 163 255 0.503242 0.753906
-15.55636 0.9428821 -4.087866 8.422177e-13 1.835449e-06 1 213 172 126 255 0.251953 1.002534
-15.03677 0.4232955 -5.127038 0 -1 0 216 179 134 255 0.960739 0.2773435
-14.51718 0.4232955 -4.607451 0 -1 0 211 163 123 255 0.7226565 0.515426
-15.03677 1.462469 -5.12704 0 -1.835448e-06 -1 204 168 116 255 0.957102 0.761719
-14.51718 0.9428821 -5.127039 0 -1.835448e-06 -1 230 201 159 255 0.722656 0.996165
-15.55636 1.462469 -4.607453 -1 0 0 225 197 149 255 0.490682 0.2851565
-15.55636 0.9428821 -5.127039 -1 0 0 223 195 148 255 0.248047 0.51844
-15.35453 1.462468 -5.393341 0 1 0 233 206 163 255 0.959203 0.279297
-14.83495 1.462468 -5.912929 0 1 0 238 214 168 255 0.720703 0.51993
-14.83495 1.462468 -5.912929 1 -3.368871e-12 -1.835448e-06 238 214 168 255 0.496408 0.7597655
-14.83495 0.9428816 -5.393341 1 -3.368871e-12 -1.835448e-06 234 204 166 255 0.251953 0.995447
-15.35453 1.462468 -5.393341 1.835445e-06 0 1 233 206 163 255 0.503242 0.753906
-15.87412 0.9428816 -5.39334 1.835445e-06 0 1 213 172 126 255 0.251953 1.002534
-15.87412 0.4232953 -5.912927 -4.588621e-07 -1 -4.588621e-07 218 198 135 255 0.7226565 0.039261
-15.35453 0.4232953 -6.432513 -4.588621e-07 -1 -4.588621e-07 225 193 132 255 0.960739 0.2773435
-15.87412 0.9428821 -6.432514 -8.422177e-13 -1.835448e-06 -1 223 187 137 255 0.722656 0.527273
-15.35453 1.462468 -6.432515 -8.422177e-13 -1.835448e-06 -1 231 203 155 255 0.957102 0.761719
-15.87412 0.9428816 -5.39334 -1 0 0 213 172 126 255 0.248047 0.051873
-15.87412 1.462468 -5.912928 -1 0 0 0 0 0 255 0.490682 0.2851565
-16.52281 1.462469 -7.190937 0 1 0 0 0 0 255 0.720703 0.038664
-16.00322 1.462469 -6.67135 0 1 0 215 181 136 255 0.959203 0.279297
-15.48363 1.462469 -7.190938 1 0 0 238 209 165 255 0.496408 0.7597655
-15.48363 0.9428821 -6.67135 1 0 0 234 204 166 255 0.251953 0.995447
-16.00322 1.462469 -6.67135 1.835442e-06 1.835448e-06 1 215 181 136 255 0.503242 0.753906
-16.52281 0.9428821 -6.671349 1.835442e-06 1.835448e-06 1 213 172 126 255 0.251953 1.002534
-16.52281 0.4232955 -7.190935 0 -1 0 218 198 135 255 0.7226565 0.039261
-16.00322 0.4232955 -7.710523 0 -1 0 225 193 132 255 0.960739 0.2773435
-16.00322 1.462469 -7.710525 0 -1.835448e-06 -1 231 203 155 255 0.957102 0.761719
-15.48363 0.9428821 -7.710524 0 -1.835448e-06 -1 227 198 154 255 0.722656 0.996165
-16.52281 1.462469 -7.190937 -1 0 0 0 0 0 255 0.490682 0.2851565
-16.52281 0.9428821 -7.710524 -1 0 0 223 195 148 255 0.248047 0.51844
-15.54333 1.462469 -7.045271 4.588613e-07 1 0 228 206 159 255 0.720703 0.038664
-15.02375 1.462468 -6.525684 4.588613e-07 1 0 233 206 163 255 0.959203 0.279297
-14.50416 0.9428821 -7.564857 1 0 0 230 201 159 255 0.251953 0.524084
-14.50416 1.462468 -7.045272 1 0 0 238 214 168 255 0.496408 0.7597655
-15.02375 1.462468 -6.525684 1.835446e-06 1.835448e-06 1 233 206 163 255 0.503242 0.753906
-15.54333 0.9428821 -6.525682 1.835446e-06 1.835448e-06 1 213 172 126 255 0.251953 1.002534
-15.02375 0.4232955 -7.564857 0 -1 0 225 193 132 255 0.960739 0.2773435
-14.50416 0.4232955 -7.04527 0 -1 0 211 163 123 255 0.7226565 0.515426
-15.02375 1.462469 -7.564858 0 -1.835448e-06 -1 231 203 155 255 0.957102 0.761719
-14.50416 0.9428821 -7.564857 0 -1.835448e-06 -1 230 201 159 255 0.722656 0.996165
-15.54333 1.462469 -7.045271 -1 0 0 228 206 159 255 0.490682 0.2851565
-15.54333 0.9428821 -7.564857 -1 0 0 223 195 148 255 0.248047 0.51844
-15.6608 1.76131 -7.772015 -5.083447e-13 1 -3.564915e-07 215 181 136 255 0.959203 0.279297
-14.99201 1.76131 -8.440807 -5.083447e-13 1 -3.564915e-07 226 197 155 255 0.720703 0.51993
-14.99201 1.76131 -8.440807 1 -3.513638e-12 -2.138949e-06 226 197 155 255 0.496408 0.7597655
-14.99201 1.092519 -7.772015 1 -4.704394e-13 -7.129829e-07 226 197 157 255 0.251953 0.995447
-15.6608 1.76131 -7.772015 1.425967e-06 1.425966e-06 1 215 181 136 255 0.503242 0.753906
-16.32959 1.092519 -7.772013 1.425965e-06 1.425967e-06 1 0 0 0 255 0.251953 1.002534
-16.32959 0.423727 -8.440804 -3.56491e-07 -1 1.016687e-12 218 198 135 255 0.7226565 0.039261
-15.6608 0.4237268 -9.109597 -3.56491e-07 -1 1.016687e-12 225 193 132 255 0.960739 0.2773435
-15.6608 1.76131 -9.109599 -9.046911e-13 -2.13895e-06 -1 204 168 116 255 0.957102 0.761719
-14.99201 1.092518 -9.109598 -7.237529e-14 -7.129827e-07 -1 230 201 159 255 0.722656 0.996165
-16.32959 1.76131 -8.440806 -1 4.277898e-06 2.098884e-12 225 197 149 255 0.490682 0.2851565
-16.32959 1.092519 -9.109598 -1 1.425968e-06 -5.06627e-13 223 195 148 255 0.248047 0.51844
-12.06613 1.462468 -9.279176 0 1 4.588613e-07 233 206 163 255 0.959203 0.279297
-12.58572 1.462468 -8.759588 0 1 4.588613e-07 226 197 155 255 0.720703 0.51993
-12.58572 0.9428813 -8.240001 -1 0 1.835445e-06 227 198 154 255 0.251953 0.524084
-12.58572 1.462468 -8.759588 -1 0 1.835445e-06 226 197 155 255 0.496408 0.7597655
-12.58572 0.9428816 -9.279175 0 -1.835448e-06 -1 226 197 157 255 0.251953 0.505278
-12.06613 1.462468 -9.279176 0 -1.835448e-06 -1 233 206 163 255 0.503242 0.753906
-12.06613 0.423295 -8.240001 0 -1 0 216 179 134 255 0.960739 0.2773435
-12.58572 0.423295 -8.759587 0 -1 0 194 154 102 255 0.7226565 0.515426
-11.54654 0.9428816 -8.240002 1.835448e-06 1.835448e-06 1 223 187 137 255 0.722656 0.527273
-12.06613 1.462468 -8.240002 1.835448e-06 1.835448e-06 1 204 168 116 255 0.957102 0.761719
-11.54654 1.462468 -8.759589 1 0 0 225 197 149 255 0.490682 0.2851565
-11.54654 0.9428816 -8.240002 1 0 0 223 187 137 255 0.248047 0.51844
-11.74837 1.462469 -7.973701 0 1 4.588621e-07 215 181 136 255 0.959203 0.279297
-12.26795 1.462468 -7.454114 0 1 4.588621e-07 226 197 155 255 0.720703 0.51993
-12.26795 1.462468 -7.454114 -1 0 0 226 197 155 255 0.496408 0.7597655
-12.26795 0.9428821 -7.9737 -1 0 0 226 197 157 255 0.251953 0.995447
-11.74837 1.462469 -7.973701 0 0 -1 215 181 136 255 0.503242 0.753906
-11.22878 0.9428821 -7.973701 0 0 -1 0 0 0 255 0.251953 1.002534
-11.74836 0.4232953 -6.934525 4.588613e-07 -1 -4.588621e-07 216 179 134 255 0.960739 0.2773435
-12.26795 0.4232953 -7.454112 4.588613e-07 -1 -4.588621e-07 194 154 102 255 0.7226565 0.515426
-11.74837 1.462468 -6.934527 -8.422177e-13 1.835448e-06 1 204 168 116 255 0.957102 0.761719
-12.26795 0.9428816 -6.934526 -8.422177e-13 1.835448e-06 1 230 201 159 255 0.722656 0.996165
-11.22878 1.462469 -7.454114 1 1.835448e-06 0 225 197 149 255 0.490682 0.2851565
-11.22878 0.9428821 -6.934526 1 1.835448e-06 0 223 195 148 255 0.248047 0.51844
-10.58009 1.462468 -6.176105 0 1 0 225 197 149 255 0.720703 0.038664
-11.09968 1.462468 -6.695692 0 1 0 233 206 163 255 0.959203 0.279297
-11.61926 0.9428816 -5.656517 -1 3.368871e-12 1.835448e-06 227 198 154 255 0.251953 0.524084
-11.61926 1.462468 -6.176105 -1 3.368871e-12 1.835449e-06 238 214 168 255 0.496408 0.7597655
-11.09968 1.462468 -6.695692 -1.835445e-06 -1.835448e-06 -1 233 206 163 255 0.503242 0.753906
-10.58009 0.9428816 -6.695692 -1.835445e-06 -1.835448e-06 -1 213 172 126 255 0.251953 1.002534
-10.58009 0.423295 -6.176104 0 -1 0 223 191 134 255 0.7226565 0.039261
-11.09968 0.423295 -5.656516 0 -1 0 216 179 134 255 0.960739 0.2773435
-11.09968 1.462468 -5.656518 0 1.835448e-06 1 204 168 116 255 0.957102 0.761719
-11.61926 0.9428816 -5.656517 0 1.835448e-06 1 227 198 154 255 0.722656 0.996165
-10.58009 1.462468 -6.176105 1 0 0 225 197 149 255 0.490682 0.2851565
-10.58009 0.9428816 -5.656517 1 0 0 223 187 137 255 0.248047 0.51844
-12.07915 1.462468 -6.841358 8.422177e-13 1 4.588621e-07 215 181 136 255 0.959203 0.279297
-12.59874 1.462468 -6.321771 8.422177e-13 1 4.588621e-07 226 197 155 255 0.720703 0.51993
-12.59874 1.462468 -6.321771 -1 0 0 226 197 155 255 0.496408 0.7597655
-12.59874 0.9428816 -6.841356 -1 0 0 226 197 157 255 0.251953 0.995447
-12.59874 0.9428816 -6.841356 -1.835448e-06 -1.835448e-06 -1 226 197 157 255 0.251953 0.505278
-12.07915 1.462468 -6.841358 -1.835448e-06 -1.835448e-06 -1 215 181 136 255 0.503242 0.753906
-12.07915 0.423295 -5.802182 0 -1 0 225 193 132 255 0.960739 0.2773435
-12.59874 0.423295 -6.321769 0 -1 0 211 163 123 255 0.7226565 0.515426
-12.07915 1.462468 -5.802184 -8.422165e-13 1.835449e-06 1 231 203 155 255 0.957102 0.761719
-12.59874 0.9428813 -5.802183 -8.422165e-13 1.835449e-06 1 227 198 154 255 0.722656 0.996165
-11.55957 1.462468 -6.321772 1 -3.368865e-12 -1.835445e-06 228 206 159 255 0.490682 0.2851565
-11.55957 0.9428816 -5.802183 1 -3.368864e-12 -1.835445e-06 223 195 148 255 0.248047 0.51844
-11.4421 1.76131 -5.595028 -3.564917e-07 1 -2.502064e-19 215 181 136 255 0.959203 0.279297
-12.11089 1.76131 -4.926235 -3.564913e-07 1 2.329508e-19 226 197 155 255 0.720703 0.51993
-12.11089 1.76131 -4.926235 -1 0 0 226 197 155 255 0.496408 0.7597655
-12.11089 1.092518 -5.595026 -1 0 0 226 197 157 255 0.251953 0.995447
-11.4421 1.76131 -5.595028 -1.425967e-06 -1.425966e-06 -1 215 181 136 255 0.503242 0.753906
-10.77331 1.092518 -5.595028 -1.425965e-06 -1.425966e-06 -1 0 0 0 255 0.251953 1.002534
-11.4421 0.4237268 -4.257442 3.56491e-07 -1 0 216 179 134 255 0.960739 0.2773435
-12.11089 0.4237266 -4.926233 3.56491e-07 -1 0 211 163 123 255 0.7226565 0.515426
-10.7733 1.092519 -4.257442 -5.083442e-13 1.425967e-06 1 223 195 148 255 0.722656 0.527273
-11.4421 1.76131 -4.257443 -5.083442e-13 1.425967e-06 1 231 203 155 255 0.957102 0.761719
-10.77331 1.092518 -5.595028 1 -3.618764e-13 -7.129813e-07 0 0 0 255 0.248047 0.051873
-10.7733 1.76131 -4.926236 1 -3.691139e-12 -2.138946e-06 225 197 149 255 0.490682 0.2851565
-31.81619 1.462468 -10.23142 0 1 0 233 206 163 255 0.959203 0.279297
-32.33578 1.462468 -10.75101 0 1 0 226 197 155 255 0.720703 0.51993
-32.33578 1.462468 -10.75101 0 -1.835448e-06 -1 226 197 155 255 0.496408 0.7597655
-31.81619 0.9428816 -10.75101 0 -1.835448e-06 -1 234 204 166 255 0.251953 0.995447
-31.81619 1.462468 -10.23142 1 0 0 233 206 163 255 0.503242 0.753906
-31.81619 0.9428816 -9.711834 1 0 0 0 0 0 255 0.251953 1.002534
-32.85537 0.423295 -10.23142 0 -1 0 216 179 134 255 0.960739 0.2773435
-32.33578 0.423295 -10.75101 0 -1 0 194 154 102 255 0.7226565 0.515426
-32.85537 1.462468 -10.23142 -1 0 0 204 168 116 255 0.957102 0.761719
-32.85537 0.9428816 -10.75101 -1 0 0 230 201 159 255 0.722656 0.996165
-32.33578 1.462468 -9.711835 0 1.835448e-06 1 225 197 149 255 0.490682 0.2851565
-32.85537 0.9428816 -9.711834 0 1.835448e-06 1 223 195 148 255 0.248047 0.51844
-33.12167 1.462468 -9.913657 0 1 0 233 206 163 255 0.959203 0.279297
-33.64125 1.462468 -10.43324 0 1 0 226 197 155 255 0.720703 0.51993
-33.64125 1.462468 -10.43324 0 -1.835448e-06 -1 226 197 155 255 0.496408 0.7597655
-33.12167 0.9428816 -10.43324 0 -1.835448e-06 -1 226 197 157 255 0.251953 0.995447
-33.12167 1.462468 -9.913657 1 0 0 233 206 163 255 0.503242 0.753906
-33.12167 0.9428816 -9.39407 1 0 0 0 0 0 255 0.251953 1.002534
-34.16084 0.423295 -9.913655 0 -1 0 216 179 134 255 0.960739 0.2773435
-33.64125 0.423295 -10.43324 0 -1 0 194 154 102 255 0.7226565 0.515426
-34.16084 1.462468 -9.913657 -1 0 0 204 168 116 255 0.957102 0.761719
-34.16084 0.9428816 -10.43324 -1 0 0 230 201 159 255 0.722656 0.996165
-33.64125 1.462468 -9.394071 0 1.835448e-06 1 225 197 149 255 0.490682 0.2851565
-34.16084 0.9428816 -9.39407 0 1.835448e-06 1 223 187 137 255 0.248047 0.51844
-34.91926 1.462468 -8.745382 0 1 0 0 0 0 255 0.720703 0.038664
-34.39967 1.462468 -9.26497 0 1 0 233 206 163 255 0.959203 0.279297
-34.91926 1.462468 -9.784556 0 -1.835448e-06 -1 238 209 165 255 0.496408 0.7597655
-34.39967 0.9428816 -9.784555 0 -1.835448e-06 -1 226 197 157 255 0.251953 0.995447
-34.39967 1.462468 -9.26497 1 0 0 233 206 163 255 0.503242 0.753906
-34.39967 0.9428816 -8.745382 1 0 0 0 0 0 255 0.251953 1.002534
-35.43885 0.423295 -9.264967 0 -1 0 225 193 132 255 0.960739 0.2773435
-34.91926 0.423295 -9.784554 0 -1 0 225 198 155 255 0.7226565 0.515426
-35.43885 1.462468 -9.264969 -1 0 0 231 203 155 255 0.957102 0.761719
-35.43885 0.9428816 -9.784555 -1 0 0 227 198 154 255 0.722656 0.996165
-34.91926 1.462468 -8.745382 1.835442e-06 1.835448e-06 1 0 0 0 255 0.490682 0.2851565
-35.43885 0.9428816 -8.74538 1.835442e-06 1.835448e-06 1 223 195 148 255 0.248047 0.51844
-34.25401 1.462468 -10.24445 0 1 0 233 206 163 255 0.959203 0.279297
-34.7736 1.462468 -10.76403 0 1 0 226 197 155 255 0.720703 0.51993
-34.7736 1.462468 -10.76403 0 -1.835448e-06 -1 226 197 155 255 0.496408 0.7597655
-34.25401 0.9428816 -10.76403 0 -1.835448e-06 -1 234 204 166 255 0.251953 0.995447
-34.25401 1.462468 -10.24445 1 0 0 233 206 163 255 0.503242 0.753906
-34.25401 0.9428816 -9.724859 1 0 0 0 0 0 255 0.251953 1.002534
-34.7736 0.423295 -9.724857 0 -1 0 222 190 139 255 0.7226565 0.039261
-35.29318 0.423295 -10.24444 0 -1 0 216 179 134 255 0.960739 0.2773435
-35.29318 1.462468 -10.24445 -1 0 0 204 168 116 255 0.957102 0.761719
-35.29318 0.9428816 -10.76403 -1 0 0 227 198 154 255 0.722656 0.996165
-34.7736 1.462468 -9.724859 1.835455e-06 1.835448e-06 1 228 206 159 255 0.490682 0.2851565
-35.29318 0.9428816 -9.724857 1.835455e-06 1.835448e-06 1 223 187 137 255 0.248047 0.51844
-36.16913 1.76131 -8.938598 0 1 0 225 197 149 255 0.720703 0.038664
-35.50034 1.76131 -9.607389 0 1 0 233 206 163 255 0.959203 0.279297
-36.16914 1.76131 -10.27618 0 -2.138949e-06 -1 238 214 168 255 0.496408 0.7597655
-35.50034 1.092518 -10.27618 0 -7.12984e-07 -1 234 204 166 255 0.251953 0.995447
-35.50034 1.76131 -9.607389 1 0 0 233 206 163 255 0.503242 0.753906
-35.50034 1.092518 -8.938597 1 0 0 0 0 0 255 0.251953 1.002534
-36.83792 0.4237266 -9.607388 0 -1 0 225 193 132 255 0.960739 0.2773435
-36.16914 0.4237266 -10.27618 0 -1 0 211 163 123 255 0.7226565 0.515426
-36.83792 1.76131 -9.607389 -1 1.463355e-11 8.555797e-06 231 203 155 255 0.957102 0.761719
-36.83793 1.092518 -10.27618 -1 1.302755e-12 2.851931e-06 227 198 154 255 0.722656 0.996165
-36.16913 1.76131 -8.938598 0 2.138954e-06 1 225 197 149 255 0.490682 0.2851565
-36.83792 1.092518 -8.938597 0 7.12984e-07 1 223 195 148 255 0.248047 0.51844
-32.93881 1.462468 4.953462 0 1 0 215 181 136 255 0.959203 0.279297
-33.4584 1.462468 4.433875 0 1 0 238 214 168 255 0.720703 0.51993
-33.4584 1.462468 4.433875 0 0 -1 238 214 168 255 0.496408 0.7597655
-32.93881 0.9428816 4.433875 0 0 -1 234 204 166 255 0.251953 0.995447
-32.93881 1.462468 4.953462 1 0 0 215 181 136 255 0.503242 0.753906
-32.93881 0.9428816 5.473048 1 0 0 213 172 126 255 0.251953 1.002534
-33.97799 0.423295 4.953462 0 -1 0 216 179 134 255 0.960739 0.2773435
-33.4584 0.423295 4.433875 0 -1 0 211 163 123 255 0.7226565 0.515426
-33.97799 1.462468 4.953462 -1 0 0 204 168 116 255 0.957102 0.761719
-33.97799 0.9428816 4.433875 -1 0 0 230 201 159 255 0.722656 0.996165
-33.4584 1.462468 5.473048 0 0 1 225 197 149 255 0.490682 0.2851565
-33.97799 0.9428816 5.473048 0 0 1 223 187 137 255 0.248047 0.51844
-34.24429 1.462468 5.271225 0 1 0 215 181 136 255 0.959203 0.279297
-34.76387 1.462468 4.751638 0 1 0 238 214 168 255 0.720703 0.51993
-34.76387 1.462468 4.751638 0 0 -1 238 214 168 255 0.496408 0.7597655
-34.24429 0.9428816 4.751638 0 0 -1 234 204 166 255 0.251953 0.995447
-34.24429 1.462468 5.271225 1 0 0 215 181 136 255 0.503242 0.753906
-34.24429 0.9428816 5.790812 1 0 0 0 0 0 255 0.251953 1.002534
-35.28346 0.423295 5.271225 0 -1 0 225 193 132 255 0.960739 0.2773435
-34.76387 0.423295 4.751638 0 -1 0 211 163 123 255 0.7226565 0.515426
-35.28346 1.462468 5.271225 -1 0 0 231 203 155 255 0.957102 0.761719
-35.28346 0.9428816 4.751638 -1 0 0 227 198 154 255 0.722656 0.996165
-34.76387 1.462468 5.790812 0 0 1 225 197 149 255 0.490682 0.2851565
-35.28346 0.9428816 5.790812 0 0 1 223 187 137 255 0.248047 0.51844
-35.52229 1.462468 5.919912 0 1 0 215 181 136 255 0.959203 0.279297
-36.04188 1.462468 5.400326 0 1 0 238 214 168 255 0.720703 0.51993
-36.04188 1.462468 5.400326 0 0 -1 238 214 168 255 0.496408 0.7597655
-35.52229 0.9428813 5.400326 0 0 -1 234 204 166 255 0.251953 0.995447
-35.52229 1.462468 5.919912 1 0 0 215 181 136 255 0.503242 0.753906
-35.52229 0.9428813 6.439499 1 0 0 213 172 126 255 0.251953 1.002534
-36.56147 0.423295 5.919912 0 -1 0 225 193 132 255 0.960739 0.2773435
-36.04188 0.423295 5.400326 0 -1 0 225 198 155 255 0.7226565 0.515426
-36.56147 1.462468 5.919912 -1 0 0 204 168 116 255 0.957102 0.761719
-36.56147 0.9428813 5.400326 -1 0 0 227 198 154 255 0.722656 0.996165
-36.04188 1.462468 6.439499 0 0 1 225 197 149 255 0.490682 0.2851565
-36.56147 0.9428813 6.439499 0 0 1 223 187 137 255 0.248047 0.51844
-35.37663 1.462468 4.940435 0 1 0 215 181 136 255 0.959203 0.279297
-35.89622 1.462468 4.420849 0 1 0 238 214 168 255 0.720703 0.51993
-35.89622 1.462468 4.420849 0 0 -1 238 214 168 255 0.496408 0.7597655
-35.37663 0.9428816 4.420849 0 0 -1 226 197 157 255 0.251953 0.995447
-35.37663 1.462468 4.940435 1 0 0 215 181 136 255 0.503242 0.753906
-35.37663 0.9428816 5.460022 1 0 0 0 0 0 255 0.251953 1.002534
-36.4158 0.423295 4.940435 0 -1 0 216 179 134 255 0.960739 0.2773435
-35.89622 0.423295 4.420849 0 -1 0 194 154 102 255 0.7226565 0.515426
-36.4158 1.462468 4.940435 -1 0 0 204 168 116 255 0.957102 0.761719
-36.4158 0.9428816 4.420849 -1 0 0 227 198 154 255 0.722656 0.996165
-35.89622 1.462468 5.460022 0 0 1 0 0 0 255 0.490682 0.2851565
-36.4158 0.9428816 5.460022 0 0 1 223 187 137 255 0.248047 0.51844
-36.62296 1.76131 5.577491 0 1 0 233 206 163 255 0.959203 0.279297
-37.29176 1.76131 4.908699 0 1 0 238 214 168 255 0.720703 0.51993
-37.29176 1.76131 4.908699 0 0 -1 238 214 168 255 0.496408 0.7597655
-36.62296 1.092518 4.908699 0 0 -1 234 204 166 255 0.251953 0.995447
-36.62296 1.76131 5.577491 1 0 0 233 206 163 255 0.503242 0.753906
-36.62296 1.092518 6.246284 1 0 0 213 172 126 255 0.251953 1.002534
-37.96055 0.4237266 5.577491 0 -1 0 216 179 134 255 0.960739 0.2773435
-37.29176 0.4237266 4.908699 0 -1 0 211 163 123 255 0.7226565 0.515426
-37.96055 1.76131 5.577491 -1 0 0 204 168 116 255 0.957102 0.761719
-37.96055 1.092518 4.908699 -1 0 0 230 201 159 255 0.722656 0.996165
-37.29176 1.76131 6.246284 0 0 1 0 0 0 255 0.490682 0.2851565
-37.96055 1.092518 6.246284 0 0 1 223 195 148 255 0.248047 0.51844
-12.56981 1.476628 4.556413 0 1 0 215 181 136 255 0.959203 0.279297
-13.88162 1.476628 4.036826 0 1 0 226 197 155 255 0.720703 0.51993
-13.88162 1.476628 4.036826 0 0 -1 226 197 155 255 0.496408 0.7597655
-12.56981 0.9570413 4.036826 0 0 -1 234 204 166 255 0.251953 0.995447
-12.56981 1.476628 4.556413 1 0 0 215 181 136 255 0.503242 0.753906
-12.56981 0.9570413 5.075999 1 0 0 213 172 126 255 0.251953 1.002534
-15.19344 0.4374547 4.556413 0 -1 0 216 179 134 255 0.960739 0.2773435
-13.88162 0.4374547 4.036826 0 -1 0 211 163 123 255 0.7226565 0.515426
-15.19344 1.476628 4.556413 -1 0 0 204 168 116 255 0.957102 0.761719
-15.19344 0.9570413 4.036826 -1 0 0 230 201 159 255 0.722656 0.996165
-13.88162 1.476628 5.075999 0 0 1 0 0 0 255 0.490682 0.2851565
-15.19344 0.9570413 5.075999 0 0 1 223 187 137 255 0.248047 0.51844
-35.93087 1.476628 -5.036548 0 1 -4.588621e-07 233 206 163 255 0.959203 0.279297
-37.24268 1.476628 -5.556134 0 1 -4.588621e-07 226 197 155 255 0.720703 0.51993
-37.24268 1.476628 -5.556134 0 -1.835449e-06 -1 226 197 155 255 0.496408 0.7597655
-35.93087 0.9570413 -5.556133 0 -1.835449e-06 -1 226 197 157 255 0.251953 0.995447
-35.93087 1.476628 -5.036548 1 0 0 233 206 163 255 0.503242 0.753906
-35.93087 0.9570417 -4.51696 1 0 0 0 0 0 255 0.251953 1.002534
-38.5545 0.4374549 -5.036546 0 -1 4.588621e-07 225 193 132 255 0.960739 0.2773435
-37.24268 0.4374547 -5.556132 0 -1 4.588621e-07 211 163 123 255 0.7226565 0.515426
-38.5545 1.476628 -5.036548 -1 0 0 204 168 116 255 0.957102 0.761719
-38.5545 0.9570413 -5.556133 -1 0 0 227 198 154 255 0.722656 0.996165
-37.24268 1.476628 -4.516961 0 1.835449e-06 1 225 197 149 255 0.490682 0.2851565
-38.5545 0.9570417 -4.51696 0 1.835449e-06 1 223 187 137 255 0.248047 0.51844
-12.56981 1.476628 6.202184 6.337454e-14 1 -4.58862e-07 233 206 163 255 0.959203 0.279297
-13.88162 1.476628 5.682597 0 1 -4.588621e-07 226 197 155 255 0.720703 0.51993
-13.88162 1.476628 5.682597 0 0 -1 226 197 155 255 0.496408 0.7597655
-12.56981 0.9570413 5.682597 0 0 -1 234 204 166 255 0.251953 0.995447
-12.56981 1.476628 6.202184 1 0 0 233 206 163 255 0.503242 0.753906
-12.56981 0.9570417 6.721771 1 0 0 0 0 0 255 0.251953 1.002534
-15.19344 0.4374549 6.202184 6.337454e-14 -1 4.58862e-07 216 179 134 255 0.960739 0.2773435
-13.88162 0.4374547 5.682597 0 -1 4.588621e-07 211 163 123 255 0.7226565 0.515426
-15.19344 1.476628 6.202184 -1 0 0 204 168 116 255 0.957102 0.761719
-15.19344 0.9570413 5.682597 -1 0 0 227 198 154 255 0.722656 0.996165
-13.88162 1.476628 6.721771 0 0 1 0 0 0 255 0.490682 0.2851565
-15.19344 0.9570417 6.721771 0 0 1 223 187 137 255 0.248047 0.51844
-59.44045 1.462468 4.433875 0 1 4.588616e-07 233 206 163 255 0.959203 0.279297
-59.96004 1.462468 4.953462 0 1 4.588617e-07 226 197 155 255 0.720703 0.51993
-59.96004 0.9428813 5.473049 -1 0 0 227 198 154 255 0.251953 0.524084
-59.96004 1.462468 4.953462 -1 0 0 226 197 155 255 0.496408 0.7597655
-59.44045 1.462468 4.433875 0 0 -1 233 206 163 255 0.503242 0.753906
-58.92087 0.9428816 4.433875 0 0 -1 0 0 0 255 0.251953 1.002534
-59.44045 0.423295 5.473048 0 -1 0 216 179 134 255 0.960739 0.2773435
-59.96004 0.423295 4.953462 0 -1 0 194 154 102 255 0.7226565 0.515426
-58.92087 0.9428816 5.473049 4.211104e-13 -9.177242e-07 1 223 195 148 255 0.722656 0.527273
-59.44045 1.462468 5.473049 4.211104e-13 -9.177242e-07 1 204 168 116 255 0.957102 0.761719
-58.92087 1.462468 4.953462 1 0 0 225 197 149 255 0.490682 0.2851565
-58.92087 0.9428816 5.473049 1 0 0 223 195 148 255 0.248047 0.51844
-59.12269 1.462468 5.73935 -4.588638e-07 1 -4.588621e-07 215 181 136 255 0.959203 0.279297
-59.64227 1.462468 6.258937 -4.588638e-07 1 -4.588618e-07 226 197 155 255 0.720703 0.51993
-59.64227 1.462468 6.258937 -1 0 0 226 197 155 255 0.496408 0.7597655
-59.64227 0.9428813 5.73935 -1 0 0 234 204 166 255 0.251953 0.995447
-59.12269 1.462468 5.73935 -4.211104e-13 9.177242e-07 -1 215 181 136 255 0.503242 0.753906
-58.6031 0.9428816 5.73935 -4.211104e-13 9.177242e-07 -1 213 172 126 255 0.251953 1.002534
-59.12269 0.4232953 6.778524 4.588638e-07 -1 0 216 179 134 255 0.960739 0.2773435
-59.64227 0.423295 6.258937 4.588638e-07 -1 0 194 154 102 255 0.7226565 0.515426
-58.6031 0.9428818 6.778524 0 0 1 223 187 137 255 0.722656 0.527273
-59.12269 1.462468 6.778524 0 0 1 204 168 116 255 0.957102 0.761719
-58.6031 1.462468 6.258937 1 0 0 0 0 0 255 0.490682 0.2851565
-58.6031 0.9428818 6.778524 1 0 0 223 187 137 255 0.248047 0.51844
-58.474 1.462468 7.01736 0 1 0 233 206 163 255 0.959203 0.279297
-58.99359 1.462468 7.536947 0 1 0 238 209 165 255 0.720703 0.51993
-58.99359 0.9428816 8.056534 -1 0 0 230 201 159 255 0.251953 0.524084
-58.99359 1.462468 7.536947 -1 0 0 238 209 165 255 0.496408 0.7597655
-58.474 1.462468 7.01736 0 0 -1 233 206 163 255 0.503242 0.753906
-57.95441 0.9428816 7.01736 0 4.588621e-07 -1 213 172 126 255 0.251953 1.002534
-58.474 0.423295 8.056534 0 -1 0 216 179 134 255 0.960739 0.2773435
-58.99359 0.423295 7.536946 0 -1 0 194 154 102 255 0.7226565 0.515426
-58.474 1.462468 8.056534 0 0 1 204 168 116 255 0.957102 0.761719
-58.99359 0.9428816 8.056534 0 0 1 230 201 159 255 0.722656 0.996165
-57.95441 1.462468 7.536947 1 0 0 225 197 149 255 0.490682 0.2851565
-57.95441 0.9428816 8.056534 1 0 0 223 195 148 255 0.248047 0.51844
-59.45348 1.462468 6.871693 0 1 0 233 206 163 255 0.959203 0.279297
-59.97307 1.462468 7.39128 0 1 0 238 214 168 255 0.720703 0.51993
-59.97307 1.462468 7.39128 -1 0 0 238 214 168 255 0.496408 0.7597655
-59.97307 0.9428816 6.871693 -1 0 0 234 204 166 255 0.251953 0.995447
-59.45348 1.462468 6.871693 0 0 -1 233 206 163 255 0.503242 0.753906
-58.93389 0.9428818 6.871693 0 0 -1 0 0 0 255 0.251953 1.002534
-59.45348 0.423295 7.910867 0 -1 0 225 193 132 255 0.960739 0.2773435
-59.97307 0.423295 7.39128 0 -1 0 211 163 123 255 0.7226565 0.515426
-59.45348 1.462468 7.910867 0 0 1 231 203 155 255 0.957102 0.761719
-59.97307 0.9428816 7.910867 0 0 1 227 198 154 255 0.722656 0.996165
-58.93389 0.9428818 6.871693 1 0 0 0 0 0 255 0.248047 0.051873
-58.93389 1.462468 7.39128 1 0 0 228 206 159 255 0.490682 0.2851565
-58.81642 1.76131 8.118024 0 1 -3.564918e-07 215 181 136 255 0.959203 0.279297
-59.48521 1.76131 8.786816 -1.27086e-13 1 -3.564911e-07 238 214 168 255 0.720703 0.51993
-59.48521 1.76131 8.786816 -1 0 0 238 214 168 255 0.496408 0.7597655
-59.48521 1.092518 8.118023 -1 0 0 234 204 166 255 0.251953 0.995447
-58.81642 1.76131 8.118024 0 2.138949e-06 -1 215 181 136 255 0.503242 0.753906
-58.14763 1.092518 8.118023 3.564914e-07 3.56492e-07 -1 213 172 126 255 0.251953 1.002534
-58.81642 0.4237268 9.455608 3.56491e-07 -1 0 216 179 134 255 0.960739 0.2773435
-59.48521 0.4237266 8.786816 3.56491e-07 -1 0 211 163 123 255 0.7226565 0.515426
-58.14763 1.092519 9.455608 0 0 1 223 195 148 255 0.722656 0.527273
-58.81642 1.76131 9.455608 0 0 1 204 168 116 255 0.957102 0.761719
-58.14763 1.76131 8.786816 1 0 0 0 0 0 255 0.490682 0.2851565
-58.14763 1.092519 9.455608 1 0 0 223 195 148 255 0.248047 0.51844
-56.43232 1.476628 -4.797502 0 1 -4.588621e-07 233 206 163 255 0.959203 0.279297
-57.74413 1.476628 -5.317088 0 1 -4.588621e-07 226 197 155 255 0.720703 0.51993
-57.74413 1.476628 -5.317088 0 -1.835449e-06 -1 226 197 155 255 0.496408 0.7597655
-56.43232 0.9570413 -5.317087 0 -1.835449e-06 -1 234 204 166 255 0.251953 0.995447
-56.43232 1.476628 -4.797502 1 0 0 233 206 163 255 0.503242 0.753906
-56.43232 0.9570417 -4.277914 1 0 0 0 0 0 255 0.251953 1.002534
-59.05595 0.4374549 -4.7975 0 -1 4.588621e-07 216 179 134 255 0.960739 0.2773435
-57.74413 0.4374547 -5.317086 0 -1 4.588621e-07 194 154 102 255 0.7226565 0.515426
-59.05595 1.476628 -4.797502 -1 0 0 204 168 116 255 0.957102 0.761719
-59.05595 0.9570413 -5.317087 -1 0 0 230 201 159 255 0.722656 0.996165
-57.74413 1.476628 -4.277915 0 1.835449e-06 1 0 0 0 255 0.490682 0.2851565
-59.05595 0.9570417 -4.277914 0 1.835449e-06 1 223 187 137 255 0.248047 0.51844
-58.78481 2.995501 -6.418712 -1 0 0 215 181 136 255 0.959203 0.279297
-58.78481 1.683689 -6.938297 -1 0 0 226 197 155 255 0.720703 0.51993
-58.78481 1.683689 -6.938297 -3.73634e-13 -7.269897e-07 -1 226 197 155 255 0.496408 0.7597655
-58.26522 2.995501 -6.938298 -3.335892e-13 -7.269897e-07 -1 226 197 157 255 0.251953 0.995447
-58.78481 2.995501 -6.418712 0 1 4.588621e-07 215 181 136 255 0.503242 0.753906
-58.26522 2.995501 -5.899125 0 1 4.588621e-07 213 172 126 255 0.251953 1.002534
-57.74564 0.3718762 -6.41871 1 0 0 216 179 134 255 0.960739 0.2773435
-57.74564 1.683689 -6.938297 1 0 0 211 163 123 255 0.7226565 0.515426
-58.26522 0.3718762 -5.899123 0 -1 0 223 195 148 255 0.722656 0.527273
-58.78481 0.3718762 -6.41871 0 -1 0 231 203 155 255 0.957102 0.761719
-58.78481 1.683689 -5.899124 0 7.269899e-07 1 0 0 0 255 0.490682 0.2851565
-58.26522 0.3718762 -5.899123 0 7.269899e-07 1 223 195 148 255 0.248047 0.51844
5.607664 1.76131 5.514838 0 1 0 203 199 164 255 0.601453 0.1589805
5.607664 0.7581223 4.51165 0 0 -1 189 182 128 255 0.1297255 0.6419247
6.610853 0.7581223 4.846046 1 0 0 196 193 142 255 0.1263085 0.629592
6.276457 0.4237266 5.514838 0 -1 0 214 209 177 255 0.6036152 0.1583022
5.273268 0.7581223 5.514838 -1 0 0 181 178 127 255 0.605433 0.644496
6.276457 0.7581223 5.849235 0 0 1 212 210 172 255 0.1267295 0.1685147
28.08197 1.476628 4.556413 0 1 0 183 185 136 255 0.601453 0.279297
28.08197 1.476628 4.816206 0 1 0 203 199 164 255 0.601453 0.1589805
28.08197 0.697248 4.036826 0 0 -1 189 182 128 255 0.1297255 0.6419247
28.08197 0.9570413 4.036826 0 0 -1 188 199 159 255 0.251953 0.6419247
29.39378 0.4374547 4.556413 0 -1 0 75 79 44 255 0.6036152 0.2773435
29.39378 0.4374547 4.816206 0 -1 0 214 209 177 255 0.6036152 0.1583022
29.39378 0.697248 5.075999 0 0 1 212 210 172 255 0.1267295 0.1685147
29.39378 0.9570413 5.075999 0 0 1 182 179 128 255 0.248047 0.1685147
28.08197 1.476628 7.664083 0 1 0 183 185 136 255 0.601453 0.279297
28.08197 1.476628 7.923877 0 1 0 203 199 164 255 0.601453 0.1589805
28.08197 0.697248 7.144496 0 0 -1 189 182 128 255 0.1297255 0.6419247
28.08197 0.9570413 7.144496 0 0 -1 188 199 159 255 0.251953 0.6419247
29.39378 0.4374547 7.664083 0 -1 0 75 79 44 255 0.6036152 0.2773435
29.39378 0.4374547 7.923877 0 -1 0 214 209 177 255 0.6036152 0.1583022
29.39378 0.697248 8.18367 0 0 1 212 210 172 255 0.1267295 0.1685147
29.39378 0.9570413 8.18367 0 0 1 182 179 128 255 0.248047 0.1685147
28.08197 1.476628 -4.797502 0 1 -4.588621e-07 183 185 136 255 0.601453 0.279297
28.08197 1.476628 -4.537708 0 1 -4.588621e-07 203 199 164 255 0.601453 0.1589805
28.08197 0.697248 -5.317087 0 -1.835449e-06 -1 189 182 128 255 0.1297255 0.6419247
28.08197 0.9570413 -5.317087 0 -1.835448e-06 -1 188 199 159 255 0.251953 0.6419247
29.39378 0.4374549 -4.7975 0 -1 4.588621e-07 75 79 44 255 0.6036152 0.2773435
29.39378 0.4374551 -4.537706 0 -1 4.588621e-07 214 209 177 255 0.6036152 0.1583022
29.39378 0.6972485 -4.277914 0 1.835449e-06 1 212 210 172 255 0.1267295 0.1685147
29.39378 0.9570417 -4.277914 0 1.835448e-06 1 182 179 128 255 0.248047 0.1685147
27.6972 1.027782 -6.41871 -1 0 0 183 185 136 255 0.601453 0.279297
27.6972 1.027782 -6.158917 -1 0 0 203 199 164 255 0.601453 0.1589805
28.47658 1.027782 -6.938297 0 -7.269899e-07 -1 189 182 128 255 0.1297255 0.6419247
28.21679 1.027782 -6.938297 0 -7.269899e-07 -1 188 199 159 255 0.251953 0.6419247
28.73637 2.339595 -6.418711 1 0 0 75 79 44 255 0.6036152 0.2773435
28.73637 2.339595 -6.158918 1 0 0 214 209 177 255 0.6036152 0.1583022
28.47658 2.339595 -5.899125 0 7.269899e-07 1 212 210 172 255 0.1267295 0.1685147
28.21679 2.339595 -5.899125 0 7.269899e-07 1 182 179 128 255 0.248047 0.1685147
5.607664 1.76131 -4.838959 0 1 -3.564915e-07 203 199 164 255 0.601453 0.1589805
5.607664 0.7581223 -5.842145 0 -1.425967e-06 -1 189 182 128 255 0.1297255 0.6419247
6.610853 0.7581224 -5.50775 1 0 0 196 193 142 255 0.1263085 0.629592
6.276457 0.4237269 -4.838957 0 -1 3.564915e-07 214 209 177 255 0.6036152 0.1583022
5.273268 0.7581227 -4.838958 -1 0 0 181 178 127 255 0.605433 0.644496
6.276457 0.7581228 -4.504562 0 1.425967e-06 1 212 210 172 255 0.1267295 0.1685147
10.47706 1.76131 -11.83206 0 1 0 203 199 164 255 0.601453 0.1589805
10.47706 0.7581228 -10.82887 1.664632e-12 1.425967e-06 1 189 182 128 255 0.1297255 0.6419247
9.473873 0.7581228 -11.83206 -1 0 1.425964e-06 185 182 131 255 0.1263085 0.87822
9.808269 0.423727 -11.83206 0 -1 0 214 209 177 255 0.6036152 0.1583022
10.81146 0.7581228 -11.16326 1 0 0 194 182 134 255 0.605433 0.878942
9.808268 0.7581228 -12.16645 0 0 -1 212 210 172 255 0.1267295 0.1685147
-15.9952 1.76131 -8.775203 3.56492e-07 1 0 203 199 164 255 0.601453 0.1589805
-14.99201 0.7581224 -8.775202 1 -1.954133e-12 -1.425966e-06 189 182 128 255 0.1297255 0.6419247
-15.3264 0.7581228 -7.772014 1.425966e-06 1.425967e-06 1 196 193 142 255 0.1263085 0.629592
-15.3264 0.4237269 -8.106409 5.083447e-13 -1 3.564915e-07 193 192 136 255 0.6036152 0.3963847
-15.9952 0.7581227 -9.109598 -5.074859e-13 -1.425967e-06 -1 181 178 127 255 0.605433 0.644496
-16.32959 0.7581228 -8.106409 -1 4.053016e-12 2.851925e-06 212 210 172 255 0.1267295 0.1685147
-11.1077 1.76131 -4.59184 -3.56491e-07 1 5.083433e-13 203 199 164 255 0.601453 0.1589805
-12.11089 0.7581223 -4.591838 -1 0 0 189 182 128 255 0.1297255 0.6419247
-11.77649 0.7581223 -5.595026 -1.425966e-06 -1.425967e-06 -1 196 193 142 255 0.1263085 0.629592
-11.1077 0.4237267 -5.26063 5.083441e-13 -1 3.56491e-07 214 209 177 255 0.6036152 0.1583022
-11.77649 0.7581224 -4.257442 -5.083442e-13 1.425966e-06 1 194 182 134 255 0.605433 0.878942
-10.7733 0.7581227 -4.591838 1 -2.029941e-12 -1.425964e-06 196 195 149 255 0.1267295 0.4017982
-36.50353 1.76131 -9.941786 0 1 0 198 190 141 255 0.601453 0.3996135
-36.50353 0.7581223 -10.27618 0 -1.425967e-06 -1 189 182 128 255 0.1297255 0.6419247
-35.50034 0.7581223 -9.941784 1 0 0 196 193 142 255 0.1263085 0.629592
-35.83474 0.4237266 -9.272991 0 -1 0 214 209 177 255 0.6036152 0.1583022
-36.83792 0.7581223 -9.272992 -1 8.106032e-12 5.703864e-06 181 178 127 255 0.605433 0.644496
-35.83474 0.7581223 -8.938597 6.658527e-12 1.425967e-06 1 212 210 172 255 0.1267295 0.1685147
-37.62615 1.76131 5.911887 0 1 0 203 199 164 255 0.601453 0.1589805
-37.62615 0.7581223 4.908699 0 0 -1 189 182 128 255 0.1297255 0.6419247
-36.62296 0.7581223 5.243095 1 0 0 196 193 142 255 0.1263085 0.629592
-36.95736 0.4237266 5.911887 0 -1 0 214 209 177 255 0.6036152 0.1583022
-37.96055 0.7581223 5.911887 -1 0 0 181 178 127 255 0.605433 0.644496
-36.95736 0.7581223 6.246284 0 0 1 212 210 172 255 0.1267295 0.1685147
-14.53753 1.476628 4.556413 0 1 0 183 185 136 255 0.601453 0.279297
-14.53753 1.476628 4.816206 0 1 0 203 199 164 255 0.601453 0.1589805
-14.53753 0.697248 4.036826 0 0 -1 189 182 128 255 0.1297255 0.6419247
-14.53753 0.9570413 4.036826 0 0 -1 188 199 159 255 0.251953 0.6419247
-13.22572 0.4374547 4.556413 0 -1 0 75 79 44 255 0.6036152 0.2773435
-13.22572 0.4374547 4.816206 0 -1 0 214 209 177 255 0.6036152 0.1583022
-13.22572 0.697248 5.075999 0 0 1 212 210 172 255 0.1267295 0.1685147
-13.22572 0.9570413 5.075999 0 0 1 182 179 128 255 0.248047 0.1685147
-37.89859 1.476628 -5.036548 0 1 -4.588621e-07 183 185 136 255 0.601453 0.279297
-37.89859 1.476628 -4.776754 0 1 -4.588621e-07 203 199 164 255 0.601453 0.1589805
-37.89859 0.697248 -5.556133 0 -1.835449e-06 -1 189 182 128 255 0.1297255 0.6419247
-37.89859 0.9570413 -5.556133 0 -1.835448e-06 -1 188 199 159 255 0.251953 0.6419247
-36.58678 0.4374549 -5.036546 0 -1 4.588621e-07 75 79 44 255 0.6036152 0.2773435
-36.58678 0.4374551 -4.776752 0 -1 4.588621e-07 214 209 177 255 0.6036152 0.1583022
-36.58678 0.6972485 -4.51696 0 1.835449e-06 1 212 210 172 255 0.1267295 0.1685147
-36.58678 0.9570417 -4.51696 0 1.835448e-06 1 182 179 128 255 0.248047 0.1685147
-14.53753 1.476628 6.202184 0 1 -4.588621e-07 183 185 136 255 0.601453 0.279297
-14.53753 1.476628 6.461977 0 1 -4.588617e-07 203 199 164 255 0.601453 0.1589805
-14.53753 0.697248 5.682597 0 0 -1 189 182 128 255 0.1297255 0.6419247
-14.53753 0.9570413 5.682597 0 0 -1 188 199 159 255 0.251953 0.6419247
-13.22572 0.4374549 6.202184 0 -1 4.588621e-07 75 79 44 255 0.6036152 0.2773435
-13.22572 0.4374551 6.461977 0 -1 4.588617e-07 214 209 177 255 0.6036152 0.1583022
-13.22572 0.6972485 6.721771 0 0 1 212 210 172 255 0.1267295 0.1685147
-13.22572 0.9570417 6.721771 0 0 1 182 179 128 255 0.248047 0.1685147
-58.48203 1.76131 9.121212 0 1 -3.56491e-07 203 199 164 255 0.601453 0.1589805
-59.48521 0.7581224 9.121212 -1 0 0 189 182 128 255 0.1297255 0.6419247
-59.15082 0.7581223 8.118023 0 0 -1 196 193 142 255 0.1263085 0.629592
-58.48203 0.4237267 8.452419 0 -1 3.56491e-07 214 209 177 255 0.6036152 0.1583022
-59.15082 0.7581226 9.455608 0 0 1 194 182 134 255 0.605433 0.878942
-58.14763 0.7581224 8.452419 1 0 0 212 210 172 255 0.1267295 0.1685147
-58.40004 1.476628 -4.797502 0 1 -4.588621e-07 183 185 136 255 0.601453 0.279297
-58.40004 1.476628 -4.537708 0 1 -4.588621e-07 203 199 164 255 0.601453 0.1589805
-58.40004 0.697248 -5.317087 0 -1.835449e-06 -1 189 182 128 255 0.1297255 0.6419247
-58.40004 0.9570413 -5.317087 0 -1.835448e-06 -1 188 199 159 255 0.251953 0.6419247
-57.08823 0.4374549 -4.7975 0 -1 4.588621e-07 75 79 44 255 0.6036152 0.2773435
-57.08823 0.4374551 -4.537706 0 -1 4.588621e-07 214 209 177 255 0.6036152 0.1583022
-57.08823 0.6972485 -4.277914 0 1.835449e-06 1 212 210 172 255 0.1267295 0.1685147
-57.08823 0.9570417 -4.277914 0 1.835448e-06 1 182 179 128 255 0.248047 0.1685147
-58.78481 1.027782 -6.41871 -1 2.907954e-06 -7.341794e-06 183 185 136 255 0.601453 0.279297
-58.78481 1.027782 -6.158917 -1 2.907951e-06 -1.292093e-05 203 199 164 255 0.601453 0.1589805
-58.00543 1.027782 -6.938297 0 -7.269899e-07 -1 189 182 128 255 0.1297255 0.6419247
-58.26522 1.027782 -6.938297 0 -7.269899e-07 -1 188 199 159 255 0.251953 0.6419247
-57.74564 2.339595 -6.418711 1 0 0 75 79 44 255 0.6036152 0.2773435
-57.74564 2.339595 -6.158918 1 0 0 214 209 177 255 0.6036152 0.1583022
-58.00543 2.339595 -5.899125 0 7.269899e-07 1 212 210 172 255 0.1267295 0.1685147
-58.26522 2.339595 -5.899125 0 7.269899e-07 1 182 179 128 255 0.248047 0.1685147
6.276457 1.76131 4.846046 0 1 0 195 192 141 255 0.839953 0.3996135
6.276457 1.426914 4.51165 0 0 -1 210 209 165 255 0.3741805 0.8776063
6.610853 1.426914 5.514838 1 0 0 211 209 168 255 0.3775975 0.87822
5.607664 0.4237266 4.846046 0 -1 0 177 174 123 255 0.8416978 0.3963847
5.273268 1.426914 4.846046 -1 0 0 204 202 163 255 0.839879 0.878942
5.607664 1.426914 5.849235 0 0 1 187 183 135 255 0.3693645 0.4017982
29.39378 1.476628 4.296619 0 1 0 195 192 141 255 0.839953 0.3996135
29.39378 1.476628 4.556413 0 1 0 166 168 129 255 0.839953 0.279297
29.39378 1.216835 4.036826 0 0 -1 210 209 165 255 0.3741805 0.8776063
29.39378 0.9570413 4.036826 0 0 -1 170 182 136 255 0.251953 0.8776063
28.08197 0.4374547 4.296619 0 -1 0 177 174 123 255 0.8416978 0.3963847
28.08197 0.4374547 4.556413 0 -1 0 39 40 22 255 0.8416978 0.2773435
28.08197 1.216835 5.075999 0 0 1 187 183 135 255 0.3693645 0.4017982
28.08197 0.9570413 5.075999 0 0 1 176 175 129 255 0.248047 0.4017982
29.39378 1.476628 7.40429 0 1 0 195 192 141 255 0.839953 0.3996135
29.39378 1.476628 7.664083 0 1 0 166 168 129 255 0.839953 0.279297
29.39378 1.216835 7.144496 0 0 -1 210 209 165 255 0.3741805 0.8776063
29.39378 0.9570413 7.144496 0 0 -1 170 182 136 255 0.251953 0.8776063
28.08197 0.4374547 7.40429 0 -1 0 177 174 123 255 0.8416978 0.3963847
28.08197 0.4374547 7.664083 0 -1 0 39 40 22 255 0.8416978 0.2773435
28.08197 1.216835 8.18367 0 0 1 187 183 135 255 0.3693645 0.4017982
28.08197 0.9570413 8.18367 0 0 1 176 175 129 255 0.248047 0.4017982
29.39378 1.476628 -5.057295 0 1 -4.588621e-07 195 192 141 255 0.839953 0.3996135
29.39378 1.476628 -4.797502 0 1 -4.588621e-07 166 168 129 255 0.839953 0.279297
29.39378 1.216835 -5.317088 0 -1.835449e-06 -1 210 209 165 255 0.3741805 0.8776063
29.39378 0.9570413 -5.317087 0 -1.835448e-06 -1 170 182 136 255 0.251953 0.8776063
28.08197 0.4374548 -5.057293 0 -1 4.588621e-07 177 174 123 255 0.8416978 0.3963847
28.08197 0.4374549 -4.7975 0 -1 4.588621e-07 39 40 22 255 0.8416978 0.2773435
28.08197 1.216835 -4.277915 0 1.835449e-06 1 187 183 135 255 0.3693645 0.4017982
28.08197 0.9570417 -4.277914 0 1.835448e-06 1 176 175 129 255 0.248047 0.4017982
27.6972 2.339595 -6.678504 -1 0 0 195 192 141 255 0.839953 0.3996135
27.6972 2.339595 -6.418711 -1 0 0 166 168 129 255 0.839953 0.279297
27.95699 2.339595 -6.938298 -5.870865e-13 -7.269896e-07 -1 210 209 165 255 0.3741805 0.8776063
28.21679 2.339595 -6.938298 -3.335868e-13 -7.269897e-07 -1 170 182 136 255 0.251953 0.8776063
28.73637 1.027782 -6.678504 1 0 0 177 174 123 255 0.8416978 0.3963847
28.73637 1.027782 -6.41871 1 0 0 39 40 22 255 0.8416978 0.2773435
27.95699 1.027782 -5.899124 0 7.269899e-07 1 187 183 135 255 0.3693645 0.4017982
28.21679 1.027782 -5.899124 0 7.269899e-07 1 176 175 129 255 0.248047 0.4017982
6.276457 1.76131 -5.507751 0 1 -3.564915e-07 195 192 141 255 0.839953 0.3996135
6.276457 1.426914 -5.842146 0 -1.425967e-06 -1 210 209 165 255 0.3741805 0.8776063
6.610853 1.426914 -4.838959 1 0 0 211 209 168 255 0.3775975 0.87822
5.607664 0.4237267 -5.507749 0 -1 3.564915e-07 177 174 123 255 0.8416978 0.3963847
5.273268 1.426914 -5.507751 -1 0 0 204 202 163 255 0.839879 0.878942
5.607664 1.426914 -4.504563 0 1.425967e-06 1 187 183 135 255 0.3693645 0.4017982
9.80827 1.76131 -11.16326 0 1 0 195 192 141 255 0.839953 0.3996135
9.80827 1.426914 -10.82887 1.664632e-12 1.425967e-06 1 210 209 165 255 0.3741805 0.8776063
9.473873 1.426914 -11.16326 -1 0 0 209 208 164 255 0.3775975 0.629592
10.47706 0.423727 -11.16326 0 -1 0 177 174 123 255 0.8416978 0.3963847
10.81146 1.426914 -11.83206 1 0 0 197 196 150 255 0.839879 0.644496
10.47706 1.426914 -12.16645 -1.425964e-06 -1.425967e-06 -1 187 183 135 255 0.3693645 0.4017982
-15.3264 1.76131 -8.106411 -5.083447e-13 1 -3.564915e-07 195 192 141 255 0.839953 0.3996135
-14.99201 1.426914 -8.106411 1 -1.99032e-12 -1.425966e-06 210 209 165 255 0.3741805 0.8776063
-15.9952 1.426914 -7.772014 1.425966e-06 1.425967e-06 1 211 209 168 255 0.3775975 0.87822
-15.9952 0.4237269 -8.775201 -3.56491e-07 -1 1.016687e-12 194 193 147 255 0.8416978 0.1583022
-15.32641 1.426914 -9.109598 -5.06627e-13 -1.425966e-06 -1 204 202 163 255 0.839879 0.878942
-16.32959 1.426914 -8.775202 -1 2.851933e-06 3.401639e-12 187 183 135 255 0.3693645 0.4017982
-11.77649 1.76131 -5.260632 -3.564915e-07 1 0 195 192 141 255 0.839953 0.3996135
-12.11089 1.426914 -5.260631 -1 0 0 210 209 165 255 0.3741805 0.8776063
-11.1077 1.426914 -5.595028 -1.425966e-06 -1.425966e-06 -1 211 209 168 255 0.3775975 0.87822
-11.77649 0.4237267 -4.591837 3.56491e-07 -1 0 177 174 123 255 0.8416978 0.3963847
-11.1077 1.426914 -4.257443 -5.083442e-13 1.425967e-06 1 197 196 150 255 0.839879 0.644496
-10.77331 1.426914 -5.260632 1 -2.026508e-12 -1.425964e-06 198 194 149 255 0.3693645 0.1685147
-35.83474 1.76131 -9.272993 0 1 0 194 193 147 255 0.839953 0.1589805
-35.83474 1.426914 -10.27618 0 -1.425967e-06 -1 210 209 165 255 0.3741805 0.8776063
-35.50034 1.426914 -9.272993 1 0 0 211 209 168 255 0.3775975 0.87822
-36.50353 0.4237266 -9.941784 0 -1 0 177 174 123 255 0.8416978 0.3963847
-36.83793 1.426914 -9.941785 -1 7.816531e-12 5.703864e-06 204 202 163 255 0.839879 0.878942
-36.50352 1.426914 -8.938597 6.658527e-12 1.425967e-06 1 187 183 135 255 0.3693645 0.4017982
-36.95736 1.76131 5.243095 0 1 0 195 192 141 255 0.839953 0.3996135
-36.95736 1.426914 4.908699 0 0 -1 210 209 165 255 0.3741805 0.8776063
-36.62296 1.426914 5.911887 1 0 0 211 209 168 255 0.3775975 0.87822
-37.62615 0.4237266 5.243095 0 -1 0 177 174 123 255 0.8416978 0.3963847
-37.96055 1.426914 5.243095 -1 0 0 204 202 163 255 0.839879 0.878942
-37.62615 1.426914 6.246284 0 0 1 187 183 135 255 0.3693645 0.4017982
-13.22572 1.476628 4.296619 0 1 0 195 192 141 255 0.839953 0.3996135
-13.22572 1.476628 4.556413 0 1 0 166 168 129 255 0.839953 0.279297
-13.22572 1.216835 4.036826 0 0 -1 210 209 165 255 0.3741805 0.8776063
-13.22572 0.9570413 4.036826 0 0 -1 170 182 136 255 0.251953 0.8776063
-14.53753 0.4374547 4.296619 0 -1 0 177 174 123 255 0.8416978 0.3963847
-14.53753 0.4374547 4.556413 0 -1 0 39 40 22 255 0.8416978 0.2773435
-14.53753 1.216835 5.075999 0 0 1 187 183 135 255 0.3693645 0.4017982
-14.53753 0.9570413 5.075999 0 0 1 176 175 129 255 0.248047 0.4017982
-36.58678 1.476628 -5.296341 0 1 -4.588621e-07 195 192 141 255 0.839953 0.3996135
-36.58678 1.476628 -5.036548 0 1 -4.588621e-07 166 168 129 255 0.839953 0.279297
-36.58678 1.216835 -5.556134 0 -1.835449e-06 -1 210 209 165 255 0.3741805 0.8776063
-36.58678 0.9570413 -5.556133 0 -1.835448e-06 -1 170 182 136 255 0.251953 0.8776063
-37.89859 0.4374548 -5.296339 0 -1 4.588621e-07 177 174 123 255 0.8416978 0.3963847
-37.89859 0.4374549 -5.036546 0 -1 4.588621e-07 39 40 22 255 0.8416978 0.2773435
-37.89859 1.216835 -4.516961 0 1.835449e-06 1 187 183 135 255 0.3693645 0.4017982
-37.89859 0.9570417 -4.51696 0 1.835448e-06 1 176 175 129 255 0.248047 0.4017982
-13.22572 1.476628 5.94239 0 1 -4.588621e-07 195 192 141 255 0.839953 0.3996135
-13.22572 1.476628 6.202184 0 1 -4.588621e-07 166 168 129 255 0.839953 0.279297
-13.22572 1.216835 5.682597 0 0 -1 210 209 165 255 0.3741805 0.8776063
-13.22572 0.9570413 5.682597 0 0 -1 170 182 136 255 0.251953 0.8776063
-14.53753 0.4374548 5.94239 0 -1 4.588621e-07 177 174 123 255 0.8416978 0.3963847
-14.53753 0.4374549 6.202184 0 -1 4.588621e-07 39 40 22 255 0.8416978 0.2773435
-14.53753 1.216835 6.721771 0 0 1 187 183 135 255 0.3693645 0.4017982
-14.53753 0.9570417 6.721771 0 0 1 176 175 129 255 0.248047 0.4017982
-59.15082 1.76131 8.452419 0 1 -3.564915e-07 195 192 141 255 0.839953 0.3996135
-59.48521 1.426914 8.452419 -1 0 0 210 209 165 255 0.3741805 0.8776063
-58.48203 1.426914 8.118023 0 1.425967e-06 -1 211 209 168 255 0.3775975 0.87822
-59.15082 0.4237267 9.121212 3.56491e-07 -1 0 177 174 123 255 0.8416978 0.3963847
-58.48203 1.426914 9.455608 0 0 1 197 196 150 255 0.839879 0.644496
-58.14763 1.426914 9.121212 1 0 0 187 183 135 255 0.3693645 0.4017982
-57.08823 1.476628 -5.057295 0 1 -4.588621e-07 195 192 141 255 0.839953 0.3996135
-57.08823 1.476628 -4.797502 0 1 -4.588621e-07 166 168 129 255 0.839953 0.279297
-57.08823 1.216835 -5.317088 0 -1.835449e-06 -1 210 209 165 255 0.3741805 0.8776063
-57.08823 0.9570413 -5.317087 0 -1.835448e-06 -1 170 182 136 255 0.251953 0.8776063
-58.40004 0.4374548 -5.057293 0 -1 4.588621e-07 177 174 123 255 0.8416978 0.3963847
-58.40004 0.4374549 -4.7975 0 -1 4.588621e-07 39 40 22 255 0.8416978 0.2773435
-58.40004 1.216835 -4.277915 0 1.835449e-06 1 187 183 135 255 0.3693645 0.4017982
-58.40004 0.9570417 -4.277914 0 1.835448e-06 1 176 175 129 255 0.248047 0.4017982
-58.78481 2.339595 -6.678504 -1 0 0 195 192 141 255 0.839953 0.3996135
-58.78481 2.339595 -6.418711 -1 0 0 166 168 129 255 0.839953 0.279297
-58.52501 2.339595 -6.938298 -5.870889e-13 -7.269897e-07 -1 210 209 165 255 0.3741805 0.8776063
-58.26522 2.339595 -6.938298 -3.335892e-13 -7.269898e-07 -1 170 182 136 255 0.251953 0.8776063
-57.74564 1.027782 -6.678504 1 0 0 177 174 123 255 0.8416978 0.3963847
-57.74564 1.027782 -6.41871 1 0 0 39 40 22 255 0.8416978 0.2773435
-58.52502 1.027782 -5.899124 0 7.269899e-07 1 187 183 135 255 0.3693645 0.4017982
-58.26522 1.027782 -5.899124 0 7.269898e-07 1 176 175 129 255 0.248047 0.4017982
6.276457 1.76131 5.514838 0 1 0 194 193 147 255 0.839953 0.1589805
5.607664 1.76131 4.846046 0 1 0 198 190 141 255 0.601453 0.3996135
5.607664 1.426914 4.51165 0 0 -1 213 211 172 255 0.3741805 0.6419247
6.276457 0.7581223 4.51165 0 0 -1 178 175 124 255 0.1297255 0.8776063
6.610853 1.426914 4.846046 1 0 0 209 208 164 255 0.3775975 0.629592
6.610853 0.7581223 5.514838 1 0 0 185 182 131 255 0.1263085 0.87822
5.607664 0.4237266 5.514838 0 -1 0 194 193 147 255 0.8416978 0.1583022
6.276457 0.4237266 4.846046 0 -1 0 193 192 136 255 0.6036152 0.3963847
5.273268 1.426914 5.514838 -1 0 0 197 196 150 255 0.839879 0.644496
5.273268 0.7581223 4.846046 -1 0 0 194 182 134 255 0.605433 0.878942
6.276457 1.426914 5.849235 0 0 1 198 194 149 255 0.3693645 0.1685147
5.607664 0.7581223 5.849235 0 0 1 196 195 149 255 0.1267295 0.4017982
29.39378 1.476628 4.816206 0 1 0 194 193 147 255 0.839953 0.1589805
29.39378 1.476628 5.075999 0 1 0 212 178 132 255 0.839953 0.038664
28.08197 1.476628 4.296619 0 1 0 198 190 141 255 0.601453 0.3996135
28.08197 1.476628 5.075999 0 1 0 0 0 0 255 0.601453 0.038664
28.08197 1.216835 4.036826 0 0 -1 213 211 172 255 0.3741805 0.6419247
29.39378 0.697248 4.036826 0 0 -1 178 175 124 255 0.1297255 0.8776063
29.39378 0.4374547 4.036826 0 0 -1 219 184 130 255 0.007498 0.8776063
28.08197 0.4374547 4.036826 0 0 -1 226 202 164 255 0.007498 0.6419247
28.08197 0.4374547 4.816206 0 -1 0 194 193 147 255 0.8416978 0.1583022
28.08197 0.4374547 5.075999 0 -1 0 222 190 143 255 0.8416978 0.039261
29.39378 0.4374547 4.296619 0 -1 0 193 192 136 255 0.6036152 0.3963847
29.39378 0.4374547 5.075999 0 -1 0 220 201 159 255 0.6036152 0.039261
29.39378 1.216835 5.075999 0 0 1 198 194 149 255 0.3693645 0.1685147
28.08197 0.697248 5.075999 0 0 1 196 195 149 255 0.1267295 0.4017982
28.08197 0.4374547 5.075999 0 0 1 222 190 143 255 0.005412 0.4017982
29.39378 0.4374547 5.075999 0 0 1 220 201 159 255 0.005412 0.1685147
29.39378 1.476628 7.923877 0 1 0 194 193 147 255 0.839953 0.1589805
29.39378 1.476628 8.18367 0 1 0 222 198 154 255 0.839953 0.038664
28.08197 1.476628 7.40429 0 1 0 198 190 141 255 0.601453 0.3996135
28.08197 1.476628 8.18367 0 1 0 221 193 146 255 0.601453 0.038664
28.08197 1.216835 7.144496 0 0 -1 213 211 172 255 0.3741805 0.6419247
29.39378 0.697248 7.144496 0 0 -1 178 175 124 255 0.1297255 0.8776063
29.39378 0.4374547 7.144496 0 0 -1 219 184 130 255 0.007498 0.8776063
28.08197 0.4374547 7.144496 0 0 -1 226 194 143 255 0.007498 0.6419247
28.08197 0.4374547 7.923877 0 -1 0 194 193 147 255 0.8416978 0.1583022
28.08197 0.4374547 8.18367 0 -1 0 235 219 159 255 0.8416978 0.039261
29.39378 0.4374547 7.40429 0 -1 0 193 192 136 255 0.6036152 0.3963847
29.39378 0.4374547 8.18367 0 -1 0 220 201 159 255 0.6036152 0.039261
29.39378 1.216835 8.18367 0 0 1 198 194 149 255 0.3693645 0.1685147
28.08197 0.697248 8.18367 0 0 1 196 195 149 255 0.1267295 0.4017982
28.08197 0.4374547 8.18367 0 0 1 235 219 159 255 0.005412 0.4017982
29.39378 0.4374547 8.18367 0 0 1 220 201 159 255 0.005412 0.1685147
29.39378 1.476628 -4.537708 0 1 -4.588621e-07 194 193 147 255 0.839953 0.1589805
29.39378 1.476628 -4.277915 0 1 -4.588621e-07 222 198 154 255 0.839953 0.038664
28.08197 1.476628 -5.057295 0 1 -4.588621e-07 198 190 141 255 0.601453 0.3996135
28.08197 1.476628 -4.277915 0 1 -4.588621e-07 0 0 0 255 0.601453 0.038664
28.08197 1.216835 -5.317088 0 -1.835449e-06 -1 213 211 172 255 0.3741805 0.6419247
29.39378 0.697248 -5.317087 0 -1.835449e-06 -1 178 175 124 255 0.1297255 0.8776063
29.39378 0.4374547 -5.317086 0 -1.835448e-06 -1 196 164 125 255 0.007498 0.8776063
28.08197 0.4374547 -5.317086 0 -1.835448e-06 -1 226 202 164 255 0.007498 0.6419247
28.08197 0.4374551 -4.537706 0 -1 4.588621e-07 194 193 147 255 0.8416978 0.1583022
28.08197 0.4374552 -4.277913 0 -1 4.588621e-07 235 219 159 255 0.8416978 0.039261
29.39378 0.4374548 -5.057293 0 -1 4.588621e-07 193 192 136 255 0.6036152 0.3963847
29.39378 0.4374552 -4.277913 0 -1 4.588621e-07 228 207 164 255 0.6036152 0.039261
29.39378 1.216835 -4.277915 0 1.835449e-06 1 198 194 149 255 0.3693645 0.1685147
28.08197 0.6972485 -4.277914 0 1.835449e-06 1 196 195 149 255 0.1267295 0.4017982
28.08197 0.4374552 -4.277913 0 1.835448e-06 1 235 219 159 255 0.005412 0.4017982
29.39378 0.4374552 -4.277913 0 1.835448e-06 1 228 207 164 255 0.005412 0.1685147
27.6972 2.339595 -6.158918 -1 0 0 194 193 147 255 0.839953 0.1589805
27.6972 2.339595 -5.899125 -1 0 0 212 178 132 255 0.839953 0.038664
27.6972 1.027782 -6.678504 -1 0 0 198 190 141 255 0.601453 0.3996135
27.6972 1.027782 -5.899124 -1 0 0 0 0 0 255 0.601453 0.038664
27.95699 1.027782 -6.938297 -1.667946e-13 -7.269898e-07 -1 213 211 172 255 0.3741805 0.6419247
28.47658 2.339595 -6.938298 -4.004477e-14 -7.269898e-07 -1 178 175 124 255 0.1297255 0.8776063
28.73637 2.339595 -6.938298 0 -7.269899e-07 -1 196 164 125 255 0.007498 0.8776063
28.73637 1.027782 -6.938297 0 -7.269899e-07 -1 226 202 164 255 0.007498 0.6419247
28.73637 1.027782 -6.158917 1 0 0 194 193 147 255 0.8416978 0.1583022
28.73637 1.027782 -5.899124 1 0 0 222 190 143 255 0.8416978 0.039261
28.73637 2.339595 -6.678504 1 0 0 193 192 136 255 0.6036152 0.3963847
28.73637 2.339595 -5.899125 1 0 0 228 207 164 255 0.6036152 0.039261
27.95699 2.339595 -5.899125 0 7.269899e-07 1 198 194 149 255 0.3693645 0.1685147
28.47658 1.027782 -5.899124 0 7.269899e-07 1 196 195 149 255 0.1267295 0.4017982
28.73637 1.027782 -5.899124 0 7.269899e-07 1 222 190 143 255 0.005412 0.4017982
28.73637 2.339595 -5.899125 0 7.269899e-07 1 228 207 164 255 0.005412 0.1685147
6.276457 1.76131 -4.838959 0 1 -3.564915e-07 194 193 147 255 0.839953 0.1589805
5.607664 1.76131 -5.507751 0 1 -3.564915e-07 198 190 141 255 0.601453 0.3996135
5.607664 1.426914 -5.842146 0 -1.425967e-06 -1 213 211 172 255 0.3741805 0.6419247
6.276457 0.7581223 -5.842145 0 -1.425967e-06 -1 178 175 124 255 0.1297255 0.8776063
6.610853 1.426914 -5.507751 1 0 0 209 208 164 255 0.3775975 0.629592
6.610853 0.7581227 -4.838958 1 0 0 185 182 131 255 0.1263085 0.87822
5.607664 0.4237269 -4.838957 0 -1 3.564915e-07 194 193 147 255 0.8416978 0.1583022
6.276457 0.4237267 -5.507749 0 -1 3.564915e-07 193 192 136 255 0.6036152 0.3963847
5.273268 1.426914 -4.838959 -1 0 0 197 196 150 255 0.839879 0.644496
5.273268 0.7581224 -5.50775 -1 0 0 194 182 134 255 0.605433 0.878942
6.276457 1.426914 -4.504563 0 1.425967e-06 1 198 194 149 255 0.3693645 0.1685147
5.607664 0.7581228 -4.504562 0 1.425967e-06 1 196 195 149 255 0.1267295 0.4017982
9.808268 1.76131 -11.83206 0 1 0 194 193 147 255 0.839953 0.1589805
10.47706 1.76131 -11.16326 0 1 0 198 190 141 255 0.601453 0.3996135
10.47706 1.426914 -10.82887 -1.664632e-12 1.425967e-06 1 213 211 172 255 0.3741805 0.6419247
9.80827 0.7581228 -10.82887 -1.664632e-12 1.425967e-06 1 178 175 124 255 0.1297255 0.8776063
9.473873 0.7581228 -11.16326 -1 0 0 196 193 142 255 0.1263085 0.629592
9.473873 1.426914 -11.83206 -1 7.961282e-13 1.425964e-06 211 209 168 255 0.3775975 0.87822
10.47706 0.423727 -11.83206 0 -1 0 194 193 147 255 0.8416978 0.1583022
9.80827 0.423727 -11.16326 0 -1 0 193 192 136 255 0.6036152 0.3963847
10.81146 0.7581228 -11.83206 1 0 0 181 178 127 255 0.605433 0.644496
10.81146 1.426914 -11.16326 1 0 0 204 202 163 255 0.839879 0.878942
9.808268 1.426914 -12.16645 -7.129822e-07 -7.129825e-07 -1 198 194 149 255 0.3693645 0.1685147
10.47706 0.7581228 -12.16645 -7.129821e-07 -7.129833e-07 -1 196 195 149 255 0.1267295 0.4017982
-15.9952 1.76131 -8.10641 1.782457e-07 1 -1.782457e-07 194 193 147 255 0.839953 0.1589805
-15.32641 1.76131 -8.775203 1.782457e-07 1 -1.782457e-07 198 190 141 255 0.601453 0.3996135
-14.99201 1.426914 -8.775203 1 -1.993756e-12 -1.425966e-06 213 211 172 255 0.3741805 0.6419247
-14.99201 0.7581227 -8.10641 1 -1.99032e-12 -1.425966e-06 178 175 124 255 0.1297255 0.8776063
-15.3264 1.426914 -7.772015 1.425966e-06 1.425967e-06 1 209 208 164 255 0.3775975 0.629592
-15.9952 0.7581228 -7.772013 1.425966e-06 1.425967e-06 1 185 182 131 255 0.1263085 0.87822
-15.9952 0.4237269 -8.106408 -1.782452e-07 -1 1.782463e-07 214 209 177 255 0.6036152 0.1583022
-15.32641 0.4237267 -8.775201 -1.782452e-07 -1 1.782463e-07 177 174 123 255 0.8416978 0.3963847
-15.9952 1.426914 -9.109598 -2.171259e-12 -1.425967e-06 -1 197 196 150 255 0.839879 0.644496
-15.32641 0.7581224 -9.109598 1.158005e-12 -1.425966e-06 -1 194 182 134 255 0.605433 0.878942
-16.32959 1.426914 -8.106409 -1 1.425967e-06 1.425969e-06 198 194 149 255 0.3693645 0.1685147
-16.32959 0.7581228 -8.775202 -1 1.42597e-06 1.425966e-06 196 195 149 255 0.1267295 0.4017982
-11.1077 1.76131 -5.260633 -3.564913e-07 1 2.54171e-13 194 193 147 255 0.839953 0.1589805
-11.77649 1.76131 -4.59184 -3.564913e-07 1 2.541723e-13 198 190 141 255 0.601453 0.3996135
-12.11089 1.426914 -4.591839 -1 0 0 213 211 172 255 0.3741805 0.6419247
-12.11089 0.7581223 -5.26063 -1 0 0 178 175 124 255 0.1297255 0.8776063
-11.77649 1.426914 -5.595027 -1.425966e-06 -1.425966e-06 -1 209 208 164 255 0.3775975 0.629592
-11.1077 0.7581223 -5.595027 -1.425966e-06 -1.425966e-06 -1 185 182 131 255 0.1263085 0.87822
-11.1077 0.4237269 -4.591837 1.782458e-07 -1 1.782455e-07 194 193 147 255 0.8416978 0.1583022
-11.77649 0.4237267 -5.260629 1.782458e-07 -1 1.782455e-07 193 192 136 255 0.6036152 0.3963847
-11.1077 0.7581227 -4.257442 -5.083442e-13 1.425967e-06 1 181 178 127 255 0.605433 0.644496
-11.77649 1.426914 -4.257443 -5.083442e-13 1.425967e-06 1 204 202 163 255 0.839879 0.878942
-10.77331 0.7581224 -5.260631 1 -1.809382e-12 -1.425964e-06 212 210 172 255 0.1267295 0.1685147
-10.7733 1.426914 -4.591839 1 -2.243634e-12 -1.425964e-06 187 183 135 255 0.3693645 0.4017982
-36.50352 1.76131 -9.272993 0 1 0 203 199 164 255 0.601453 0.1589805
-35.83474 1.76131 -9.941786 0 1 0 195 192 141 255 0.839953 0.3996135
-36.50353 1.426914 -10.27618 0 -1.425967e-06 -1 213 211 172 255 0.3741805 0.6419247
-35.83474 0.7581223 -10.27618 0 -1.425967e-06 -1 178 175 124 255 0.1297255 0.8776063
-35.50034 1.426914 -9.941785 1 0 0 209 208 164 255 0.3775975 0.629592
-35.50034 0.7581223 -9.272992 1 0 0 185 182 131 255 0.1263085 0.87822
-36.50352 0.4237266 -9.272991 0 -1 0 194 193 147 255 0.8416978 0.1583022
-35.83474 0.4237266 -9.941784 0 -1 0 193 192 136 255 0.6036152 0.3963847
-36.83792 1.426914 -9.272993 -1 8.119776e-12 5.703864e-06 197 196 150 255 0.839879 0.644496
-36.83793 0.7581223 -9.941784 -1 7.816531e-12 5.703864e-06 194 182 134 255 0.605433 0.878942
-35.83474 1.426914 -8.938597 -6.658527e-12 1.425967e-06 1 198 194 149 255 0.3693645 0.1685147
-36.50352 0.7581223 -8.938597 -6.658527e-12 1.425967e-06 1 196 195 149 255 0.1267295 0.4017982
-36.95736 1.76131 5.911887 0 1 0 194 193 147 255 0.839953 0.1589805
-37.62615 1.76131 5.243095 0 1 0 198 190 141 255 0.601453 0.3996135
-37.62615 1.426914 4.908699 0 0 -1 213 211 172 255 0.3741805 0.6419247
-36.95736 0.7581223 4.908699 0 0 -1 178 175 124 255 0.1297255 0.8776063
-36.62296 1.426914 5.243095 1 0 0 209 208 164 255 0.3775975 0.629592
-36.62296 0.7581223 5.911887 1 0 0 185 182 131 255 0.1263085 0.87822
-37.62615 0.4237266 5.911887 0 -1 0 194 193 147 255 0.8416978 0.1583022
-36.95736 0.4237266 5.243095 0 -1 0 193 192 136 255 0.6036152 0.3963847
-37.96055 1.426914 5.911887 -1 0 0 197 196 150 255 0.839879 0.644496
-37.96055 0.7581223 5.243095 -1 0 0 194 182 134 255 0.605433 0.878942
-36.95736 1.426914 6.246284 0 0 1 198 194 149 255 0.3693645 0.1685147
-37.62615 0.7581223 6.246284 0 0 1 196 195 149 255 0.1267295 0.4017982
-13.22572 1.476628 4.816206 0 1 0 194 193 147 255 0.839953 0.1589805
-13.22572 1.476628 5.075999 0 1 0 212 178 132 255 0.839953 0.038664
-14.53753 1.476628 4.296619 0 1 0 198 190 141 255 0.601453 0.3996135
-14.53753 1.476628 5.075999 0 1 0 0 0 0 255 0.601453 0.038664
-14.53753 1.216835 4.036826 0 0 -1 213 211 172 255 0.3741805 0.6419247
-13.22572 0.697248 4.036826 0 0 -1 178 175 124 255 0.1297255 0.8776063
-13.22572 0.4374547 4.036826 0 0 -1 196 164 125 255 0.007498 0.8776063
-14.53753 0.4374547 4.036826 0 0 -1 226 202 164 255 0.007498 0.6419247
-14.53753 0.4374547 4.816206 0 -1 0 194 193 147 255 0.8416978 0.1583022
-14.53753 0.4374547 5.075999 0 -1 0 235 219 159 255 0.8416978 0.039261
-13.22572 0.4374547 4.296619 0 -1 0 193 192 136 255 0.6036152 0.3963847
-13.22572 0.4374547 5.075999 0 -1 0 220 201 159 255 0.6036152 0.039261
-13.22572 1.216835 5.075999 0 0 1 198 194 149 255 0.3693645 0.1685147
-14.53753 0.697248 5.075999 0 0 1 196 195 149 255 0.1267295 0.4017982
-14.53753 0.4374547 5.075999 0 0 1 235 219 159 255 0.005412 0.4017982
-13.22572 0.4374547 5.075999 0 0 1 220 201 159 255 0.005412 0.1685147
-36.58678 1.476628 -4.776754 0 1 -4.588621e-07 194 193 147 255 0.839953 0.1589805
-36.58678 1.476628 -4.516961 0 1 -4.588621e-07 222 198 154 255 0.839953 0.038664
-37.89859 1.476628 -5.296341 0 1 -4.588621e-07 198 190 141 255 0.601453 0.3996135
-37.89859 1.476628 -4.516961 0 1 -4.588621e-07 0 0 0 255 0.601453 0.038664
-37.89859 1.216835 -5.556134 0 -1.835449e-06 -1 213 211 172 255 0.3741805 0.6419247
-36.58678 0.697248 -5.556133 0 -1.835449e-06 -1 178 175 124 255 0.1297255 0.8776063
-36.58678 0.4374547 -5.556132 0 -1.835448e-06 -1 196 164 125 255 0.007498 0.8776063
-37.89859 0.4374547 -5.556132 0 -1.835448e-06 -1 226 202 164 255 0.007498 0.6419247
-37.89859 0.4374551 -4.776752 0 -1 4.588621e-07 194 193 147 255 0.8416978 0.1583022
-37.89859 0.4374552 -4.516959 0 -1 4.588621e-07 222 190 143 255 0.8416978 0.039261
-36.58678 0.4374548 -5.296339 0 -1 4.588621e-07 193 192 136 255 0.6036152 0.3963847
-36.58678 0.4374552 -4.516959 0 -1 4.588621e-07 220 201 159 255 0.6036152 0.039261
-36.58678 1.216835 -4.516961 0 1.835449e-06 1 198 194 149 255 0.3693645 0.1685147
-37.89859 0.6972485 -4.51696 0 1.835449e-06 1 196 195 149 255 0.1267295 0.4017982
-37.89859 0.4374552 -4.516959 0 1.835448e-06 1 222 190 143 255 0.005412 0.4017982
-36.58678 0.4374552 -4.516959 0 1.835448e-06 1 220 201 159 255 0.005412 0.1685147
-13.22572 1.476628 6.461977 0 1 -4.588617e-07 194 193 147 255 0.839953 0.1589805
-13.22572 1.476628 6.721771 0 1 -4.588613e-07 212 178 132 255 0.839953 0.038664
-14.53753 1.476628 5.94239 0 1 -4.588621e-07 198 190 141 255 0.601453 0.3996135
-14.53753 1.476628 6.721771 0 1 -4.588613e-07 0 0 0 255 0.601453 0.038664
-14.53753 1.216835 5.682597 0 0 -1 213 211 172 255 0.3741805 0.6419247
-13.22572 0.697248 5.682597 0 0 -1 178 175 124 255 0.1297255 0.8776063
-13.22572 0.4374547 5.682597 0 0 -1 196 164 125 255 0.007498 0.8776063
-14.53753 0.4374547 5.682597 0 0 -1 226 202 164 255 0.007498 0.6419247
-14.53753 0.4374551 6.461977 0 -1 4.588617e-07 194 193 147 255 0.8416978 0.1583022
-14.53753 0.4374552 6.721771 0 -1 4.588613e-07 235 219 159 255 0.8416978 0.039261
-13.22572 0.4374548 5.94239 0 -1 4.588621e-07 193 192 136 255 0.6036152 0.3963847
-13.22572 0.4374552 6.721771 0 -1 4.588613e-07 220 201 159 255 0.6036152 0.039261
-13.22572 1.216835 6.721771 0 0 1 198 194 149 255 0.3693645 0.1685147
-14.53753 0.6972485 6.721771 0 0 1 196 195 149 255 0.1267295 0.4017982
-14.53753 0.4374552 6.721771 0 0 1 235 219 159 255 0.005412 0.4017982
-13.22572 0.4374552 6.721771 0 0 1 220 201 159 255 0.005412 0.1685147
-58.48203 1.76131 8.452419 0 1 -3.564915e-07 194 193 147 255 0.839953 0.1589805
-59.15082 1.76131 9.121212 0 1 -3.56491e-07 198 190 141 255 0.601453 0.3996135
-59.48521 1.426914 9.121212 -1 0 0 213 211 172 255 0.3741805 0.6419247
-59.48521 0.7581224 8.452419 -1 0 0 178 175 124 255 0.1297255 0.8776063
-59.15082 1.426914 8.118023 0 1.425967e-06 -1 209 208 164 255 0.3775975 0.629592
-58.48203 0.7581223 8.118023 0 0 -1 185 182 131 255 0.1263085 0.87822
-58.48203 0.4237269 9.121212 1.782455e-07 -1 1.782455e-07 194 193 147 255 0.8416978 0.1583022
-59.15082 0.4237267 8.452419 1.782455e-07 -1 1.782455e-07 193 192 136 255 0.6036152 0.3963847
-58.48203 0.7581228 9.455608 0 0 1 181 178 127 255 0.605433 0.644496
-59.15082 1.426914 9.455608 0 0 1 204 202 163 255 0.839879 0.878942
-58.14763 1.426914 8.452419 1 0 0 198 194 149 255 0.3693645 0.1685147
-58.14763 0.7581227 9.121212 1 0 0 196 195 149 255 0.1267295 0.4017982
-57.08823 1.476628 -4.537708 0 1 -4.588621e-07 194 193 147 255 0.839953 0.1589805
-57.08823 1.476628 -4.277915 0 1 -4.588621e-07 222 198 154 255 0.839953 0.038664
-58.40004 1.476628 -5.057295 0 1 -4.588621e-07 198 190 141 255 0.601453 0.3996135
-58.40004 1.476628 -4.277915 0 1 -4.588621e-07 0 0 0 255 0.601453 0.038664
-58.40004 1.216835 -5.317088 0 -1.835449e-06 -1 213 211 172 255 0.3741805 0.6419247
-57.08823 0.697248 -5.317087 0 -1.835449e-06 -1 178 175 124 255 0.1297255 0.8776063
-57.08823 0.4374547 -5.317086 0 -1.835448e-06 -1 219 184 130 255 0.007498 0.8776063
-58.40004 0.4374547 -5.317086 0 -1.835448e-06 -1 226 194 143 255 0.007498 0.6419247
-58.40004 0.4374551 -4.537706 0 -1 4.588621e-07 194 193 147 255 0.8416978 0.1583022
-58.40004 0.4374552 -4.277913 0 -1 4.588621e-07 222 190 143 255 0.8416978 0.039261
-57.08823 0.4374548 -5.057293 0 -1 4.588621e-07 193 192 136 255 0.6036152 0.3963847
-57.08823 0.4374552 -4.277913 0 -1 4.588621e-07 228 207 164 255 0.6036152 0.039261
-57.08823 1.216835 -4.277915 0 1.835449e-06 1 198 194 149 255 0.3693645 0.1685147
-58.40004 0.6972485 -4.277914 0 1.835449e-06 1 196 195 149 255 0.1267295 0.4017982
-58.40004 0.4374552 -4.277913 0 1.835448e-06 1 222 190 143 255 0.005412 0.4017982
-57.08823 0.4374552 -4.277913 0 1.835448e-06 1 228 207 164 255 0.005412 0.1685147
-58.78481 2.339595 -6.158918 -1 1.453979e-06 -8.813283e-07 194 193 147 255 0.839953 0.1589805
-58.78481 2.339595 -5.899125 -1 2.907961e-06 0 212 178 132 255 0.839953 0.038664
-58.78481 1.027782 -6.678504 -1 1.453979e-06 -8.813283e-07 198 190 141 255 0.601453 0.3996135
-58.78481 1.027782 -5.899124 -1 2.907948e-06 -1.468359e-05 221 193 146 255 0.601453 0.038664
-58.52501 1.027782 -6.938297 -1.667946e-13 -7.269898e-07 -1 213 211 172 255 0.3741805 0.6419247
-58.00543 2.339595 -6.938298 -4.004479e-14 -7.269898e-07 -1 178 175 124 255 0.1297255 0.8776063
-57.74564 2.339595 -6.938298 0 -7.269899e-07 -1 196 164 125 255 0.007498 0.8776063
-57.74564 1.027782 -6.938297 0 -7.269899e-07 -1 226 202 164 255 0.007498 0.6419247
-57.74564 1.027782 -6.158917 1 0 0 194 193 147 255 0.8416978 0.1583022
-57.74564 1.027782 -5.899124 1 0 0 222 190 143 255 0.8416978 0.039261
-57.74564 2.339595 -6.678504 1 0 0 193 192 136 255 0.6036152 0.3963847
-57.74564 2.339595 -5.899125 1 0 0 220 201 159 255 0.6036152 0.039261
-58.52501 2.339595 -5.899125 0 7.269899e-07 1 198 194 149 255 0.3693645 0.1685147
-58.00543 1.027782 -5.899124 0 7.269899e-07 1 196 195 149 255 0.1267295 0.4017982
-57.74564 1.027782 -5.899124 0 7.269899e-07 1 222 190 143 255 0.005412 0.4017982
-57.74564 2.339595 -5.899125 0 7.269899e-07 1 220 201 159 255 0.005412 0.1685147
29.39378 1.476628 4.036826 0 1 0 190 156 111 255 0.839953 0.51993
28.08197 1.476628 4.036826 0 1 0 216 188 141 255 0.601453 0.51993
28.08197 1.476628 4.036826 0 0 -1 216 188 141 255 0.496408 0.6419247
29.39378 1.476628 4.036826 0 0 -1 190 156 111 255 0.496408 0.8776063
28.08197 0.4374547 4.036826 0 -1 0 226 202 164 255 0.8416978 0.515426
29.39378 0.4374547 4.036826 0 -1 0 219 184 130 255 0.6036152 0.515426
29.39378 1.476628 5.075999 0 0 1 212 178 132 255 0.490682 0.1685147
28.08197 1.476628 5.075999 0 0 1 0 0 0 255 0.490682 0.4017982
29.39378 1.476628 7.144496 0 1 0 190 156 111 255 0.839953 0.51993
28.08197 1.476628 7.144496 0 1 0 202 166 114 255 0.601453 0.51993
28.08197 1.476628 7.144496 0 0 -1 202 166 114 255 0.496408 0.6419247
29.39378 1.476628 7.144496 0 0 -1 190 156 111 255 0.496408 0.8776063
28.08197 0.4374547 7.144496 0 -1 0 226 194 143 255 0.8416978 0.515426
29.39378 0.4374547 7.144496 0 -1 0 219 184 130 255 0.6036152 0.515426
29.39378 1.476628 8.18367 0 0 1 222 198 154 255 0.490682 0.1685147
28.08197 1.476628 8.18367 0 0 1 221 193 146 255 0.490682 0.4017982
29.39378 1.476628 -5.317088 0 1 -4.588621e-07 242 213 171 255 0.839953 0.51993
28.08197 1.476628 -5.317088 0 1 -4.588621e-07 216 188 141 255 0.601453 0.51993
28.08197 1.476628 -5.317088 0 -1.835448e-06 -1 216 188 141 255 0.496408 0.6419247
29.39378 1.476628 -5.317088 0 -1.835448e-06 -1 242 213 171 255 0.496408 0.8776063
28.08197 0.4374547 -5.317086 0 -1 4.588621e-07 226 202 164 255 0.8416978 0.515426
29.39378 0.4374547 -5.317086 0 -1 4.588621e-07 196 164 125 255 0.6036152 0.515426
29.39378 1.476628 -4.277915 0 1.835448e-06 1 222 198 154 255 0.490682 0.1685147
28.08197 1.476628 -4.277915 0 1.835448e-06 1 0 0 0 255 0.490682 0.4017982
27.6972 2.339595 -6.938298 -1 0 0 242 213 171 255 0.839953 0.51993
27.6972 1.027783 -6.938297 -1 0 0 216 188 141 255 0.601453 0.51993
27.6972 1.027783 -6.938297 -3.335893e-13 -7.269898e-07 -1 216 188 141 255 0.496408 0.6419247
27.6972 2.339595 -6.938298 -6.671786e-13 -7.269898e-07 -1 242 213 171 255 0.496408 0.8776063
28.73637 1.027782 -6.938297 1 0 0 226 202 164 255 0.8416978 0.515426
28.73637 2.339595 -6.938298 1 0 0 196 164 125 255 0.6036152 0.515426
27.6972 2.339595 -5.899125 0 7.269899e-07 1 212 178 132 255 0.490682 0.1685147
27.6972 1.027782 -5.899124 0 7.269899e-07 1 0 0 0 255 0.490682 0.4017982
-13.22572 1.476628 4.036826 0 1 0 190 156 111 255 0.839953 0.51993
-14.53753 1.476628 4.036826 0 1 0 202 166 114 255 0.601453 0.51993
-14.53753 1.476628 4.036826 0 0 -1 202 166 114 255 0.496408 0.6419247
-13.22572 1.476628 4.036826 0 0 -1 190 156 111 255 0.496408 0.8776063
-14.53753 0.4374547 4.036826 0 -1 0 226 202 164 255 0.8416978 0.515426
-13.22572 0.4374547 4.036826 0 -1 0 196 164 125 255 0.6036152 0.515426
-13.22572 1.476628 5.075999 0 0 1 212 178 132 255 0.490682 0.1685147
-14.53753 1.476628 5.075999 0 0 1 0 0 0 255 0.490682 0.4017982
-36.58678 1.476628 -5.556134 0 1 -4.588621e-07 190 156 111 255 0.839953 0.51993
-37.89859 1.476628 -5.556134 0 1 -4.588621e-07 202 166 114 255 0.601453 0.51993
-37.89859 1.476628 -5.556134 0 -1.835448e-06 -1 202 166 114 255 0.496408 0.6419247
-36.58678 1.476628 -5.556134 0 -1.835448e-06 -1 190 156 111 255 0.496408 0.8776063
-37.89859 0.4374547 -5.556132 0 -1 4.588621e-07 226 202 164 255 0.8416978 0.515426
-36.58678 0.4374547 -5.556132 0 -1 4.588621e-07 196 164 125 255 0.6036152 0.515426
-36.58678 1.476628 -4.516961 0 1.835448e-06 1 222 198 154 255 0.490682 0.1685147
-37.89859 1.476628 -4.516961 0 1.835448e-06 1 0 0 0 255 0.490682 0.4017982
-13.22572 1.476628 5.682597 0 1 -4.588621e-07 190 156 111 255 0.839953 0.51993
-14.53753 1.476628 5.682597 0 1 -4.588621e-07 202 166 114 255 0.601453 0.51993
-14.53753 1.476628 5.682597 0 0 -1 202 166 114 255 0.496408 0.6419247
-13.22572 1.476628 5.682597 0 0 -1 190 156 111 255 0.496408 0.8776063
-14.53753 0.4374547 5.682597 0 -1 4.588621e-07 226 202 164 255 0.8416978 0.515426
-13.22572 0.4374547 5.682597 0 -1 4.588621e-07 196 164 125 255 0.6036152 0.515426
-13.22572 1.476628 6.721771 0 0 1 212 178 132 255 0.490682 0.1685147
-14.53753 1.476628 6.721771 0 0 1 0 0 0 255 0.490682 0.4017982
-57.08823 1.476628 -5.317088 0 1 -4.588621e-07 242 213 171 255 0.839953 0.51993
-58.40004 1.476628 -5.317088 0 1 -4.588621e-07 202 166 114 255 0.601453 0.51993
-58.40004 1.476628 -5.317088 0 -1.835448e-06 -1 202 166 114 255 0.496408 0.6419247
-57.08823 1.476628 -5.317088 0 -1.835448e-06 -1 242 213 171 255 0.496408 0.8776063
-58.40004 0.4374547 -5.317086 0 -1 4.588621e-07 226 194 143 255 0.8416978 0.515426
-57.08823 0.4374547 -5.317086 0 -1 4.588621e-07 219 184 130 255 0.6036152 0.515426
-57.08823 1.476628 -4.277915 0 1.835448e-06 1 222 198 154 255 0.490682 0.1685147
-58.40004 1.476628 -4.277915 0 1.835448e-06 1 0 0 0 255 0.490682 0.4017982
-58.78481 2.339595 -6.938298 -1 0 0 242 213 171 255 0.839953 0.51993
-58.78481 1.027783 -6.938297 -1 0 0 202 166 114 255 0.601453 0.51993
-58.78481 1.027783 -6.938297 -3.335893e-13 -7.269898e-07 -1 202 166 114 255 0.496408 0.6419247
-58.78481 2.339595 -6.938298 -6.671786e-13 -7.269898e-07 -1 242 213 171 255 0.496408 0.8776063
-57.74564 1.027782 -6.938297 1 0 0 226 202 164 255 0.8416978 0.515426
-57.74564 2.339595 -6.938298 1 0 0 196 164 125 255 0.6036152 0.515426
-58.78481 2.339595 -5.899125 0 7.269899e-07 1 212 178 132 255 0.490682 0.1685147
-58.78481 1.027782 -5.899124 0 7.269899e-07 1 221 193 146 255 0.490682 0.4017982
3 1200 1201 1202 
3 1203 1204 1205 
3 1206 1207 1208 
3 1209 1210 1211 
3 1212 1213 1214 
3 1215 1216 1217 
3 1218 1219 1220 
3 1221 1222 1223 
3 1224 1225 1226 
3 1227 1228 1229 
3 1230 1231 1232 
3 1233 1234 1235 
3 1236 1237 1238 
3 1239 1240 1241 
3 1242 1243 1244 
3 1245 1246 1247 
3 1248 1249 1250 
3 1251 1252 1253 
3 1254 1255 1256 
3 1257 1258 1259 
3 1260 1261 1262 
3 1263 1264 1265 
3 1266 1267 1268 
3 1269 1270 1271 
3 1272 1273 1274 
3 1275 1276 1277 
3 1278 1279 1280 
3 1281 1282 1283 
3 1284 1285 1286 
3 1287 1288 1289 
3 1290 1291 2700 
3 1293 1294 2701 
3 1296 1297 2702 
3 1299 1300 2703 
3 1302 1303 2704 
3 1305 1306 2705 
3 2706 1309 2707 
3 1313 2709 2708 
3 1314 1315 1316 
3 2710 1318 2711 
3 1320 1321 1322 
3 1325 2713 2712 
3 2714 1327 2715 
3 1331 2717 2716 
3 1332 1333 1334 
3 2718 1336 2719 
3 1338 1339 1340 
3 1343 2721 2720 
3 2722 1345 2723 
3 1349 2725 2724 
3 1350 1351 1352 
3 2726 1354 2727 
3 1356 1357 1358 
3 1361 2729 2728 
3 2730 1363 2731 
3 1367 2733 2732 
3 1368 1369 1370 
3 2734 1372 2735 
3 1374 1375 1376 
3 1379 2737 2736 
3 1380 1381 1382 
3 1383 1384 1385 
3 1386 1387 1388 
3 1389 1390 1391 
3 1392 1393 1394 
3 1395 1396 1397 
3 1398 1399 1400 
3 1401 1402 1403 
3 1404 1405 1406 
3 1407 1408 1409 
3 1410 1411 1412 
3 1413 1414 1415 
3 1416 1417 1418 
3 1419 1420 1421 
3 1422 1423 1424 
3 1425 1426 1427 
3 1428 1429 1430 
3 1431 1432 1433 
3 1434 1435 1436 
3 1437 1438 1439 
3 1440 1441 1442 
3 1443 1444 1445 
3 1446 1447 1448 
3 1449 1450 1451 
3 1452 1453 2738 
3 1455 1456 2739 
3 1458 1459 2740 
3 1461 1462 2741 
3 1464 1465 2742 
3 1467 1468 2743 
3 1470 1471 1472 
3 1473 1474 1475 
3 1476 1477 1478 
3 1479 1480 1481 
3 1482 1483 1484 
3 1485 1486 1487 
3 1488 1489 1490 
3 1491 1492 1493 
3 1494 1495 1496 
3 1497 1498 1499 
3 1500 1501 1502 
3 1503 1504 1505 
3 1506 1507 1508 
3 1509 1510 1511 
3 1512 1513 1514 
3 1515 1516 1517 
3 1518 1519 1520 
3 1521 1522 1523 
3 1524 1525 1526 
3 1527 1528 1529 
3 1530 1531 1532 
3 1533 1534 1535 
3 1536 1537 1538 
3 1539 1540 1541 
3 1542 1543 2744 
3 1545 1546 2745 
3 1548 1549 2746 
3 1551 1552 2747 
3 1554 1555 2748 
3 1557 1558 2749 
3 1560 1561 1562 
3 1563 1564 1565 
3 1566 1567 1568 
3 1569 1570 1571 
3 1572 1573 1574 
3 1575 1576 1577 
3 1578 1579 1580 
3 1581 1582 1583 
3 1584 1585 1586 
3 1587 1588 1589 
3 1590 1591 1592 
3 1593 1594 1595 
3 1596 1597 1598 
3 1599 1600 1601 
3 1602 1603 1604 
3 1605 1606 1607 
3 1608 1609 1610 
3 1611 1612 1613 
3 1614 1615 1616 
3 1617 1618 1619 
3 1620 1621 1622 
3 1623 1624 1625 
3 1626 1627 1628 
3 1629 1630 1631 
3 1632 1633 2750 
3 1635 1636 2751 
3 1638 1639 2752 
3 1641 1642 2753 
3 1644 1645 2754 
3 1647 1648 2755 
3 1650 1651 1652 
3 1653 1654 1655 
3 1656 1657 1658 
3 1659 1660 1661 
3 1662 1663 1664 
3 1665 1666 1667 
3 1668 1669 1670 
3 1671 1672 1673 
3 1674 1675 1676 
3 1677 1678 1679 
3 1680 1681 1682 
3 1683 1684 1685 
3 1686 1687 1688 
3 1689 1690 1691 
3 1692 1693 1694 
3 1695 1696 1697 
3 1698 1699 1700 
3 1701 1702 1703 
3 1704 1705 1706 
3 1707 1708 1709 
3 1710 1711 1712 
3 1713 1714 1715 
3 1716 1717 1718 
3 1719 1720 1721 
3 1722 1723 2756 
3 1725 1726 2757 
3 1728 1729 2758 
3 1731 1732 2759 
3 1734 1735 2760 
3 1737 1738 2761 
3 1740 1741 1742 
3 1743 1744 1745 
3 1746 1747 1748 
3 1749 1750 1751 
3 1752 1753 1754 
3 1755 1756 1757 
3 1758 1759 1760 
3 1761 1762 1763 
3 1764 1765 1766 
3 1767 1768 1769 
3 1770 1771 1772 
3 1773 1774 1775 
3 1776 1777 1778 
3 1779 1780 1781 
3 1782 1783 1784 
3 1785 1786 1787 
3 1788 1789 1790 
3 1791 1792 1793 
3 1794 1795 1796 
3 1797 1798 1799 
3 1800 1801 1802 
3 1803 1804 1805 
3 1806 1807 1808 
3 1809 1810 1811 
3 1812 1813 2762 
3 1815 1816 2763 
3 1818 1819 2764 
3 1821 1822 2765 
3 1824 1825 2766 
3 1827 1828 2767 
3 1830 1831 1832 
3 1833 1834 1835 
3 1836 1837 1838 
3 1839 1840 1841 
3 1842 1843 1844 
3 1845 1846 1847 
3 1848 1849 1850 
3 1851 1852 1853 
3 1854 1855 1856 
3 1857 1858 1859 
3 1860 1861 1862 
3 1863 1864 1865 
3 1866 1867 1868 
3 1869 1870 1871 
3 1872 1873 1874 
3 1875 1876 1877 
3 1878 1879 1880 
3 1881 1882 1883 
3 1884 1885 1886 
3 1887 1888 1889 
3 1890 1891 1892 
3 1893 1894 1895 
3 1896 1897 1898 
3 1899 1900 1901 
3 1902 1903 2768 
3 1905 1906 2769 
3 1908 1909 2770 
3 1911 1912 2771 
3 1914 1915 2772 
3 1917 1918 2773 
3 2774 1921 2775 
3 1925 2777 2776 
3 1926 1927 1928 
3 2778 1930 2779 
3 1932 1933 1934 
3 1937 2781 2780 
3 2782 1939 2783 
3 1943 2785 2784 
3 1944 1945 1946 
3 2786 1948 2787 
3 1950 1951 1952 
3 1955 2789 2788 
3 2790 1957 2791 
3 1961 2793 2792 
3 1962 1963 1964 
3 2794 1966 2795 
3 1968 1969 1970 
3 1973 2797 2796 
3 1974 1975 1976 
3 1977 1978 1979 
3 1980 1981 1982 
3 1983 1984 1985 
3 1986 1987 1988 
3 1989 1990 1991 
3 1992 1993 1994 
3 1995 1996 1997 
3 1998 1999 2000 
3 2001 2002 2003 
3 2004 2005 2006 
3 2007 2008 2009 
3 2010 2011 2012 
3 2013 2014 2015 
3 2016 2017 2018 
3 2019 2020 2021 
3 2022 2023 2024 
3 2025 2026 2027 
3 2028 2029 2030 
3 2031 2032 2033 
3 2034 2035 2036 
3 2037 2038 2039 
3 2040 2041 2042 
3 2043 2044 2045 
3 2046 2047 2798 
3 2049 2050 2799 
3 2052 2053 2800 
3 2055 2056 2801 
3 2058 2059 2802 
3 2061 2062 2803 
3 2804 2065 2805 
3 2069 2807 2806 
3 2070 2071 2072 
3 2808 2074 2809 
3 2076 2077 2078 
3 2081 2811 2810 
3 2812 2083 2813 
3 2087 2815 2814 
3 2088 2089 2090 
3 2816 2092 2817 
3 2094 2095 2096 
3 2099 2819 2818 
3 2100 2101 1200 
3 2102 2103 1203 
3 2104 2105 1206 
3 2106 2107 1209 
3 2108 2109 1212 
3 2110 2111 1215 
3 2112 2113 1218 
3 2114 2115 1221 
3 2116 2117 1224 
3 2118 2119 1227 
3 2120 2121 1230 
3 2122 2123 1233 
3 2124 2125 1236 
3 2126 2127 1239 
3 2128 2129 1242 
3 2130 2131 1245 
3 2132 2133 1248 
3 2134 2135 1251 
3 2136 2137 1254 
3 2138 2139 1257 
3 2140 2141 1260 
3 2142 2143 1263 
3 2144 2145 1266 
3 2146 2147 1269 
3 2148 2149 1272 
3 2150 2151 1275 
3 2152 2153 1278 
3 2154 2155 1281 
3 2156 2157 1284 
3 2158 2159 1287 
3 2160 2820 1290 
3 2162 2821 1293 
3 2164 2822 1296 
3 2166 2823 1299 
3 2168 2824 1302 
3 2170 2825 1305 
3 2172 2826 2827 
3 2828 2175 2829 
3 2176 2177 1314 
3 2178 2830 2831 
3 2180 2181 1320 
3 2832 2183 2833 
3 2184 2834 2835 
3 2836 2187 2837 
3 2188 2189 1332 
3 2190 2838 2839 
3 2192 2193 1338 
3 2840 2195 2841 
3 2196 2842 2843 
3 2844 2199 2845 
3 2200 2201 1350 
3 2202 2846 2847 
3 2204 2205 1356 
3 2848 2207 2849 
3 2208 2850 2851 
3 2852 2211 2853 
3 2212 2213 1368 
3 2214 2854 2855 
3 2216 2217 1374 
3 2856 2219 2857 
3 2220 2221 1380 
3 2222 2223 1383 
3 2224 2225 1386 
3 2226 2227 1389 
3 2228 2229 1392 
3 2230 2231 1395 
3 2232 2233 1398 
3 2234 2235 1401 
3 2236 2237 1404 
3 2238 2239 1407 
3 2240 2241 1410 
3 2242 2243 1413 
3 2244 2245 1416 
3 2246 2247 1419 
3 2248 2249 1422 
3 2250 2251 1425 
3 2252 2253 1428 
3 2254 2255 1431 
3 2256 2257 1434 
3 2258 2259 1437 
3 2260 2261 1440 
3 2262 2263 1443 
3 2264 2265 1446 
3 2266 2267 1449 
3 2268 2858 1452 
3 2270 2859 1455 
3 2272 2860 1458 
3 2274 2861 1461 
3 2276 2862 1464 
3 2278 2863 1467 
3 2280 2281 1470 
3 2282 2283 1473 
3 2284 2285 1476 
3 2286 2287 1479 
3 2288 2289 1482 
3 2290 2291 1485 
3 2292 2293 1488 
3 2294 2295 1491 
3 2296 2297 1494 
3 2298 2299 1497 
3 2300 2301 1500 
3 2302 2303 1503 
3 2304 2305 1506 
3 2306 2307 1509 
3 2308 2309 1512 
3 2310 2311 1515 
3 2312 2313 1518 
3 2314 2315 1521 
3 2316 2317 1524 
3 2318 2319 1527 
3 2320 2321 1530 
3 2322 2323 1533 
3 2324 2325 1536 
3 2326 2327 1539 
3 2328 2864 1542 
3 2330 2865 1545 
3 2332 2866 1548 
3 2334 2867 1551 
3 2336 2868 1554 
3 2338 2869 1557 
3 2340 2341 1560 
3 2342 2343 1563 
3 2344 2345 1566 
3 2346 2347 1569 
3 2348 2349 1572 
3 2350 2351 1575 
3 2352 2353 1578 
3 2354 2355 1581 
3 2356 2357 1584 
3 2358 2359 1587 
3 2360 2361 1590 
3 2362 2363 1593 
3 2364 2365 1596 
3 2366 2367 1599 
3 2368 2369 1602 
3 2370 2371 1605 
3 2372 2373 1608 
3 2374 2375 1611 
3 2376 2377 1614 
3 2378 2379 1617 
3 2380 2381 1620 
3 2382 2383 1623 
3 2384 2385 1626 
3 2386 2387 1629 
3 2388 2870 1632 
3 2390 2871 1635 
3 2392 2872 1638 
3 2394 2873 1641 
3 2396 2874 1644 
3 2398 2875 1647 
3 2400 2401 1650 
3 2402 2403 1653 
3 2404 2405 1656 
3 2406 2407 1659 
3 2408 2409 1662 
3 2410 2411 1665 
3 2412 2413 1668 
3 2414 2415 1671 
3 2416 2417 1674 
3 2418 2419 1677 
3 2420 2421 1680 
3 2422 2423 1683 
3 2424 2425 1686 
3 2426 2427 1689 
3 2428 2429 1692 
3 2430 2431 1695 
3 2432 2433 1698 
3 2434 2435 1701 
3 2436 2437 1704 
3 2438 2439 1707 
3 2440 2441 1710 
3 2442 2443 1713 
3 2444 2445 1716 
3 2446 2447 1719 
3 2448 2876 1722 
3 2450 2877 1725 
3 2452 2878 1728 
3 2454 2879 1731 
3 2456 2880 1734 
3 2458 2881 1737 
3 2460 2461 1740 
3 2462 2463 1743 
3 2464 2465 1746 
3 2466 2467 1749 
3 2468 2469 1752 
3 2470 2471 1755 
3 2472 2473 1758 
3 2474 2475 1761 
3 2476 2477 1764 
3 2478 2479 1767 
3 2480 2481 1770 
3 2482 2483 1773 
3 2484 2485 1776 
3 2486 2487 1779 
3 2488 2489 1782 
3 2490 2491 1785 
3 2492 2493 1788 
3 2494 2495 1791 
3 2496 2497 1794 
3 2498 2499 1797 
3 2500 2501 1800 
3 2502 2503 1803 
3 2504 2505 1806 
3 2506 2507 1809 
3 2508 2882 1812 
3 2510 2883 1815 
3 2512 2884 1818 
3 2514 2885 1821 
3 2516 2886 1824 
3 2518 2887 1827 
3 2520 2521 1830 
3 2522 2523 1833 
3 2524 2525 1836 
3 2526 2527 1839 
3 2528 2529 1842 
3 2530 2531 1845 
3 2532 2533 1848 
3 2534 2535 1851 
3 2536 2537 1854 
3 2538 2539 1857 
3 2540 2541 1860 
3 2542 2543 1863 
3 2544 2545 1866 
3 2546 2547 1869 
3 2548 2549 1872 
3 2550 2551 1875 
3 2552 2553 1878 
3 2554 2555 1881 
3 2556 2557 1884 
3 2558 2559 1887 
3 2560 2561 1890 
3 2562 2563 1893 
3 2564 2565 1896 
3 2566 2567 1899 
3 2568 2888 1902 
3 2570 2889 1905 
3 2572 2890 1908 
3 2574 2891 1911 
3 2576 2892 1914 
3 2578 2893 1917 
3 2580 2894 2895 
3 2896 2583 2897 
3 2584 2585 1926 
3 2586 2898 2899 
3 2588 2589 1932 
3 2900 2591 2901 
3 2592 2902 2903 
3 2904 2595 2905 
3 2596 2597 1944 
3 2598 2906 2907 
3 2600 2601 1950 
3 2908 2603 2909 
3 2604 2910 2911 
3 2912 2607 2913 
3 2608 2609 1962 
3 2610 2914 2915 
3 2612 2613 1968 
3 2916 2615 2917 
3 2616 2617 1974 
3 2618 2619 1977 
3 2620 2621 1980 
3 2622 2623 1983 
3 2624 2625 1986 
3 2626 2627 1989 
3 2628 2629 1992 
3 2630 2631 1995 
3 2632 2633 1998 
3 2634 2635 2001 
3 2636 2637 2004 
3 2638 2639 2007 
3 2640 2641 2010 
3 2642 2643 2013 
3 2644 2645 2016 
3 2646 2647 2019 
3 2648 2649 2022 
3 2650 2651 2025 
3 2652 2653 2028 
3 2654 2655 2031 
3 2656 2657 2034 
3 2658 2659 2037 
3 2660 2661 2040 
3 2662 2663 2043 
3 2664 2918 2046 
3 2666 2919 2049 
3 2668 2920 2052 
3 2670 2921 2055 
3 2672 2922 2058 
3 2674 2923 2061 
3 2676 2924 2925 
3 2926 2679 2927 
3 2680 2681 2070 
3 2682 2928 2929 
3 2684 2685 2076 
3 2930 2687 2931 
3 2688 2932 2933 
3 2934 2691 2935 
3 2692 2693 2088 
3 2694 2936 2937 
3 2696 2697 2094 
3 2938 2699 2939 
3 0 1200 1202 
3 1200 1 1201 
3 1202 1201 2 
3 3 1203 1205 
3 1203 4 1204 
3 1205 1204 5 
3 6 1206 1208 
3 1206 7 1207 
3 1208 1207 8 
3 9 1209 1211 
3 1209 10 1210 
3 1211 1210 11 
3 12 1212 1214 
3 1212 13 1213 
3 1214 1213 14 
3 15 1215 1217 
3 1215 16 1216 
3 1217 1216 17 
3 18 1218 1220 
3 1218 19 1219 
3 1220 1219 20 
3 21 1221 1223 
3 1221 22 1222 
3 1223 1222 23 
3 24 1224 1226 
3 1224 25 1225 
3 1226 1225 26 
3 27 1227 1229 
3 1227 28 1228 
3 1229 1228 29 
3 30 1230 1232 
3 1230 31 1231 
3 1232 1231 32 
3 33 1233 1235 
3 1233 34 1234 
3 1235 1234 35 
3 36 1236 1238 
3 1236 37 1237 
3 1238 1237 38 
3 39 1239 1241 
3 1239 40 1240 
3 1241 1240 41 
3 42 1242 1244 
3 1242 43 1243 
3 1244 1243 44 
3 45 1245 1247 
3 1245 46 1246 
3 1247 1246 47 
3 48 1248 1250 
3 1248 49 1249 
3 1250 1249 50 
3 51 1251 1253 
3 1251 52 1252 
3 1253 1252 53 
3 54 1254 1256 
3 1254 55 1255 
3 1256 1255 56 
3 57 1257 1259 
3 1257 58 1258 
3 1259 1258 59 
3 60 1260 1262 
3 1260 61 1261 
3 1262 1261 62 
3 63 1263 1265 
3 1263 64 1264 
3 1265 1264 65 
3 66 1266 1268 
3 1266 67 1267 
3 1268 1267 68 
3 69 1269 1271 
3 1269 70 1270 
3 1271 1270 71 
3 72 1272 1274 
3 1272 73 1273 
3 1274 1273 74 
3 75 1275 1277 
3 1275 76 1276 
3 1277 1276 77 
3 78 1278 1280 
3 1278 79 1279 
3 1280 1279 80 
3 81 1281 1283 
3 1281 82 1282 
3 1283 1282 83 
3 84 1284 1286 
3 1284 85 1285 
3 1286 1285 86 
3 87 1287 1289 
3 1287 88 1288 
3 1289 1288 89 
3 90 2940 1292 
3 1290 2941 1291 
3 1292 2700 92 
3 93 2942 1295 
3 1293 2943 1294 
3 1295 2701 95 
3 96 2944 1298 
3 1296 2945 1297 
3 1298 2702 98 
3 99 2946 1301 
3 1299 2947 1300 
3 1301 2703 101 
3 102 2948 1304 
3 1302 2949 1303 
3 1304 2704 104 
3 105 2950 1307 
3 1305 2951 1306 
3 1307 2705 107 
3 108 2952 2953 
3 1308 2954 2706 
3 1310 2707 2955 
3 2956 1311 2709 
3 2957 112 2958 
3 2708 1312 2959 
3 114 1314 1316 
3 1314 115 1315 
3 1316 1315 116 
3 117 2960 2961 
3 1317 2962 2710 
3 1319 2711 2963 
3 120 1320 1322 
3 1320 121 1321 
3 1322 1321 122 
3 2964 1323 2713 
3 2965 124 2966 
3 2712 1324 2967 
3 126 2968 2969 
3 1326 2970 2714 
3 1328 2715 2971 
3 2972 1329 2717 
3 2973 130 2974 
3 2716 1330 2975 
3 132 1332 1334 
3 1332 133 1333 
3 1334 1333 134 
3 135 2976 2977 
3 1335 2978 2718 
3 1337 2719 2979 
3 138 1338 1340 
3 1338 139 1339 
3 1340 1339 140 
3 2980 1341 2721 
3 2981 142 2982 
3 2720 1342 2983 
3 144 2984 2985 
3 1344 2986 2722 
3 1346 2723 2987 
3 2988 1347 2725 
3 2989 148 2990 
3 2724 1348 2991 
3 150 1350 1352 
3 1350 151 1351 
3 1352 1351 152 
3 153 2992 2993 
3 1353 2994 2726 
3 1355 2727 2995 
3 156 1356 1358 
3 1356 157 1357 
3 1358 1357 158 
3 2996 1359 2729 
3 2997 160 2998 
3 2728 1360 2999 
3 162 3000 3001 
3 1362 3002 2730 
3 1364 2731 3003 
3 3004 1365 2733 
3 3005 166 3006 
3 2732 1366 3007 
3 168 1368 1370 
3 1368 169 1369 
3 1370 1369 170 
3 171 3008 3009 
3 1371 3010 2734 
3 1373 2735 3011 
3 174 1374 1376 
3 1374 175 1375 
3 1376 1375 176 
3 3012 1377 2737 
3 3013 178 3014 
3 2736 1378 3015 
3 180 1380 1382 
3 1380 181 1381 
3 1382 1381 182 
3 183 1383 1385 
3 1383 184 1384 
3 1385 1384 185 
3 186 1386 1388 
3 1386 187 1387 
3 1388 1387 188 
3 189 1389 1391 
3 1389 190 1390 
3 1391 1390 191 
3 192 1392 1394 
3 1392 193 1393 
3 1394 1393 194 
3 195 1395 1397 
3 1395 196 1396 
3 1397 1396 197 
3 198 1398 1400 
3 1398 199 1399 
3 1400 1399 200 
3 201 1401 1403 
3 1401 202 1402 
3 1403 1402 203 
3 204 1404 1406 
3 1404 205 1405 
3 1406 1405 206 
3 207 1407 1409 
3 1407 208 1408 
3 1409 1408 209 
3 210 1410 1412 
3 1410 211 1411 
3 1412 1411 212 
3 213 1413 1415 
3 1413 214 1414 
3 1415 1414 215 
3 216 1416 1418 
3 1416 217 1417 
3 1418 1417 218 
3 219 1419 1421 
3 1419 220 1420 
3 1421 1420 221 
3 222 1422 1424 
3 1422 223 1423 
3 1424 1423 224 
3 225 1425 1427 
3 1425 226 1426 
3 1427 1426 227 
3 228 1428 1430 
3 1428 229 1429 
3 1430 1429 230 
3 231 1431 1433 
3 1431 232 1432 
3 1433 1432 233 
3 234 1434 1436 
3 1434 235 1435 
3 1436 1435 236 
3 237 1437 1439 
3 1437 238 1438 
3 1439 1438 239 
3 240 1440 1442 
3 1440 241 1441 
3 1442 1441 242 
3 243 1443 1445 
3 1443 244 1444 
3 1445 1444 245 
3 246 1446 1448 
3 1446 247 1447 
3 1448 1447 248 
3 249 1449 1451 
3 1449 250 1450 
3 1451 1450 251 
3 252 3016 1454 
3 1452 3017 1453 
3 1454 2738 254 
3 255 3018 1457 
3 1455 3019 1456 
3 1457 2739 257 
3 258 3020 1460 
3 1458 3021 1459 
3 1460 2740 260 
3 261 3022 1463 
3 1461 3023 1462 
3 1463 2741 263 
3 264 3024 1466 
3 1464 3025 1465 
3 1466 2742 266 
3 267 3026 1469 
3 1467 3027 1468 
3 1469 2743 269 
3 270 1470 1472 
3 1470 271 1471 
3 1472 1471 272 
3 273 1473 1475 
3 1473 274 1474 
3 1475 1474 275 
3 276 1476 1478 
3 1476 277 1477 
3 1478 1477 278 
3 279 1479 1481 
3 1479 280 1480 
3 1481 1480 281 
3 282 1482 1484 
3 1482 283 1483 
3 1484 1483 284 
3 285 1485 1487 
3 1485 286 1486 
3 1487 1486 287 
3 288 1488 1490 
3 1488 289 1489 
3 1490 1489 290 
3 291 1491 1493 
3 1491 292 1492 
3 1493 1492 293 
3 294 1494 1496 
3 1494 295 1495 
3 1496 1495 296 
3 297 1497 1499 
3 1497 298 1498 
3 1499 1498 299 
3 300 1500 1502 
3 1500 301 1501 
3 1502 1501 302 
3 303 1503 1505 
3 1503 304 1504 
3 1505 1504 305 
3 306 1506 1508 
3 1506 307 1507 
3 1508 1507 308 
3 309 1509 1511 
3 1509 310 1510 
3 1511 1510 311 
3 312 1512 1514 
3 1512 313 1513 
3 1514 1513 314 
3 315 1515 1517 
3 1515 316 1516 
3 1517 1516 317 
3 318 1518 1520 
3 1518 319 1519 
3 1520 1519 320 
3 321 1521 1523 
3 1521 322 1522 
3 1523 1522 323 
3 324 1524 1526 
3 1524 325 1525 
3 1526 1525 326 
3 327 1527 1529 
3 1527 328 1528 
3 1529 1528 329 
3 330 1530 1532 
3 1530 331 1531 
3 1532 1531 332 
3 333 1533 1535 
3 1533 334 1534 
3 1535 1534 335 
3 336 1536 1538 
3 1536 337 1537 
3 1538 1537 338 
3 339 1539 1541 
3 1539 340 1540 
3 1541 1540 341 
3 342 3028 1544 
3 1542 3029 1543 
3 1544 2744 344 
3 345 3030 1547 
3 1545 3031 1546 
3 1547 2745 347 
3 348 3032 1550 
3 1548 3033 1549 
3 1550 2746 350 
3 351 3034 1553 
3 1551 3035 1552 
3 1553 2747 353 
3 354 3036 1556 
3 1554 3037 1555 
3 1556 2748 356 
3 357 3038 1559 
3 1557 3039 1558 
3 1559 2749 359 
3 360 1560 1562 
3 1560 361 1561 
3 1562 1561 362 
3 363 1563 1565 
3 1563 364 1564 
3 1565 1564 365 
3 366 1566 1568 
3 1566 367 1567 
3 1568 1567 368 
3 369 1569 1571 
3 1569 370 1570 
3 1571 1570 371 
3 372 1572 1574 
3 1572 373 1573 
3 1574 1573 374 
3 375 1575 1577 
3 1575 376 1576 
3 1577 1576 377 
3 378 1578 1580 
3 1578 379 1579 
3 1580 1579 380 
3 381 1581 1583 
3 1581 382 1582 
3 1583 1582 383 
3 384 1584 1586 
3 1584 385 1585 
3 1586 1585 386 
3 387 1587 1589 
3 1587 388 1588 
3 1589 1588 389 
3 390 1590 1592 
3 1590 391 1591 
3 1592 1591 392 
3 393 1593 1595 
3 1593 394 1594 
3 1595 1594 395 
3 396 1596 1598 
3 1596 397 1597 
3 1598 1597 398 
3 399 1599 1601 
3 1599 400 1600 
3 1601 1600 401 
3 402 1602 1604 
3 1602 403 1603 
3 1604 1603 404 
3 405 1605 1607 
3 1605 406 1606 
3 1607 1606 407 
3 408 1608 1610 
3 1608 409 1609 
3 1610 1609 410 
3 411 1611 1613 
3 1611 412 1612 
3 1613 1612 413 
3 414 1614 1616 
3 1614 415 1615 
3 1616 1615 416 
3 417 1617 1619 
3 1617 418 1618 
3 1619 1618 419 
3 420 1620 1622 
3 1620 421 1621 
3 1622 1621 422 
3 423 1623 1625 
3 1623 424 1624 
3 1625 1624 425 
3 426 1626 1628 
3 1626 427 1627 
3 1628 1627 428 
3 429 1629 1631 
3 1629 430 1630 
3 1631 1630 431 
3 432 3040 1634 
3 1632 3041 1633 
3 1634 2750 434 
3 435 3042 1637 
3 1635 3043 1636 
3 1637 2751 437 
3 438 3044 1640 
3 1638 3045 1639 
3 1640 2752 440 
3 441 3046 1643 
3 1641 3047 1642 
3 1643 2753 443 
3 444 3048 1646 
3 1644 3049 1645 
3 1646 2754 446 
3 447 3050 1649 
3 1647 3051 1648 
3 1649 2755 449 
3 450 1650 1652 
3 1650 451 1651 
3 1652 1651 452 
3 453 1653 1655 
3 1653 454 1654 
3 1655 1654 455 
3 456 1656 1658 
3 1656 457 1657 
3 1658 1657 458 
3 459 1659 1661 
3 1659 460 1660 
3 1661 1660 461 
3 462 1662 1664 
3 1662 463 1663 
3 1664 1663 464 
3 465 1665 1667 
3 1665 466 1666 
3 1667 1666 467 
3 468 1668 1670 
3 1668 469 1669 
3 1670 1669 470 
3 471 1671 1673 
3 1671 472 1672 
3 1673 1672 473 
3 474 1674 1676 
3 1674 475 1675 
3 1676 1675 476 
3 477 1677 1679 
3 1677 478 1678 
3 1679 1678 479 
3 480 1680 1682 
3 1680 481 1681 
3 1682 1681 482 
3 483 1683 1685 
3 1683 484 1684 
3 1685 1684 485 
3 486 1686 1688 
3 1686 487 1687 
3 1688 1687 488 
3 489 1689 1691 
3 1689 490 1690 
3 1691 1690 491 
3 492 1692 1694 
3 1692 493 1693 
3 1694 1693 494 
3 495 1695 1697 
3 1695 496 1696 
3 1697 1696 497 
3 498 1698 1700 
3 1698 499 1699 
3 1700 1699 500 
3 501 1701 1703 
3 1701 502 1702 
3 1703 1702 503 
3 504 1704 1706 
3 1704 505 1705 
3 1706 1705 506 
3 507 1707 1709 
3 1707 508 1708 
3 1709 1708 509 
3 510 1710 1712 
3 1710 511 1711 
3 1712 1711 512 
3 513 1713 1715 
3 1713 514 1714 
3 1715 1714 515 
3 516 1716 1718 
3 1716 517 1717 
3 1718 1717 518 
3 519 1719 1721 
3 1719 520 1720 
3 1721 1720 521 
3 522 3052 1724 
3 1722 3053 1723 
3 1724 2756 524 
3 525 3054 1727 
3 1725 3055 1726 
3 1727 2757 527 
3 528 3056 1730 
3 1728 3057 1729 
3 1730 2758 530 
3 531 3058 1733 
3 1731 3059 1732 
3 1733 2759 533 
3 534 3060 1736 
3 1734 3061 1735 
3 1736 2760 536 
3 537 3062 1739 
3 1737 3063 1738 
3 1739 2761 539 
3 540 1740 1742 
3 1740 541 1741 
3 1742 1741 542 
3 543 1743 1745 
3 1743 544 1744 
3 1745 1744 545 
3 546 1746 1748 
3 1746 547 1747 
3 1748 1747 548 
3 549 1749 1751 
3 1749 550 1750 
3 1751 1750 551 
3 552 1752 1754 
3 1752 553 1753 
3 1754 1753 554 
3 555 1755 1757 
3 1755 556 1756 
3 1757 1756 557 
3 558 1758 1760 
3 1758 559 1759 
3 1760 1759 560 
3 561 1761 1763 
3 1761 562 1762 
3 1763 1762 563 
3 564 1764 1766 
3 1764 565 1765 
3 1766 1765 566 
3 567 1767 1769 
3 1767 568 1768 
3 1769 1768 569 
3 570 1770 1772 
3 1770 571 1771 
3 1772 1771 572 
3 573 1773 1775 
3 1773 574 1774 
3 1775 1774 575 
3 576 1776 1778 
3 1776 577 1777 
3 1778 1777 578 
3 579 1779 1781 
3 1779 580 1780 
3 1781 1780 581 
3 582 1782 1784 
3 1782 583 1783 
3 1784 1783 584 
3 585 1785 1787 
3 1785 586 1786 
3 1787 1786 587 
3 588 1788 1790 
3 1788 589 1789 
3 1790 1789 590 
3 591 1791 1793 
3 1791 592 1792 
3 1793 1792 593 
3 594 1794 1796 
3 1794 595 1795 
3 1796 1795 596 
3 597 1797 1799 
3 1797 598 1798 
3 1799 1798 599 
3 600 1800 1802 
3 1800 601 1801 
3 1802 1801 602 
3 603 1803 1805 
3 1803 604 1804 
3 1805 1804 605 
3 606 1806 1808 
3 1806 607 1807 
3 1808 1807 608 
3 609 1809 1811 
3 1809 610 1810 
3 1811 1810 611 
3 612 3064 1814 
3 1812 3065 1813 
3 1814 2762 614 
3 615 3066 1817 
3 1815 3067 1816 
3 1817 2763 617 
3 618 3068 1820 
3 1818 3069 1819 
3 1820 2764 620 
3 621 3070 1823 
3 1821 3071 1822 
3 1823 2765 623 
3 624 3072 1826 
3 1824 3073 1825 
3 1826 2766 626 
3 627 3074 1829 
3 1827 3075 1828 
3 1829 2767 629 
3 630 1830 1832 
3 1830 631 1831 
3 1832 1831 632 
3 633 1833 1835 
3 1833 634 1834 
3 1835 1834 635 
3 636 1836 1838 
3 1836 637 1837 
3 1838 1837 638 
3 639 1839 1841 
3 1839 640 1840 
3 1841 1840 641 
3 642 1842 1844 
3 1842 643 1843 
3 1844 1843 644 
3 645 1845 1847 
3 1845 646 1846 
3 1847 1846 647 
3 648 1848 1850 
3 1848 649 1849 
3 1850 1849 650 
3 651 1851 1853 
3 1851 652 1852 
3 1853 1852 653 
3 654 1854 1856 
3 1854 655 1855 
3 1856 1855 656 
3 657 1857 1859 
3 1857 658 1858 
3 1859 1858 659 
3 660 1860 1862 
3 1860 661 1861 
3 1862 1861 662 
3 663 1863 1865 
3 1863 664 1864 
3 1865 1864 665 
3 666 1866 1868 
3 1866 667 1867 
3 1868 1867 668 
3 669 1869 1871 
3 1869 670 1870 
3 1871 1870 671 
3 672 1872 1874 
3 1872 673 1873 
3 1874 1873 674 
3 675 1875 1877 
3 1875 676 1876 
3 1877 1876 677 
3 678 1878 1880 
3 1878 679 1879 
3 1880 1879 680 
3 681 1881 1883 
3 1881 682 1882 
3 1883 1882 683 
3 684 1884 1886 
3 1884 685 1885 
3 1886 1885 686 
3 687 1887 1889 
3 1887 688 1888 
3 1889 1888 689 
3 690 1890 1892 
3 1890 691 1891 
3 1892 1891 692 
3 693 1893 1895 
3 1893 694 1894 
3 1895 1894 695 
3 696 1896 1898 
3 1896 697 1897 
3 1898 1897 698 
3 699 1899 1901 
3 1899 700 1900 
3 1901 1900 701 
3 702 3076 1904 
3 1902 3077 1903 
3 1904 2768 704 
3 705 3078 1907 
3 1905 3079 1906 
3 1907 2769 707 
3 708 3080 1910 
3 1908 3081 1909 
3 1910 2770 710 
3 711 3082 1913 
3 1911 3083 1912 
3 1913 2771 713 
3 714 3084 1916 
3 1914 3085 1915 
3 1916 2772 716 
3 717 3086 1919 
3 1917 3087 1918 
3 1919 2773 719 
3 720 3088 3089 
3 1920 3090 2774 
3 1922 2775 3091 
3 3092 1923 2777 
3 3093 724 3094 
3 2776 1924 3095 
3 726 1926 1928 
3 1926 727 1927 
3 1928 1927 728 
3 729 3096 3097 
3 1929 3098 2778 
3 1931 2779 3099 
3 732 1932 1934 
3 1932 733 1933 
3 1934 1933 734 
3 3100 1935 2781 
3 3101 736 3102 
3 2780 1936 3103 
3 738 3104 3105 
3 1938 3106 2782 
3 1940 2783 3107 
3 3108 1941 2785 
3 3109 742 3110 
3 2784 1942 3111 
3 744 1944 1946 
3 1944 745 1945 
3 1946 1945 746 
3 747 3112 3113 
3 1947 3114 2786 
3 1949 2787 3115 
3 750 1950 1952 
3 1950 751 1951 
3 1952 1951 752 
3 3116 1953 2789 
3 3117 754 3118 
3 2788 1954 3119 
3 756 3120 3121 
3 1956 3122 2790 
3 1958 2791 3123 
3 3124 1959 2793 
3 3125 760 3126 
3 2792 1960 3127 
3 762 1962 1964 
3 1962 763 1963 
3 1964 1963 764 
3 765 3128 3129 
3 1965 3130 2794 
3 1967 2795 3131 
3 768 1968 1970 
3 1968 769 1969 
3 1970 1969 770 
3 3132 1971 2797 
3 3133 772 3134 
3 2796 1972 3135 
3 774 1974 1976 
3 1974 775 1975 
3 1976 1975 776 
3 777 1977 1979 
3 1977 778 1978 
3 1979 1978 779 
3 780 1980 1982 
3 1980 781 1981 
3 1982 1981 782 
3 783 1983 1985 
3 1983 784 1984 
3 1985 1984 785 
3 786 1986 1988 
3 1986 787 1987 
3 1988 1987 788 
3 789 1989 1991 
3 1989 790 1990 
3 1991 1990 791 
3 792 1992 1994 
3 1992 793 1993 
3 1994 1993 794 
3 795 1995 1997 
3 1995 796 1996 
3 1997 1996 797 
3 798 1998 2000 
3 1998 799 1999 
3 2000 1999 800 
3 801 2001 2003 
3 2001 802 2002 
3 2003 2002 803 
3 804 2004 2006 
3 2004 805 2005 
3 2006 2005 806 
3 807 2007 2009 
3 2007 808 2008 
3 2009 2008 809 
3 810 2010 2012 
3 2010 811 2011 
3 2012 2011 812 
3 813 2013 2015 
3 2013 814 2014 
3 2015 2014 815 
3 816 2016 2018 
3 2016 817 2017 
3 2018 2017 818 
3 819 2019 2021 
3 2019 820 2020 
3 2021 2020 821 
3 822 2022 2024 
3 2022 823 2023 
3 2024 2023 824 
3 825 2025 2027 
3 2025 826 2026 
3 2027 2026 827 
3 828 2028 2030 
3 2028 829 2029 
3 2030 2029 830 
3 831 2031 2033 
3 2031 832 2032 
3 2033 2032 833 
3 834 2034 2036 
3 2034 835 2035 
3 2036 2035 836 
3 837 2037 2039 
3 2037 838 2038 
3 2039 2038 839 
3 840 2040 2042 
3 2040 841 2041 
3 2042 2041 842 
3 843 2043 2045 
3 2043 844 2044 
3 2045 2044 845 
3 846 3136 2048 
3 2046 3137 2047 
3 2048 2798 848 
3 849 3138 2051 
3 2049 3139 2050 
3 2051 2799 851 
3 852 3140 2054 
3 2052 3141 2053 
3 2054 2800 854 
3 855 3142 2057 
3 2055 3143 2056 
3 2057 2801 857 
3 858 3144 2060 
3 2058 3145 2059 
3 2060 2802 860 
3 861 3146 2063 
3 2061 3147 2062 
3 2063 2803 863 
3 864 3148 3149 
3 2064 3150 2804 
3 2066 2805 3151 
3 3152 2067 2807 
3 3153 868 3154 
3 2806 2068 3155 
3 870 2070 2072 
3 2070 871 2071 
3 2072 2071 872 
3 873 3156 3157 
3 2073 3158 2808 
3 2075 2809 3159 
3 876 2076 2078 
3 2076 877 2077 
3 2078 2077 878 
3 3160 2079 2811 
3 3161 880 3162 
3 2810 2080 3163 
3 882 3164 3165 
3 2082 3166 2812 
3 2084 2813 3167 
3 3168 2085 2815 
3 3169 886 3170 
3 2814 2086 3171 
3 888 2088 2090 
3 2088 889 2089 
3 2090 2089 890 
3 891 3172 3173 
3 2091 3174 2816 
3 2093 2817 3175 
3 894 2094 2096 
3 2094 895 2095 
3 2096 2095 896 
3 3176 2097 2819 
3 3177 898 3178 
3 2818 2098 3179 
3 0 2100 1200 
3 2100 900 2101 
3 1200 2101 1 
3 3 2102 1203 
3 2102 901 2103 
3 1203 2103 4 
3 6 2104 1206 
3 2104 902 2105 
3 1206 2105 7 
3 9 2106 1209 
3 2106 903 2107 
3 1209 2107 10 
3 12 2108 1212 
3 2108 904 2109 
3 1212 2109 13 
3 15 2110 1215 
3 2110 905 2111 
3 1215 2111 16 
3 18 2112 1218 
3 2112 906 2113 
3 1218 2113 19 
3 21 2114 1221 
3 2114 907 2115 
3 1221 2115 22 
3 24 2116 1224 
3 2116 908 2117 
3 1224 2117 25 
3 27 2118 1227 
3 2118 909 2119 
3 1227 2119 28 
3 30 2120 1230 
3 2120 910 2121 
3 1230 2121 31 
3 33 2122 1233 
3 2122 911 2123 
3 1233 2123 34 
3 36 2124 1236 
3 2124 912 2125 
3 1236 2125 37 
3 39 2126 1239 
3 2126 913 2127 
3 1239 2127 40 
3 42 2128 1242 
3 2128 914 2129 
3 1242 2129 43 
3 45 2130 1245 
3 2130 915 2131 
3 1245 2131 46 
3 48 2132 1248 
3 2132 916 2133 
3 1248 2133 49 
3 51 2134 1251 
3 2134 917 2135 
3 1251 2135 52 
3 54 2136 1254 
3 2136 918 2137 
3 1254 2137 55 
3 57 2138 1257 
3 2138 919 2139 
3 1257 2139 58 
3 60 2140 1260 
3 2140 920 2141 
3 1260 2141 61 
3 63 2142 1263 
3 2142 921 2143 
3 1263 2143 64 
3 66 2144 1266 
3 2144 922 2145 
3 1266 2145 67 
3 69 2146 1269 
3 2146 923 2147 
3 1269 2147 70 
3 72 2148 1272 
3 2148 924 2149 
3 1272 2149 73 
3 75 2150 1275 
3 2150 925 2151 
3 1275 2151 76 
3 78 2152 1278 
3 2152 926 2153 
3 1278 2153 79 
3 81 2154 1281 
3 2154 927 2155 
3 1281 2155 82 
3 84 2156 1284 
3 2156 928 2157 
3 1284 2157 85 
3 87 2158 1287 
3 2158 929 2159 
3 1287 2159 88 
3 90 2160 2940 
3 2160 930 2820 
3 1290 2161 2941 
3 93 2162 2942 
3 2162 931 2821 
3 1293 2163 2943 
3 96 2164 2944 
3 2164 932 2822 
3 1296 2165 2945 
3 99 2166 2946 
3 2166 933 2823 
3 1299 2167 2947 
3 102 2168 2948 
3 2168 934 2824 
3 1302 2169 2949 
3 105 2170 2950 
3 2170 935 2825 
3 1305 2171 2951 
3 1308 2952 2827 
3 2173 2826 3180 
3 109 2954 3181 
3 111 3182 2956 
3 2174 3183 2828 
3 1311 2829 2957 
3 114 2176 1314 
3 2176 938 2177 
3 1314 2177 115 
3 1317 2960 2831 
3 2179 2830 3184 
3 118 2962 3185 
3 120 2180 1320 
3 2180 940 2181 
3 1320 2181 121 
3 123 3186 2964 
3 2182 3187 2832 
3 1323 2833 2965 
3 1326 2968 2835 
3 2185 2834 3188 
3 127 2970 3189 
3 129 3190 2972 
3 2186 3191 2836 
3 1329 2837 2973 
3 132 2188 1332 
3 2188 944 2189 
3 1332 2189 133 
3 1335 2976 2839 
3 2191 2838 3192 
3 136 2978 3193 
3 138 2192 1338 
3 2192 946 2193 
3 1338 2193 139 
3 141 3194 2980 
3 2194 3195 2840 
3 1341 2841 2981 
3 1344 2984 2843 
3 2197 2842 3196 
3 145 2986 3197 
3 147 3198 2988 
3 2198 3199 2844 
3 1347 2845 2989 
3 150 2200 1350 
3 2200 950 2201 
3 1350 2201 151 
3 1353 2992 2847 
3 2203 2846 3200 
3 154 2994 3201 
3 156 2204 1356 
3 2204 952 2205 
3 1356 2205 157 
3 159 3202 2996 
3 2206 3203 2848 
3 1359 2849 2997 
3 1362 3000 2851 
3 2209 2850 3204 
3 163 3002 3205 
3 165 3206 3004 
3 2210 3207 2852 
3 1365 2853 3005 
3 168 2212 1368 
3 2212 956 2213 
3 1368 2213 169 
3 1371 3008 2855 
3 2215 2854 3208 
3 172 3010 3209 
3 174 2216 1374 
3 2216 958 2217 
3 1374 2217 175 
3 177 3210 3012 
3 2218 3211 2856 
3 1377 2857 3013 
3 180 2220 1380 
3 2220 960 2221 
3 1380 2221 181 
3 183 2222 1383 
3 2222 961 2223 
3 1383 2223 184 
3 186 2224 1386 
3 2224 962 2225 
3 1386 2225 187 
3 189 2226 1389 
3 2226 963 2227 
3 1389 2227 190 
3 192 2228 1392 
3 2228 964 2229 
3 1392 2229 193 
3 195 2230 1395 
3 2230 965 2231 
3 1395 2231 196 
3 198 2232 1398 
3 2232 966 2233 
3 1398 2233 199 
3 201 2234 1401 
3 2234 967 2235 
3 1401 2235 202 
3 204 2236 1404 
3 2236 968 2237 
3 1404 2237 205 
3 207 2238 1407 
3 2238 969 2239 
3 1407 2239 208 
3 210 2240 1410 
3 2240 970 2241 
3 1410 2241 211 
3 213 2242 1413 
3 2242 971 2243 
3 1413 2243 214 
3 216 2244 1416 
3 2244 972 2245 
3 1416 2245 217 
3 219 2246 1419 
3 2246 973 2247 
3 1419 2247 220 
3 222 2248 1422 
3 2248 974 2249 
3 1422 2249 223 
3 225 2250 1425 
3 2250 975 2251 
3 1425 2251 226 
3 228 2252 1428 
3 2252 976 2253 
3 1428 2253 229 
3 231 2254 1431 
3 2254 977 2255 
3 1431 2255 232 
3 234 2256 1434 
3 2256 978 2257 
3 1434 2257 235 
3 237 2258 1437 
3 2258 979 2259 
3 1437 2259 238 
3 240 2260 1440 
3 2260 980 2261 
3 1440 2261 241 
3 243 2262 1443 
3 2262 981 2263 
3 1443 2263 244 
3 246 2264 1446 
3 2264 982 2265 
3 1446 2265 247 
3 249 2266 1449 
3 2266 983 2267 
3 1449 2267 250 
3 252 2268 3016 
3 2268 984 2858 
3 1452 2269 3017 
3 255 2270 3018 
3 2270 985 2859 
3 1455 2271 3019 
3 258 2272 3020 
3 2272 986 2860 
3 1458 2273 3021 
3 261 2274 3022 
3 2274 987 2861 
3 1461 2275 3023 
3 264 2276 3024 
3 2276 988 2862 
3 1464 2277 3025 
3 267 2278 3026 
3 2278 989 2863 
3 1467 2279 3027 
3 270 2280 1470 
3 2280 990 2281 
3 1470 2281 271 
3 273 2282 1473 
3 2282 991 2283 
3 1473 2283 274 
3 276 2284 1476 
3 2284 992 2285 
3 1476 2285 277 
3 279 2286 1479 
3 2286 993 2287 
3 1479 2287 280 
3 282 2288 1482 
3 2288 994 2289 
3 1482 2289 283 
3 285 2290 1485 
3 2290 995 2291 
3 1485 2291 286 
3 288 2292 1488 
3 2292 996 2293 
3 1488 2293 289 
3 291 2294 1491 
3 2294 997 2295 
3 1491 2295 292 
3 294 2296 1494 
3 2296 998 2297 
3 1494 2297 295 
3 297 2298 1497 
3 2298 999 2299 
3 1497 2299 298 
3 300 2300 1500 
3 2300 1000 2301 
3 1500 2301 301 
3 303 2302 1503 
3 2302 1001 2303 
3 1503 2303 304 
3 306 2304 1506 
3 2304 1002 2305 
3 1506 2305 307 
3 309 2306 1509 
3 2306 1003 2307 
3 1509 2307 310 
3 312 2308 1512 
3 2308 1004 2309 
3 1512 2309 313 
3 315 2310 1515 
3 2310 1005 2311 
3 1515 2311 316 
3 318 2312 1518 
3 2312 1006 2313 
3 1518 2313 319 
3 321 2314 1521 
3 2314 1007 2315 
3 1521 2315 322 
3 324 2316 1524 
3 2316 1008 2317 
3 1524 2317 325 
3 327 2318 1527 
3 2318 1009 2319 
3 1527 2319 328 
3 330 2320 1530 
3 2320 1010 2321 
3 1530 2321 331 
3 333 2322 1533 
3 2322 1011 2323 
3 1533 2323 334 
3 336 2324 1536 
3 2324 1012 2325 
3 1536 2325 337 
3 339 2326 1539 
3 2326 1013 2327 
3 1539 2327 340 
3 342 2328 3028 
3 2328 1014 2864 
3 1542 2329 3029 
3 345 2330 3030 
3 2330 1015 2865 
3 1545 2331 3031 
3 348 2332 3032 
3 2332 1016 2866 
3 1548 2333 3033 
3 351 2334 3034 
3 2334 1017 2867 
3 1551 2335 3035 
3 354 2336 3036 
3 2336 1018 2868 
3 1554 2337 3037 
3 357 2338 3038 
3 2338 1019 2869 
3 1557 2339 3039 
3 360 2340 1560 
3 2340 1020 2341 
3 1560 2341 361 
3 363 2342 1563 
3 2342 1021 2343 
3 1563 2343 364 
3 366 2344 1566 
3 2344 1022 2345 
3 1566 2345 367 
3 369 2346 1569 
3 2346 1023 2347 
3 1569 2347 370 
3 372 2348 1572 
3 2348 1024 2349 
3 1572 2349 373 
3 375 2350 1575 
3 2350 1025 2351 
3 1575 2351 376 
3 378 2352 1578 
3 2352 1026 2353 
3 1578 2353 379 
3 381 2354 1581 
3 2354 1027 2355 
3 1581 2355 382 
3 384 2356 1584 
3 2356 1028 2357 
3 1584 2357 385 
3 387 2358 1587 
3 2358 1029 2359 
3 1587 2359 388 
3 390 2360 1590 
3 2360 1030 2361 
3 1590 2361 391 
3 393 2362 1593 
3 2362 1031 2363 
3 1593 2363 394 
3 396 2364 1596 
3 2364 1032 2365 
3 1596 2365 397 
3 399 2366 1599 
3 2366 1033 2367 
3 1599 2367 400 
3 402 2368 1602 
3 2368 1034 2369 
3 1602 2369 403 
3 405 2370 1605 
3 2370 1035 2371 
3 1605 2371 406 
3 408 2372 1608 
3 2372 1036 2373 
3 1608 2373 409 
3 411 2374 1611 
3 2374 1037 2375 
3 1611 2375 412 
3 414 2376 1614 
3 2376 1038 2377 
3 1614 2377 415 
3 417 2378 1617 
3 2378 1039 2379 
3 1617 2379 418 
3 420 2380 1620 
3 2380 1040 2381 
3 1620 2381 421 
3 423 2382 1623 
3 2382 1041 2383 
3 1623 2383 424 
3 426 2384 1626 
3 2384 1042 2385 
3 1626 2385 427 
3 429 2386 1629 
3 2386 1043 2387 
3 1629 2387 430 
3 432 2388 3040 
3 2388 1044 2870 
3 1632 2389 3041 
3 435 2390 3042 
3 2390 1045 2871 
3 1635 2391 3043 
3 438 2392 3044 
3 2392 1046 2872 
3 1638 2393 3045 
3 441 2394 3046 
3 2394 1047 2873 
3 1641 2395 3047 
3 444 2396 3048 
3 2396 1048 2874 
3 1644 2397 3049 
3 447 2398 3050 
3 2398 1049 2875 
3 1647 2399 3051 
3 450 2400 1650 
3 2400 1050 2401 
3 1650 2401 451 
3 453 2402 1653 
3 2402 1051 2403 
3 1653 2403 454 
3 456 2404 1656 
3 2404 1052 2405 
3 1656 2405 457 
3 459 2406 1659 
3 2406 1053 2407 
3 1659 2407 460 
3 462 2408 1662 
3 2408 1054 2409 
3 1662 2409 463 
3 465 2410 1665 
3 2410 1055 2411 
3 1665 2411 466 
3 468 2412 1668 
3 2412 1056 2413 
3 1668 2413 469 
3 471 2414 1671 
3 2414 1057 2415 
3 1671 2415 472 
3 474 2416 1674 
3 2416 1058 2417 
3 1674 2417 475 
3 477 2418 1677 
3 2418 1059 2419 
3 1677 2419 478 
3 480 2420 1680 
3 2420 1060 2421 
3 1680 2421 481 
3 483 2422 1683 
3 2422 1061 2423 
3 1683 2423 484 
3 486 2424 1686 
3 2424 1062 2425 
3 1686 2425 487 
3 489 2426 1689 
3 2426 1063 2427 
3 1689 2427 490 
3 492 2428 1692 
3 2428 1064 2429 
3 1692 2429 493 
3 495 2430 1695 
3 2430 1065 2431 
3 1695 2431 496 
3 498 2432 1698 
3 2432 1066 2433 
3 1698 2433 499 
3 501 2434 1701 
3 2434 1067 2435 
3 1701 2435 502 
3 504 2436 1704 
3 2436 1068 2437 
3 1704 2437 505 
3 507 2438 1707 
3 2438 1069 2439 
3 1707 2439 508 
3 510 2440 1710 
3 2440 1070 2441 
3 1710 2441 511 
3 513 2442 1713 
3 2442 1071 2443 
3 1713 2443 514 
3 516 2444 1716 
3 2444 1072 2445 
3 1716 2445 517 
3 519 2446 1719 
3 2446 1073 2447 
3 1719 2447 520 
3 522 2448 3052 
3 2448 1074 2876 
3 1722 2449 3053 
3 525 2450 3054 
3 2450 1075 2877 
3 1725 2451 3055 
3 528 2452 3056 
3 2452 1076 2878 
3 1728 2453 3057 
3 531 2454 3058 
3 2454 1077 2879 
3 1731 2455 3059 
3 534 2456 3060 
3 2456 1078 2880 
3 1734 2457 3061 
3 537 2458 3062 
3 2458 1079 2881 
3 1737 2459 3063 
3 540 2460 1740 
3 2460 1080 2461 
3 1740 2461 541 
3 543 2462 1743 
3 2462 1081 2463 
3 1743 2463 544 
3 546 2464 1746 
3 2464 1082 2465 
3 1746 2465 547 
3 549 2466 1749 
3 2466 1083 2467 
3 1749 2467 550 
3 552 2468 1752 
3 2468 1084 2469 
3 1752 2469 553 
3 555 2470 1755 
3 2470 1085 2471 
3 1755 2471 556 
3 558 2472 1758 
3 2472 1086 2473 
3 1758 2473 559 
3 561 2474 1761 
3 2474 1087 2475 
3 1761 2475 562 
3 564 2476 1764 
3 2476 1088 2477 
3 1764 2477 565 
3 567 2478 1767 
3 2478 1089 2479 
3 1767 2479 568 
3 570 2480 1770 
3 2480 1090 2481 
3 1770 2481 571 
3 573 2482 1773 
3 2482 1091 2483 
3 1773 2483 574 
3 576 2484 1776 
3 2484 1092 2485 
3 1776 2485 577 
3 579 2486 1779 
3 2486 1093 2487 
3 1779 2487 580 
3 582 2488 1782 
3 2488 1094 2489 
3 1782 2489 583 
3 585 2490 1785 
3 2490 1095 2491 
3 1785 2491 586 
3 588 2492 1788 
3 2492 1096 2493 
3 1788 2493 589 
3 591 2494 1791 
3 2494 1097 2495 
3 1791 2495 592 
3 594 2496 1794 
3 2496 1098 2497 
3 1794 2497 595 
3 597 2498 1797 
3 2498 1099 2499 
3 1797 2499 598 
3 600 2500 1800 
3 2500 1100 2501 
3 1800 2501 601 
3 603 2502 1803 
3 2502 1101 2503 
3 1803 2503 604 
3 606 2504 1806 
3 2504 1102 2505 
3 1806 2505 607 
3 609 2506 1809 
3 2506 1103 2507 
3 1809 2507 610 
3 612 2508 3064 
3 2508 1104 2882 
3 1812 2509 3065 
3 615 2510 3066 
3 2510 1105 2883 
3 1815 2511 3067 
3 618 2512 3068 
3 2512 1106 2884 
3 1818 2513 3069 
3 621 2514 3070 
3 2514 1107 2885 
3 1821 2515 3071 
3 624 2516 3072 
3 2516 1108 2886 
3 1824 2517 3073 
3 627 2518 3074 
3 2518 1109 2887 
3 1827 2519 3075 
3 630 2520 1830 
3 2520 1110 2521 
3 1830 2521 631 
3 633 2522 1833 
3 2522 1111 2523 
3 1833 2523 634 
3 636 2524 1836 
3 2524 1112 2525 
3 1836 2525 637 
3 639 2526 1839 
3 2526 1113 2527 
3 1839 2527 640 
3 642 2528 1842 
3 2528 1114 2529 
3 1842 2529 643 
3 645 2530 1845 
3 2530 1115 2531 
3 1845 2531 646 
3 648 2532 1848 
3 2532 1116 2533 
3 1848 2533 649 
3 651 2534 1851 
3 2534 1117 2535 
3 1851 2535 652 
3 654 2536 1854 
3 2536 1118 2537 
3 1854 2537 655 
3 657 2538 1857 
3 2538 1119 2539 
3 1857 2539 658 
3 660 2540 1860 
3 2540 1120 2541 
3 1860 2541 661 
3 663 2542 1863 
3 2542 1121 2543 
3 1863 2543 664 
3 666 2544 1866 
3 2544 1122 2545 
3 1866 2545 667 
3 669 2546 1869 
3 2546 1123 2547 
3 1869 2547 670 
3 672 2548 1872 
3 2548 1124 2549 
3 1872 2549 673 
3 675 2550 1875 
3 2550 1125 2551 
3 1875 2551 676 
3 678 2552 1878 
3 2552 1126 2553 
3 1878 2553 679 
3 681 2554 1881 
3 2554 1127 2555 
3 1881 2555 682 
3 684 2556 1884 
3 2556 1128 2557 
3 1884 2557 685 
3 687 2558 1887 
3 2558 1129 2559 
3 1887 2559 688 
3 690 2560 1890 
3 2560 1130 2561 
3 1890 2561 691 
3 693 2562 1893 
3 2562 1131 2563 
3 1893 2563 694 
3 696 2564 1896 
3 2564 1132 2565 
3 1896 2565 697 
3 699 2566 1899 
3 2566 1133 2567 
3 1899 2567 700 
3 702 2568 3076 
3 2568 1134 2888 
3 1902 2569 3077 
3 705 2570 3078 
3 2570 1135 2889 
3 1905 2571 3079 
3 708 2572 3080 
3 2572 1136 2890 
3 1908 2573 3081 
3 711 2574 3082 
3 2574 1137 2891 
3 1911 2575 3083 
3 714 2576 3084 
3 2576 1138 2892 
3 1914 2577 3085 
3 717 2578 3086 
3 2578 1139 2893 
3 1917 2579 3087 
3 1920 3088 2895 
3 2581 2894 3212 
3 721 3090 3213 
3 723 3214 3092 
3 2582 3215 2896 
3 1923 2897 3093 
3 726 2584 1926 
3 2584 1142 2585 
3 1926 2585 727 
3 1929 3096 2899 
3 2587 2898 3216 
3 730 3098 3217 
3 732 2588 1932 
3 2588 1144 2589 
3 1932 2589 733 
3 735 3218 3100 
3 2590 3219 2900 
3 1935 2901 3101 
3 1938 3104 2903 
3 2593 2902 3220 
3 739 3106 3221 
3 741 3222 3108 
3 2594 3223 2904 
3 1941 2905 3109 
3 744 2596 1944 
3 2596 1148 2597 
3 1944 2597 745 
3 1947 3112 2907 
3 2599 2906 3224 
3 748 3114 3225 
3 750 2600 1950 
3 2600 1150 2601 
3 1950 2601 751 
3 753 3226 3116 
3 2602 3227 2908 
3 1953 2909 3117 
3 1956 3120 2911 
3 2605 2910 3228 
3 757 3122 3229 
3 759 3230 3124 
3 2606 3231 2912 
3 1959 2913 3125 
3 762 2608 1962 
3 2608 1154 2609 
3 1962 2609 763 
3 1965 3128 2915 
3 2611 2914 3232 
3 766 3130 3233 
3 768 2612 1968 
3 2612 1156 2613 
3 1968 2613 769 
3 771 3234 3132 
3 2614 3235 2916 
3 1971 2917 3133 
3 774 2616 1974 
3 2616 1158 2617 
3 1974 2617 775 
3 777 2618 1977 
3 2618 1159 2619 
3 1977 2619 778 
3 780 2620 1980 
3 2620 1160 2621 
3 1980 2621 781 
3 783 2622 1983 
3 2622 1161 2623 
3 1983 2623 784 
3 786 2624 1986 
3 2624 1162 2625 
3 1986 2625 787 
3 789 2626 1989 
3 2626 1163 2627 
3 1989 2627 790 
3 792 2628 1992 
3 2628 1164 2629 
3 1992 2629 793 
3 795 2630 1995 
3 2630 1165 2631 
3 1995 2631 796 
3 798 2632 1998 
3 2632 1166 2633 
3 1998 2633 799 
3 801 2634 2001 
3 2634 1167 2635 
3 2001 2635 802 
3 804 2636 2004 
3 2636 1168 2637 
3 2004 2637 805 
3 807 2638 2007 
3 2638 1169 2639 
3 2007 2639 808 
3 810 2640 2010 
3 2640 1170 2641 
3 2010 2641 811 
3 813 2642 2013 
3 2642 1171 2643 
3 2013 2643 814 
3 816 2644 2016 
3 2644 1172 2645 
3 2016 2645 817 
3 819 2646 2019 
3 2646 1173 2647 
3 2019 2647 820 
3 822 2648 2022 
3 2648 1174 2649 
3 2022 2649 823 
3 825 2650 2025 
3 2650 1175 2651 
3 2025 2651 826 
3 828 2652 2028 
3 2652 1176 2653 
3 2028 2653 829 
3 831 2654 2031 
3 2654 1177 2655 
3 2031 2655 832 
3 834 2656 2034 
3 2656 1178 2657 
3 2034 2657 835 
3 837 2658 2037 
3 2658 1179 2659 
3 2037 2659 838 
3 840 2660 2040 
3 2660 1180 2661 
3 2040 2661 841 
3 843 2662 2043 
3 2662 1181 2663 
3 2043 2663 844 
3 846 2664 3136 
3 2664 1182 2918 
3 2046 2665 3137 
3 849 2666 3138 
3 2666 1183 2919 
3 2049 2667 3139 
3 852 2668 3140 
3 2668 1184 2920 
3 2052 2669 3141 
3 855 2670 3142 
3 2670 1185 2921 
3 2055 2671 3143 
3 858 2672 3144 
3 2672 1186 2922 
3 2058 2673 3145 
3 861 2674 3146 
3 2674 1187 2923 
3 2061 2675 3147 
3 2064 3148 2925 
3 2677 2924 3236 
3 865 3150 3237 
3 867 3238 3152 
3 2678 3239 2926 
3 2067 2927 3153 
3 870 2680 2070 
3 2680 1190 2681 
3 2070 2681 871 
3 2073 3156 2929 
3 2683 2928 3240 
3 874 3158 3241 
3 876 2684 2076 
3 2684 1192 2685 
3 2076 2685 877 
3 879 3242 3160 
3 2686 3243 2930 
3 2079 2931 3161 
3 2082 3164 2933 
3 2689 2932 3244 
3 883 3166 3245 
3 885 3246 3168 
3 2690 3247 2934 
3 2085 2935 3169 
3 888 2692 2088 
3 2692 1196 2693 
3 2088 2693 889 
3 2091 3172 2937 
3 2695 2936 3248 
3 892 3174 3249 
3 894 2696 2094 
3 2696 1198 2697 
3 2094 2697 895 
3 897 3250 3176 
3 2698 3251 2938 
3 2097 2939 3177 
3 1290 2700 1292 
3 1293 2701 1295 
3 1296 2702 1298 
3 1299 2703 1301 
3 1302 2704 1304 
3 1305 2705 1307 
3 1308 2707 1310 
3 2707 1308 2706 
3 1311 2708 2709 
3 2708 1311 1312 
3 1317 2711 1319 
3 2711 1317 2710 
3 1323 2712 2713 
3 2712 1323 1324 
3 1326 2715 1328 
3 2715 1326 2714 
3 1329 2716 2717 
3 2716 1329 1330 
3 1335 2719 1337 
3 2719 1335 2718 
3 1341 2720 2721 
3 2720 1341 1342 
3 1344 2723 1346 
3 2723 1344 2722 
3 1347 2724 2725 
3 2724 1347 1348 
3 1353 2727 1355 
3 2727 1353 2726 
3 1359 2728 2729 
3 2728 1359 1360 
3 1362 2731 1364 
3 2731 1362 2730 
3 1365 2732 2733 
3 2732 1365 1366 
3 1371 2735 1373 
3 2735 1371 2734 
3 1377 2736 2737 
3 2736 1377 1378 
3 1452 2738 1454 
3 1455 2739 1457 
3 1458 2740 1460 
3 1461 2741 1463 
3 1464 2742 1466 
3 1467 2743 1469 
3 1542 2744 1544 
3 1545 2745 1547 
3 1548 2746 1550 
3 1551 2747 1553 
3 1554 2748 1556 
3 1557 2749 1559 
3 1632 2750 1634 
3 1635 2751 1637 
3 1638 2752 1640 
3 1641 2753 1643 
3 1644 2754 1646 
3 1647 2755 1649 
3 1722 2756 1724 
3 1725 2757 1727 
3 1728 2758 1730 
3 1731 2759 1733 
3 1734 2760 1736 
3 1737 2761 1739 
3 1812 2762 1814 
3 1815 2763 1817 
3 1818 2764 1820 
3 1821 2765 1823 
3 1824 2766 1826 
3 1827 2767 1829 
3 1902 2768 1904 
3 1905 2769 1907 
3 1908 2770 1910 
3 1911 2771 1913 
3 1914 2772 1916 
3 1917 2773 1919 
3 1920 2775 1922 
3 2775 1920 2774 
3 1923 2776 2777 
3 2776 1923 1924 
3 1929 2779 1931 
3 2779 1929 2778 
3 1935 2780 2781 
3 2780 1935 1936 
3 1938 2783 1940 
3 2783 1938 2782 
3 1941 2784 2785 
3 2784 1941 1942 
3 1947 2787 1949 
3 2787 1947 2786 
3 1953 2788 2789 
3 2788 1953 1954 
3 1956 2791 1958 
3 2791 1956 2790 
3 1959 2792 2793 
3 2792 1959 1960 
3 1965 2795 1967 
3 2795 1965 2794 
3 1971 2796 2797 
3 2796 1971 1972 
3 2046 2798 2048 
3 2049 2799 2051 
3 2052 2800 2054 
3 2055 2801 2057 
3 2058 2802 2060 
3 2061 2803 2063 
3 2064 2805 2066 
3 2805 2064 2804 
3 2067 2806 2807 
3 2806 2067 2068 
3 2073 2809 2075 
3 2809 2073 2808 
3 2079 2810 2811 
3 2810 2079 2080 
3 2082 2813 2084 
3 2813 2082 2812 
3 2085 2814 2815 
3 2814 2085 2086 
3 2091 2817 2093 
3 2817 2091 2816 
3 2097 2818 2819 
3 2818 2097 2098 
3 2820 2161 1290 
3 2821 2163 1293 
3 2822 2165 1296 
3 2823 2167 1299 
3 2824 2169 1302 
3 2825 2171 1305 
3 2826 1308 2827 
3 1308 2826 2173 
3 2174 2828 1311 
3 2829 1311 2828 
3 2830 1317 2831 
3 1317 2830 2179 
3 2182 2832 1323 
3 2833 1323 2832 
3 2834 1326 2835 
3 1326 2834 2185 
3 2186 2836 1329 
3 2837 1329 2836 
3 2838 1335 2839 
3 1335 2838 2191 
3 2194 2840 1341 
3 2841 1341 2840 
3 2842 1344 2843 
3 1344 2842 2197 
3 2198 2844 1347 
3 2845 1347 2844 
3 2846 1353 2847 
3 1353 2846 2203 
3 2206 2848 1359 
3 2849 1359 2848 
3 2850 1362 2851 
3 1362 2850 2209 
3 2210 2852 1365 
3 2853 1365 2852 
3 2854 1371 2855 
3 1371 2854 2215 
3 2218 2856 1377 
3 2857 1377 2856 
3 2858 2269 1452 
3 2859 2271 1455 
3 2860 2273 1458 
3 2861 2275 1461 
3 2862 2277 1464 
3 2863 2279 1467 
3 2864 2329 1542 
3 2865 2331 1545 
3 2866 2333 1548 
3 2867 2335 1551 
3 2868 2337 1554 
3 2869 2339 1557 
3 2870 2389 1632 
3 2871 2391 1635 
3 2872 2393 1638 
3 2873 2395 1641 
3 2874 2397 1644 
3 2875 2399 1647 
3 2876 2449 1722 
3 2877 2451 1725 
3 2878 2453 1728 
3 2879 2455 1731 
3 2880 2457 1734 
3 2881 2459 1737 
3 2882 2509 1812 
3 2883 2511 1815 
3 2884 2513 1818 
3 2885 2515 1821 
3 2886 2517 1824 
3 2887 2519 1827 
3 2888 2569 1902 
3 2889 2571 1905 
3 2890 2573 1908 
3 2891 2575 1911 
3 2892 2577 1914 
3 2893 2579 1917 
3 2894 1920 2895 
3 1920 2894 2581 
3 2582 2896 1923 
3 2897 1923 2896 
3 2898 1929 2899 
3 1929 2898 2587 
3 2590 2900 1935 
3 2901 1935 2900 
3 2902 1938 2903 
3 1938 2902 2593 
3 2594 2904 1941 
3 2905 1941 2904 
3 2906 1947 2907 
3 1947 2906 2599 
3 2602 2908 1953 
3 2909 1953 2908 
3 2910 1956 2911 
3 1956 2910 2605 
3 2606 2912 1959 
3 2913 1959 2912 
3 2914 1965 2915 
3 1965 2914 2611 
3 2614 2916 1971 
3 2917 1971 2916 
3 2918 2665 2046 
3 2919 2667 2049 
3 2920 2669 2052 
3 2921 2671 2055 
3 2922 2673 2058 
3 2923 2675 2061 
3 2924 2064 2925 
3 2064 2924 2677 
3 2678 2926 2067 
3 2927 2067 2926 
3 2928 2073 2929 
3 2073 2928 2683 
3 2686 2930 2079 
3 2931 2079 2930 
3 2932 2082 2933 
3 2082 2932 2689 
3 2690 2934 2085 
3 2935 2085 2934 
3 2936 2091 2937 
3 2091 2936 2695 
3 2698 2938 2097 
3 2939 2097 2938 
3 2940 1290 1292 
3 2941 91 1291 
3 2700 1291 92 
3 2942 1293 1295 
3 2943 94 1294 
3 2701 1294 95 
3 2944 1296 1298 
3 2945 97 1297 
3 2702 1297 98 
3 2946 1299 1301 
3 2947 100 1300 
3 2703 1300 101 
3 2948 1302 1304 
3 2949 103 1303 
3 2704 1303 104 
3 2950 1305 1307 
3 2951 106 1306 
3 2705 1306 107 
3 2952 1310 2953 
3 1310 2952 1308 
3 2954 1309 2706 
3 1309 2954 109 
3 2707 110 2955 
3 110 2707 1309 
3 111 2956 1313 
3 2709 1313 2956 
3 1311 2957 1312 
3 2958 1312 2957 
3 1313 2708 113 
3 2959 113 2708 
3 2960 1319 2961 
3 1319 2960 1317 
3 2962 1318 2710 
3 1318 2962 118 
3 2711 119 2963 
3 119 2711 1318 
3 123 2964 1325 
3 2713 1325 2964 
3 1323 2965 1324 
3 2966 1324 2965 
3 1325 2712 125 
3 2967 125 2712 
3 2968 1328 2969 
3 1328 2968 1326 
3 2970 1327 2714 
3 1327 2970 127 
3 2715 128 2971 
3 128 2715 1327 
3 129 2972 1331 
3 2717 1331 2972 
3 1329 2973 1330 
3 2974 1330 2973 
3 1331 2716 131 
3 2975 131 2716 
3 2976 1337 2977 
3 1337 2976 1335 
3 2978 1336 2718 
3 1336 2978 136 
3 2719 137 2979 
3 137 2719 1336 
3 141 2980 1343 
3 2721 1343 2980 
3 1341 2981 1342 
3 2982 1342 2981 
3 1343 2720 143 
3 2983 143 2720 
3 2984 1346 2985 
3 1346 2984 1344 
3 2986 1345 2722 
3 1345 2986 145 
3 2723 146 2987 
3 146 2723 1345 
3 147 2988 1349 
3 2725 1349 2988 
3 1347 2989 1348 
3 2990 1348 2989 
3 1349 2724 149 
3 2991 149 2724 
3 2992 1355 2993 
3 1355 2992 1353 
3 2994 1354 2726 
3 1354 2994 154 
3 2727 155 2995 
3 155 2727 1354 
3 159 2996 1361 
3 2729 1361 2996 
3 1359 2997 1360 
3 2998 1360 2997 
3 1361 2728 161 
3 2999 161 2728 
3 3000 1364 3001 
3 1364 3000 1362 
3 3002 1363 2730 
3 1363 3002 163 
3 2731 164 3003 
3 164 2731 1363 
3 165 3004 1367 
3 2733 1367 3004 
3 1365 3005 1366 
3 3006 1366 3005 
3 1367 2732 167 
3 3007 167 2732 
3 3008 1373 3009 
3 1373 3008 1371 
3 3010 1372 2734 
3 1372 3010 172 
3 2735 173 3011 
3 173 2735 1372 
3 177 3012 1379 
3 2737 1379 3012 
3 1377 3013 1378 
3 3014 1378 3013 
3 1379 2736 179 
3 3015 179 2736 
3 3016 1452 1454 
3 3017 253 1453 
3 2738 1453 254 
3 3018 1455 1457 
3 3019 256 1456 
3 2739 1456 257 
3 3020 1458 1460 
3 3021 259 1459 
3 2740 1459 260 
3 3022 1461 1463 
3 3023 262 1462 
3 2741 1462 263 
3 3024 1464 1466 
3 3025 265 1465 
3 2742 1465 266 
3 3026 1467 1469 
3 3027 268 1468 
3 2743 1468 269 
3 3028 1542 1544 
3 3029 343 1543 
3 2744 1543 344 
3 3030 1545 1547 
3 3031 346 1546 
3 2745 1546 347 
3 3032 1548 1550 
3 3033 349 1549 
3 2746 1549 350 
3 3034 1551 1553 
3 3035 352 1552 
3 2747 1552 353 
3 3036 1554 1556 
3 3037 355 1555 
3 2748 1555 356 
3 3038 1557 1559 
3 3039 358 1558 
3 2749 1558 359 
3 3040 1632 1634 
3 3041 433 1633 
3 2750 1633 434 
3 3042 1635 1637 
3 3043 436 1636 
3 2751 1636 437 
3 3044 1638 1640 
3 3045 439 1639 
3 2752 1639 440 
3 3046 1641 1643 
3 3047 442 1642 
3 2753 1642 443 
3 3048 1644 1646 
3 3049 445 1645 
3 2754 1645 446 
3 3050 1647 1649 
3 3051 448 1648 
3 2755 1648 449 
3 3052 1722 1724 
3 3053 523 1723 
3 2756 1723 524 
3 3054 1725 1727 
3 3055 526 1726 
3 2757 1726 527 
3 3056 1728 1730 
3 3057 529 1729 
3 2758 1729 530 
3 3058 1731 1733 
3 3059 532 1732 
3 2759 1732 533 
3 3060 1734 1736 
3 3061 535 1735 
3 2760 1735 536 
3 3062 1737 1739 
3 3063 538 1738 
3 2761 1738 539 
3 3064 1812 1814 
3 3065 613 1813 
3 2762 1813 614 
3 3066 1815 1817 
3 3067 616 1816 
3 2763 1816 617 
3 3068 1818 1820 
3 3069 619 1819 
3 2764 1819 620 
3 3070 1821 1823 
3 3071 622 1822 
3 2765 1822 623 
3 3072 1824 1826 
3 3073 625 1825 
3 2766 1825 626 
3 3074 1827 1829 
3 3075 628 1828 
3 2767 1828 629 
3 3076 1902 1904 
3 3077 703 1903 
3 2768 1903 704 
3 3078 1905 1907 
3 3079 706 1906 
3 2769 1906 707 
3 3080 1908 1910 
3 3081 709 1909 
3 2770 1909 710 
3 3082 1911 1913 
3 3083 712 1912 
3 2771 1912 713 
3 3084 1914 1916 
3 3085 715 1915 
3 2772 1915 716 
3 3086 1917 1919 
3 3087 718 1918 
3 2773 1918 719 
3 3088 1922 3089 
3 1922 3088 1920 
3 3090 1921 2774 
3 1921 3090 721 
3 2775 722 3091 
3 722 2775 1921 
3 723 3092 1925 
3 2777 1925 3092 
3 1923 3093 1924 
3 3094 1924 3093 
3 1925 2776 725 
3 3095 725 2776 
3 3096 1931 3097 
3 1931 3096 1929 
3 3098 1930 2778 
3 1930 3098 730 
3 2779 731 3099 
3 731 2779 1930 
3 735 3100 1937 
3 2781 1937 3100 
3 1935 3101 1936 
3 3102 1936 3101 
3 1937 2780 737 
3 3103 737 2780 
3 3104 1940 3105 
3 1940 3104 1938 
3 3106 1939 2782 
3 1939 3106 739 
3 2783 740 3107 
3 740 2783 1939 
3 741 3108 1943 
3 2785 1943 3108 
3 1941 3109 1942 
3 3110 1942 3109 
3 1943 2784 743 
3 3111 743 2784 
3 3112 1949 3113 
3 1949 3112 1947 
3 3114 1948 2786 
3 1948 3114 748 
3 2787 749 3115 
3 749 2787 1948 
3 753 3116 1955 
3 2789 1955 3116 
3 1953 3117 1954 
3 3118 1954 3117 
3 1955 2788 755 
3 3119 755 2788 
3 3120 1958 3121 
3 1958 3120 1956 
3 3122 1957 2790 
3 1957 3122 757 
3 2791 758 3123 
3 758 2791 1957 
3 759 3124 1961 
3 2793 1961 3124 
3 1959 3125 1960 
3 3126 1960 3125 
3 1961 2792 761 
3 3127 761 2792 
3 3128 1967 3129 
3 1967 3128 1965 
3 3130 1966 2794 
3 1966 3130 766 
3 2795 767 3131 
3 767 2795 1966 
3 771 3132 1973 
3 2797 1973 3132 
3 1971 3133 1972 
3 3134 1972 3133 
3 1973 2796 773 
3 3135 773 2796 
3 3136 2046 2048 
3 3137 847 2047 
3 2798 2047 848 
3 3138 2049 2051 
3 3139 850 2050 
3 2799 2050 851 
3 3140 2052 2054 
3 3141 853 2053 
3 2800 2053 854 
3 3142 2055 2057 
3 3143 856 2056 
3 2801 2056 857 
3 3144 2058 2060 
3 3145 859 2059 
3 2802 2059 860 
3 3146 2061 2063 
3 3147 862 2062 
3 2803 2062 863 
3 3148 2066 3149 
3 2066 3148 2064 
3 3150 2065 2804 
3 2065 3150 865 
3 2805 866 3151 
3 866 2805 2065 
3 867 3152 2069 
3 2807 2069 3152 
3 2067 3153 2068 
3 3154 2068 3153 
3 2069 2806 869 
3 3155 869 2806 
3 3156 2075 3157 
3 2075 3156 2073 
3 3158 2074 2808 
3 2074 3158 874 
3 2809 875 3159 
3 875 2809 2074 
3 879 3160 2081 
3 2811 2081 3160 
3 2079 3161 2080 
3 3162 2080 3161 
3 2081 2810 881 
3 3163 881 2810 
3 3164 2084 3165 
3 2084 3164 2082 
3 3166 2083 2812 
3 2083 3166 883 
3 2813 884 3167 
3 884 2813 2083 
3 885 3168 2087 
3 2815 2087 3168 
3 2085 3169 2086 
3 3170 2086 3169 
3 2087 2814 887 
3 3171 887 2814 
3 3172 2093 3173 
3 2093 3172 2091 
3 3174 2092 2816 
3 2092 3174 892 
3 2817 893 3175 
3 893 2817 2092 
3 897 3176 2099 
3 2819 2099 3176 
3 2097 3177 2098 
3 3178 2098 3177 
3 2099 2818 899 
3 3179 899 2818 
3 2940 2160 1290 
3 2820 930 2161 
3 2941 2161 91 
3 2942 2162 1293 
3 2821 931 2163 
3 2943 2163 94 
3 2944 2164 1296 
3 2822 932 2165 
3 2945 2165 97 
3 2946 2166 1299 
3 2823 933 2167 
3 2947 2167 100 
3 2948 2168 1302 
3 2824 934 2169 
3 2949 2169 103 
3 2950 2170 1305 
3 2825 935 2171 
3 2951 2171 106 
3 108 2172 2952 
3 2827 2952 2172 
3 2172 936 2826 
3 3180 2826 936 
3 1308 2173 2954 
3 3181 2954 2173 
3 3182 2174 2956 
3 1311 2956 2174 
3 3183 937 2828 
3 2175 2828 937 
3 2829 2175 2957 
3 112 2957 2175 
3 117 2178 2960 
3 2831 2960 2178 
3 2178 939 2830 
3 3184 2830 939 
3 1317 2179 2962 
3 3185 2962 2179 
3 3186 2182 2964 
3 1323 2964 2182 
3 3187 941 2832 
3 2183 2832 941 
3 2833 2183 2965 
3 124 2965 2183 
3 126 2184 2968 
3 2835 2968 2184 
3 2184 942 2834 
3 3188 2834 942 
3 1326 2185 2970 
3 3189 2970 2185 
3 3190 2186 2972 
3 1329 2972 2186 
3 3191 943 2836 
3 2187 2836 943 
3 2837 2187 2973 
3 130 2973 2187 
3 135 2190 2976 
3 2839 2976 2190 
3 2190 945 2838 
3 3192 2838 945 
3 1335 2191 2978 
3 3193 2978 2191 
3 3194 2194 2980 
3 1341 2980 2194 
3 3195 947 2840 
3 2195 2840 947 
3 2841 2195 2981 
3 142 2981 2195 
3 144 2196 2984 
3 2843 2984 2196 
3 2196 948 2842 
3 3196 2842 948 
3 1344 2197 2986 
3 3197 2986 2197 
3 3198 2198 2988 
3 1347 2988 2198 
3 3199 949 2844 
3 2199 2844 949 
3 2845 2199 2989 
3 148 2989 2199 
3 153 2202 2992 
3 2847 2992 2202 
3 2202 951 2846 
3 3200 2846 951 
3 1353 2203 2994 
3 3201 2994 2203 
3 3202 2206 2996 
3 1359 2996 2206 
3 3203 953 2848 
3 2207 2848 953 
3 2849 2207 2997 
3 160 2997 2207 
3 162 2208 3000 
3 2851 3000 2208 
3 2208 954 2850 
3 3204 2850 954 
3 1362 2209 3002 
3 3205 3002 2209 
3 3206 2210 3004 
3 1365 3004 2210 
3 3207 955 2852 
3 2211 2852 955 
3 2853 2211 3005 
3 166 3005 2211 
3 171 2214 3008 
3 2855 3008 2214 
3 2214 957 2854 
3 3208 2854 957 
3 1371 2215 3010 
3 3209 3010 2215 
3 3210 2218 3012 
3 1377 3012 2218 
3 3211 959 2856 
3 2219 2856 959 
3 2857 2219 3013 
3 178 3013 2219 
3 3016 2268 1452 
3 2858 984 2269 
3 3017 2269 253 
3 3018 2270 1455 
3 2859 985 2271 
3 3019 2271 256 
3 3020 2272 1458 
3 2860 986 2273 
3 3021 2273 259 
3 3022 2274 1461 
3 2861 987 2275 
3 3023 2275 262 
3 3024 2276 1464 
3 2862 988 2277 
3 3025 2277 265 
3 3026 2278 1467 
3 2863 989 2279 
3 3027 2279 268 
3 3028 2328 1542 
3 2864 1014 2329 
3 3029 2329 343 
3 3030 2330 1545 
3 2865 1015 2331 
3 3031 2331 346 
3 3032 2332 1548 
3 2866 1016 2333 
3 3033 2333 349 
3 3034 2334 1551 
3 2867 1017 2335 
3 3035 2335 352 
3 3036 2336 1554 
3 2868 1018 2337 
3 3037 2337 355 
3 3038 2338 1557 
3 2869 1019 2339 
3 3039 2339 358 
3 3040 2388 1632 
3 2870 1044 2389 
3 3041 2389 433 
3 3042 2390 1635 
3 2871 1045 2391 
3 3043 2391 436 
3 3044 2392 1638 
3 2872 1046 2393 
3 3045 2393 439 
3 3046 2394 1641 
3 2873 1047 2395 
3 3047 2395 442 
3 3048 2396 1644 
3 2874 1048 2397 
3 3049 2397 445 
3 3050 2398 1647 
3 2875 1049 2399 
3 3051 2399 448 
3 3052 2448 1722 
3 2876 1074 2449 
3 3053 2449 523 
3 3054 2450 1725 
3 2877 1075 2451 
3 3055 2451 526 
3 3056 2452 1728 
3 2878 1076 2453 
3 3057 2453 529 
3 3058 2454 1731 
3 2879 1077 2455 
3 3059 2455 532 
3 3060 2456 1734 
3 2880 1078 2457 
3 3061 2457 535 
3 3062 2458 1737 
3 2881 1079 2459 
3 3063 2459 538 
3 3064 2508 1812 
3 2882 1104 2509 
3 3065 2509 613 
3 3066 2510 1815 
3 2883 1105 2511 
3 3067 2511 616 
3 3068 2512 1818 
3 2884 1106 2513 
3 3069 2513 619 
3 3070 2514 1821 
3 2885 1107 2515 
3 3071 2515 622 
3 3072 2516 1824 
3 2886 1108 2517 
3 3073 2517 625 
3 3074 2518 1827 
3 2887 1109 2519 
3 3075 2519 628 
3 3076 2568 1902 
3 2888 1134 2569 
3 3077 2569 703 
3 3078 2570 1905 
3 2889 1135 2571 
3 3079 2571 706 
3 3080 2572 1908 
3 2890 1136 2573 
3 3081 2573 709 
3 3082 2574 1911 
3 2891 1137 2575 
3 3083 2575 712 
3 3084 2576 1914 
3 2892 1138 2577 
3 3085 2577 715 
3 3086 2578 1917 
3 2893 1139 2579 
3 3087 2579 718 
3 720 2580 3088 
3 2895 3088 2580 
3 2580 1140 2894 
3 3212 2894 1140 
3 1920 2581 3090 
3 3213 3090 2581 
3 3214 2582 3092 
3 1923 3092 2582 
3 3215 1141 2896 
3 2583 2896 1141 
3 2897 2583 3093 
3 724 3093 2583 
3 729 2586 3096 
3 2899 3096 2586 
3 2586 1143 2898 
3 3216 2898 1143 
3 1929 2587 3098 
3 3217 3098 2587 
3 3218 2590 3100 
3 1935 3100 2590 
3 3219 1145 2900 
3 2591 2900 1145 
3 2901 2591 3101 
3 736 3101 2591 
3 738 2592 3104 
3 2903 3104 2592 
3 2592 1146 2902 
3 3220 2902 1146 
3 1938 2593 3106 
3 3221 3106 2593 
3 3222 2594 3108 
3 1941 3108 2594 
3 3223 1147 2904 
3 2595 2904 1147 
3 2905 2595 3109 
3 742 3109 2595 
3 747 2598 3112 
3 2907 3112 2598 
3 2598 1149 2906 
3 3224 2906 1149 
3 1947 2599 3114 
3 3225 3114 2599 
3 3226 2602 3116 
3 1953 3116 2602 
3 3227 1151 2908 
3 2603 2908 1151 
3 2909 2603 3117 
3 754 3117 2603 
3 756 2604 3120 
3 2911 3120 2604 
3 2604 1152 2910 
3 3228 2910 1152 
3 1956 2605 3122 
3 3229 3122 2605 
3 3230 2606 3124 
3 1959 3124 2606 
3 3231 1153 2912 
3 2607 2912 1153 
3 2913 2607 3125 
3 760 3125 2607 
3 765 2610 3128 
3 2915 3128 2610 
3 2610 1155 2914 
3 3232 2914 1155 
3 1965 2611 3130 
3 3233 3130 2611 
3 3234 2614 3132 
3 1971 3132 2614 
3 3235 1157 2916 
3 2615 2916 1157 
3 2917 2615 3133 
3 772 3133 2615 
3 3136 2664 2046 
3 2918 1182 2665 
3 3137 2665 847 
3 3138 2666 2049 
3 2919 1183 2667 
3 3139 2667 850 
3 3140 2668 2052 
3 2920 1184 2669 
3 3141 2669 853 
3 3142 2670 2055 
3 2921 1185 2671 
3 3143 2671 856 
3 3144 2672 2058 
3 2922 1186 2673 
3 3145 2673 859 
3 3146 2674 2061 
3 2923 1187 2675 
3 3147 2675 862 
3 864 2676 3148 
3 2925 3148 2676 
3 2676 1188 2924 
3 3236 2924 1188 
3 2064 2677 3150 
3 3237 3150 2677 
3 3238 2678 3152 
3 2067 3152 2678 
3 3239 1189 2926 
3 2679 2926 1189 
3 2927 2679 3153 
3 868 3153 2679 
3 873 2682 3156 
3 2929 3156 2682 
3 2682 1191 2928 
3 3240 2928 1191 
3 2073 2683 3158 
3 3241 3158 2683 
3 3242 2686 3160 
3 2079 3160 2686 
3 3243 1193 2930 
3 2687 2930 1193 
3 2931 2687 3161 
3 880 3161 2687 
3 882 2688 3164 
3 2933 3164 2688 
3 2688 1194 2932 
3 3244 2932 1194 
3 2082 2689 3166 
3 3245 3166 2689 
3 3246 2690 3168 
3 2085 3168 2690 
3 3247 1195 2934 
3 2691 2934 1195 
3 2935 2691 3169 
3 886 3169 2691 
3 891 2694 3172 
3 2937 3172 2694 
3 2694 1197 2936 
3 3248 2936 1197 
3 2091 2695 3174 
3 3249 3174 2695 
3 3250 2698 3176 
3 2097 3176 2698 
3 3251 1199 2938 
3 2699 2938 1199 
3 2939 2699 3177 
3 898 3177 2699 
