ply
format ascii 1.0
comment VCGLIB generated
element vertex 3752
property float x
property float y
property float z
property float nx
property float ny
property float nz
property uchar red
property uchar green
property uchar blue
property uchar alpha
property float texture_u
property float texture_v
element face 1876
property list uchar int vertex_indices
end_header
62.41162 -1 -26.79293 0.3960551 -0.9159468 -0.06466776 66 54 49 255 0.8057615 0.2351292
62.41162 0.4400864 -3.905885 0.2719344 0.961291 0.04440104 51 51 51 255 0.8352726 0.2646402
62.41162 -1 -3.905885 0.2719197 -0.9612951 0.04440052 51 50 51 255 0.8057615 0.2646402
62.41162 0.4400864 -3.905885 0.2719344 0.961291 0.04440104 51 51 51 255 0.9302039 0.4930899
-76.74606 -1.000004 -3.905882 -0.3960353 -0.9159554 0.06466813 66 56 57 255 0.6573205 0.4196808
62.41162 -1 -3.905885 0.2719197 -0.9612951 0.04440052 51 50 51 255 0.930204 0.4196808
-76.74606 0.4400826 -3.905884 -0.3960545 0.9159471 0.0646671 51 51 51 255 0.7942907 0.2362804
-76.74608 -1.000004 -26.79293 -0.271935 -0.9612908 -0.04440077 46 45 46 255 0.7668051 0.2637661
-76.74606 -1.000004 -3.905882 -0.3960353 -0.9159554 0.06466813 66 56 57 255 0.7668051 0.2362804
-76.74608 0.4400826 -26.79293 -0.2719195 0.9612952 -0.04440103 38 22 16 255 0.9460254 0.496296
62.41162 -1 -26.79293 0.3960551 -0.9159468 -0.06466776 66 54 49 255 0.653584 0.4197197
-76.74608 -1.000004 -26.79293 -0.271935 -0.9612908 -0.04440077 46 45 46 255 0.9460254 0.4197197
62.41162 -1 -3.905885 0.2719197 -0.9612951 0.04440052 51 50 51 255 0.3169411 0.2465394
-76.74608 -1.000004 -26.79293 -0.271935 -0.9612908 -0.04440077 46 45 46 255 0.5669411 0.4965394
62.41162 -1 -26.79293 0.3960551 -0.9159468 -0.06466776 66 54 49 255 0.3169411 0.4965394
62.41162 0.4400864 -3.905885 0.2719344 0.961291 0.04440104 51 51 51 255 0.9323573 0.4692127
-76.74608 0.4400826 -26.79293 -0.2719195 0.9612952 -0.04440103 38 22 16 255 0.6823573 0.2227167
-76.74606 0.4400826 -3.905884 -0.3960545 0.9159471 0.0646671 51 51 51 255 0.6823573 0.4692127
62.41162 -1 3.693134 0.3960554 -0.9159467 -0.06466734 46 46 46 255 0.8057615 0.2351292
62.41162 0.4400864 28.11551 0.2719346 0.9612909 0.04440103 51 51 51 255 0.8352726 0.2646402
62.41162 -1 28.11551 0.2719194 -0.9612952 0.0444011 66 56 57 255 0.8057615 0.2646402
62.41162 0.4400864 28.11551 0.2719346 0.9612909 0.04440103 51 51 51 255 0.9302039 0.4930899
-76.74608 -1 28.11552 -0.3960355 -0.9159552 0.06466806 57 56 57 255 0.6573205 0.4196808
62.41162 -1 28.11551 0.2719194 -0.9612952 0.0444011 66 56 57 255 0.930204 0.4196808
-76.74608 0.4400864 28.11552 -0.3960569 0.9159461 0.06466681 159 117 101 255 0.7942907 0.2362804
-76.74606 -1 3.693132 -0.2719336 -0.9612911 -0.0444005 57 60 57 255 0.7668051 0.2637661
-76.74608 -1 28.11552 -0.3960355 -0.9159552 0.06466806 57 56 57 255 0.7668051 0.2362804
-76.74606 0.4400864 3.693134 -0.2719204 0.9612949 -0.04440162 43 26 24 255 0.8915885 0.05445282
62.41162 -1 3.693134 0.3960554 -0.9159467 -0.06466734 46 46 46 255 0.2109427 0.01013201
-76.74606 -1 3.693132 -0.2719336 -0.9612911 -0.0444005 57 60 57 255 0.8915885 0.01013203
62.41162 -1 28.11551 0.2719194 -0.9612952 0.0444011 66 56 57 255 0.3169411 0.2465394
-76.74606 -1 3.693132 -0.2719336 -0.9612911 -0.0444005 57 60 57 255 0.5669411 0.4965394
62.41162 -1 3.693134 0.3960554 -0.9159467 -0.06466734 46 46 46 255 0.3169411 0.4965394
62.41162 0.4400864 28.11551 0.2719346 0.9612909 0.04440103 51 51 51 255 0.9323573 0.2209647
-76.74606 0.4400864 3.693134 -0.2719204 0.9612949 -0.04440162 43 26 24 255 0.6823573 0.4709647
-76.74608 0.4400864 28.11552 -0.3960569 0.9159461 0.06466681 159 117 101 255 0.6823573 0.2209647
62.41162 42.75562 28.11552 8.818596e-09 -1 3.466019e-08 46 46 46 255 0.3169411 0.2465394
-76.74606 42.75562 23.37374 8.68509e-09 -1 3.218497e-08 46 45 46 255 0.5669411 0.4965394
62.41162 42.75562 23.37374 8.818969e-09 -1 3.46671e-08 57 56 57 255 0.3169411 0.4965394
62.41162 42.75562 14.43283 8.730316e-09 -1 1.274184e-08 46 46 46 255 0.3169411 0.2465394
-76.74606 42.75562 2.541895 8.812917e-09 -1 1.427355e-08 46 45 46 255 0.5669411 0.4965394
62.41162 42.75562 2.541897 8.729731e-09 -1 1.273098e-08 57 56 57 255 0.3169411 0.4965394
62.41162 42.75562 -2.353861 8.853421e-09 -1 1.437128e-08 46 46 46 255 0.3169411 0.2465394
-76.74606 42.75562 -14.88937 8.776055e-09 -1 1.293699e-08 46 45 46 255 0.5669411 0.4965394
62.41162 42.75562 -14.88936 8.853999e-09 -1 1.438201e-08 57 56 57 255 0.3169411 0.4965394
62.41162 42.75562 -22.05359 8.818846e-09 -1 3.466477e-08 46 46 46 255 0.3169411 0.2465394
-76.74608 42.75562 -26.79537 8.774546e-09 -1 3.384372e-08 46 45 46 255 0.5669411 0.4965394
62.41162 42.75562 -26.79537 8.81897e-09 -1 3.466707e-08 57 56 57 255 0.3169411 0.4965394
29.13044 42.69415 23.65327 5.156451e-08 -1 2.97625e-09 46 46 46 255 0.3169411 0.2465394
5.519787 42.69415 -22.15013 5.114532e-08 -1 3.150106e-09 46 45 46 255 0.5669411 0.4965394
29.13044 42.69415 -22.15012 5.167219e-08 -1 2.931586e-09 57 56 57 255 0.3169411 0.4965394
-24.92666 42.69415 23.65327 7.575618e-08 -1 3.588411e-09 46 46 46 255 0.3169411 0.2465394
-41.11414 42.69415 -22.15013 7.527039e-08 -1 3.280846e-09 46 45 46 255 0.5669411 0.4965394
-24.92666 42.69415 -22.15012 7.599899e-08 -1 3.74213e-09 57 56 57 255 0.3169411 0.4965394
-71.43559 42.69415 23.65327 2.213669e-07 -1 3.518664e-09 46 46 46 255 0.3169411 0.2465394
-76.93016 42.69415 -22.15013 2.21974e-07 -1 3.558753e-09 46 45 46 255 0.5669411 0.4965394
-71.43559 42.69415 -22.15012 2.230397e-07 -1 3.629097e-09 57 56 57 255 0.3169411 0.4965394
62.47459 42.69415 23.65327 2.242526e-07 -1 3.281272e-09 46 46 46 255 0.3169411 0.2465394
57.05426 42.69415 -22.15013 2.248817e-07 -1 3.093817e-09 46 45 46 255 0.5669411 0.4965394
62.47459 42.69415 -22.15012 2.259287e-07 -1 2.781817e-09 57 56 57 255 0.3169411 0.4965394
62.41162 7.25819 12.70861 0.3960542 0.9159472 -0.06466745 49 44 49 255 0.8352726 0.2351292
62.41162 6.27763 28.11551 0.2719333 -0.9612913 0.04440074 66 56 57 255 0.8057615 0.2646402
62.41162 6.277626 12.70861 0.3960358 -0.9159551 -0.06466712 46 46 46 255 0.8057615 0.2351292
62.41162 7.258194 28.11551 0.2719195 0.9612952 0.04440093 51 51 51 255 0.9302039 0.4930899
-76.74608 6.27763 28.11552 -0.3960365 -0.9159548 0.06466782 57 56 57 255 0.6573205 0.4196808
62.41162 6.27763 28.11551 0.2719333 -0.9612913 0.04440074 66 56 57 255 0.930204 0.4196808
-76.74608 7.258194 28.11552 -0.3960541 0.9159473 0.06466634 57 56 57 255 0.7942907 0.2362804
-76.74606 6.277626 12.70861 -0.2719328 -0.9612914 -0.04440102 57 60 57 255 0.7668051 0.2637661
-76.74608 6.27763 28.11552 -0.3960365 -0.9159548 0.06466782 57 56 57 255 0.7668051 0.2362804
-76.74606 6.277626 12.70861 -0.2719328 -0.9612914 -0.04440102 57 60 57 255 0.9376078 0.3595225
62.41162 7.25819 12.70861 0.3960542 0.9159472 -0.06466745 49 44 49 255 0.6486306 0.3792782
62.41162 6.277626 12.70861 0.3960358 -0.9159551 -0.06466712 46 46 46 255 0.6486306 0.3595225
62.41162 6.27763 28.11551 0.2719333 -0.9612913 0.04440074 66 56 57 255 0.3169411 0.2465394
-76.74606 6.277626 12.70861 -0.2719328 -0.9612914 -0.04440102 57 60 57 255 0.5669411 0.4965394
62.41162 6.277626 12.70861 0.3960358 -0.9159551 -0.06466712 46 46 46 255 0.3169411 0.4965394
62.41162 7.258194 28.11551 0.2719195 0.9612952 0.04440093 51 51 51 255 0.8059208 0.5102386
-76.74606 7.25819 12.70861 -0.2719177 0.9612957 -0.04440088 66 69 66 255 0.6983668 0.6008312
-76.74608 7.258194 28.11552 -0.3960541 0.9159473 0.06466634 57 56 57 255 0.6983668 0.5102386
-76.74608 7.25819 -12.20589 -0.396054 0.9159473 0.06466661 49 44 49 255 0.8352726 0.2351292
-76.74606 6.277626 -27.61279 -0.2719342 -0.961291 -0.04440028 46 46 46 255 0.8057615 0.2646402
-76.74608 6.277626 -12.20589 -0.396035 -0.9159554 0.06466828 16 16 16 255 0.8057615 0.2351292
-76.74606 7.25819 -27.61279 -0.2719175 0.9612957 -0.04440095 51 51 51 255 0.9302039 0.4930899
62.41163 6.277626 -27.6128 0.3960562 -0.9159464 -0.06466737 66 56 57 255 0.6573205 0.4196808
-76.74606 6.277626 -27.61279 -0.2719342 -0.961291 -0.04440028 46 46 46 255 0.930204 0.4196808
62.41163 6.277626 -27.6128 0.3960562 -0.9159464 -0.06466737 66 56 57 255 0.7668051 0.2362804
62.41162 7.258186 -12.2059 0.271933 0.9612913 0.04440148 173 178 189 255 0.7942907 0.2637661
62.41162 6.277622 -12.2059 0.271918 -0.9612956 0.04440076 66 65 66 255 0.7668051 0.2637661
62.41162 7.258186 -12.2059 0.271933 0.9612913 0.04440148 173 178 189 255 0.9376078 0.3792782
-76.74608 6.277626 -12.20589 -0.396035 -0.9159554 0.06466828 16 16 16 255 0.6486306 0.3595225
62.41162 6.277622 -12.2059 0.271918 -0.9612956 0.04440076 66 65 66 255 0.9376078 0.3595225
-76.74606 6.277626 -27.61279 -0.2719342 -0.961291 -0.04440028 46 46 46 255 0.3169411 0.2465394
62.41162 6.277622 -12.2059 0.271918 -0.9612956 0.04440076 66 65 66 255 0.5669411 0.4965394
-76.74608 6.277626 -12.20589 -0.396035 -0.9159554 0.06466828 16 16 16 255 0.3169411 0.4965394
-76.74606 7.25819 -27.61279 -0.2719175 0.9612957 -0.04440095 51 51 51 255 0.8059208 0.5092621
62.41162 7.258186 -12.2059 0.271933 0.9612913 0.04440148 173 178 189 255 0.6983668 0.5998546
62.41163 7.25819 -27.6128 0.3960358 0.9159552 -0.06466684 51 51 51 255 0.6983668 0.5092621
-76.74606 35.38197 -13.31844 -0.3960524 0.915948 0.06466667 49 44 49 255 0.8352726 0.2351292
-76.74606 34.40141 -27.61279 -0.2719332 -0.9612913 -0.0444008 51 50 51 255 0.8057615 0.2646402
-76.74606 34.40141 -13.31844 -0.3960349 -0.9159555 0.06466778 16 16 16 255 0.8057615 0.2351292
-76.74606 35.38197 -27.61279 -0.2719177 0.9612957 -0.04440091 132 142 148 255 0.9302039 0.4930899
62.41163 34.4014 -27.6128 0.3960541 -0.9159473 -0.0646673 57 56 57 255 0.6573205 0.4196808
-76.74606 34.40141 -27.61279 -0.2719332 -0.9612913 -0.0444008 51 50 51 255 0.930204 0.4196808
62.41163 34.4014 -27.6128 0.3960541 -0.9159473 -0.0646673 57 56 57 255 0.7668051 0.2362804
62.41162 35.38197 -13.31845 0.2719318 0.9612917 0.04440122 99 105 99 255 0.7942907 0.2637661
62.41162 34.4014 -13.31845 0.2719178 -0.9612957 0.04440081 74 75 74 255 0.7668051 0.2637661
62.41162 35.38197 -13.31845 0.2719318 0.9612917 0.04440122 99 105 99 255 0.9376078 0.3792782
-76.74606 34.40141 -13.31844 -0.3960349 -0.9159555 0.06466778 16 16 16 255 0.6486306 0.3595225
62.41162 34.4014 -13.31845 0.2719178 -0.9612957 0.04440081 74 75 74 255 0.9376078 0.3595225
-76.74606 34.40141 -27.61279 -0.2719332 -0.9612913 -0.0444008 51 50 51 255 0.03919505 0.5194615
62.41162 34.4014 -13.31845 0.2719178 -0.9612957 0.04440081 74 75 74 255 0.243211 0.6049654
-76.74606 34.40141 -13.31844 -0.3960349 -0.9159555 0.06466778 16 16 16 255 0.03919505 0.6049654
-76.74606 35.38197 -27.61279 -0.2719177 0.9612957 -0.04440091 132 142 148 255 0.8045 0.5200287
62.41162 35.38197 -13.31845 0.2719318 0.9612917 0.04440122 99 105 99 255 0.7040564 0.5977063
62.41163 35.38197 -27.6128 0.3960358 0.9159552 -0.06466714 57 56 57 255 0.7040564 0.5200287
62.41163 34.40141 13.62778 0.3960528 -0.9159478 -0.06466729 46 46 46 255 0.8057615 0.2351292
62.41163 35.38197 27.77035 0.271931 0.9612919 0.04440078 54 53 54 255 0.8352726 0.2646402
62.41163 34.40141 27.77035 0.2719182 -0.9612955 0.04440088 51 50 51 255 0.8057615 0.2646402
62.41163 35.38197 27.77035 0.271931 0.9612919 0.04440078 54 53 54 255 0.9302039 0.4930899
-76.74609 34.4014 27.77037 -0.3960358 -0.9159551 0.06466779 74 65 57 255 0.6573205 0.4196808
62.41163 34.40141 27.77035 0.2719182 -0.9612955 0.04440088 51 50 51 255 0.930204 0.4196808
-76.74609 35.38197 27.77037 -0.3960516 0.9159483 0.06466649 140 150 156 255 0.7942907 0.2362804
-76.74609 34.4014 13.62781 -0.2719314 -0.9612918 -0.04440065 71 75 74 255 0.7668051 0.2637661
-76.74609 34.4014 27.77037 -0.3960358 -0.9159551 0.06466779 74 65 57 255 0.7668051 0.2362804
-76.74609 35.38197 13.62781 -0.2719172 0.9612958 -0.04440113 99 105 99 255 0.9376078 0.3792782
62.41163 34.40141 13.62778 0.3960528 -0.9159478 -0.06466729 46 46 46 255 0.6486306 0.3595225
-76.74609 34.4014 13.62781 -0.2719314 -0.9612918 -0.04440065 71 75 74 255 0.9376078 0.3595225
62.41163 34.40141 27.77035 0.2719182 -0.9612955 0.04440088 51 50 51 255 0.03919505 0.5194615
-76.74609 34.4014 13.62781 -0.2719314 -0.9612918 -0.04440065 71 75 74 255 0.243211 0.6049654
62.41163 34.40141 13.62778 0.3960528 -0.9159478 -0.06466729 46 46 46 255 0.03919505 0.6049654
62.41163 35.38197 27.77035 0.271931 0.9612919 0.04440078 54 53 54 255 0.8045 0.5200287
-76.74609 35.38197 13.62781 -0.2719172 0.9612958 -0.04440113 99 105 99 255 0.7040564 0.5977063
-76.74609 35.38197 27.77037 -0.3960516 0.9159483 0.06466649 140 150 156 255 0.7040564 0.5200287
7.636635 42.81955 12.7949 0.3960433 0.9159518 -0.06466924 167 170 172 255 0.028632 0.9171008
7.636623 -0.1557274 14.22202 0.2719154 -0.9612964 0.04439977 46 46 46 255 -0.0008790949 0.5963404
7.636635 -0.1557274 12.7949 0.3960406 -0.9159528 -0.0646708 57 56 57 255 0.028632 0.5963404
7.636623 42.81955 14.22202 0.2719137 0.9612969 0.0444007 198 211 214 255 0.02769403 0.919324
5.880966 -0.1557274 14.22202 -0.3960407 -0.9159528 0.06467021 198 199 198 255 -0.002020106 0.5965222
7.636623 -0.1557274 14.22202 0.2719154 -0.9612964 0.04439977 46 46 46 255 0.02769403 0.5965222
5.880966 42.81955 14.22202 -0.3960348 0.9159556 0.0646668 214 219 239 255 0.02728289 0.9194365
5.880978 -0.1557274 12.7949 -0.2719156 -0.9612963 -0.0444004 46 45 46 255 -0.0002027238 0.5974118
5.880966 -0.1557274 14.22202 -0.3960407 -0.9159528 0.06467021 198 199 198 255 0.02728289 0.5974118
5.880978 42.81955 12.7949 -0.2719232 0.9612939 -0.04440381 165 178 181 255 0.02645894 0.9173863
7.636635 -0.1557274 12.7949 0.3960406 -0.9159528 -0.0646708 57 56 57 255 -0.0001055803 0.5980625
5.880978 -0.1557274 12.7949 -0.2719156 -0.9612963 -0.0444004 46 45 46 255 0.02645894 0.5980635
7.636623 -0.1557274 14.22202 0.2719154 -0.9612964 0.04439977 46 46 46 255 0.3169411 0.2465394
5.880978 -0.1557274 12.7949 -0.2719156 -0.9612963 -0.0444004 46 45 46 255 0.5669411 0.4965394
7.636635 -0.1557274 12.7949 0.3960406 -0.9159528 -0.0646708 57 56 57 255 0.3169411 0.4965394
7.636623 42.81955 14.22202 0.2719137 0.9612969 0.0444007 198 211 214 255 0.2438999 0.5151215
5.880978 42.81955 12.7949 -0.2719232 0.9612939 -0.04440381 165 178 181 255 0.03773154 0.605714
5.880966 42.81955 14.22202 -0.3960348 0.9159556 0.0646668 214 219 239 255 0.03773154 0.5151215
30.0339 -0.1557274 12.7949 0.3960465 -0.9159504 -0.06467014 57 56 57 255 0.028632 0.5963404
30.0339 42.81955 14.22202 0.271918 0.9612956 0.04440034 140 117 115 255 -0.000879094 0.9171008
30.0339 -0.1557274 14.22201 0.271921 -0.9612948 0.04440004 46 46 46 255 -0.0008790949 0.5963404
30.0339 -0.1557274 14.22201 0.271921 -0.9612948 0.04440004 46 46 46 255 0.02769403 0.5965222
28.27824 42.81955 14.22202 -0.3960347 0.9159556 0.0646674 131 127 117 255 -0.002020106 0.919324
28.27824 -0.1557274 14.22202 -0.3960407 -0.9159529 0.06466971 198 199 198 255 -0.002020106 0.5965222
28.27824 42.81955 14.22202 -0.3960347 0.9159556 0.0646674 131 127 117 255 0.02728289 0.9194365
28.27825 -0.1557274 12.7949 -0.2719154 -0.9612963 -0.04440076 46 45 46 255 -0.0002027238 0.5974118
28.27824 -0.1557274 14.22202 -0.3960407 -0.9159529 0.06466971 198 199 198 255 0.02728289 0.5974118
28.27825 -0.1557274 12.7949 -0.2719154 -0.9612963 -0.04440076 46 45 46 255 0.02645894 0.5980635
30.0339 42.81955 12.7949 0.3960506 0.9159486 -0.06466945 167 170 172 255 -0.0001055803 0.9173853
30.0339 -0.1557274 12.7949 0.3960465 -0.9159504 -0.06467014 57 56 57 255 -0.0001055803 0.5980625
30.0339 -0.1557274 14.22201 0.271921 -0.9612948 0.04440004 46 46 46 255 0.3169411 0.2465394
28.27825 -0.1557274 12.7949 -0.2719154 -0.9612963 -0.04440076 46 45 46 255 0.5669411 0.4965394
30.0339 -0.1557274 12.7949 0.3960465 -0.9159504 -0.06467014 57 56 57 255 0.3169411 0.4965394
30.0339 42.81955 14.22202 0.271918 0.9612956 0.04440034 140 117 115 255 0.2438999 0.5151215
28.27825 42.81955 12.7949 -0.2719233 0.9612939 -0.0444034 106 98 93 255 0.03773154 0.605714
28.27824 42.81955 14.22202 -0.3960347 0.9159556 0.0646674 131 127 117 255 0.03773154 0.5151215
52.11294 42.81955 12.7949 0.3960433 0.9159518 -0.06466924 167 170 172 255 0.028632 0.9171008
52.11293 -0.1557274 14.22202 0.2719154 -0.9612964 0.04439977 181 178 181 255 -0.0008790949 0.5963404
52.11294 -0.1557274 12.7949 0.3960409 -0.9159527 -0.0646708 129 111 98 255 0.028632 0.5963404
52.11293 42.81955 14.22202 0.2719137 0.9612969 0.0444007 198 211 214 255 0.02769403 0.919324
50.35728 -0.1557274 14.22202 -0.3960407 -0.9159528 0.06467021 198 199 198 255 -0.002020106 0.5965222
52.11293 -0.1557274 14.22202 0.2719154 -0.9612964 0.04439977 181 178 181 255 0.02769403 0.5965222
50.35728 42.81955 14.22202 -0.3960349 0.9159556 0.06466689 214 219 239 255 0.02728289 0.9194365
50.35728 -0.1557274 12.7949 -0.2719154 -0.9612964 -0.04440041 115 94 88 255 -0.0002027238 0.5974118
50.35728 -0.1557274 14.22202 -0.3960407 -0.9159528 0.06467021 198 199 198 255 0.02728289 0.5974118
50.35728 42.81955 12.7949 -0.2719233 0.9612939 -0.04440374 198 215 231 255 0.02645894 0.9173863
52.11294 -0.1557274 12.7949 0.3960409 -0.9159527 -0.0646708 129 111 98 255 -0.0001055803 0.5980625
50.35728 -0.1557274 12.7949 -0.2719154 -0.9612964 -0.04440041 115 94 88 255 0.02645894 0.5980635
52.11293 -0.1557274 14.22202 0.2719154 -0.9612964 0.04439977 181 178 181 255 0.3169411 0.2465394
50.35728 -0.1557274 12.7949 -0.2719154 -0.9612964 -0.04440041 115 94 88 255 0.5669411 0.4965394
52.11294 -0.1557274 12.7949 0.3960409 -0.9159527 -0.0646708 129 111 98 255 0.3169411 0.4965394
52.11293 42.81955 14.22202 0.2719137 0.9612969 0.0444007 198 211 214 255 0.2438999 0.5151215
50.35728 42.81955 12.7949 -0.2719233 0.9612939 -0.04440374 198 215 231 255 0.03773154 0.605714
50.35728 42.81955 14.22202 -0.3960349 0.9159556 0.06466689 214 219 239 255 0.03773154 0.5151215
41.59303 42.81955 12.7949 0.3960434 0.9159518 -0.06466915 189 195 206 255 0.028632 0.9171008
41.59302 -0.1557274 14.22202 0.2719154 -0.9612964 0.04439977 123 101 82 255 -0.0008790949 0.5963404
41.59303 -0.1557274 12.7949 0.3960409 -0.9159527 -0.0646708 115 90 73 255 0.028632 0.5963404
41.59303 42.81955 14.22202 0.2719137 0.9612969 0.04440077 198 211 214 255 0.02769403 0.919324
39.83736 -0.1557274 14.22202 -0.3960406 -0.9159529 0.06467012 198 199 198 255 -0.002020106 0.5965222
41.59302 -0.1557274 14.22202 0.2719154 -0.9612964 0.04439977 123 101 82 255 0.02769403 0.5965222
39.83736 42.81955 14.22202 -0.3960351 0.9159555 0.06466699 214 219 239 255 0.02728289 0.9194365
39.83737 -0.1557274 12.7949 -0.2719153 -0.9612964 -0.04440048 115 94 88 255 -0.0002027238 0.5974118
39.83736 -0.1557274 14.22202 -0.3960406 -0.9159529 0.06467012 198 199 198 255 0.02728289 0.5974118
39.83737 42.81955 12.7949 -0.2719233 0.9612939 -0.04440368 198 215 231 255 0.02645894 0.9173863
41.59303 -0.1557274 12.7949 0.3960409 -0.9159527 -0.0646708 115 90 73 255 -0.0001055803 0.5980625
39.83737 -0.1557274 12.7949 -0.2719153 -0.9612964 -0.04440048 115 94 88 255 0.02645894 0.5980635
41.59302 -0.1557274 14.22202 0.2719154 -0.9612964 0.04439977 123 101 82 255 0.3169411 0.2465394
39.83737 -0.1557274 12.7949 -0.2719153 -0.9612964 -0.04440048 115 94 88 255 0.5669411 0.4965394
41.59303 -0.1557274 12.7949 0.3960409 -0.9159527 -0.0646708 115 90 73 255 0.3169411 0.4965394
41.59303 42.81955 14.22202 0.2719137 0.9612969 0.04440077 198 211 214 255 0.2438999 0.5151215
39.83737 42.81955 12.7949 -0.2719233 0.9612939 -0.04440368 198 215 231 255 0.03773154 0.605714
39.83736 42.81955 14.22202 -0.3960351 0.9159555 0.06466699 214 219 239 255 0.03773154 0.5151215
19.30674 -0.1557274 12.7949 0.3960465 -0.9159504 -0.06467014 129 111 98 255 0.028632 0.5963404
19.30673 42.81955 14.22202 0.2719179 0.9612956 0.0444007 198 211 214 255 -0.000879094 0.9171008
19.30673 -0.1557274 14.22202 0.271921 -0.9612948 0.0443997 46 46 46 255 -0.0008790949 0.5963404
19.30673 42.81955 14.22202 0.2719179 0.9612956 0.0444007 198 211 214 255 0.02769403 0.919324
17.55107 -0.1557274 14.22202 -0.3960406 -0.9159529 0.06467012 117 94 79 255 -0.002020106 0.5965222
19.30673 -0.1557274 14.22202 0.271921 -0.9612948 0.0443997 46 46 46 255 0.02769403 0.5965222
17.55107 42.81955 14.22202 -0.3960349 0.9159556 0.06466689 129 109 101 255 0.02728289 0.9194365
17.55108 -0.1557274 12.7949 -0.2719154 -0.9612963 -0.04440082 115 94 88 255 -0.0002027238 0.5974118
17.55107 -0.1557274 14.22202 -0.3960406 -0.9159529 0.06467012 117 94 79 255 0.02728289 0.5974118
17.55108 -0.1557274 12.7949 -0.2719154 -0.9612963 -0.04440082 115 94 88 255 0.02645894 0.5980635
19.30674 42.81955 12.7949 0.3960505 0.9159486 -0.06466943 189 195 206 255 -0.0001055803 0.9173853
19.30674 -0.1557274 12.7949 0.3960465 -0.9159504 -0.06467014 129 111 98 255 -0.0001055803 0.5980625
19.30673 -0.1557274 14.22202 0.271921 -0.9612948 0.0443997 46 46 46 255 0.3169411 0.2465394
17.55108 -0.1557274 12.7949 -0.2719154 -0.9612963 -0.04440082 115 94 88 255 0.5669411 0.4965394
19.30674 -0.1557274 12.7949 0.3960465 -0.9159504 -0.06467014 129 111 98 255 0.3169411 0.4965394
19.30673 42.81955 14.22202 0.2719179 0.9612956 0.0444007 198 211 214 255 0.2438999 0.5151215
17.55108 42.81955 12.7949 -0.2719233 0.9612939 -0.0444034 165 178 181 255 0.03773154 0.605714
17.55107 42.81955 14.22202 -0.3960349 0.9159556 0.06466689 129 109 101 255 0.03773154 0.5151215
-13.14022 42.81955 12.7949 0.3960468 0.9159503 -0.0646693 189 195 206 255 0.028632 0.9171008
-13.14024 -0.1557274 14.22202 0.2719106 -0.9612977 0.04440039 46 46 46 255 -0.0008790949 0.5963404
-13.14022 -0.1557274 12.7949 0.396044 -0.9159514 -0.06466976 115 90 73 255 0.028632 0.5963404
-13.14024 42.81955 14.22202 0.2719091 0.9612981 0.04440126 198 211 214 255 0.02769403 0.919324
-14.8959 -0.1557274 14.22202 -0.3960441 -0.9159514 0.06466977 117 94 79 255 -0.002020106 0.5965222
-13.14024 -0.1557274 14.22202 0.2719106 -0.9612977 0.04440039 46 46 46 255 0.02769403 0.5965222
-14.89589 42.81955 14.22202 -0.3960382 0.9159542 0.06466644 131 127 117 255 0.02728289 0.9194365
-14.89588 -0.1557274 12.7949 -0.2719108 -0.9612976 -0.04440133 115 94 88 255 -0.0002027238 0.5974118
-14.8959 -0.1557274 14.22202 -0.3960441 -0.9159514 0.06466977 117 94 79 255 0.02728289 0.5974118
-14.89588 -0.1557274 12.7949 -0.2719108 -0.9612976 -0.04440133 115 94 88 255 0.02645894 0.5980635
-13.14022 42.81955 12.7949 0.3960468 0.9159503 -0.0646693 189 195 206 255 -0.0001055803 0.9173853
-13.14022 -0.1557274 12.7949 0.396044 -0.9159514 -0.06466976 115 90 73 255 -0.0001055803 0.5980625
-13.14024 -0.1557274 14.22202 0.2719106 -0.9612977 0.04440039 46 46 46 255 0.3169411 0.2465394
-14.89588 -0.1557274 12.7949 -0.2719108 -0.9612976 -0.04440133 115 94 88 255 0.5669411 0.4965394
-13.14022 -0.1557274 12.7949 0.396044 -0.9159514 -0.06466976 115 90 73 255 0.3169411 0.4965394
-13.14024 42.81955 14.22202 0.2719091 0.9612981 0.04440126 198 211 214 255 0.2438999 0.5151215
-14.89588 42.81955 12.7949 -0.2719185 0.9612953 -0.04440397 106 98 93 255 0.03773154 0.605714
-14.89589 42.81955 14.22202 -0.3960382 0.9159542 0.06466644 131 127 117 255 0.03773154 0.5151215
-34.41554 42.81955 12.7949 0.3960468 0.9159503 -0.06466879 189 195 206 255 0.028632 0.9171008
-34.41555 -0.1557274 14.22202 0.2719106 -0.9612977 0.04440039 123 101 82 255 -0.0008790949 0.5963404
-34.41554 -0.1557274 12.7949 0.396044 -0.9159514 -0.06467026 115 90 73 255 0.028632 0.5963404
-34.41555 42.81955 14.22202 0.271909 0.9612981 0.04440125 198 211 214 255 0.02769403 0.919324
-36.17121 -0.1557274 14.22202 -0.3960439 -0.9159515 0.06466967 198 199 198 255 -0.002020106 0.5965222
-34.41555 -0.1557274 14.22202 0.2719106 -0.9612977 0.04440039 123 101 82 255 0.02769403 0.5965222
-36.17121 42.81955 14.22202 -0.3960383 0.9159541 0.06466652 129 109 101 255 0.02728289 0.9194365
-36.1712 -0.1557274 12.7949 -0.2719107 -0.9612977 -0.04440104 107 93 90 255 -0.0002027238 0.5974118
-36.17121 -0.1557274 14.22202 -0.3960439 -0.9159515 0.06466967 198 199 198 255 0.02728289 0.5974118
-36.1712 42.81955 12.7949 -0.2719186 0.9612952 -0.04440425 165 178 181 255 0.02645894 0.9173863
-34.41554 -0.1557274 12.7949 0.396044 -0.9159514 -0.06467026 115 90 73 255 -0.0001055803 0.5980625
-36.1712 -0.1557274 12.7949 -0.2719107 -0.9612977 -0.04440104 107 93 90 255 0.02645894 0.5980635
-34.41555 -0.1557274 14.22202 0.2719106 -0.9612977 0.04440039 123 101 82 255 0.3169411 0.2465394
-36.1712 -0.1557274 12.7949 -0.2719107 -0.9612977 -0.04440104 107 93 90 255 0.5669411 0.4965394
-34.41554 -0.1557274 12.7949 0.396044 -0.9159514 -0.06467026 115 90 73 255 0.3169411 0.4965394
-34.41555 42.81955 14.22202 0.271909 0.9612981 0.04440125 198 211 214 255 0.2438999 0.5151215
-36.1712 42.81955 12.7949 -0.2719186 0.9612952 -0.04440425 165 178 181 255 0.03773154 0.605714
-36.17121 42.81955 14.22202 -0.3960383 0.9159541 0.06466652 129 109 101 255 0.03773154 0.5151215
-56.67289 42.81955 12.7949 0.3960399 0.9159532 -0.0646701 189 195 206 255 0.028632 0.9171008
-56.67288 -0.1557274 14.22201 0.2719201 -0.9612951 0.0443995 46 46 46 255 -0.0008790949 0.5963404
-56.67289 -0.1557274 12.7949 0.3960374 -0.9159542 -0.06467074 57 56 57 255 0.028632 0.5963404
-56.67288 -0.1557274 14.22201 0.2719201 -0.9612951 0.0443995 46 46 46 255 0.02769403 0.5965222
-58.42855 42.81955 14.22202 -0.396045 0.9159513 0.06466607 129 109 101 255 -0.002020106 0.919324
-58.42855 -0.1557274 14.22202 -0.3960505 -0.9159487 0.06466813 198 199 198 255 -0.002020106 0.5965222
-58.42855 42.81955 14.22202 -0.396045 0.9159513 0.06466607 129 109 101 255 0.02728289 0.9194365
-58.42852 -0.1557274 12.7949 -0.2719015 -0.9613001 -0.04440267 46 45 46 255 -0.0002027238 0.5974118
-58.42855 -0.1557274 14.22202 -0.3960505 -0.9159487 0.06466813 198 199 198 255 0.02728289 0.5974118
-58.42852 -0.1557274 12.7949 -0.2719015 -0.9613001 -0.04440267 46 45 46 255 0.02645894 0.5980635
-56.67289 42.81955 12.7949 0.3960399 0.9159532 -0.0646701 189 195 206 255 -0.0001055803 0.9173853
-56.67289 -0.1557274 12.7949 0.3960374 -0.9159542 -0.06467074 57 56 57 255 -0.0001055803 0.5980625
-56.67288 -0.1557274 14.22201 0.2719201 -0.9612951 0.0443995 46 46 46 255 0.3169411 0.2465394
-58.42852 -0.1557274 12.7949 -0.2719015 -0.9613001 -0.04440267 46 45 46 255 0.5669411 0.4965394
-56.67289 -0.1557274 12.7949 0.3960374 -0.9159542 -0.06467074 57 56 57 255 0.3169411 0.4965394
-56.67288 42.81955 14.22202 0.2719182 0.9612955 0.04439984 148 150 140 255 0.2438999 0.5151215
-58.42852 42.81955 12.7949 -0.2719093 0.9612979 -0.0444051 106 98 93 255 0.03773154 0.605714
-58.42855 42.81955 14.22202 -0.396045 0.9159513 0.06466607 129 109 101 255 0.03773154 0.5151215
-68.39885 42.81955 12.7949 0.3960399 0.9159532 -0.06466961 167 170 172 255 0.028632 0.9171008
-68.39885 -0.1557274 14.22201 0.2719201 -0.9612951 0.04439948 46 46 46 255 -0.0008790949 0.5963404
-68.39885 -0.1557274 12.7949 0.3960374 -0.9159542 -0.06467129 57 56 57 255 0.028632 0.5963404
-68.39885 -0.1557274 14.22201 0.2719201 -0.9612951 0.04439948 46 46 46 255 0.02769403 0.5965222
-70.15453 42.81955 14.22202 -0.3960446 0.9159514 0.064666 129 109 101 255 -0.002020106 0.919324
-70.15453 -0.1557274 14.22202 -0.3960507 -0.9159486 0.06466813 57 56 57 255 -0.002020106 0.5965222
-70.15453 42.81955 14.22202 -0.3960446 0.9159514 0.064666 129 109 101 255 0.02728289 0.9194365
-70.1545 -0.1557274 12.7949 -0.2719015 -0.9613002 -0.04440232 46 45 46 255 -0.0002027238 0.5974118
-70.15453 -0.1557274 14.22202 -0.3960507 -0.9159486 0.06466813 57 56 57 255 0.02728289 0.5974118
-70.1545 42.81955 12.7949 -0.2719093 0.9612979 -0.04440547 106 98 93 255 0.02645894 0.9173863
-68.39885 -0.1557274 12.7949 0.3960374 -0.9159542 -0.06467129 57 56 57 255 -0.0001055803 0.5980625
-70.1545 -0.1557274 12.7949 -0.2719015 -0.9613002 -0.04440232 46 45 46 255 0.02645894 0.5980635
-68.39885 -0.1557274 14.22201 0.2719201 -0.9612951 0.04439948 46 46 46 255 0.3169411 0.2465394
-70.1545 -0.1557274 12.7949 -0.2719015 -0.9613002 -0.04440232 46 45 46 255 0.5669411 0.4965394
-68.39885 -0.1557274 12.7949 0.3960374 -0.9159542 -0.06467129 57 56 57 255 0.3169411 0.4965394
-68.39885 42.81955 14.22201 0.2719184 0.9612955 0.04439984 198 211 214 255 0.2438999 0.5151215
-70.1545 42.81955 12.7949 -0.2719093 0.9612979 -0.04440547 106 98 93 255 0.03773154 0.605714
-70.15453 42.81955 14.22202 -0.3960446 0.9159514 0.064666 129 109 101 255 0.03773154 0.5151215
-45.05834 -0.1557274 12.7949 0.3960431 -0.9159518 -0.0646711 115 90 73 255 0.028632 0.5963404
-45.05835 42.81955 14.22202 0.2719226 0.9612944 0.04439971 148 150 140 255 -0.000879094 0.9171008
-45.05835 -0.1557274 14.22201 0.2719255 -0.9612935 0.04439943 123 101 82 255 -0.0008790949 0.5963404
-45.05835 -0.1557274 14.22201 0.2719255 -0.9612935 0.04439943 123 101 82 255 0.02769403 0.5965222
-46.81401 42.81955 14.22202 -0.3960449 0.9159513 0.06466598 214 219 239 255 -0.002020106 0.919324
-46.81401 -0.1557274 14.22201 -0.3960507 -0.9159486 0.06466813 57 56 57 255 -0.002020106 0.5965222
-46.81401 42.81955 14.22202 -0.3960449 0.9159513 0.06466598 214 219 239 255 0.02728289 0.9194365
-46.81399 -0.1557274 12.7949 -0.2719016 -0.9613002 -0.04440233 115 94 88 255 -0.0002027238 0.5974118
-46.81401 -0.1557274 14.22201 -0.3960507 -0.9159486 0.06466813 57 56 57 255 0.02728289 0.5974118
-46.81399 42.81955 12.7949 -0.2719091 0.9612979 -0.04440548 106 98 93 255 0.02645894 0.9173863
-45.05834 -0.1557274 12.7949 0.3960431 -0.9159518 -0.0646711 115 90 73 255 -0.0001055803 0.5980625
-46.81399 -0.1557274 12.7949 -0.2719016 -0.9613002 -0.04440233 115 94 88 255 0.02645894 0.5980635
-45.05835 -0.1557274 14.22201 0.2719255 -0.9612935 0.04439943 123 101 82 255 0.3169411 0.2465394
-46.81399 -0.1557274 12.7949 -0.2719016 -0.9613002 -0.04440233 115 94 88 255 0.5669411 0.4965394
-45.05834 -0.1557274 12.7949 0.3960431 -0.9159518 -0.0646711 115 90 73 255 0.3169411 0.4965394
-45.05835 42.81955 14.22202 0.2719226 0.9612944 0.04439971 148 150 140 255 0.2438999 0.5151215
-46.81399 42.81955 12.7949 -0.2719091 0.9612979 -0.04440548 106 98 93 255 0.03773154 0.605714
-46.81401 42.81955 14.22202 -0.3960449 0.9159513 0.06466598 214 219 239 255 0.03773154 0.5151215
-23.99907 42.81955 12.7949 0.39604 0.9159532 -0.06466969 167 170 172 255 0.028632 0.9171008
-23.99907 -0.1557274 14.22201 0.27192 -0.9612951 0.0443995 181 178 181 255 -0.0008790949 0.5963404
-23.99907 -0.1557274 12.7949 0.3960374 -0.9159542 -0.06467125 115 90 73 255 0.028632 0.5963404
-23.99907 -0.1557274 14.22201 0.27192 -0.9612951 0.0443995 181 178 181 255 0.02769403 0.5965222
-25.75474 42.81955 14.22202 -0.3960448 0.9159514 0.06466598 214 219 239 255 -0.002020106 0.919324
-25.75474 -0.1557274 14.22202 -0.3960507 -0.9159486 0.06466813 57 56 57 255 -0.002020106 0.5965222
-25.75474 42.81955 14.22202 -0.3960448 0.9159514 0.06466598 214 219 239 255 0.02728289 0.9194365
-25.75472 -0.1557274 12.7949 -0.2719016 -0.9613002 -0.04440233 115 94 88 255 -0.0002027238 0.5974118
-25.75474 -0.1557274 14.22202 -0.3960507 -0.9159486 0.06466813 57 56 57 255 0.02728289 0.5974118
-25.75472 42.81955 12.7949 -0.2719091 0.9612979 -0.04440548 198 215 231 255 0.02645894 0.9173863
-23.99907 -0.1557274 12.7949 0.3960374 -0.9159542 -0.06467125 115 90 73 255 -0.0001055803 0.5980625
-25.75472 -0.1557274 12.7949 -0.2719016 -0.9613002 -0.04440233 115 94 88 255 0.02645894 0.5980635
-23.99907 -0.1557274 14.22201 0.27192 -0.9612951 0.0443995 181 178 181 255 0.3169411 0.2465394
-25.75472 -0.1557274 12.7949 -0.2719016 -0.9613002 -0.04440233 115 94 88 255 0.5669411 0.4965394
-23.99907 -0.1557274 12.7949 0.3960374 -0.9159542 -0.06467125 115 90 73 255 0.3169411 0.4965394
-23.99907 42.81955 14.22201 0.2719183 0.9612955 0.04439977 148 150 140 255 0.2438999 0.5151215
-25.75472 42.81955 12.7949 -0.2719091 0.9612979 -0.04440548 198 215 231 255 0.03773154 0.605714
-25.75474 42.81955 14.22202 -0.3960448 0.9159514 0.06466598 214 219 239 255 0.03773154 0.5151215
-2.448219 42.81955 12.7949 0.3960399 0.9159532 -0.06467012 167 170 172 255 0.028632 0.9171008
-2.448223 -0.1557274 14.22201 0.27192 -0.9612951 0.04439917 181 178 181 255 -0.0008790949 0.5963404
-2.448219 -0.1557274 12.7949 0.3960376 -0.9159542 -0.06467076 129 111 98 255 0.028632 0.5963404
-2.448223 42.81955 14.22201 0.2719184 0.9612955 0.04440017 140 117 115 255 0.02769403 0.919324
-4.203888 -0.1557274 14.22201 -0.3960507 -0.9159486 0.06466863 198 199 198 255 -0.002020106 0.5965222
-2.448223 -0.1557274 14.22201 0.27192 -0.9612951 0.04439917 181 178 181 255 0.02769403 0.5965222
-4.203888 42.81955 14.22201 -0.3960448 0.9159514 0.06466557 129 109 101 255 0.02728289 0.9194365
-4.203865 -0.1557274 12.7949 -0.2719015 -0.9613002 -0.04440269 107 93 90 255 -0.0002027238 0.5974118
-4.203888 -0.1557274 14.22201 -0.3960507 -0.9159486 0.06466863 198 199 198 255 0.02728289 0.5974118
-4.203865 -0.1557274 12.7949 -0.2719015 -0.9613002 -0.04440269 107 93 90 255 0.02645894 0.5980635
-2.448219 42.81955 12.7949 0.3960399 0.9159532 -0.06467012 167 170 172 255 -0.0001055803 0.9173853
-2.448219 -0.1557274 12.7949 0.3960376 -0.9159542 -0.06467076 129 111 98 255 -0.0001055803 0.5980625
-2.448223 -0.1557274 14.22201 0.27192 -0.9612951 0.04439917 181 178 181 255 0.3169411 0.2465394
-4.203865 -0.1557274 12.7949 -0.2719015 -0.9613002 -0.04440269 107 93 90 255 0.5669411 0.4965394
-2.448219 -0.1557274 12.7949 0.3960376 -0.9159542 -0.06467076 129 111 98 255 0.3169411 0.4965394
-2.448223 42.81955 14.22201 0.2719184 0.9612955 0.04440017 140 117 115 255 0.2438999 0.5151215
-4.203865 42.81955 12.7949 -0.2719092 0.9612979 -0.04440508 165 178 181 255 0.03773154 0.605714
-4.203888 42.81955 14.22201 -0.3960448 0.9159514 0.06466557 129 109 101 255 0.03773154 0.5151215
-2.448219 42.81955 -14.1204 0.39604 0.9159532 -0.06467017 189 195 206 255 0.028632 0.9171008
-2.448223 -0.1557274 -12.69329 0.2719201 -0.9612949 0.04440263 46 46 46 255 -0.0008790949 0.5963404
-2.448219 -0.1557274 -14.1204 0.3960378 -0.9159544 -0.06466691 57 56 57 255 0.028632 0.5963404
-2.448223 42.81955 -12.69329 0.2719183 0.9612955 0.04440013 148 150 140 255 0.02769403 0.919324
-4.203892 -0.1557274 -12.69329 -0.396051 -0.9159488 0.06466453 198 199 198 255 -0.002020106 0.5965222
-2.448223 -0.1557274 -12.69329 0.2719201 -0.9612949 0.04440263 46 46 46 255 0.02769403 0.5965222
-4.203892 42.81955 -12.69328 -0.3960449 0.9159513 0.06466552 214 219 239 255 0.02728289 0.9194365
-4.203865 -0.1557274 -14.1204 -0.2719016 -0.9613 -0.04440642 115 94 88 255 -0.0002027238 0.5974118
-4.203892 -0.1557274 -12.69329 -0.396051 -0.9159488 0.06466453 198 199 198 255 0.02728289 0.5974118
-4.203865 -0.1557274 -14.1204 -0.2719016 -0.9613 -0.04440642 115 94 88 255 0.02645894 0.5980635
-2.448219 42.81955 -14.1204 0.39604 0.9159532 -0.06467017 189 195 206 255 -0.0001055803 0.9173853
-2.448219 -0.1557274 -14.1204 0.3960378 -0.9159544 -0.06466691 57 56 57 255 -0.0001055803 0.5980625
-2.448223 -0.1557274 -12.69329 0.2719201 -0.9612949 0.04440263 46 46 46 255 0.3169411 0.2465394
-4.203865 -0.1557274 -14.1204 -0.2719016 -0.9613 -0.04440642 115 94 88 255 0.5669411 0.4965394
-2.448219 -0.1557274 -14.1204 0.3960378 -0.9159544 -0.06466691 57 56 57 255 0.3169411 0.4965394
-2.448223 42.81955 -12.69329 0.2719183 0.9612955 0.04440013 148 150 140 255 0.2438999 0.5151215
-4.203865 42.81955 -14.1204 -0.2719091 0.9612979 -0.0444051 106 98 93 255 0.03773154 0.605714
-4.203892 42.81955 -12.69328 -0.3960449 0.9159513 0.06466552 214 219 239 255 0.03773154 0.5151215
8.775566 42.81955 -14.1204 0.39604 0.9159532 -0.06467016 82 77 74 255 0.028632 0.9171008
8.775562 -0.1557274 -12.69329 0.2719201 -0.9612949 0.04440297 46 46 46 255 -0.0008790949 0.5963404
8.775566 -0.1557274 -14.1204 0.3960378 -0.9159544 -0.0646669 129 111 98 255 0.028632 0.5963404
8.775562 -0.1557274 -12.69329 0.2719201 -0.9612949 0.04440297 46 46 46 255 0.02769403 0.5965222
7.019894 42.81955 -12.69329 -0.3960449 0.9159514 0.06466603 129 109 101 255 -0.002020106 0.919324
7.019894 -0.1557274 -12.69329 -0.3960509 -0.9159488 0.06466401 57 56 57 255 -0.002020106 0.5965222
7.019894 42.81955 -12.69329 -0.3960449 0.9159514 0.06466603 129 109 101 255 0.02728289 0.9194365
7.01992 -0.1557274 -14.1204 -0.2719016 -0.9613 -0.04440643 115 94 88 255 -0.0002027238 0.5974118
7.019894 -0.1557274 -12.69329 -0.3960509 -0.9159488 0.06466401 57 56 57 255 0.02728289 0.5974118
7.01992 -0.1557274 -14.1204 -0.2719016 -0.9613 -0.04440643 115 94 88 255 0.02645894 0.5980635
8.775566 42.81955 -14.1204 0.39604 0.9159532 -0.06467016 82 77 74 255 -0.0001055803 0.9173853
8.775566 -0.1557274 -14.1204 0.3960378 -0.9159544 -0.0646669 129 111 98 255 -0.0001055803 0.5980625
8.775562 -0.1557274 -12.69329 0.2719201 -0.9612949 0.04440297 46 46 46 255 0.3169411 0.2465394
7.01992 -0.1557274 -14.1204 -0.2719016 -0.9613 -0.04440643 115 94 88 255 0.5669411 0.4965394
8.775566 -0.1557274 -14.1204 0.3960378 -0.9159544 -0.0646669 129 111 98 255 0.3169411 0.4965394
8.775562 42.81955 -12.69329 0.2719183 0.9612955 0.04439981 198 211 214 255 0.2438999 0.5151215
7.01992 42.81955 -14.1204 -0.2719091 0.9612979 -0.0444051 106 98 93 255 0.03773154 0.605714
7.019894 42.81955 -12.69329 -0.3960449 0.9159514 0.06466603 129 109 101 255 0.03773154 0.5151215
-13.48018 42.81955 -14.1204 0.39604 0.9159532 -0.06467017 82 77 74 255 0.028632 0.9171008
-13.48019 -0.1557274 -12.69329 0.2719201 -0.9612949 0.04440264 123 101 82 255 -0.0008790949 0.5963404
-13.48018 -0.1557274 -14.1204 0.3960377 -0.9159544 -0.0646669 57 56 57 255 0.028632 0.5963404
-13.48019 42.81955 -12.69329 0.2719183 0.9612955 0.04440013 198 211 214 255 0.02769403 0.919324
-15.23585 -0.1557274 -12.69329 -0.396051 -0.9159488 0.06466453 198 199 198 255 -0.002020106 0.5965222
-13.48019 -0.1557274 -12.69329 0.2719201 -0.9612949 0.04440264 123 101 82 255 0.02769403 0.5965222
-15.23585 42.81955 -12.69328 -0.3960449 0.9159514 0.06466553 214 219 239 255 0.02728289 0.9194365
-15.23583 -0.1557274 -14.1204 -0.2719016 -0.9613 -0.04440642 115 94 88 255 -0.0002027238 0.5974118
-15.23585 -0.1557274 -12.69329 -0.396051 -0.9159488 0.06466453 198 199 198 255 0.02728289 0.5974118
-15.23583 -0.1557274 -14.1204 -0.2719016 -0.9613 -0.04440642 115 94 88 255 0.02645894 0.5980635
-13.48018 42.81955 -14.1204 0.39604 0.9159532 -0.06467017 82 77 74 255 -0.0001055803 0.9173853
-13.48018 -0.1557274 -14.1204 0.3960377 -0.9159544 -0.0646669 57 56 57 255 -0.0001055803 0.5980625
-13.48019 -0.1557274 -12.69329 0.2719201 -0.9612949 0.04440264 123 101 82 255 0.3169411 0.2465394
-15.23583 -0.1557274 -14.1204 -0.2719016 -0.9613 -0.04440642 115 94 88 255 0.5669411 0.4965394
-13.48018 -0.1557274 -14.1204 0.3960377 -0.9159544 -0.0646669 57 56 57 255 0.3169411 0.4965394
-13.48019 42.81955 -12.69329 0.2719183 0.9612955 0.04440013 198 211 214 255 0.2438999 0.5151215
-15.23583 42.81955 -14.1204 -0.2719091 0.9612979 -0.0444051 106 98 93 255 0.03773154 0.605714
-15.23585 42.81955 -12.69328 -0.3960449 0.9159514 0.06466553 214 219 239 255 0.03773154 0.5151215
-34.16897 42.81955 -14.1204 0.3960399 0.9159532 -0.06466965 167 170 172 255 0.028632 0.9171008
-34.16897 -0.1557274 -12.69329 0.27192 -0.9612949 0.04440297 123 101 82 255 -0.0008790949 0.5963404
-34.16897 -0.1557274 -14.1204 0.3960377 -0.9159543 -0.06466742 129 111 98 255 0.028632 0.5963404
-34.16897 -0.1557274 -12.69329 0.27192 -0.9612949 0.04440297 123 101 82 255 0.02769403 0.5965222
-35.92465 42.81955 -12.69328 -0.3960449 0.9159513 0.06466602 131 127 117 255 -0.002020106 0.919324
-35.92465 -0.1557274 -12.69329 -0.3960509 -0.9159489 0.06466402 57 56 57 255 -0.002020106 0.5965222
-35.92465 42.81955 -12.69328 -0.3960449 0.9159513 0.06466602 131 127 117 255 0.02728289 0.9194365
-35.92463 -0.1557274 -14.1204 -0.2719016 -0.9613 -0.04440607 46 45 46 255 -0.0002027238 0.5974118
-35.92465 -0.1557274 -12.69329 -0.3960509 -0.9159489 0.06466402 57 56 57 255 0.02728289 0.5974118
-35.92463 42.81955 -14.1204 -0.2719092 0.9612979 -0.04440545 165 178 181 255 0.02645894 0.9173863
-34.16897 -0.1557274 -14.1204 0.3960377 -0.9159543 -0.06466742 129 111 98 255 -0.0001055803 0.5980625
-35.92463 -0.1557274 -14.1204 -0.2719016 -0.9613 -0.04440607 46 45 46 255 0.02645894 0.5980635
-34.16897 -0.1557274 -12.69329 0.27192 -0.9612949 0.04440297 123 101 82 255 0.3169411 0.2465394
-35.92463 -0.1557274 -14.1204 -0.2719016 -0.9613 -0.04440607 46 45 46 255 0.5669411 0.4965394
-34.16897 -0.1557274 -14.1204 0.3960377 -0.9159543 -0.06466742 129 111 98 255 0.3169411 0.4965394
-34.16897 42.81955 -12.69329 0.2719183 0.9612955 0.04439979 148 150 140 255 0.2438999 0.5151215
-35.92463 42.81955 -14.1204 -0.2719092 0.9612979 -0.04440545 165 178 181 255 0.03773154 0.605714
-35.92465 42.81955 -12.69328 -0.3960449 0.9159513 0.06466602 131 127 117 255 0.03773154 0.5151215
-56.41549 42.81955 -14.1204 0.39604 0.9159532 -0.06466965 167 170 172 255 0.028632 0.9171008
-56.41549 -0.1557274 -12.69329 0.27192 -0.9612949 0.04440261 181 178 181 255 -0.0008790949 0.5963404
-56.41549 -0.1557274 -14.1204 0.3960378 -0.9159543 -0.06466742 115 90 73 255 0.028632 0.5963404
-56.41549 42.81955 -12.69329 0.2719183 0.9612955 0.04440014 148 150 140 255 0.02769403 0.919324
-58.17117 -0.1557274 -12.69329 -0.396051 -0.9159488 0.06466452 198 199 198 255 -0.002020106 0.5965222
-56.41549 -0.1557274 -12.69329 0.27192 -0.9612949 0.04440261 181 178 181 255 0.02769403 0.5965222
-58.17117 42.81955 -12.69328 -0.3960449 0.9159513 0.06466554 214 219 239 255 0.02728289 0.9194365
-58.17115 -0.1557274 -14.1204 -0.2719015 -0.9613 -0.04440606 115 94 88 255 -0.0002027238 0.5974118
-58.17117 -0.1557274 -12.69329 -0.396051 -0.9159488 0.06466452 198 199 198 255 0.02728289 0.5974118
-58.17115 42.81955 -14.1204 -0.2719091 0.9612979 -0.04440544 198 215 231 255 0.02645894 0.9173863
-56.41549 -0.1557274 -14.1204 0.3960378 -0.9159543 -0.06466742 115 90 73 255 -0.0001055803 0.5980625
-58.17115 -0.1557274 -14.1204 -0.2719015 -0.9613 -0.04440606 115 94 88 255 0.02645894 0.5980635
-56.41549 -0.1557274 -12.69329 0.27192 -0.9612949 0.04440261 181 178 181 255 0.3169411 0.2465394
-58.17115 -0.1557274 -14.1204 -0.2719015 -0.9613 -0.04440606 115 94 88 255 0.5669411 0.4965394
-56.41549 -0.1557274 -14.1204 0.3960378 -0.9159543 -0.06466742 115 90 73 255 0.3169411 0.4965394
-56.41549 42.81955 -12.69329 0.2719183 0.9612955 0.04440014 148 150 140 255 0.2438999 0.5151215
-58.17115 42.81955 -14.1204 -0.2719091 0.9612979 -0.04440544 198 215 231 255 0.03773154 0.605714
-58.17117 42.81955 -12.69328 -0.3960449 0.9159513 0.06466554 214 219 239 255 0.03773154 0.5151215
-68.3102 42.81955 -14.1204 0.39604 0.9159532 -0.06467016 189 195 206 255 0.028632 0.9171008
-68.31018 -0.1557274 -12.69329 0.2719201 -0.9612949 0.04440263 181 178 181 255 -0.0008790949 0.5963404
-68.3102 -0.1557274 -14.1204 0.3960377 -0.9159544 -0.06466691 129 111 98 255 0.028632 0.5963404
-68.31018 42.81955 -12.69329 0.2719184 0.9612955 0.04440014 198 211 214 255 0.02769403 0.919324
-70.06589 -0.1557274 -12.69329 -0.396051 -0.9159488 0.06466452 57 56 57 255 -0.002020106 0.5965222
-68.31018 -0.1557274 -12.69329 0.2719201 -0.9612949 0.04440263 181 178 181 255 0.02769403 0.5965222
-70.06589 42.81955 -12.69328 -0.396045 0.9159513 0.06466553 214 219 239 255 0.02728289 0.9194365
-70.06586 -0.1557274 -14.1204 -0.2719016 -0.9613 -0.04440641 115 94 88 255 -0.0002027238 0.5974118
-70.06589 -0.1557274 -12.69329 -0.396051 -0.9159488 0.06466452 57 56 57 255 0.02728289 0.5974118
-70.06586 -0.1557274 -14.1204 -0.2719016 -0.9613 -0.04440641 115 94 88 255 0.02645894 0.5980635
-68.3102 42.81955 -14.1204 0.39604 0.9159532 -0.06467016 189 195 206 255 -0.0001055803 0.9173853
-68.3102 -0.1557274 -14.1204 0.3960377 -0.9159544 -0.06466691 129 111 98 255 -0.0001055803 0.5980625
-68.31018 -0.1557274 -12.69329 0.2719201 -0.9612949 0.04440263 181 178 181 255 0.3169411 0.2465394
-70.06586 -0.1557274 -14.1204 -0.2719016 -0.9613 -0.04440641 115 94 88 255 0.5669411 0.4965394
-68.3102 -0.1557274 -14.1204 0.3960377 -0.9159544 -0.06466691 129 111 98 255 0.3169411 0.4965394
-68.31018 42.81955 -12.69329 0.2719184 0.9612955 0.04440014 198 211 214 255 0.2438999 0.5151215
-70.06586 42.81955 -14.1204 -0.2719091 0.9612979 -0.04440509 198 215 231 255 0.03773154 0.605714
-70.06589 42.81955 -12.69328 -0.396045 0.9159513 0.06466553 214 219 239 255 0.03773154 0.5151215
-45.05665 42.81955 -14.1204 0.39604 0.9159532 -0.06466966 167 170 172 255 0.028632 0.9171008
-45.05666 -0.1557274 -12.69329 0.2719201 -0.9612949 0.04440263 46 46 46 255 -0.0008790949 0.5963404
-45.05665 -0.1557274 -14.1204 0.3960377 -0.9159543 -0.0646674 57 56 57 255 0.028632 0.5963404
-45.05666 42.81955 -12.69329 0.2719184 0.9612955 0.04440014 148 150 140 255 0.02769403 0.919324
-46.81234 -0.1557274 -12.69328 -0.396051 -0.9159488 0.06466452 117 94 79 255 -0.002020106 0.5965222
-45.05666 -0.1557274 -12.69329 0.2719201 -0.9612949 0.04440263 46 46 46 255 0.02769403 0.5965222
-46.81234 42.81955 -12.69328 -0.396045 0.9159513 0.06466553 131 127 117 255 0.02728289 0.9194365
-46.81233 -0.1557274 -14.1204 -0.2719016 -0.9613 -0.04440607 46 45 46 255 -0.0002027238 0.5974118
-46.81234 -0.1557274 -12.69328 -0.396051 -0.9159488 0.06466452 117 94 79 255 0.02728289 0.5974118
-46.81233 42.81955 -14.1204 -0.2719092 0.9612979 -0.04440544 106 98 93 255 0.02645894 0.9173863
-45.05665 -0.1557274 -14.1204 0.3960377 -0.9159543 -0.0646674 57 56 57 255 -0.0001055803 0.5980625
-46.81233 -0.1557274 -14.1204 -0.2719016 -0.9613 -0.04440607 46 45 46 255 0.02645894 0.5980635
-45.05666 -0.1557274 -12.69329 0.2719201 -0.9612949 0.04440263 46 46 46 255 0.3169411 0.2465394
-46.81233 -0.1557274 -14.1204 -0.2719016 -0.9613 -0.04440607 46 45 46 255 0.5669411 0.4965394
-45.05665 -0.1557274 -14.1204 0.3960377 -0.9159543 -0.0646674 57 56 57 255 0.3169411 0.4965394
-45.05666 42.81955 -12.69329 0.2719184 0.9612955 0.04440014 148 150 140 255 0.2438999 0.5151215
-46.81233 42.81955 -14.1204 -0.2719092 0.9612979 -0.04440544 106 98 93 255 0.03773154 0.605714
-46.81234 42.81955 -12.69328 -0.396045 0.9159513 0.06466553 131 127 117 255 0.03773154 0.5151215
-23.93156 42.81955 -14.1204 0.3960399 0.9159532 -0.06466965 167 170 172 255 0.028632 0.9171008
-23.93156 -0.1557274 -12.69329 0.2719201 -0.9612949 0.04440264 46 46 46 255 -0.0008790949 0.5963404
-23.93156 -0.1557274 -14.1204 0.3960378 -0.9159543 -0.0646674 115 90 73 255 0.028632 0.5963404
-23.93156 42.81955 -12.69329 0.2719183 0.9612955 0.04440014 140 117 115 255 0.02769403 0.919324
-25.68725 -0.1557274 -12.69329 -0.3960509 -0.9159488 0.06466451 57 56 57 255 -0.002020106 0.5965222
-23.93156 -0.1557274 -12.69329 0.2719201 -0.9612949 0.04440264 46 46 46 255 0.02769403 0.5965222
-25.68725 42.81955 -12.69328 -0.3960449 0.9159514 0.06466553 129 109 101 255 0.02728289 0.9194365
-25.68722 -0.1557274 -14.1204 -0.2719016 -0.9613 -0.04440607 107 93 90 255 -0.0002027238 0.5974118
-25.68725 -0.1557274 -12.69329 -0.3960509 -0.9159488 0.06466451 57 56 57 255 0.02728289 0.5974118
-25.68722 42.81955 -14.1204 -0.2719091 0.9612979 -0.04440543 198 215 231 255 0.02645894 0.9173863
-23.93156 -0.1557274 -14.1204 0.3960378 -0.9159543 -0.0646674 115 90 73 255 -0.0001055803 0.5980625
-25.68722 -0.1557274 -14.1204 -0.2719016 -0.9613 -0.04440607 107 93 90 255 0.02645894 0.5980635
-23.93156 -0.1557274 -12.69329 0.2719201 -0.9612949 0.04440264 46 46 46 255 0.3169411 0.2465394
-25.68722 -0.1557274 -14.1204 -0.2719016 -0.9613 -0.04440607 107 93 90 255 0.5669411 0.4965394
-23.93156 -0.1557274 -14.1204 0.3960378 -0.9159543 -0.0646674 115 90 73 255 0.3169411 0.4965394
-23.93156 42.81955 -12.69329 0.2719183 0.9612955 0.04440014 140 117 115 255 0.2438999 0.5151215
-25.68722 42.81955 -14.1204 -0.2719091 0.9612979 -0.04440543 198 215 231 255 0.03773154 0.605714
-25.68725 42.81955 -12.69328 -0.3960449 0.9159514 0.06466553 129 109 101 255 0.03773154 0.5151215
29.94313 42.81955 -14.1204 0.3960399 0.9159532 -0.06466964 189 195 206 255 0.028632 0.9171008
29.94312 -0.1557274 -12.69329 0.2719201 -0.9612949 0.04440262 123 101 82 255 -0.0008790949 0.5963404
29.94313 -0.1557274 -14.1204 0.3960378 -0.9159543 -0.06466742 115 90 73 255 0.028632 0.5963404
29.94312 42.81955 -12.69329 0.2719183 0.9612955 0.04440014 148 150 140 255 0.02769403 0.919324
28.18744 -0.1557274 -12.69329 -0.396051 -0.9159488 0.06466451 198 199 198 255 -0.002020106 0.5965222
29.94312 -0.1557274 -12.69329 0.2719201 -0.9612949 0.04440262 123 101 82 255 0.02769403 0.5965222
28.18744 42.81955 -12.69328 -0.3960449 0.9159513 0.06466553 129 109 101 255 0.02728289 0.9194365
28.18746 -0.1557274 -14.1204 -0.2719016 -0.9613 -0.04440607 107 93 90 255 -0.0002027238 0.5974118
28.18744 -0.1557274 -12.69329 -0.396051 -0.9159488 0.06466451 198 199 198 255 0.02728289 0.5974118
28.18746 42.81955 -14.1204 -0.2719092 0.9612979 -0.04440543 165 178 181 255 0.02645894 0.9173863
29.94313 -0.1557274 -14.1204 0.3960378 -0.9159543 -0.06466742 115 90 73 255 -0.0001055803 0.5980625
28.18746 -0.1557274 -14.1204 -0.2719016 -0.9613 -0.04440607 107 93 90 255 0.02645894 0.5980635
29.94312 -0.1557274 -12.69329 0.2719201 -0.9612949 0.04440262 123 101 82 255 0.3169411 0.2465394
28.18746 -0.1557274 -14.1204 -0.2719016 -0.9613 -0.04440607 107 93 90 255 0.5669411 0.4965394
29.94313 -0.1557274 -14.1204 0.3960378 -0.9159543 -0.06466742 115 90 73 255 0.3169411 0.4965394
29.94312 42.81955 -12.69329 0.2719183 0.9612955 0.04440014 148 150 140 255 0.2438999 0.5151215
28.18746 42.81955 -14.1204 -0.2719092 0.9612979 -0.04440543 165 178 181 255 0.03773154 0.605714
28.18744 42.81955 -12.69328 -0.3960449 0.9159513 0.06466553 129 109 101 255 0.03773154 0.5151215
52.42728 42.81955 -14.1204 0.3960399 0.9159532 -0.06466966 189 195 206 255 0.028632 0.9171008
52.42728 -0.1557274 -12.69329 0.2719201 -0.9612949 0.04440264 123 101 82 255 -0.0008790949 0.5963404
52.42728 -0.1557274 -14.1204 0.3960377 -0.9159543 -0.0646674 115 90 73 255 0.028632 0.5963404
52.42728 42.81955 -12.69329 0.2719184 0.9612955 0.04440013 148 150 140 255 0.02769403 0.919324
50.67159 -0.1557274 -12.69328 -0.3960509 -0.9159488 0.06466451 198 199 198 255 -0.002020106 0.5965222
52.42728 -0.1557274 -12.69329 0.2719201 -0.9612949 0.04440264 123 101 82 255 0.02769403 0.5965222
50.67159 42.81955 -12.69328 -0.3960449 0.9159514 0.06466553 131 127 117 255 0.02728289 0.9194365
50.67161 -0.1557274 -14.1204 -0.2719016 -0.9613 -0.04440607 107 93 90 255 -0.0002027238 0.5974118
50.67159 -0.1557274 -12.69328 -0.3960509 -0.9159488 0.06466451 198 199 198 255 0.02728289 0.5974118
50.67161 42.81955 -14.1204 -0.2719091 0.9612979 -0.04440543 165 178 181 255 0.02645894 0.9173863
52.42728 -0.1557274 -14.1204 0.3960377 -0.9159543 -0.0646674 115 90 73 255 -0.0001055803 0.5980625
50.67161 -0.1557274 -14.1204 -0.2719016 -0.9613 -0.04440607 107 93 90 255 0.02645894 0.5980635
52.42728 -0.1557274 -12.69329 0.2719201 -0.9612949 0.04440264 123 101 82 255 0.3169411 0.2465394
50.67161 -0.1557274 -14.1204 -0.2719016 -0.9613 -0.04440607 107 93 90 255 0.5669411 0.4965394
52.42728 -0.1557274 -14.1204 0.3960377 -0.9159543 -0.0646674 115 90 73 255 0.3169411 0.4965394
52.42728 42.81955 -12.69329 0.2719184 0.9612955 0.04440013 148 150 140 255 0.2438999 0.5151215
50.67161 42.81955 -14.1204 -0.2719091 0.9612979 -0.04440543 165 178 181 255 0.03773154 0.605714
50.67159 42.81955 -12.69328 -0.3960449 0.9159514 0.06466553 131 127 117 255 0.03773154 0.5151215
41.06361 42.81955 -14.1204 0.3960399 0.9159532 -0.06466965 82 77 74 255 0.028632 0.9171008
41.06361 -0.1557274 -12.69329 0.2719201 -0.9612949 0.04440263 181 178 181 255 -0.0008790949 0.5963404
41.06361 -0.1557274 -14.1204 0.3960377 -0.9159543 -0.06466741 115 90 73 255 0.028632 0.5963404
41.06361 42.81955 -12.69329 0.2719184 0.9612955 0.04440015 148 150 140 255 0.02769403 0.919324
39.30792 -0.1557274 -12.69328 -0.3960509 -0.9159488 0.06466451 117 94 79 255 -0.002020106 0.5965222
41.06361 -0.1557274 -12.69329 0.2719201 -0.9612949 0.04440263 181 178 181 255 0.02769403 0.5965222
39.30792 42.81955 -12.69328 -0.3960449 0.9159514 0.06466553 214 219 239 255 0.02728289 0.9194365
39.30795 -0.1557274 -14.1204 -0.2719016 -0.9613 -0.04440607 115 94 88 255 -0.0002027238 0.5974118
39.30792 -0.1557274 -12.69328 -0.3960509 -0.9159488 0.06466451 117 94 79 255 0.02728289 0.5974118
39.30795 42.81955 -14.1204 -0.2719091 0.9612979 -0.04440543 106 98 93 255 0.02645894 0.9173863
41.06361 -0.1557274 -14.1204 0.3960377 -0.9159543 -0.06466741 115 90 73 255 -0.0001055803 0.5980625
39.30795 -0.1557274 -14.1204 -0.2719016 -0.9613 -0.04440607 115 94 88 255 0.02645894 0.5980635
41.06361 -0.1557274 -12.69329 0.2719201 -0.9612949 0.04440263 181 178 181 255 0.3169411 0.2465394
39.30795 -0.1557274 -14.1204 -0.2719016 -0.9613 -0.04440607 115 94 88 255 0.5669411 0.4965394
41.06361 -0.1557274 -14.1204 0.3960377 -0.9159543 -0.06466741 115 90 73 255 0.3169411 0.4965394
41.06361 42.81955 -12.69329 0.2719184 0.9612955 0.04440015 148 150 140 255 0.2438999 0.5151215
39.30795 42.81955 -14.1204 -0.2719091 0.9612979 -0.04440543 106 98 93 255 0.03773154 0.605714
39.30792 42.81955 -12.69328 -0.3960449 0.9159514 0.06466553 214 219 239 255 0.03773154 0.5151215
18.73838 42.81955 -14.1204 0.3960399 0.9159532 -0.06466965 167 170 172 255 0.028632 0.9171008
18.73838 -0.1557274 -12.69329 0.2719201 -0.9612949 0.04440262 181 178 181 255 -0.0008790949 0.5963404
18.73838 -0.1557274 -14.1204 0.3960377 -0.9159544 -0.0646674 115 90 73 255 0.028632 0.5963404
18.73838 42.81955 -12.69329 0.2719184 0.9612955 0.04440014 140 117 115 255 0.02769403 0.919324
16.98269 -0.1557274 -12.69328 -0.396051 -0.9159488 0.06466453 198 199 198 255 -0.002020106 0.5965222
18.73838 -0.1557274 -12.69329 0.2719201 -0.9612949 0.04440262 181 178 181 255 0.02769403 0.5965222
16.98269 42.81955 -12.69328 -0.3960449 0.9159514 0.06466553 129 109 101 255 0.02728289 0.9194365
16.98271 -0.1557274 -14.1204 -0.2719016 -0.9613 -0.04440606 46 45 46 255 -0.0002027238 0.5974118
16.98269 -0.1557274 -12.69328 -0.396051 -0.9159488 0.06466453 198 199 198 255 0.02728289 0.5974118
16.98271 42.81955 -14.1204 -0.2719092 0.9612979 -0.04440544 165 178 181 255 0.02645894 0.9173863
18.73838 -0.1557274 -14.1204 0.3960377 -0.9159544 -0.0646674 115 90 73 255 -0.0001055803 0.5980625
16.98271 -0.1557274 -14.1204 -0.2719016 -0.9613 -0.04440606 46 45 46 255 0.02645894 0.5980635
18.73838 -0.1557274 -12.69329 0.2719201 -0.9612949 0.04440262 181 178 181 255 0.3169411 0.2465394
16.98271 -0.1557274 -14.1204 -0.2719016 -0.9613 -0.04440606 46 45 46 255 0.5669411 0.4965394
18.73838 -0.1557274 -14.1204 0.3960377 -0.9159544 -0.0646674 115 90 73 255 0.3169411 0.4965394
18.73838 42.81955 -12.69329 0.2719184 0.9612955 0.04440014 140 117 115 255 0.2438999 0.5151215
16.98271 42.81955 -14.1204 -0.2719092 0.9612979 -0.04440544 165 178 181 255 0.03773154 0.605714
16.98269 42.81955 -12.69328 -0.3960449 0.9159514 0.06466553 129 109 101 255 0.03773154 0.5151215
50.56615 7.25819 12.8481 -0.3968715 0.9178742 -6.476451e-08 99 89 99 255 0.7517335 0.3581855
50.56615 6.277626 -12.21145 -0.272199 -0.9622411 -5.117179e-08 24 28 24 255 0.8524109 0.3778192
50.56615 6.277626 12.84809 -0.3968668 -0.9178762 7.440985e-08 57 53 57 255 0.7517333 0.3778192
50.56615 6.277626 -12.21145 -0.272199 -0.9622411 -5.117179e-08 24 28 24 255 0.3169411 0.2465394
62.7755 6.277622 12.84808 -3.094215e-07 -1 -9.623851e-08 46 45 46 255 0.5669411 0.4965394
50.56615 6.277626 12.84809 -0.3968668 -0.9178762 7.440985e-08 57 53 57 255 0.3169411 0.4965394
50.56615 7.25819 -12.21145 -0.2721943 0.9622423 -1.942189e-07 126 140 148 255 0.8059208 0.5052783
62.7755 7.258186 12.84808 2.900081e-07 1 -2.637032e-07 85 87 88 255 0.6983668 0.5958709
62.7755 7.258186 -12.21148 2.890064e-07 1 -2.822768e-07 165 178 181 255 0.6983668 0.5052783
-68.0999 6.277626 -12.21147 0.3968706 -0.9178746 -9.645762e-08 51 53 51 255 0.7517333 0.3778192
-68.0999 7.25819 12.84807 0.2721934 0.9622426 -1.930556e-07 107 109 107 255 0.852411 0.3581855
-68.0999 6.277626 12.84807 0.2721892 -0.9622437 -1.500242e-07 46 46 46 255 0.8524109 0.3778192
-68.0999 6.277626 12.84807 0.2721892 -0.9622437 -1.500242e-07 46 46 46 255 0.3169411 0.2465394
-77.30966 6.277622 -12.21146 4.201184e-07 -1 -4.25035e-08 46 45 46 255 0.5669411 0.4965394
-68.0999 6.277626 -12.21147 0.3968706 -0.9178746 -9.645762e-08 51 53 51 255 0.3169411 0.4965394
-68.0999 7.25819 12.84807 0.2721934 0.9622426 -1.930556e-07 107 109 107 255 0.8059208 0.5052783
-77.30966 7.258186 -12.21146 -4.280908e-07 1 -1.053108e-07 85 87 88 255 0.6983668 0.5958709
-77.30968 7.258186 12.84809 -4.274992e-07 1 -9.434986e-08 165 178 181 255 0.6983668 0.5052783
-69.43643 10.39824 -26.6408 0.3968599 -0.9178792 8.129885e-08 57 56 57 255 0.1419229 0.03045826
-69.43643 10.8239 27.27738 0.2721879 0.9622442 -8.606035e-08 43 45 43 255 0.9791901 0.00914477
-69.43643 10.39824 27.27739 0.2721905 -0.9622434 -1.604913e-07 33 32 33 255 0.9791888 0.03045826
-69.43643 10.39824 27.27739 0.2721905 -0.9622434 -1.604913e-07 33 32 33 255 0.3169411 0.2465394
-77.30966 10.39823 -26.64077 4.889114e-07 -1 -1.307019e-07 46 45 46 255 0.5669411 0.4965394
-69.43643 10.39824 -26.6408 0.3968599 -0.9178792 8.129885e-08 57 56 57 255 0.3169411 0.4965394
-69.43643 10.8239 27.27738 0.2721879 0.9622442 -8.606035e-08 43 45 43 255 0.3617968 0.4165181
-77.30966 10.82389 -26.64077 -4.949308e-07 1 -5.165506e-08 161 154 140 255 1.203862 0.4509175
-77.30968 10.82389 27.27744 -5.021674e-07 1 -1.858192e-07 41 44 41 255 0.3617968 0.4509175
-69.43643 14.43751 -26.6408 0.396869 -0.9178752 -8.818964e-08 49 28 16 255 0.1419229 0.03045826
-69.43643 14.86317 27.27737 0.2721876 0.9622442 -3.488932e-08 43 45 43 255 0.9791901 0.00914477
-69.43643 14.4375 27.27738 0.2721905 -0.9622434 -8.489759e-08 46 46 46 255 0.9791888 0.03045826
-69.43643 14.4375 27.27738 0.2721905 -0.9622434 -8.489759e-08 46 46 46 255 0.3169411 0.2465394
-77.30966 14.4375 -26.64077 4.925947e-07 -1 -6.239458e-08 46 45 46 255 0.5669411 0.4965394
-69.43643 14.43751 -26.6408 0.396869 -0.9178752 -8.818964e-08 49 28 16 255 0.3169411 0.4965394
-69.43643 14.86317 27.27737 0.2721876 0.9622442 -3.488932e-08 43 45 43 255 0.3617968 0.4165181
-77.30966 14.86316 -26.64077 -4.929131e-07 1 -1.424488e-08 161 154 140 255 1.203862 0.4509175
-77.30968 14.86316 27.27744 -4.914663e-07 1 1.258813e-08 41 44 41 255 0.3617968 0.4509175
-69.43643 18.82547 -26.6408 0.396869 -0.9178752 -8.818964e-08 49 28 16 255 0.1419229 0.03045826
-69.43643 19.25113 27.27737 0.2721876 0.9622442 -6.163779e-08 46 24 13 255 0.9791901 0.00914477
-69.43643 18.82546 27.27738 0.2721905 -0.9622434 -5.814903e-08 33 32 33 255 0.9791888 0.03045826
-69.43643 18.82546 27.27738 0.2721905 -0.9622434 -5.814903e-08 33 32 33 255 0.3169411 0.2465394
-77.30966 18.82546 -26.64077 4.938227e-07 -1 -3.96256e-08 46 45 46 255 0.5669411 0.4965394
-69.43643 18.82547 -26.6408 0.396869 -0.9178752 -8.818964e-08 49 28 16 255 0.3169411 0.4965394
-69.43643 19.25113 27.27737 0.2721876 0.9622442 -6.163779e-08 46 24 13 255 0.3617968 0.4165181
-77.30966 19.25112 -26.64077 -4.941411e-07 1 -3.701383e-08 161 154 140 255 1.203862 0.4509175
-77.30968 19.25112 27.27743 -4.941415e-07 1 -3.701369e-08 41 44 41 255 0.3617968 0.4509175
-69.43643 24.16121 -26.6408 0.396869 -0.9178752 -8.818964e-08 57 56 57 255 0.1419229 0.03045826
-69.43643 24.58687 27.27737 0.2721875 0.9622442 -3.954122e-08 46 24 13 255 0.9791901 0.00914477
-69.43643 24.16121 27.27738 0.2721905 -0.9622434 -7.21048e-08 33 32 33 255 0.9791888 0.03045826
-69.43643 24.16121 27.27738 0.2721905 -0.9622434 -7.21048e-08 33 32 33 255 0.3169411 0.2465394
-77.30966 24.16121 -26.64077 4.932087e-07 -1 -5.101019e-08 46 45 46 255 0.5669411 0.4965394
-69.43643 24.16121 -26.6408 0.396869 -0.9178752 -8.818964e-08 57 56 57 255 0.3169411 0.4965394
-69.43643 24.58687 27.27737 0.2721875 0.9622442 -3.954122e-08 46 24 13 255 0.3617968 0.4165181
-77.30966 24.58687 -26.64077 -4.926939e-07 1 -1.018103e-08 161 154 140 255 1.203862 0.4509175
-77.30968 24.58687 27.27743 -4.941416e-07 1 -3.701369e-08 41 44 41 255 0.3617968 0.4509175
-69.43643 29.90138 -26.6408 0.396869 -0.9178752 -8.818964e-08 57 56 57 255 0.1419229 0.03045826
-69.43643 30.32705 27.27737 0.2721875 0.9622442 -3.372634e-08 46 24 13 255 0.9791901 0.00914477
-69.43643 29.90138 27.27738 0.2721905 -0.9622434 -7.21048e-08 46 46 46 255 0.9791888 0.03045826
-69.43643 29.90138 27.27738 0.2721905 -0.9622434 -7.21048e-08 46 46 46 255 0.3169411 0.2465394
-77.30966 29.90138 -26.64077 4.932087e-07 -1 -5.10102e-08 46 45 46 255 0.5669411 0.4965394
-69.43643 29.90138 -26.6408 0.396869 -0.9178752 -8.818964e-08 57 56 57 255 0.3169411 0.4965394
-69.43643 30.32705 27.27737 0.2721875 0.9622442 -3.372634e-08 46 24 13 255 0.3617968 0.4165181
-77.30966 30.32704 -26.64077 -4.923869e-07 1 -4.488783e-09 161 154 140 255 1.203862 0.4509175
-77.30968 30.32704 27.27743 -4.934727e-07 1 -2.461324e-08 41 44 41 255 0.3617968 0.4509175
-68.33836 34.39415 -13.31378 0.3968677 -0.9178758 4.133883e-08 16 20 24 255 0.7517333 0.3778192
-68.33835 35.37471 13.95037 0.2721897 0.9622437 -2.209663e-08 24 24 24 255 0.852411 0.3581855
-68.33835 34.39415 13.95037 0.2721913 -0.9622432 4.535631e-08 46 46 46 255 0.8524109 0.3778192
-68.33835 34.39415 13.95037 0.2721913 -0.9622432 4.535631e-08 46 46 46 255 0.3169411 0.2465394
-77.30966 34.39415 -13.31376 4.347821e-07 -1 3.758094e-08 46 45 46 255 0.5669411 0.4965394
-68.33836 34.39415 -13.31378 0.3968677 -0.9178758 4.133883e-08 16 20 24 255 0.3169411 0.4965394
-68.33835 35.37471 13.95037 0.2721897 0.9622437 -2.209663e-08 24 24 24 255 0.8079553 0.5052783
-77.30966 35.37471 -13.31376 -4.34796e-07 1 -3.783194e-08 99 101 107 255 0.7021915 0.5958709
-77.30968 35.37471 13.9504 -4.353407e-07 1 -4.794406e-08 173 178 189 255 0.7021915 0.5052783
-68.31018 42.81955 -5.67268 0.98693 1.360218e-07 -0.1611499 167 170 172 255 0.028632 0.9171008
-68.31018 -0.1557274 -4.245565 0.9869284 -3.744921e-07 0.1611595 123 101 82 255 -0.0008790949 0.5963404
-68.31018 -0.1557274 -5.672678 0.9869296 -3.633711e-07 -0.1611521 115 90 73 255 0.028632 0.5963404
-68.31018 -0.1557274 -4.245565 0.9869284 -3.744921e-07 0.1611595 123 101 82 255 0.02769403 0.5965222
-70.06587 42.81955 -4.245562 -0.9869305 4.217727e-08 0.1611468 214 219 239 255 -0.002020106 0.919324
-70.06587 -0.1557274 -4.245563 -0.9869313 -1.208071e-08 0.1611415 117 94 79 255 -0.002020106 0.5965222
-70.06587 42.81955 -4.245562 -0.9869305 4.217727e-08 0.1611468 214 219 239 255 0.02728289 0.9194365
-70.06586 -0.1557274 -5.67268 -0.9869256 -1.012228e-10 -0.1611769 107 93 90 255 -0.0002027238 0.5974118
-70.06587 -0.1557274 -4.245563 -0.9869313 -1.208071e-08 0.1611415 117 94 79 255 0.02728289 0.5974118
-70.06586 42.81955 -5.672678 -0.986926 3.854117e-08 -0.1611745 165 178 181 255 0.02645894 0.9173863
-68.31018 -0.1557274 -5.672678 0.9869296 -3.633711e-07 -0.1611521 115 90 73 255 -0.0001055803 0.5980625
-70.06586 -0.1557274 -5.67268 -0.9869256 -1.012228e-10 -0.1611769 107 93 90 255 0.02645894 0.5980635
-68.3102 42.81955 4.152176 0.986931 -5.999423e-09 -0.1611438 189 195 206 255 0.028632 0.9171008
-68.3102 -0.1557236 5.579292 0.9869297 1.658109e-10 0.161152 181 178 181 255 -0.0008790949 0.5963404
-68.3102 -0.1557236 4.152178 0.9869296 1.385484e-08 -0.1611522 129 111 98 255 0.028632 0.5963404
-68.3102 42.81955 5.579292 0.9869283 -4.785111e-10 0.1611599 198 211 214 255 0.02769403 0.919324
-70.06589 -0.1557236 5.579294 -0.9869311 -1.71065e-08 0.1611427 117 94 79 255 -0.002020106 0.5965222
-68.3102 -0.1557236 5.579292 0.9869297 1.658109e-10 0.161152 181 178 181 255 0.02769403 0.5965222
-70.06587 42.81955 5.579294 -0.9869316 -9.863828e-08 0.1611396 214 219 239 255 0.02728289 0.9194365
-70.06586 -0.1557236 4.152176 -0.9869266 -3.43811e-09 -0.1611708 107 93 90 255 -0.0002027238 0.5974118
-70.06589 -0.1557236 5.579294 -0.9869311 -1.71065e-08 0.1611427 117 94 79 255 0.02728289 0.5974118
-70.06586 42.81955 4.152176 -0.986926 -1.041806e-07 -0.1611743 198 215 231 255 0.02645894 0.9173863
-68.3102 -0.1557236 4.152178 0.9869296 1.385484e-08 -0.1611522 129 111 98 255 -0.0001055803 0.5980625
-70.06586 -0.1557236 4.152176 -0.9869266 -3.43811e-09 -0.1611708 107 93 90 255 0.02645894 0.5980635
50.73249 8.171074 13.04168 -7.093314e-09 0.9989348 0.04614388 30 36 41 255 0.8844386 0.02868035
-69.98486 8.011139 13.04168 -4.703369e-07 -0.997515 0.07045411 57 56 57 255 0.2343358 0.01299664
50.73249 8.011139 13.04168 -2.143074e-08 -0.9989349 0.04614353 46 46 46 255 0.8844388 0.01299664
-69.98485 8.171078 12.86978 1.546418e-07 0.9989366 -0.04610532 51 30 27 255 0.8709347 0.02966881
50.73249 8.011139 12.86977 -2.100333e-07 -0.9975168 -0.07042884 30 33 41 255 0.2465538 0.009913146
-69.98485 8.011139 12.86977 -4.756829e-07 -0.9989351 -0.0461386 46 45 46 255 0.8709347 0.009913146
50.73249 8.011139 13.04168 -2.143074e-08 -0.9989349 0.04614353 46 46 46 255 0.3169411 0.2465394
-69.98485 8.011139 12.86977 -4.756829e-07 -0.9989351 -0.0461386 46 45 46 255 0.5669411 0.4965394
50.73249 8.011139 12.86977 -2.100333e-07 -0.9975168 -0.07042884 30 33 41 255 0.3169411 0.4965394
50.73249 8.171074 13.04168 -7.093314e-09 0.9989348 0.04614388 30 36 41 255 0.8142967 0.04552791
-69.98485 8.171078 12.86978 1.546418e-07 0.9989366 -0.04610532 51 30 27 255 0.3657722 0.09483889
-69.98486 8.171074 13.04168 1.603204e-07 0.9975128 0.07048695 27 14 10 255 0.3657722 0.04552791
50.73249 8.171074 -12.83209 -1.667812e-06 0.9989363 0.04611152 30 36 41 255 0.8844386 0.02868035
-69.98486 8.011139 -12.83209 -6.051469e-07 -0.997515 0.07045411 33 32 41 255 0.2343358 0.01299664
50.73249 8.011139 -12.83209 1.81715e-06 -0.9989333 0.0461759 46 46 46 255 0.8844388 0.01299664
-69.98485 8.171078 -13.004 -1.76689e-06 0.9989351 -0.04613766 30 33 41 255 0.8709347 0.02966881
50.73249 8.011139 -13.004 1.929443e-06 -0.9975191 -0.07039665 30 33 41 255 0.2465538 0.009913146
-69.98485 8.011139 -13.004 -6.487819e-07 -0.9989351 -0.04613858 46 45 46 255 0.8709347 0.009913146
50.73249 8.011139 -12.83209 1.81715e-06 -0.9989333 0.0461759 46 46 46 255 0.3169411 0.2465394
-69.98485 8.011139 -13.004 -6.487819e-07 -0.9989351 -0.04613858 46 45 46 255 0.5669411 0.4965394
50.73249 8.011139 -13.004 1.929443e-06 -0.9975191 -0.07039665 30 33 41 255 0.3169411 0.4965394
50.73249 8.171074 -12.83209 -1.667812e-06 0.9989363 0.04611152 30 36 41 255 0.8142967 0.04552791
-69.98485 8.171078 -13.004 -1.76689e-06 0.9989351 -0.04613766 30 33 41 255 0.3657722 0.09483889
-69.98486 8.171074 -12.83209 -1.721461e-06 0.997515 0.07045472 30 38 43 255 0.3657722 0.04552791
62.40036 36.01203 -13.4493 -3.808955e-07 0.9989352 0.04613478 30 36 41 255 0.8844386 0.02868035
-69.98486 35.8521 -13.44929 1.104793e-07 -0.9975143 0.07046451 57 56 57 255 0.2343358 0.01299664
62.40036 35.8521 -13.4493 6.791387e-09 -0.9989349 0.0461428 27 30 33 255 0.8844388 0.01299664
-69.98485 36.01204 -13.6212 -2.386854e-07 0.9989364 -0.04610957 51 30 27 255 0.8709347 0.02966881
62.40036 35.8521 -13.6212 1.123164e-08 -0.9975169 -0.07042797 30 33 41 255 0.2465538 0.009913146
-69.98485 35.8521 -13.6212 8.525743e-08 -0.9989356 -0.04612617 46 45 46 255 0.8709347 0.009913146
62.40036 35.8521 -13.4493 6.791387e-09 -0.9989349 0.0461428 27 30 33 255 0.3169411 0.2465394
-69.98485 35.8521 -13.6212 8.525743e-08 -0.9989356 -0.04612617 46 45 46 255 0.5669411 0.4965394
62.40036 35.8521 -13.6212 1.123164e-08 -0.9975169 -0.07042797 30 33 41 255 0.3169411 0.4965394
62.40036 36.01203 -13.4493 -3.808955e-07 0.9989352 0.04613478 30 36 41 255 0.8142967 0.04552791
-69.98485 36.01204 -13.6212 -2.386854e-07 0.9989364 -0.04610957 51 30 27 255 0.3657722 0.09483889
-69.98486 36.01203 -13.44929 -2.127511e-07 0.9975131 0.07048126 27 14 10 255 0.3657722 0.04552791
62.17917 36.01203 13.86757 2.550291e-08 0.9989354 0.0461312 49 32 24 255 0.8844386 0.02868035
-69.98488 35.8521 13.86757 9.175488e-08 -0.9975142 0.07046561 57 56 57 255 0.2343358 0.01299664
62.17917 35.8521 13.86757 -3.844785e-07 -0.9989358 0.04612359 46 46 46 255 0.8844388 0.01299664
-69.98485 36.01204 13.69566 -2.443951e-07 0.9989369 -0.04609859 51 30 27 255 0.8709347 0.02966881
62.17917 35.8521 13.69566 -3.688002e-07 -0.9975163 -0.07043666 30 33 41 255 0.2465538 0.009913146
-69.98485 35.8521 13.69566 7.830806e-08 -0.9989362 -0.04611444 46 45 46 255 0.8709347 0.009913146
62.17917 35.8521 13.86757 -3.844785e-07 -0.9989358 0.04612359 46 46 46 255 0.3169411 0.2465394
-69.98485 35.8521 13.69566 7.830806e-08 -0.9989362 -0.04611444 46 45 46 255 0.5669411 0.4965394
62.17917 35.8521 13.69566 -3.688002e-07 -0.9975163 -0.07043666 30 33 41 255 0.3169411 0.4965394
62.17917 36.01203 13.86757 2.550291e-08 0.9989354 0.0461312 49 32 24 255 0.8142967 0.04552791
-69.98485 36.01204 13.69566 -2.443951e-07 0.9989369 -0.04609859 51 30 27 255 0.3657722 0.09483889
-69.98488 36.01203 13.86757 -2.303555e-07 0.9975131 0.07048128 30 38 43 255 0.3657722 0.04552791
-68.43555 35.87786 -13.25508 0.3968732 -0.9178735 -7.303247e-08 46 46 46 255 0.8844388 0.01299664
-68.43555 36.00995 13.17159 0.2722065 0.9622389 -2.477202e-07 27 14 10 255 0.2343358 0.02868035
-68.43555 35.87786 13.17159 0.272187 -0.9622444 7.443045e-08 57 56 57 255 0.2343358 0.01299664
-68.55072 36.00995 13.17159 -0.3968595 0.9178794 -4.685016e-08 30 33 41 255 0.8709347 0.02966881
-68.55074 35.87786 -13.25508 -0.2721924 -0.9622428 -2.093373e-08 57 56 57 255 0.2465538 0.009913146
-68.55072 35.87786 13.17159 -0.3968658 -0.9178767 2.714577e-07 46 45 46 255 0.8709347 0.009913146
-68.43555 35.87786 13.17159 0.272187 -0.9622444 7.443045e-08 57 56 57 255 0.5669411 0.2465394
-68.55074 35.87786 -13.25508 -0.2721924 -0.9622428 -2.093373e-08 57 56 57 255 0.3169411 0.4965394
-68.43555 35.87786 -13.25508 0.3968732 -0.9178735 -7.303247e-08 46 46 46 255 0.3169411 0.2465394
-68.43555 36.00995 13.17159 0.2722065 0.9622389 -2.477202e-07 27 14 10 255 0.3657722 0.04552791
-68.55074 36.00995 -13.25508 -0.2721875 0.9622443 3.861077e-07 33 20 16 255 0.8142967 0.09483889
-68.55072 36.00995 13.17159 -0.3968595 0.9178794 -4.685016e-08 30 33 41 255 0.3657722 0.09483889
-68.43555 8.01973 -13.25508 0.3968706 -0.9178746 1.044502e-06 46 46 46 255 0.8844388 0.01299664
-68.43555 8.151817 13.17159 0.2722225 0.9622344 -2.778458e-06 27 14 10 255 0.2343358 0.02868035
-68.43555 8.01973 13.17159 0.272189 -0.9622439 -8.943282e-07 57 56 57 255 0.2343358 0.01299664
-68.55072 8.151821 13.17159 -0.3968481 0.9178843 -8.432917e-07 51 30 27 255 0.8709347 0.02966881
-68.55074 8.01973 -13.25508 -0.2721932 -0.9622427 3.954148e-07 57 56 57 255 0.2465538 0.009913146
-68.55072 8.01973 13.17159 -0.3968675 -0.9178759 1.089964e-06 27 32 35 255 0.8709347 0.009913146
-68.43555 8.01973 13.17159 0.272189 -0.9622439 -8.943282e-07 57 56 57 255 0.5669411 0.2465394
-68.55074 8.01973 -13.25508 -0.2721932 -0.9622427 3.954148e-07 57 56 57 255 0.3169411 0.4965394
-68.43555 8.01973 -13.25508 0.3968706 -0.9178746 1.044502e-06 46 46 46 255 0.3169411 0.2465394
-68.43555 8.151817 13.17159 0.2722225 0.9622344 -2.778458e-06 27 14 10 255 0.3657722 0.04552791
-68.55074 8.151821 -13.25508 -0.2721883 0.962244 8.803717e-07 33 20 16 255 0.8142967 0.09483889
-68.55072 8.151821 13.17159 -0.3968481 0.9178843 -8.432917e-07 51 30 27 255 0.3657722 0.09483889
51.00945 8.01973 -13.25508 0.3968706 -0.9178746 1.041746e-06 46 46 46 255 0.8844388 0.01299664
51.00945 8.151817 13.17159 0.272222 0.9622345 -2.778456e-06 27 14 10 255 0.2343358 0.02868035
51.00945 8.01973 13.17159 0.2721885 -0.962244 -8.920017e-07 57 56 57 255 0.2343358 0.01299664
50.89427 8.151821 13.17159 -0.3968485 0.9178842 -8.350246e-07 30 33 41 255 0.8709347 0.02966881
50.89426 8.01973 -13.25508 -0.2721933 -0.9622426 3.954149e-07 30 33 41 255 0.2465538 0.009913146
50.89427 8.01973 13.17159 -0.3968682 -0.9178756 1.096855e-06 46 45 46 255 0.8709347 0.009913146
51.00945 8.01973 13.17159 0.2721885 -0.962244 -8.920017e-07 57 56 57 255 0.5669411 0.2465394
50.89426 8.01973 -13.25508 -0.2721933 -0.9622426 3.954149e-07 30 33 41 255 0.3169411 0.4965394
51.00945 8.01973 -13.25508 0.3968706 -0.9178746 1.041746e-06 46 46 46 255 0.3169411 0.2465394
51.00945 8.151817 13.17159 0.272222 0.9622345 -2.778456e-06 27 14 10 255 0.3657722 0.04552791
50.89426 8.151821 -13.25508 -0.2721885 0.962244 8.815349e-07 33 20 16 255 0.8142967 0.09483889
50.89427 8.151821 13.17159 -0.3968485 0.9178842 -8.350246e-07 30 33 41 255 0.3657722 0.09483889
51.01431 -0.5227318 -4.146735 0.9869298 -1.127886e-07 -0.1611507 49 32 24 255 0.8844386 0.02868035
51.01431 8.10807 -4.014647 0.986929 -7.251249e-08 0.1611557 33 32 41 255 0.2343358 0.01299664
51.01431 -0.5227318 -4.014643 0.9869293 -7.620184e-09 0.1611541 46 46 46 255 0.8844388 0.01299664
50.89914 8.10807 -4.146738 -0.9869301 1.419488e-06 -0.1611489 30 33 41 255 0.8709347 0.02966881
50.89912 -0.5227318 -4.014643 -0.9869298 1.337093e-06 0.1611506 30 33 41 255 0.2465538 0.009913146
50.89914 8.10807 -4.014647 -0.9869293 1.485777e-06 0.1611539 46 45 46 255 0.8709347 0.009913146
51.01431 8.10807 -4.014647 0.986929 -7.251249e-08 0.1611557 33 32 41 255 0.5669411 0.2465394
50.89912 -0.5227318 -4.014643 -0.9869298 1.337093e-06 0.1611506 30 33 41 255 0.3169411 0.4965394
51.01431 -0.5227318 -4.014643 0.9869293 -7.620184e-09 0.1611541 46 46 46 255 0.3169411 0.2465394
51.01431 -0.5227318 -4.146735 0.9869298 -1.127886e-07 -0.1611507 49 32 24 255 0.8142967 0.04552791
50.89914 8.10807 -4.146738 -0.9869301 1.419488e-06 -0.1611489 30 33 41 255 0.3657722 0.09483889
51.01431 8.10807 -4.146735 0.98693 -1.385827e-07 -0.1611498 30 38 43 255 0.3657722 0.04552791
51.01431 -0.5227318 3.846079 0.9869296 -1.17954e-07 -0.161152 30 36 41 255 0.8844386 0.02868035
51.01431 8.10807 3.978167 0.986929 -7.255194e-08 0.161156 57 56 57 255 0.2343358 0.01299664
51.01431 -0.5227318 3.97817 0.9869293 -1.278878e-08 0.1611538 46 46 46 255 0.8844388 0.01299664
50.89914 8.10807 3.846075 -0.9869301 1.424689e-06 -0.1611491 51 30 27 255 0.8709347 0.02966881
50.89912 -0.5227318 3.97817 -0.98693 1.416958e-06 0.1611498 30 33 41 255 0.2465538 0.009913146
50.89914 8.10807 3.978167 -0.9869291 1.490906e-06 0.1611554 46 45 46 255 0.8709347 0.009913146
51.01431 8.10807 3.978167 0.986929 -7.255194e-08 0.161156 57 56 57 255 0.5669411 0.2465394
50.89912 -0.5227318 3.97817 -0.98693 1.416958e-06 0.1611498 30 33 41 255 0.3169411 0.4965394
51.01431 -0.5227318 3.97817 0.9869293 -1.278878e-08 0.1611538 46 46 46 255 0.3169411 0.2465394
51.01431 -0.5227318 3.846079 0.9869296 -1.17954e-07 -0.161152 30 36 41 255 0.8142967 0.04552791
50.89914 8.10807 3.846075 -0.9869301 1.424689e-06 -0.1611491 51 30 27 255 0.3657722 0.09483889
51.01431 8.10807 3.846079 0.9869303 -1.385865e-07 -0.1611482 30 38 43 255 0.3657722 0.04552791
51.01431 6.765411 -0.07504082 0.9869298 -1.078697e-06 -0.161151 49 32 24 255 0.8844386 0.02868035
51.01431 8.08186 0.0570507 0.9869286 -6.706381e-07 0.1611581 33 32 41 255 0.2343358 0.01299664
51.01431 6.765411 0.05705261 0.9869294 -6.862803e-07 0.1611536 27 30 33 255 0.8844388 0.01299664
50.89914 8.08186 -0.07504272 -0.9869297 9.412483e-06 -0.1611514 51 30 27 255 0.8709347 0.02966881
50.89912 6.765411 0.05705261 -0.9869295 9.194559e-06 0.1611528 30 33 41 255 0.2465538 0.009913146
50.89914 8.08186 0.0570488 -0.9869295 9.561877e-06 0.1611529 27 32 35 255 0.8709347 0.009913146
51.01431 8.08186 0.0570507 0.9869286 -6.706381e-07 0.1611581 33 32 41 255 0.5669411 0.2465394
50.89912 6.765411 0.05705261 -0.9869295 9.194559e-06 0.1611528 30 33 41 255 0.3169411 0.4965394
51.01431 6.765411 0.05705261 0.9869294 -6.862803e-07 0.1611536 27 30 33 255 0.3169411 0.2465394
51.01431 6.765411 -0.07504082 0.9869298 -1.078697e-06 -0.161151 49 32 24 255 0.8142967 0.04552791
50.89914 8.08186 -0.07504272 -0.9869297 9.412483e-06 -0.1611514 51 30 27 255 0.3657722 0.09483889
51.01431 8.08186 -0.07503891 0.98693 -8.110131e-07 -0.16115 27 14 10 255 0.3657722 0.04552791
51.01431 6.765408 -8.276068 0.9869297 -1.316043e-06 -0.1611518 49 32 24 255 0.8844386 0.02868035
51.01431 8.081856 -8.143977 0.9869289 -6.731158e-07 0.1611563 57 56 57 255 0.2343358 0.01299664
51.01431 6.765408 -8.143975 0.9869292 -9.21407e-07 0.1611543 46 46 46 255 0.8844388 0.01299664
50.89914 8.081856 -8.276069 -0.9869298 9.646679e-06 -0.1611505 51 30 27 255 0.8709347 0.02966881
50.89912 6.765408 -8.143974 -0.9869297 9.198328e-06 0.1611517 57 56 57 255 0.2465538 0.009913146
50.89914 8.081856 -8.143978 -0.9869292 9.798379e-06 0.1611543 46 45 46 255 0.8709347 0.009913146
51.01431 8.081856 -8.143977 0.9869289 -6.731158e-07 0.1611563 57 56 57 255 0.5669411 0.2465394
50.89912 6.765408 -8.143974 -0.9869297 9.198328e-06 0.1611517 57 56 57 255 0.3169411 0.4965394
51.01431 6.765408 -8.143975 0.9869292 -9.21407e-07 0.1611543 46 46 46 255 0.3169411 0.2465394
51.01431 6.765408 -8.276068 0.9869297 -1.316043e-06 -0.1611518 49 32 24 255 0.8142967 0.04552791
50.89914 8.081856 -8.276069 -0.9869298 9.646679e-06 -0.1611505 51 30 27 255 0.3657722 0.09483889
51.01431 8.081856 -8.276066 0.98693 -8.140796e-07 -0.16115 30 38 43 255 0.3657722 0.04552791
51.01431 6.765408 8.432224 0.9869298 -1.141787e-06 -0.1611508 30 36 41 255 0.8844386 0.02868035
51.01431 8.081856 8.564314 0.986929 -4.127145e-07 0.161156 33 32 41 255 0.2343358 0.01299664
51.01431 6.765408 8.564314 0.986929 -1.000825e-06 0.1611558 27 30 33 255 0.8844388 0.01299664
50.89914 8.081856 8.432224 -0.9869299 9.387257e-06 -0.1611501 30 33 41 255 0.8709347 0.02966881
50.89912 6.765408 8.564314 -0.9869298 8.940892e-06 0.1611509 30 33 41 255 0.2465538 0.009913146
50.89914 8.081856 8.564314 -0.9869293 9.528992e-06 0.161154 27 32 35 255 0.8709347 0.009913146
51.01431 8.081856 8.564314 0.986929 -4.127145e-07 0.161156 33 32 41 255 0.5669411 0.2465394
50.89912 6.765408 8.564314 -0.9869298 8.940892e-06 0.1611509 30 33 41 255 0.3169411 0.4965394
51.01431 6.765408 8.564314 0.986929 -1.000825e-06 0.1611558 27 30 33 255 0.3169411 0.2465394
51.01431 6.765408 8.432224 0.9869298 -1.141787e-06 -0.1611508 30 36 41 255 0.8142967 0.04552791
50.89914 8.081856 8.432224 -0.9869299 9.387257e-06 -0.1611501 30 33 41 255 0.3657722 0.09483889
51.01431 8.081856 8.432224 0.9869298 -5.476737e-07 -0.1611506 27 14 10 255 0.3657722 0.04552791
51.01431 6.765408 6.120304 0.9869298 -1.143765e-06 -0.1611508 30 36 41 255 0.8844386 0.02868035
51.01431 8.081856 6.252394 0.9869292 -9.346962e-07 0.1611543 33 32 41 255 0.2343358 0.01299664
51.01431 6.765408 6.252396 0.986929 -1.000825e-06 0.1611558 27 30 33 255 0.8844388 0.01299664
50.89914 8.081856 6.120302 -0.9869302 9.387029e-06 -0.1611485 30 33 41 255 0.8709347 0.02966881
50.89912 6.765408 6.252394 -0.9869298 8.940891e-06 0.1611509 30 33 41 255 0.2465538 0.009913146
50.89914 8.081856 6.252394 -0.9869292 9.528761e-06 0.1611549 27 32 35 255 0.8709347 0.009913146
51.01431 8.081856 6.252394 0.9869292 -9.346962e-07 0.1611543 33 32 41 255 0.5669411 0.2465394
50.89912 6.765408 6.252394 -0.9869298 8.940891e-06 0.1611509 30 33 41 255 0.3169411 0.4965394
51.01431 6.765408 6.252396 0.986929 -1.000825e-06 0.1611558 27 30 33 255 0.3169411 0.2465394
51.01431 6.765408 6.120304 0.9869298 -1.143765e-06 -0.1611508 30 36 41 255 0.8142967 0.04552791
50.89914 8.081856 6.120302 -0.9869302 9.387029e-06 -0.1611485 30 33 41 255 0.3657722 0.09483889
51.01431 8.081856 6.120302 0.9869297 -1.071632e-06 -0.1611515 30 38 43 255 0.3657722 0.04552791
51.01431 6.765408 10.63384 0.9869298 -1.137879e-06 -0.1611508 30 36 41 255 0.8844386 0.02868035
51.01431 8.081856 10.76593 0.986929 -9.288347e-07 0.161156 33 32 41 255 0.2343358 0.01299664
51.01431 6.765408 10.76593 0.986929 -1.006958e-06 0.1611558 27 30 33 255 0.8844388 0.01299664
50.89914 8.081856 10.63384 -0.9869299 9.381371e-06 -0.1611501 30 33 41 255 0.8709347 0.02966881
50.89912 6.765408 10.76593 -0.9869298 8.935008e-06 0.1611509 30 33 41 255 0.2465538 0.009913146
50.89914 8.081856 10.76593 -0.9869293 9.535125e-06 0.161154 27 32 35 255 0.8709347 0.009913146
51.01431 8.081856 10.76593 0.986929 -9.288347e-07 0.161156 33 32 41 255 0.5669411 0.2465394
50.89912 6.765408 10.76593 -0.9869298 8.935008e-06 0.1611509 30 33 41 255 0.3169411 0.4965394
51.01431 6.765408 10.76593 0.986929 -1.006958e-06 0.1611558 27 30 33 255 0.3169411 0.2465394
51.01431 6.765408 10.63384 0.9869298 -1.137879e-06 -0.1611508 30 36 41 255 0.8142967 0.04552791
50.89914 8.081856 10.63384 -0.9869299 9.381371e-06 -0.1611501 30 33 41 255 0.3657722 0.09483889
51.01431 8.081856 10.63384 0.9869298 -1.077791e-06 -0.1611506 27 14 10 255 0.3657722 0.04552791
51.01431 6.765408 1.861307 0.9869298 -1.143765e-06 -0.1611508 49 32 24 255 0.8844386 0.02868035
51.01431 8.081856 1.993397 0.9869292 -9.31753e-07 0.1611543 57 56 57 255 0.2343358 0.01299664
51.01431 6.765408 1.993397 0.986929 -1.003891e-06 0.1611558 27 30 33 255 0.8844388 0.01299664
50.89914 8.081856 1.861305 -0.9869299 9.387256e-06 -0.1611501 51 30 27 255 0.8709347 0.02966881
50.89912 6.765408 1.993397 -0.9869297 8.937731e-06 0.1611517 57 56 57 255 0.2465538 0.009913146
50.89914 8.081856 1.993397 -0.9869293 9.532058e-06 0.161154 46 45 46 255 0.8709347 0.009913146
51.01431 8.081856 1.993397 0.9869292 -9.31753e-07 0.1611543 57 56 57 255 0.5669411 0.2465394
50.89912 6.765408 1.993397 -0.9869297 8.937731e-06 0.1611517 57 56 57 255 0.3169411 0.4965394
51.01431 6.765408 1.993397 0.986929 -1.003891e-06 0.1611558 27 30 33 255 0.3169411 0.2465394
51.01431 6.765408 1.861307 0.9869298 -1.143765e-06 -0.1611508 49 32 24 255 0.8142967 0.04552791
50.89914 8.081856 1.861305 -0.9869299 9.387256e-06 -0.1611501 51 30 27 255 0.3657722 0.09483889
51.01431 8.081856 1.861307 0.9869297 -1.071632e-06 -0.1611515 27 14 10 255 0.3657722 0.04552791
51.01431 6.765408 -2.174934 0.9869297 -1.1438e-06 -0.1611517 49 32 24 255 0.8844386 0.02868035
51.01431 8.081856 -2.042843 0.986929 -9.317777e-07 0.161156 33 32 41 255 0.2343358 0.01299664
51.01431 6.765408 -2.042843 0.9869293 -1.003866e-06 0.1611541 27 30 33 255 0.8844388 0.01299664
50.89914 8.081856 -2.174936 -0.9869302 9.384024e-06 -0.1611485 51 30 27 255 0.8709347 0.02966881
50.89912 6.765408 -2.042845 -0.9869298 8.937949e-06 0.1611509 30 33 41 255 0.2465538 0.009913146
50.89914 8.081856 -2.042845 -0.9869292 9.531826e-06 0.1611549 27 32 35 255 0.8709347 0.009913146
51.01431 8.081856 -2.042843 0.986929 -9.317777e-07 0.161156 33 32 41 255 0.5669411 0.2465394
50.89912 6.765408 -2.042845 -0.9869298 8.937949e-06 0.1611509 30 33 41 255 0.3169411 0.4965394
51.01431 6.765408 -2.042843 0.9869293 -1.003866e-06 0.1611541 27 30 33 255 0.3169411 0.2465394
51.01431 6.765408 -2.174934 0.9869297 -1.1438e-06 -0.1611517 49 32 24 255 0.8142967 0.04552791
50.89914 8.081856 -2.174936 -0.9869302 9.384024e-06 -0.1611485 51 30 27 255 0.3657722 0.09483889
51.01431 8.081856 -2.174934 0.9869298 -1.074724e-06 -0.1611506 27 14 10 255 0.3657722 0.04552791
51.01431 6.765408 -6.329668 0.9869297 -1.140809e-06 -0.1611512 30 36 41 255 0.8844386 0.02868035
51.01431 8.081856 -6.197577 0.986929 -9.317777e-07 0.161156 57 56 57 255 0.2343358 0.01299664
51.01431 6.765408 -6.197577 0.9869291 -1.003879e-06 0.1611549 46 46 46 255 0.8844388 0.01299664
50.89914 8.081856 -6.329669 -0.98693 9.384217e-06 -0.1611497 30 33 41 255 0.8709347 0.02966881
50.89912 6.765408 -6.197577 -0.9869297 8.93784e-06 0.1611513 30 33 41 255 0.2465538 0.009913146
50.89914 8.081856 -6.197577 -0.9869292 9.531942e-06 0.1611544 27 32 35 255 0.8709347 0.009913146
51.01431 8.081856 -6.197577 0.986929 -9.317777e-07 0.161156 57 56 57 255 0.5669411 0.2465394
50.89912 6.765408 -6.197577 -0.9869297 8.93784e-06 0.1611513 30 33 41 255 0.3169411 0.4965394
51.01431 6.765408 -6.197577 0.9869291 -1.003879e-06 0.1611549 46 46 46 255 0.3169411 0.2465394
51.01431 6.765408 -6.329668 0.9869297 -1.140809e-06 -0.1611512 30 36 41 255 0.8142967 0.04552791
50.89914 8.081856 -6.329669 -0.98693 9.384217e-06 -0.1611497 30 33 41 255 0.3657722 0.09483889
51.01431 8.081856 -6.329668 0.9869299 -1.074722e-06 -0.1611504 30 38 43 255 0.3657722 0.04552791
51.01431 6.765404 -10.55656 0.9869298 -1.143749e-06 -0.161151 30 36 41 255 0.8844386 0.02868035
51.01431 8.081852 -10.42447 0.9869291 -9.317654e-07 0.1611551 33 32 41 255 0.2343358 0.01299664
51.01431 6.765404 -10.42447 0.9869291 -1.003881e-06 0.1611554 46 46 46 255 0.8844388 0.01299664
50.89914 8.081852 -10.55656 -0.9869301 9.387141e-06 -0.1611493 30 33 41 255 0.8709347 0.02966881
50.89912 6.765404 -10.42447 -0.9869298 8.937819e-06 0.1611511 30 33 41 255 0.2465538 0.009913146
50.89914 8.081852 -10.42447 -0.9869292 9.531942e-06 0.1611544 27 32 35 255 0.8709347 0.009913146
51.01431 8.081852 -10.42447 0.9869291 -9.317654e-07 0.1611551 33 32 41 255 0.5669411 0.2465394
50.89912 6.765404 -10.42447 -0.9869298 8.937819e-06 0.1611511 30 33 41 255 0.3169411 0.4965394
51.01431 6.765404 -10.42447 0.9869291 -1.003881e-06 0.1611554 46 46 46 255 0.3169411 0.2465394
51.01431 6.765404 -10.55656 0.9869298 -1.143749e-06 -0.161151 30 36 41 255 0.8142967 0.04552791
50.89914 8.081852 -10.55656 -0.9869301 9.387141e-06 -0.1611493 30 33 41 255 0.3657722 0.09483889
51.01431 8.081852 -10.55656 0.9869298 -1.071645e-06 -0.1611511 30 38 43 255 0.3657722 0.04552791
45.68629 6.765404 -12.9927 0.9869298 -1.137865e-06 -0.1611511 30 36 41 255 0.8844386 0.02868035
45.68629 8.081852 -12.86061 0.986929 -9.407254e-07 0.1611558 33 32 41 255 0.2343358 0.01299664
45.68629 6.765404 -12.86061 0.9869291 -1.000813e-06 0.1611549 46 46 46 255 0.8844388 0.01299664
45.57111 8.081852 -12.9927 -0.986929 9.379275e-06 -0.1611559 30 33 41 255 0.8709347 0.02966881
45.5711 6.765404 -12.86061 -0.9869297 8.418658e-06 0.1611513 30 33 41 255 0.2465538 0.009913146
45.57111 8.081852 -12.86061 -0.9869298 9.522737e-06 0.1611511 46 45 46 255 0.8709347 0.009913146
45.68629 8.081852 -12.86061 0.986929 -9.407254e-07 0.1611558 33 32 41 255 0.5669411 0.2465394
45.5711 6.765404 -12.86061 -0.9869297 8.418658e-06 0.1611513 30 33 41 255 0.3169411 0.4965394
45.68629 6.765404 -12.86061 0.9869291 -1.000813e-06 0.1611549 46 46 46 255 0.3169411 0.2465394
45.68629 6.765404 -12.9927 0.9869298 -1.137865e-06 -0.1611511 30 36 41 255 0.8142967 0.04552791
45.57111 8.081852 -12.9927 -0.986929 9.379275e-06 -0.1611559 30 33 41 255 0.3657722 0.09483889
45.68629 8.081852 -12.9927 0.9869298 -1.077783e-06 -0.1611507 30 38 43 255 0.3657722 0.04552791
43.45533 6.765404 -12.9927 0.9869298 -1.137873e-06 -0.161151 49 32 24 255 0.8844386 0.02868035
43.45533 8.081852 -12.86061 0.9869291 -9.40719e-07 0.1611553 57 56 57 255 0.2343358 0.01299664
43.45533 6.765404 -12.86061 0.9869291 -1.000819e-06 0.1611554 46 46 46 255 0.8844388 0.01299664
43.34016 8.081852 -12.9927 -0.986929 8.33923e-06 -0.1611559 51 30 27 255 0.8709347 0.02966881
43.34015 6.765404 -12.86061 -0.9869298 9.458762e-06 0.1611511 57 56 57 255 0.2465538 0.009913146
43.34016 8.081852 -12.86061 -0.9869298 8.474783e-06 0.1611511 27 32 35 255 0.8709347 0.009913146
43.45533 8.081852 -12.86061 0.9869291 -9.40719e-07 0.1611553 57 56 57 255 0.5669411 0.2465394
43.34015 6.765404 -12.86061 -0.9869298 9.458762e-06 0.1611511 57 56 57 255 0.3169411 0.4965394
43.45533 6.765404 -12.86061 0.9869291 -1.000819e-06 0.1611554 46 46 46 255 0.3169411 0.2465394
43.45533 6.765404 -12.9927 0.9869298 -1.137873e-06 -0.161151 49 32 24 255 0.8142967 0.04552791
43.34016 8.081852 -12.9927 -0.986929 8.33923e-06 -0.1611559 51 30 27 255 0.3657722 0.09483889
43.45533 8.081852 -12.9927 0.9869298 -1.077777e-06 -0.1611509 27 14 10 255 0.3657722 0.04552791
48.23356 6.765404 -12.9927 0.9869298 -1.14375e-06 -0.1611511 30 36 41 255 0.8844386 0.02868035
48.23356 8.081852 -12.86061 0.986929 -9.407254e-07 0.1611558 57 56 57 255 0.2343358 0.01299664
48.23356 6.765404 -12.86061 0.9869291 -1.000813e-06 0.1611549 46 46 46 255 0.8844388 0.01299664
48.11839 8.081852 -12.9927 -0.986929 8.865138e-06 -0.1611559 30 33 41 255 0.8709347 0.02966881
48.11838 6.765404 -12.86061 -0.9869297 8.93868e-06 0.1611513 30 33 41 255 0.2465538 0.009913146
48.11839 8.081852 -12.86061 -0.9869298 8.99876e-06 0.1611511 27 32 35 255 0.8709347 0.009913146
48.23356 8.081852 -12.86061 0.986929 -9.407254e-07 0.1611558 57 56 57 255 0.5669411 0.2465394
48.11838 6.765404 -12.86061 -0.9869297 8.93868e-06 0.1611513 30 33 41 255 0.3169411 0.4965394
48.23356 6.765404 -12.86061 0.9869291 -1.000813e-06 0.1611549 46 46 46 255 0.3169411 0.2465394
48.23356 6.765404 -12.9927 0.9869298 -1.14375e-06 -0.1611511 30 36 41 255 0.8142967 0.04552791
48.11839 8.081852 -12.9927 -0.986929 8.865138e-06 -0.1611559 30 33 41 255 0.3657722 0.09483889
48.23357 8.081852 -12.9927 0.9869298 -1.07165e-06 -0.1611507 27 14 10 255 0.3657722 0.04552791
34.60757 6.765404 -12.9927 0.9869298 -8.966355e-08 -0.161151 49 32 24 255 0.8844386 0.02868035
34.60757 8.081852 -12.86061 0.9869291 8.295282e-08 0.1611554 57 56 57 255 0.2343358 0.01299664
34.60757 6.765404 -12.86061 0.9869291 3.487715e-08 0.1611555 46 46 46 255 0.8844388 0.01299664
34.49239 8.081852 -12.9927 -0.9869291 8.347293e-06 -0.1611556 51 30 27 255 0.8709347 0.02966881
34.49238 6.765404 -12.86061 -0.9869298 8.402244e-06 0.161151 57 56 57 255 0.2465538 0.009913146
34.49239 8.081852 -12.86061 -0.9869298 8.450252e-06 0.1611512 27 32 35 255 0.8709347 0.009913146
34.60757 8.081852 -12.86061 0.9869291 8.295282e-08 0.1611554 57 56 57 255 0.5669411 0.2465394
34.49238 6.765404 -12.86061 -0.9869298 8.402244e-06 0.161151 57 56 57 255 0.3169411 0.4965394
34.60757 6.765404 -12.86061 0.9869291 3.487715e-08 0.1611555 46 46 46 255 0.3169411 0.2465394
34.60757 6.765404 -12.9927 0.9869298 -8.966355e-08 -0.161151 49 32 24 255 0.8142967 0.04552791
34.49239 8.081852 -12.9927 -0.9869291 8.347293e-06 -0.1611556 51 30 27 255 0.3657722 0.09483889
34.60757 8.081852 -12.9927 0.9869298 -1.755702e-08 -0.161151 27 14 10 255 0.3657722 0.04552791
37.10663 6.765404 -12.9927 0.9869298 -6.562797e-08 -0.1611511 49 32 24 255 0.8844386 0.02868035
37.10663 8.081852 -12.86061 0.9869291 1.069907e-07 0.1611556 57 56 57 255 0.2343358 0.01299664
37.10663 6.765404 -12.86061 0.9869291 3.487712e-08 0.1611553 46 46 46 255 0.8844388 0.01299664
36.99146 8.081852 -12.9927 -0.9869291 8.339876e-06 -0.1611556 51 30 27 255 0.8709347 0.02966881
36.99145 6.765404 -12.86061 -0.9869298 6.314676e-06 0.1611511 57 56 57 255 0.2465538 0.009913146
36.99146 8.081852 -12.86061 -0.9869297 8.474793e-06 0.1611513 46 45 46 255 0.8709347 0.009913146
37.10663 8.081852 -12.86061 0.9869291 1.069907e-07 0.1611556 57 56 57 255 0.5669411 0.2465394
36.99145 6.765404 -12.86061 -0.9869298 6.314676e-06 0.1611511 57 56 57 255 0.3169411 0.4965394
37.10663 6.765404 -12.86061 0.9869291 3.487712e-08 0.1611553 46 46 46 255 0.3169411 0.2465394
37.10663 6.765404 -12.9927 0.9869298 -6.562797e-08 -0.1611511 49 32 24 255 0.8142967 0.04552791
36.99146 8.081852 -12.9927 -0.9869291 8.339876e-06 -0.1611556 51 30 27 255 0.3657722 0.09483889
37.10663 8.081852 -12.9927 0.9869298 -1.755699e-08 -0.1611507 27 14 10 255 0.3657722 0.04552791
32.26288 6.765404 -12.9927 0.9869298 -8.966343e-08 -0.1611511 49 32 24 255 0.8844386 0.02868035
32.26288 8.081852 -12.86061 0.9869291 1.069907e-07 0.1611554 57 56 57 255 0.2343358 0.01299664
32.26288 6.765404 -12.86061 0.9869291 3.487712e-08 0.1611553 46 46 46 255 0.8844388 0.01299664
32.14771 8.081852 -12.9927 -0.986929 8.339424e-06 -0.1611558 51 30 27 255 0.8709347 0.02966881
32.14769 6.765404 -12.86061 -0.9869298 6.314676e-06 0.1611511 57 56 57 255 0.2465538 0.009913146
32.14771 8.081852 -12.86061 -0.9869298 8.474834e-06 0.1611509 27 32 35 255 0.8709347 0.009913146
32.26288 8.081852 -12.86061 0.9869291 1.069907e-07 0.1611554 57 56 57 255 0.5669411 0.2465394
32.14769 6.765404 -12.86061 -0.9869298 6.314676e-06 0.1611511 57 56 57 255 0.3169411 0.4965394
32.26288 6.765404 -12.86061 0.9869291 3.487712e-08 0.1611553 46 46 46 255 0.3169411 0.2465394
32.26288 6.765404 -12.9927 0.9869298 -8.966343e-08 -0.1611511 49 32 24 255 0.8142967 0.04552791
32.14771 8.081852 -12.9927 -0.986929 8.339424e-06 -0.1611558 51 30 27 255 0.3657722 0.09483889
32.26288 8.081852 -12.9927 0.9869298 -1.755704e-08 -0.1611511 27 14 10 255 0.3657722 0.04552791
23.51979 6.765404 -12.9927 0.9869298 -8.966354e-08 -0.1611512 49 32 24 255 0.8844386 0.02868035
23.51979 8.081852 -12.86061 0.9869291 1.069907e-07 0.1611554 57 56 57 255 0.2343358 0.01299664
23.51979 6.765404 -12.86061 0.9869291 3.487712e-08 0.1611553 46 46 46 255 0.8844388 0.01299664
23.40461 8.081852 -12.9927 -0.986929 4.171314e-06 -0.1611561 51 30 27 255 0.8709347 0.02966881
23.4046 6.765404 -12.86061 -0.9869298 8.386855e-06 0.1611511 57 56 57 255 0.2465538 0.009913146
23.40461 8.081852 -12.86061 -0.9869298 4.282992e-06 0.1611509 46 45 46 255 0.8709347 0.009913146
23.51979 8.081852 -12.86061 0.9869291 1.069907e-07 0.1611554 57 56 57 255 0.5669411 0.2465394
23.4046 6.765404 -12.86061 -0.9869298 8.386855e-06 0.1611511 57 56 57 255 0.3169411 0.4965394
23.51979 6.765404 -12.86061 0.9869291 3.487712e-08 0.1611553 46 46 46 255 0.3169411 0.2465394
23.51979 6.765404 -12.9927 0.9869298 -8.966354e-08 -0.1611512 49 32 24 255 0.8142967 0.04552791
23.40461 8.081852 -12.9927 -0.986929 4.171314e-06 -0.1611561 51 30 27 255 0.3657722 0.09483889
23.51979 8.081852 -12.9927 0.9869298 -1.755702e-08 -0.161151 27 14 10 255 0.3657722 0.04552791
26.08535 6.765404 -12.9927 0.9869298 -8.966343e-08 -0.1611511 49 32 24 255 0.8844386 0.02868035
26.08535 8.081852 -12.86061 0.9869291 8.295282e-08 0.1611554 57 56 57 255 0.2343358 0.01299664
26.08535 6.765404 -12.86061 0.9869291 3.487712e-08 0.1611553 46 46 46 255 0.8844388 0.01299664
25.97017 8.081852 -12.9927 -0.986929 8.347333e-06 -0.1611558 51 30 27 255 0.8709347 0.02966881
25.97016 6.765404 -12.86061 -0.9869298 8.402183e-06 0.1611511 57 56 57 255 0.2465538 0.009913146
25.97017 8.081852 -12.86061 -0.9869298 8.450303e-06 0.1611509 27 32 35 255 0.8709347 0.009913146
26.08535 8.081852 -12.86061 0.9869291 8.295282e-08 0.1611554 57 56 57 255 0.5669411 0.2465394
25.97016 6.765404 -12.86061 -0.9869298 8.402183e-06 0.1611511 57 56 57 255 0.3169411 0.4965394
26.08535 6.765404 -12.86061 0.9869291 3.487712e-08 0.1611553 46 46 46 255 0.3169411 0.2465394
26.08535 6.765404 -12.9927 0.9869298 -8.966343e-08 -0.1611511 49 32 24 255 0.8142967 0.04552791
25.97017 8.081852 -12.9927 -0.986929 8.347333e-06 -0.1611558 51 30 27 255 0.3657722 0.09483889
26.08535 8.081852 -12.9927 0.9869298 -1.755704e-08 -0.1611511 27 14 10 255 0.3657722 0.04552791
21.05919 6.765404 -12.9927 0.9869298 -1.13699e-07 -0.161151 30 36 41 255 0.8844386 0.02868035
21.05919 8.081852 -12.86061 0.9869291 8.295282e-08 0.1611554 33 32 41 255 0.2343358 0.01299664
21.05919 6.765404 -12.86061 0.9869291 3.487715e-08 0.1611555 27 30 33 255 0.8844388 0.01299664
20.94401 8.081852 -12.9927 -0.9869291 4.170796e-06 -0.1611556 30 33 41 255 0.8709347 0.02966881
20.944 6.765404 -12.86061 -0.9869298 8.386423e-06 0.161151 30 33 41 255 0.2465538 0.009913146
20.94401 8.081852 -12.86061 -0.9869298 4.258435e-06 0.1611512 27 32 35 255 0.8709347 0.009913146
21.05919 8.081852 -12.86061 0.9869291 8.295282e-08 0.1611554 33 32 41 255 0.5669411 0.2465394
20.944 6.765404 -12.86061 -0.9869298 8.386423e-06 0.161151 30 33 41 255 0.3169411 0.4965394
21.05919 6.765404 -12.86061 0.9869291 3.487715e-08 0.1611555 27 30 33 255 0.3169411 0.2465394
21.05919 6.765404 -12.9927 0.9869298 -1.13699e-07 -0.161151 30 36 41 255 0.8142967 0.04552791
20.94401 8.081852 -12.9927 -0.9869291 4.170796e-06 -0.1611556 30 33 41 255 0.3657722 0.09483889
21.05919 8.081852 -12.9927 0.9869298 -1.755702e-08 -0.161151 30 38 43 255 0.3657722 0.04552791
13.03079 6.765404 -12.9927 0.9869298 -6.562797e-08 -0.1611511 49 32 24 255 0.8844386 0.02868035
13.03079 8.081852 -12.86061 0.9869291 8.295271e-08 0.1611552 57 56 57 255 0.2343358 0.01299664
13.03079 6.765404 -12.86061 0.9869291 3.487712e-08 0.1611553 46 46 46 255 0.8844388 0.01299664
12.91562 8.081852 -12.86061 -0.9869297 8.450261e-06 0.1611515 27 32 35 255 0.8709347 0.009913146
12.9156 6.765404 -12.9927 -0.9869292 8.299708e-06 -0.1611549 33 36 41 255 0.2465538 0.02966881
12.9156 6.765404 -12.86061 -0.9869295 8.402181e-06 0.1611529 30 33 41 255 0.2465538 0.009913146
13.03079 8.081852 -12.86061 0.9869291 8.295271e-08 0.1611552 57 56 57 255 0.5669411 0.2465394
12.9156 6.765404 -12.86061 -0.9869295 8.402181e-06 0.1611529 30 33 41 255 0.3169411 0.4965394
13.03079 6.765404 -12.86061 0.9869291 3.487712e-08 0.1611553 46 46 46 255 0.3169411 0.2465394
13.03079 6.765404 -12.9927 0.9869298 -6.562797e-08 -0.1611511 49 32 24 255 0.8142967 0.04552791
12.91562 8.081852 -12.9927 -0.9869287 8.347773e-06 -0.1611573 51 30 27 255 0.3657722 0.09483889
13.03079 8.081852 -12.9927 0.9869298 -1.755704e-08 -0.1611511 27 14 10 255 0.3657722 0.04552791
15.59635 6.765404 -12.9927 0.9869298 -6.562797e-08 -0.1611511 30 36 41 255 0.8844386 0.02868035
15.59635 8.081852 -12.86061 0.9869291 8.295283e-08 0.1611556 33 32 41 255 0.2343358 0.01299664
15.59635 6.765404 -12.86061 0.9869291 3.487712e-08 0.1611553 27 30 33 255 0.8844388 0.01299664
15.48117 8.081852 -12.9927 -0.9869291 8.331966e-06 -0.1611556 30 33 41 255 0.8709347 0.02966881
15.48117 6.765404 -12.86061 -0.9869298 4.226184e-06 0.1611511 57 56 57 255 0.2465538 0.009913146
15.48118 8.081852 -12.86061 -0.9869297 8.450261e-06 0.1611513 46 45 46 255 0.8709347 0.009913146
15.59635 8.081852 -12.86061 0.9869291 8.295283e-08 0.1611556 33 32 41 255 0.5669411 0.2465394
15.48117 6.765404 -12.86061 -0.9869298 4.226184e-06 0.1611511 57 56 57 255 0.3169411 0.4965394
15.59635 6.765404 -12.86061 0.9869291 3.487712e-08 0.1611553 27 30 33 255 0.3169411 0.2465394
15.59635 6.765404 -12.9927 0.9869298 -6.562797e-08 -0.1611511 30 36 41 255 0.8142967 0.04552791
15.48117 8.081852 -12.9927 -0.9869291 8.331966e-06 -0.1611556 30 33 41 255 0.3657722 0.09483889
15.59635 8.081852 -12.9927 0.9869298 -1.755699e-08 -0.1611507 30 38 43 255 0.3657722 0.04552791
10.57019 6.765404 -12.9927 0.9869298 -1.136989e-07 -0.1611511 30 36 41 255 0.8844386 0.02868035
10.57019 8.081852 -12.86061 0.9869291 1.310285e-07 0.1611555 57 56 57 255 0.2343358 0.01299664
10.57019 6.765404 -12.86061 0.9869291 3.487712e-08 0.1611553 46 46 46 255 0.8844388 0.01299664
10.45502 8.081852 -12.9927 -0.9869289 8.346849e-06 -0.1611561 30 33 41 255 0.8709347 0.02966881
10.45501 6.765404 -12.86061 -0.9869297 8.403117e-06 0.1611513 57 56 57 255 0.2465538 0.009913146
10.45501 8.081852 -12.86061 -0.9869298 8.499365e-06 0.1611509 27 32 35 255 0.8709347 0.009913146
10.57019 8.081852 -12.86061 0.9869291 1.310285e-07 0.1611555 57 56 57 255 0.5669411 0.2465394
10.45501 6.765404 -12.86061 -0.9869297 8.403117e-06 0.1611513 57 56 57 255 0.3169411 0.4965394
10.57019 6.765404 -12.86061 0.9869291 3.487712e-08 0.1611553 46 46 46 255 0.3169411 0.2465394
10.57019 6.765404 -12.9927 0.9869298 -1.136989e-07 -0.1611511 30 36 41 255 0.8142967 0.04552791
10.45502 8.081852 -12.9927 -0.9869289 8.346849e-06 -0.1611561 30 33 41 255 0.3657722 0.09483889
10.57019 8.081852 -12.9927 0.9869298 -1.755702e-08 -0.161151 27 14 10 255 0.3657722 0.04552791
2.36245 6.765404 -12.9927 0.9869319 -1.137008e-07 -0.1611381 49 32 24 255 0.8844386 0.02868035
2.362446 8.081852 -12.86061 0.9869249 1.310359e-07 0.1611807 33 32 41 255 0.2343358 0.01299664
2.362446 6.765404 -12.86061 0.9869249 3.488119e-08 0.1611805 27 30 33 255 0.8844388 0.01299664
2.247272 8.081852 -12.9927 -0.9869249 8.346793e-06 -0.1611811 51 30 27 255 0.8709347 0.02966881
2.247257 6.765404 -12.86061 -0.9869319 8.403175e-06 0.1611381 30 33 41 255 0.2465538 0.009913146
2.247269 8.081852 -12.86061 -0.9869319 8.499375e-06 0.161138 27 32 35 255 0.8709347 0.009913146
2.362446 8.081852 -12.86061 0.9869249 1.310359e-07 0.1611807 33 32 41 255 0.5669411 0.2465394
2.247257 6.765404 -12.86061 -0.9869319 8.403175e-06 0.1611381 30 33 41 255 0.3169411 0.4965394
2.362446 6.765404 -12.86061 0.9869249 3.488119e-08 0.1611805 27 30 33 255 0.3169411 0.2465394
2.36245 6.765404 -12.9927 0.9869319 -1.137008e-07 -0.1611381 49 32 24 255 0.8142967 0.04552791
2.247272 8.081852 -12.9927 -0.9869249 8.346793e-06 -0.1611811 51 30 27 255 0.3657722 0.09483889
2.36245 8.081852 -12.9927 0.9869319 -1.755491e-08 -0.1611381 30 38 43 255 0.3657722 0.04552791
4.928005 6.765404 -12.9927 0.9869276 -6.562809e-08 -0.1611641 49 32 24 255 0.8844386 0.02868035
4.928009 8.081852 -12.86061 0.9869332 1.31021e-07 0.1611304 57 56 57 255 0.2343358 0.01299664
4.928009 6.765404 -12.86061 0.9869332 3.4873e-08 0.1611297 27 30 33 255 0.8844388 0.01299664
4.812832 8.081852 -12.9927 -0.9869332 2.742392e-08 -0.1611304 51 30 27 255 0.8709347 0.02966881
4.812824 6.765404 -12.86061 -0.9869276 1.672351e-05 0.1611641 57 56 57 255 0.2465538 0.009913146
4.812832 8.081852 -12.86061 -0.9869276 1.156797e-07 0.1611642 46 45 46 255 0.8709347 0.009913146
4.928009 8.081852 -12.86061 0.9869332 1.31021e-07 0.1611304 57 56 57 255 0.5669411 0.2465394
4.812824 6.765404 -12.86061 -0.9869276 1.672351e-05 0.1611641 57 56 57 255 0.3169411 0.4965394
4.928009 6.765404 -12.86061 0.9869332 3.4873e-08 0.1611297 27 30 33 255 0.3169411 0.2465394
4.928005 6.765404 -12.9927 0.9869276 -6.562809e-08 -0.1611641 49 32 24 255 0.8142967 0.04552791
4.812832 8.081852 -12.9927 -0.9869332 2.742392e-08 -0.1611304 51 30 27 255 0.3657722 0.09483889
4.928005 8.081852 -12.9927 0.9869277 -1.755911e-08 -0.1611637 30 38 43 255 0.3657722 0.04552791
-0.09815216 6.765404 -12.9927 0.9869319 -6.562784e-08 -0.1611381 30 36 41 255 0.8844386 0.02868035
-0.09815598 8.081852 -12.86061 0.9869249 8.295859e-08 0.1611807 57 56 57 255 0.2343358 0.01299664
-0.09815598 6.765404 -12.86061 0.9869249 3.488119e-08 0.1611805 27 30 33 255 0.8844388 0.01299664
-0.2133293 8.081852 -12.9927 -0.9869248 8.347788e-06 -0.1611814 51 30 27 255 0.8709347 0.02966881
-0.2133446 6.765404 -12.86061 -0.9869319 8.402139e-06 0.1611384 57 56 57 255 0.2465538 0.009913146
-0.2133331 8.081852 -12.86061 -0.9869319 8.45031e-06 0.161138 46 45 46 255 0.8709347 0.009913146
-0.09815598 8.081852 -12.86061 0.9869249 8.295859e-08 0.1611807 57 56 57 255 0.5669411 0.2465394
-0.2133446 6.765404 -12.86061 -0.9869319 8.402139e-06 0.1611384 57 56 57 255 0.3169411 0.4965394
-0.09815598 6.765404 -12.86061 0.9869249 3.488119e-08 0.1611805 27 30 33 255 0.3169411 0.2465394
-0.09815216 6.765404 -12.9927 0.9869319 -6.562784e-08 -0.1611381 30 36 41 255 0.8142967 0.04552791
-0.2133293 8.081852 -12.9927 -0.9869248 8.347788e-06 -0.1611814 51 30 27 255 0.3657722 0.09483889
-0.09815216 8.081852 -12.9927 0.9869319 -1.75549e-08 -0.161138 27 14 10 255 0.3657722 0.04552791
-8.948929 6.765404 -12.9927 0.9869319 -1.137008e-07 -0.1611382 49 32 24 255 0.8844386 0.02868035
-8.948933 8.081852 -12.86061 0.9869249 1.31036e-07 0.161181 57 56 57 255 0.2343358 0.01299664
-8.948933 6.765404 -12.86061 0.9869249 3.488119e-08 0.1611805 27 30 33 255 0.8844388 0.01299664
-9.064106 8.081852 -12.9927 -0.9869249 8.346778e-06 -0.1611811 51 30 27 255 0.8709347 0.02966881
-9.064121 6.765404 -12.86061 -0.9869319 8.403203e-06 0.161138 57 56 57 255 0.2465538 0.009913146
-9.06411 8.081852 -12.86061 -0.9869319 8.499349e-06 0.1611381 46 45 46 255 0.8709347 0.009913146
-8.948933 8.081852 -12.86061 0.9869249 1.31036e-07 0.161181 57 56 57 255 0.5669411 0.2465394
-9.064121 6.765404 -12.86061 -0.9869319 8.403203e-06 0.161138 57 56 57 255 0.3169411 0.4965394
-8.948933 6.765404 -12.86061 0.9869249 3.488119e-08 0.1611805 27 30 33 255 0.3169411 0.2465394
-8.948929 6.765404 -12.9927 0.9869319 -1.137008e-07 -0.1611382 49 32 24 255 0.8142967 0.04552791
-9.064106 8.081852 -12.9927 -0.9869249 8.346778e-06 -0.1611811 51 30 27 255 0.3657722 0.09483889
-8.948929 8.081852 -12.9927 0.9869319 -1.755488e-08 -0.1611379 30 38 43 255 0.3657722 0.04552791
-6.383369 6.765404 -12.9927 0.9869276 -1.13697e-07 -0.1611641 49 32 24 255 0.8844386 0.02868035
-6.383366 8.081852 -12.86061 0.9869332 8.294705e-08 0.1611304 33 32 41 255 0.2343358 0.01299664
-6.383366 6.765404 -12.86061 0.9869332 3.4873e-08 0.1611297 27 30 33 255 0.8844388 0.01299664
-6.498547 8.081852 -12.9927 -0.9869332 8.315205e-06 -0.1611304 51 30 27 255 0.8709347 0.02966881
-6.498554 6.765404 -12.86061 -0.9869276 5.018742e-08 0.1611641 30 33 41 255 0.2465538 0.009913146
-6.498543 8.081852 -12.86061 -0.9869276 8.450253e-06 0.1611642 27 32 35 255 0.8709347 0.009913146
-6.383366 8.081852 -12.86061 0.9869332 8.294705e-08 0.1611304 33 32 41 255 0.5669411 0.2465394
-6.498554 6.765404 -12.86061 -0.9869276 5.018742e-08 0.1611641 30 33 41 255 0.3169411 0.4965394
-6.383366 6.765404 -12.86061 0.9869332 3.4873e-08 0.1611297 27 30 33 255 0.3169411 0.2465394
-6.383369 6.765404 -12.9927 0.9869276 -1.13697e-07 -0.1611641 49 32 24 255 0.8142967 0.04552791
-6.498547 8.081852 -12.9927 -0.9869332 8.315205e-06 -0.1611304 51 30 27 255 0.3657722 0.09483889
-6.383369 8.081852 -12.9927 0.9869277 -1.755911e-08 -0.1611637 27 14 10 255 0.3657722 0.04552791
-11.40953 6.765404 -12.9927 0.9869319 -1.75549e-08 -0.161138 49 32 24 255 0.8844386 0.02868035
-11.40953 8.081852 -12.86061 0.986925 1.310358e-07 0.1611804 57 56 57 255 0.2343358 0.01299664
-11.40953 6.765404 -12.86061 0.9869249 3.48812e-08 0.1611806 27 30 33 255 0.8844388 0.01299664
-11.52471 8.081852 -12.86061 -0.9869318 1.472184e-07 0.1611388 46 45 46 255 0.8709347 0.009913146
-11.52472 6.765404 -12.9927 -0.9869249 8.317183e-06 -0.1611805 33 20 16 255 0.2465538 0.02966881
-11.52472 6.765404 -12.86061 -0.9869316 8.403179e-06 0.1611398 57 56 57 255 0.2465538 0.009913146
-11.40953 8.081852 -12.86061 0.986925 1.310358e-07 0.1611804 57 56 57 255 0.5669411 0.2465394
-11.52472 6.765404 -12.86061 -0.9869316 8.403179e-06 0.1611398 57 56 57 255 0.3169411 0.4965394
-11.40953 6.765404 -12.86061 0.9869249 3.48812e-08 0.1611806 27 30 33 255 0.3169411 0.2465394
-11.40953 6.765404 -12.9927 0.9869319 -1.75549e-08 -0.161138 49 32 24 255 0.8142967 0.04552791
-11.52471 8.081852 -12.9927 -0.9869247 -3.488146e-08 -0.1611822 51 30 27 255 0.3657722 0.09483889
-11.40953 8.081852 -12.9927 0.9869319 -1.755492e-08 -0.1611382 30 38 43 255 0.3657722 0.04552791
-19.391 6.765404 -12.9927 0.9869319 -1.755491e-08 -0.1611381 30 36 41 255 0.8844386 0.02868035
-19.391 8.081852 -12.86061 0.9869249 1.310359e-07 0.1611806 57 56 57 255 0.2343358 0.01299664
-19.391 6.765404 -12.86061 0.9869249 3.48812e-08 0.1611806 27 30 33 255 0.8844388 0.01299664
-19.50618 8.081852 -12.86061 -0.9869318 8.499354e-06 0.1611385 46 45 46 255 0.8709347 0.009913146
-19.50618 6.765404 -12.9927 -0.986925 8.348713e-06 -0.1611804 33 36 41 255 0.2465538 0.02966881
-19.50618 6.765404 -12.86061 -0.9869316 8.403179e-06 0.1611398 57 56 57 255 0.2465538 0.009913146
-19.391 8.081852 -12.86061 0.9869249 1.310359e-07 0.1611806 57 56 57 255 0.5669411 0.2465394
-19.50618 6.765404 -12.86061 -0.9869316 8.403179e-06 0.1611398 57 56 57 255 0.3169411 0.4965394
-19.391 6.765404 -12.86061 0.9869249 3.48812e-08 0.1611806 27 30 33 255 0.3169411 0.2465394
-19.391 6.765404 -12.9927 0.9869319 -1.755491e-08 -0.1611381 30 36 41 255 0.8142967 0.04552791
-19.50617 8.081852 -12.9927 -0.9869246 8.348744e-06 -0.1611826 30 33 41 255 0.3657722 0.09483889
-19.391 8.081852 -12.9927 0.9869319 -1.75549e-08 -0.1611381 30 38 43 255 0.3657722 0.04552791
-16.82544 6.765404 -12.9927 0.9869276 -1.13697e-07 -0.1611642 49 32 24 255 0.8844386 0.02868035
-16.82544 8.081852 -12.86061 0.9869332 3.487309e-08 0.1611302 57 56 57 255 0.2343358 0.01299664
-16.82544 6.765404 -12.86061 0.9869332 3.4873e-08 0.1611297 46 46 46 255 0.8844388 0.01299664
-16.94061 8.081852 -12.9927 -0.9869331 2.64373e-08 -0.1611306 51 30 27 255 0.8709347 0.02966881
-16.94062 6.765404 -12.86061 -0.9869276 1.672154e-05 0.1611641 57 56 57 255 0.2465538 0.009913146
-16.94061 8.081852 -12.86061 -0.9869276 1.755916e-08 0.161164 46 45 46 255 0.8709347 0.009913146
-16.82544 8.081852 -12.86061 0.9869332 3.487309e-08 0.1611302 57 56 57 255 0.5669411 0.2465394
-16.94062 6.765404 -12.86061 -0.9869276 1.672154e-05 0.1611641 57 56 57 255 0.3169411 0.4965394
-16.82544 6.765404 -12.86061 0.9869332 3.4873e-08 0.1611297 46 46 46 255 0.3169411 0.2465394
-16.82544 6.765404 -12.9927 0.9869276 -1.13697e-07 -0.1611642 49 32 24 255 0.8142967 0.04552791
-16.94061 8.081852 -12.9927 -0.9869331 2.64373e-08 -0.1611306 51 30 27 255 0.3657722 0.09483889
-16.82544 8.081852 -12.9927 0.9869277 -1.755913e-08 -0.1611638 27 14 10 255 0.3657722 0.04552791
-21.8516 6.765404 -12.9927 0.9869319 -1.137008e-07 -0.1611381 30 36 41 255 0.8844386 0.02868035
-21.8516 8.081852 -12.86061 0.9869249 1.310359e-07 0.1611805 33 32 41 255 0.2343358 0.01299664
-21.8516 6.765404 -12.86061 0.9869249 3.48812e-08 0.1611806 27 30 33 255 0.8844388 0.01299664
-21.96678 8.081852 -12.86061 -0.9869318 8.499297e-06 0.1611387 27 32 35 255 0.8709347 0.009913146
-21.96679 6.765404 -12.9927 -0.9869249 8.25062e-06 -0.1611806 33 36 41 255 0.2465538 0.02966881
-21.96679 6.765404 -12.86061 -0.9869316 8.403204e-06 0.1611397 57 56 57 255 0.2465538 0.009913146
-21.8516 8.081852 -12.86061 0.9869249 1.310359e-07 0.1611805 33 32 41 255 0.5669411 0.2465394
-21.96679 6.765404 -12.86061 -0.9869316 8.403204e-06 0.1611397 57 56 57 255 0.3169411 0.4965394
-21.8516 6.765404 -12.86061 0.9869249 3.48812e-08 0.1611806 27 30 33 255 0.3169411 0.2465394
-21.8516 6.765404 -12.9927 0.9869319 -1.137008e-07 -0.1611381 30 36 41 255 0.8142967 0.04552791
-21.96677 8.081852 -12.9927 -0.9869246 8.346724e-06 -0.1611823 30 33 41 255 0.3657722 0.09483889
-21.8516 8.081852 -12.9927 0.9869319 -1.755491e-08 -0.1611381 30 38 43 255 0.3657722 0.04552791
-29.82728 6.765404 -12.9927 0.9869319 -1.137008e-07 -0.1611381 30 36 41 255 0.8844386 0.02868035
-29.82729 8.081852 -12.86061 0.9869253 3.488084e-08 0.1611784 33 32 41 255 0.2343358 0.01299664
-29.82729 6.765404 -12.86061 0.9869246 1.310278e-07 0.1611826 46 46 46 255 0.8844388 0.01299664
-29.94246 8.081852 -12.9927 -0.9869249 8.346747e-06 -0.1611808 30 33 41 255 0.8709347 0.02966881
-29.94248 6.765404 -12.86061 -0.9869322 8.499352e-06 0.1611359 30 33 41 255 0.2465538 0.009913146
-29.94246 8.081852 -12.86061 -0.9869316 8.40317e-06 0.1611403 46 45 46 255 0.8709347 0.009913146
-29.82729 6.765404 -12.86061 0.9869246 1.310278e-07 0.1611826 46 46 46 255 0.3169411 0.2465394
-29.94246 8.081852 -12.86061 -0.9869316 8.40317e-06 0.1611403 46 45 46 255 0.5669411 0.4965394
-29.94248 6.765404 -12.86061 -0.9869322 8.499352e-06 0.1611359 30 33 41 255 0.3169411 0.4965394
-29.82728 6.765404 -12.9927 0.9869319 -1.137008e-07 -0.1611381 30 36 41 255 0.8142967 0.04552791
-29.94246 8.081852 -12.9927 -0.9869249 8.346747e-06 -0.1611808 30 33 41 255 0.3657722 0.09483889
-29.82728 8.081852 -12.9927 0.9869319 -1.75549e-08 -0.1611381 30 38 43 255 0.3657722 0.04552791
-27.26172 6.765404 -12.9927 0.9869276 -1.13697e-07 -0.1611642 49 32 24 255 0.8844386 0.02868035
-27.26172 8.081852 -12.86061 0.9869332 1.31021e-07 0.1611302 57 56 57 255 0.2343358 0.01299664
-27.26172 6.765404 -12.86061 0.9869332 3.4873e-08 0.1611297 27 30 33 255 0.8844388 0.01299664
-27.3769 8.081852 -12.9927 -0.9869331 1.666731e-05 -0.1611306 51 30 27 255 0.8709347 0.02966881
-27.3769 6.765404 -12.86061 -0.9869276 8.281582e-08 0.1611641 57 56 57 255 0.2465538 0.009913146
-27.3769 8.081852 -12.86061 -0.9869276 1.688298e-05 0.161164 27 32 35 255 0.8709347 0.009913146
-27.26172 8.081852 -12.86061 0.9869332 1.31021e-07 0.1611302 57 56 57 255 0.5669411 0.2465394
-27.3769 6.765404 -12.86061 -0.9869276 8.281582e-08 0.1611641 57 56 57 255 0.3169411 0.4965394
-27.26172 6.765404 -12.86061 0.9869332 3.4873e-08 0.1611297 27 30 33 255 0.3169411 0.2465394
-27.26172 6.765404 -12.9927 0.9869276 -1.13697e-07 -0.1611642 49 32 24 255 0.8142967 0.04552791
-27.3769 8.081852 -12.9927 -0.9869331 1.666731e-05 -0.1611306 51 30 27 255 0.3657722 0.09483889
-27.26172 8.081852 -12.9927 0.9869277 -1.755913e-08 -0.1611638 30 38 43 255 0.3657722 0.04552791
-32.28788 6.765404 -12.9927 0.9869319 -1.137008e-07 -0.1611382 49 32 24 255 0.8844386 0.02868035
-32.28789 8.081852 -12.86061 0.9869249 3.488122e-08 0.1611807 57 56 57 255 0.2343358 0.01299664
-32.28789 6.765404 -12.86061 0.986925 3.488117e-08 0.1611804 46 46 46 255 0.8844388 0.01299664
-32.40306 8.081852 -12.9927 -0.9869249 8.31511e-06 -0.1611809 51 30 27 255 0.8709347 0.02966881
-32.40307 6.765404 -12.86061 -0.9869319 4.919664e-08 0.1611382 57 56 57 255 0.2465538 0.009913146
-32.40306 8.081852 -12.86061 -0.9869319 8.401194e-06 0.1611382 27 32 35 255 0.8709347 0.009913146
-32.28789 8.081852 -12.86061 0.9869249 3.488122e-08 0.1611807 57 56 57 255 0.5669411 0.2465394
-32.40307 6.765404 -12.86061 -0.9869319 4.919664e-08 0.1611382 57 56 57 255 0.3169411 0.4965394
-32.28789 6.765404 -12.86061 0.986925 3.488117e-08 0.1611804 46 46 46 255 0.3169411 0.2465394
-32.28788 6.765404 -12.9927 0.9869319 -1.137008e-07 -0.1611382 49 32 24 255 0.8142967 0.04552791
-32.40306 8.081852 -12.9927 -0.9869249 8.31511e-06 -0.1611809 51 30 27 255 0.3657722 0.09483889
-32.28788 8.081852 -12.9927 0.9869319 -1.75549e-08 -0.161138 27 14 10 255 0.3657722 0.04552791
-40.61396 6.765404 -12.9927 0.9869319 -1.755492e-08 -0.1611382 30 36 41 255 0.8844386 0.02868035
-40.61396 8.081852 -12.86061 0.9869249 2.271907e-07 0.1611808 33 32 41 255 0.2343358 0.01299664
-40.61396 6.765404 -12.86061 0.9869249 3.488119e-08 0.1611805 27 30 33 255 0.8844388 0.01299664
-40.72914 8.081852 -12.9927 -0.9869249 -3.488126e-08 -0.161181 30 33 41 255 0.8709347 0.02966881
-40.72915 6.765404 -12.86061 -0.9869319 2.150176e-08 0.1611381 30 33 41 255 0.2465538 0.009913146
-40.72914 8.081852 -12.86061 -0.9869319 2.138121e-07 0.1611382 46 45 46 255 0.8709347 0.009913146
-40.61396 8.081852 -12.86061 0.9869249 2.271907e-07 0.1611808 33 32 41 255 0.5669411 0.2465394
-40.72915 6.765404 -12.86061 -0.9869319 2.150176e-08 0.1611381 30 33 41 255 0.3169411 0.4965394
-40.61396 6.765404 -12.86061 0.9869249 3.488119e-08 0.1611805 27 30 33 255 0.3169411 0.2465394
-40.61396 6.765404 -12.9927 0.9869319 -1.755492e-08 -0.1611382 30 36 41 255 0.8142967 0.04552791
-40.72914 8.081852 -12.9927 -0.9869249 -3.488126e-08 -0.161181 30 33 41 255 0.3657722 0.09483889
-40.61396 8.081852 -12.9927 0.9869319 -1.755489e-08 -0.1611379 30 38 43 255 0.3657722 0.04552791
-38.0484 6.765404 -12.9927 0.9869231 -1.756374e-08 -0.1611919 49 32 24 255 0.8844386 0.02868035
-38.0484 8.081852 -12.86061 0.9869412 3.486519e-08 0.1610813 57 56 57 255 0.2343358 0.01299664
-38.0484 6.765404 -12.86061 0.9869415 3.486486e-08 0.1610793 46 46 46 255 0.8844388 0.01299664
-38.16358 8.081852 -12.9927 -0.9869415 1.666946e-05 -0.1610796 51 30 27 255 0.8709347 0.02966881
-38.16358 6.765404 -12.86061 -0.9869234 8.084672e-08 0.1611899 57 56 57 255 0.2465538 0.009913146
-38.16357 8.081852 -12.86061 -0.9869234 1.678482e-05 0.16119 46 45 46 255 0.8709347 0.009913146
-38.0484 8.081852 -12.86061 0.9869412 3.486519e-08 0.1610813 57 56 57 255 0.5669411 0.2465394
-38.16358 6.765404 -12.86061 -0.9869234 8.084672e-08 0.1611899 57 56 57 255 0.3169411 0.4965394
-38.0484 6.765404 -12.86061 0.9869415 3.486486e-08 0.1610793 46 46 46 255 0.3169411 0.2465394
-38.0484 6.765404 -12.9927 0.9869231 -1.756374e-08 -0.1611919 49 32 24 255 0.8142967 0.04552791
-38.16358 8.081852 -12.9927 -0.9869415 1.666946e-05 -0.1610796 51 30 27 255 0.3657722 0.09483889
-38.0484 8.081852 -12.9927 0.9869234 -1.756343e-08 -0.16119 27 14 10 255 0.3657722 0.04552791
-43.07456 6.765404 -12.9927 0.9869319 -1.755492e-08 -0.1611382 30 36 41 255 0.8844386 0.02868035
-43.07456 8.081852 -12.86061 0.9869249 2.271906e-07 0.1611806 33 32 41 255 0.2343358 0.01299664
-43.07456 6.765404 -12.86061 0.9869249 3.488118e-08 0.1611805 27 30 33 255 0.8844388 0.01299664
-43.18973 8.081852 -12.9927 -0.9869249 -3.488124e-08 -0.1611808 30 33 41 255 0.8709347 0.02966881
-43.18975 6.765404 -12.86061 -0.9869319 2.150178e-08 0.1611382 30 33 41 255 0.2465538 0.009913146
-43.18974 8.081852 -12.86061 -0.9869319 2.13812e-07 0.1611382 27 32 35 255 0.8709347 0.009913146
-43.07456 8.081852 -12.86061 0.9869249 2.271906e-07 0.1611806 33 32 41 255 0.5669411 0.2465394
-43.18975 6.765404 -12.86061 -0.9869319 2.150178e-08 0.1611382 30 33 41 255 0.3169411 0.4965394
-43.07456 6.765404 -12.86061 0.9869249 3.488118e-08 0.1611805 27 30 33 255 0.3169411 0.2465394
-43.07456 6.765404 -12.9927 0.9869319 -1.755492e-08 -0.1611382 30 36 41 255 0.8142967 0.04552791
-43.18973 8.081852 -12.9927 -0.9869249 -3.488124e-08 -0.1611808 30 33 41 255 0.3657722 0.09483889
-43.07456 8.081852 -12.9927 0.9869319 -1.755491e-08 -0.1611381 30 38 43 255 0.3657722 0.04552791
-51.49768 6.765404 -12.9927 0.9869319 -1.755491e-08 -0.1611381 30 36 41 255 0.8844386 0.02868035
-51.49768 8.081852 -12.86061 0.9869249 1.31036e-07 0.1611809 57 56 57 255 0.2343358 0.01299664
-51.49768 6.765404 -12.86061 0.9869249 3.48812e-08 0.1611806 46 46 46 255 0.8844388 0.01299664
-51.61286 8.081852 -12.86061 -0.9869318 1.156838e-07 0.1611385 27 32 35 255 0.8709347 0.009913146
-51.61287 6.765404 -12.9927 -0.9869249 -3.488119e-08 -0.1611805 33 36 41 255 0.2465538 0.02966881
-51.61287 6.765404 -12.86061 -0.9869316 1.952863e-08 0.1611397 30 33 41 255 0.2465538 0.009913146
-51.49768 8.081852 -12.86061 0.9869249 1.31036e-07 0.1611809 57 56 57 255 0.5669411 0.2465394
-51.61287 6.765404 -12.86061 -0.9869316 1.952863e-08 0.1611397 30 33 41 255 0.3169411 0.4965394
-51.49768 6.765404 -12.86061 0.9869249 3.48812e-08 0.1611806 46 46 46 255 0.3169411 0.2465394
-51.49768 6.765404 -12.9927 0.9869319 -1.755491e-08 -0.1611381 30 36 41 255 0.8142967 0.04552791
-51.61285 8.081852 -12.9927 -0.9869246 -3.488153e-08 -0.1611827 51 30 27 255 0.3657722 0.09483889
-51.49768 8.081852 -12.9927 0.9869319 -1.755489e-08 -0.1611379 27 14 10 255 0.3657722 0.04552791
-48.93212 6.765404 -12.9927 0.9869231 -1.756374e-08 -0.1611919 30 36 41 255 0.8844386 0.02868035
-48.93211 8.081852 -12.86061 0.9869412 3.48652e-08 0.1610814 33 32 41 255 0.2343358 0.01299664
-48.93211 6.765404 -12.86061 0.9869415 3.486486e-08 0.1610793 27 30 33 255 0.8844388 0.01299664
-49.04729 8.081852 -12.9927 -0.9869415 1.666944e-05 -0.1610795 30 33 41 255 0.8709347 0.02966881
-49.0473 6.765404 -12.86061 -0.9869234 8.084663e-08 0.16119 30 33 41 255 0.2465538 0.009913146
-49.04729 8.081852 -12.86061 -0.9869234 1.67848e-05 0.1611901 27 32 35 255 0.8709347 0.009913146
-48.93211 8.081852 -12.86061 0.9869412 3.48652e-08 0.1610814 33 32 41 255 0.5669411 0.2465394
-49.0473 6.765404 -12.86061 -0.9869234 8.084663e-08 0.16119 30 33 41 255 0.3169411 0.4965394
-48.93211 6.765404 -12.86061 0.9869415 3.486486e-08 0.1610793 27 30 33 255 0.3169411 0.2465394
-48.93212 6.765404 -12.9927 0.9869231 -1.756374e-08 -0.1611919 30 36 41 255 0.8142967 0.04552791
-49.04729 8.081852 -12.9927 -0.9869415 1.666944e-05 -0.1610795 30 33 41 255 0.3657722 0.09483889
-48.93212 8.081852 -12.9927 0.9869234 -1.756341e-08 -0.1611899 27 14 10 255 0.3657722 0.04552791
-53.95827 6.765404 -12.9927 0.9869319 -1.755492e-08 -0.1611382 49 32 24 255 0.8844386 0.02868035
-53.95828 8.081852 -12.86061 0.9869249 1.310359e-07 0.1611806 57 56 57 255 0.2343358 0.01299664
-53.95828 6.765404 -12.86061 0.9869249 3.488118e-08 0.1611805 46 46 46 255 0.8844388 0.01299664
-54.07345 8.081852 -12.86061 -0.9869318 1.156838e-07 0.1611386 27 32 35 255 0.8709347 0.009913146
-54.07346 6.765404 -12.9927 -0.9869249 -3.488118e-08 -0.1611805 33 36 41 255 0.2465538 0.02966881
-54.07347 6.765404 -12.86061 -0.9869316 1.952864e-08 0.1611398 57 56 57 255 0.2465538 0.009913146
-53.95828 8.081852 -12.86061 0.9869249 1.310359e-07 0.1611806 57 56 57 255 0.5669411 0.2465394
-54.07347 6.765404 -12.86061 -0.9869316 1.952864e-08 0.1611398 57 56 57 255 0.3169411 0.4965394
-53.95828 6.765404 -12.86061 0.9869249 3.488118e-08 0.1611805 46 46 46 255 0.3169411 0.2465394
-53.95827 6.765404 -12.9927 0.9869319 -1.755492e-08 -0.1611382 49 32 24 255 0.8142967 0.04552791
-54.07345 8.081852 -12.9927 -0.9869246 -3.488149e-08 -0.1611824 51 30 27 255 0.3657722 0.09483889
-53.95827 8.081852 -12.9927 0.9869319 -1.755491e-08 -0.1611381 27 14 10 255 0.3657722 0.04552791
-62.92723 6.765404 -12.9927 0.9869319 -2.098467e-07 -0.1611381 49 32 24 255 0.8844386 0.02868035
-62.92723 8.081852 -12.86061 0.9869249 3.488123e-08 0.1611808 57 56 57 255 0.2343358 0.01299664
-62.92723 6.765404 -12.86061 0.9869249 3.48812e-08 0.1611806 27 30 33 255 0.8844388 0.01299664
-63.04241 8.081852 -12.9927 -0.9869249 1.672842e-05 -0.161181 51 30 27 255 0.8709347 0.02966881
-63.04242 6.765404 -12.86061 -0.9869319 1.678489e-05 0.1611381 57 56 57 255 0.2465538 0.009913146
-63.04242 8.081852 -12.86061 -0.9869319 1.678488e-05 0.1611382 46 45 46 255 0.8709347 0.009913146
-62.92723 8.081852 -12.86061 0.9869249 3.488123e-08 0.1611808 57 56 57 255 0.5669411 0.2465394
-63.04242 6.765404 -12.86061 -0.9869319 1.678489e-05 0.1611381 57 56 57 255 0.3169411 0.4965394
-62.92723 6.765404 -12.86061 0.9869249 3.48812e-08 0.1611806 27 30 33 255 0.3169411 0.2465394
-62.92723 6.765404 -12.9927 0.9869319 -2.098467e-07 -0.1611381 49 32 24 255 0.8142967 0.04552791
-63.04241 8.081852 -12.9927 -0.9869249 1.672842e-05 -0.161181 51 30 27 255 0.3657722 0.09483889
-62.92723 8.081852 -12.9927 0.9869319 -1.755489e-08 -0.161138 27 14 10 255 0.3657722 0.04552791
-60.36168 6.765404 -12.9927 0.9869231 -1.136948e-07 -0.1611919 30 36 41 255 0.8844386 0.02868035
-60.36168 8.081852 -12.86061 0.9869412 1.310075e-07 0.1610814 33 32 41 255 0.2343358 0.01299664
-60.36168 6.765404 -12.86061 0.9869415 3.486486e-08 0.1610793 27 30 33 255 0.8844388 0.01299664
-60.47686 8.081852 -12.9927 -0.9869415 2.644636e-08 -0.1610795 51 30 27 255 0.8709347 0.02966881
-60.47686 6.765404 -12.86061 -0.9869234 1.672351e-05 0.16119 57 56 57 255 0.2465538 0.009913146
-60.47684 8.081852 -12.86061 -0.9869234 1.156758e-07 0.1611901 46 45 46 255 0.8709347 0.009913146
-60.36168 8.081852 -12.86061 0.9869412 1.310075e-07 0.1610814 33 32 41 255 0.5669411 0.2465394
-60.47686 6.765404 -12.86061 -0.9869234 1.672351e-05 0.16119 57 56 57 255 0.3169411 0.4965394
-60.36168 6.765404 -12.86061 0.9869415 3.486486e-08 0.1610793 27 30 33 255 0.3169411 0.2465394
-60.36168 6.765404 -12.9927 0.9869231 -1.136948e-07 -0.1611919 30 36 41 255 0.8142967 0.04552791
-60.47686 8.081852 -12.9927 -0.9869415 2.644636e-08 -0.1610795 51 30 27 255 0.3657722 0.09483889
-60.36168 8.081852 -12.9927 0.9869234 -1.756342e-08 -0.1611899 27 14 10 255 0.3657722 0.04552791
-65.38783 6.765404 -12.9927 0.9869319 -2.098467e-07 -0.1611382 49 32 24 255 0.8844386 0.02868035
-65.38783 8.081852 -12.86061 0.9869249 3.488121e-08 0.1611806 33 32 41 255 0.2343358 0.01299664
-65.38783 6.765404 -12.86061 0.986925 3.488118e-08 0.1611804 27 30 33 255 0.8844388 0.01299664
-65.50301 8.081852 -12.9927 -0.9869249 1.672837e-05 -0.1611808 51 30 27 255 0.8709347 0.02966881
-65.50302 6.765404 -12.86061 -0.9869319 1.678485e-05 0.1611382 30 33 41 255 0.2465538 0.009913146
-65.50301 8.081852 -12.86061 -0.9869319 1.678484e-05 0.1611383 27 32 35 255 0.8709347 0.009913146
-65.38783 8.081852 -12.86061 0.9869249 3.488121e-08 0.1611806 33 32 41 255 0.5669411 0.2465394
-65.50302 6.765404 -12.86061 -0.9869319 1.678485e-05 0.1611382 30 33 41 255 0.3169411 0.4965394
-65.38783 6.765404 -12.86061 0.986925 3.488118e-08 0.1611804 27 30 33 255 0.3169411 0.2465394
-65.38783 6.765404 -12.9927 0.9869319 -2.098467e-07 -0.1611382 49 32 24 255 0.8142967 0.04552791
-65.50301 8.081852 -12.9927 -0.9869249 1.672837e-05 -0.1611808 51 30 27 255 0.3657722 0.09483889
-65.38783 8.081852 -12.9927 0.9869319 -1.75549e-08 -0.1611381 27 14 10 255 0.3657722 0.04552791
-62.92723 6.765404 12.89233 0.9869319 -1.755491e-08 -0.1611381 30 36 41 255 0.8844386 0.02868035
-62.92723 8.081852 13.02442 0.986925 1.310349e-07 0.1611802 57 56 57 255 0.2343358 0.01299664
-62.92723 6.765404 13.02442 0.9869249 3.488119e-08 0.1611805 46 46 46 255 0.8844388 0.01299664
-63.04241 8.081852 12.89233 -0.9869247 -3.488145e-08 -0.1611821 30 33 41 255 0.8709347 0.02966881
-63.04242 6.765404 13.02442 -0.9869317 1.952847e-08 0.161139 57 56 57 255 0.2465538 0.009913146
-63.04241 8.081852 13.02442 -0.986932 1.156828e-07 0.1611376 27 32 35 255 0.8709347 0.009913146
-62.92723 8.081852 13.02442 0.986925 1.310349e-07 0.1611802 57 56 57 255 0.5669411 0.2465394
-63.04242 6.765404 13.02442 -0.9869317 1.952847e-08 0.161139 57 56 57 255 0.3169411 0.4965394
-62.92723 6.765404 13.02442 0.9869249 3.488119e-08 0.1611805 46 46 46 255 0.3169411 0.2465394
-62.92723 6.765404 12.89233 0.9869319 -1.755491e-08 -0.1611381 30 36 41 255 0.8142967 0.04552791
-63.04241 8.081852 12.89233 -0.9869247 -3.488145e-08 -0.1611821 30 33 41 255 0.3657722 0.09483889
-62.92723 8.081852 12.89233 0.9869319 -1.755494e-08 -0.1611383 30 38 43 255 0.3657722 0.04552791
-60.36168 6.765404 12.89233 0.9869231 -1.756375e-08 -0.161192 30 36 41 255 0.8844386 0.02868035
-60.36166 8.081852 13.02442 0.9869413 3.486512e-08 0.1610809 33 32 41 255 0.2343358 0.01299664
-60.36166 6.765404 13.02442 0.9869415 3.486485e-08 0.1610792 27 30 33 255 0.8844388 0.01299664
-60.47685 8.081852 12.89233 -0.9869415 1.666919e-05 -0.161079 30 33 41 255 0.8709347 0.02966881
-60.47685 6.765404 13.02442 -0.9869234 8.084583e-08 0.1611899 30 33 41 255 0.2465538 0.009913146
-60.47684 8.081852 13.02442 -0.9869233 1.678459e-05 0.1611904 27 32 35 255 0.8709347 0.009913146
-60.36166 8.081852 13.02442 0.9869413 3.486512e-08 0.1610809 33 32 41 255 0.5669411 0.2465394
-60.47685 6.765404 13.02442 -0.9869234 8.084583e-08 0.1611899 30 33 41 255 0.3169411 0.4965394
-60.36166 6.765404 13.02442 0.9869415 3.486485e-08 0.1610792 27 30 33 255 0.3169411 0.2465394
-60.36168 6.765404 12.89233 0.9869231 -1.756375e-08 -0.161192 30 36 41 255 0.8142967 0.04552791
-60.47685 8.081852 12.89233 -0.9869415 1.666919e-05 -0.161079 30 33 41 255 0.3657722 0.09483889
-60.36168 8.081852 12.89233 0.9869234 -1.756346e-08 -0.1611902 27 14 10 255 0.3657722 0.04552791
-65.38782 6.765404 12.89233 0.9869318 -1.755506e-08 -0.161139 30 36 41 255 0.8844386 0.02868035
-65.38783 8.081852 13.02442 0.9869246 1.310359e-07 0.1611829 33 32 41 255 0.2343358 0.01299664
-65.38783 6.765404 13.02442 0.9869252 3.488092e-08 0.1611788 27 30 33 255 0.8844388 0.01299664
-65.50301 8.081852 13.02442 -0.986932 1.156826e-07 0.1611375 27 32 35 255 0.8709347 0.009913146
-65.50301 6.765404 12.89233 -0.9869249 -3.488119e-08 -0.1611805 33 36 41 255 0.2465538 0.02966881
-65.50302 6.765404 13.02442 -0.9869316 1.952862e-08 0.1611398 57 56 57 255 0.2465538 0.009913146
-65.38783 8.081852 13.02442 0.9869246 1.310359e-07 0.1611829 33 32 41 255 0.5669411 0.2465394
-65.50302 6.765404 13.02442 -0.9869316 1.952862e-08 0.1611398 57 56 57 255 0.3169411 0.4965394
-65.38783 6.765404 13.02442 0.9869252 3.488092e-08 0.1611788 27 30 33 255 0.3169411 0.2465394
-65.38782 6.765404 12.89233 0.9869318 -1.755506e-08 -0.161139 30 36 41 255 0.8142967 0.04552791
-65.50301 8.081852 12.89233 -0.9869245 -3.48817e-08 -0.1611837 30 33 41 255 0.3657722 0.09483889
-65.38782 8.081852 12.89233 0.986932 -1.755479e-08 -0.1611374 30 38 43 255 0.3657722 0.04552791
-52.01382 6.765404 12.89233 0.986932 -1.755473e-08 -0.161137 49 32 24 255 0.8844386 0.02868035
-52.01383 8.081852 13.02442 0.9869248 1.310354e-07 0.1611819 57 56 57 255 0.2343358 0.01299664
-52.01383 6.765404 13.02442 0.9869252 3.488092e-08 0.1611788 46 46 46 255 0.8844388 0.01299664
-52.129 8.081852 12.89233 -0.9869253 -3.488084e-08 -0.1611784 30 33 41 255 0.8709347 0.02966881
-52.12902 6.765404 13.02442 -0.9869319 1.952833e-08 0.1611382 57 56 57 255 0.2465538 0.009913146
-52.129 8.081852 13.02442 -0.9869319 1.156827e-07 0.1611384 46 45 46 255 0.8709347 0.009913146
-52.01383 8.081852 13.02442 0.9869248 1.310354e-07 0.1611819 57 56 57 255 0.5669411 0.2465394
-52.12902 6.765404 13.02442 -0.9869319 1.952833e-08 0.1611382 57 56 57 255 0.3169411 0.4965394
-52.01383 6.765404 13.02442 0.9869252 3.488092e-08 0.1611788 46 46 46 255 0.3169411 0.2465394
-52.01382 8.081852 12.89233 0.9869316 -1.755516e-08 -0.1611397 27 14 10 255 0.3657722 0.04552791
-52.12901 6.765404 12.89233 -0.9869246 -3.488148e-08 -0.1611823 33 36 41 255 0.8142967 0.09483889
-52.129 8.081852 12.89233 -0.9869253 -3.488084e-08 -0.1611784 30 33 41 255 0.3657722 0.09483889
-49.44826 6.765404 12.89233 0.986923 -1.756389e-08 -0.1611928 30 36 41 255 0.8844386 0.02868035
-49.44825 8.081852 13.02442 0.986941 3.486538e-08 0.1610825 33 32 41 255 0.2343358 0.01299664
-49.44825 6.765404 13.02442 0.9869416 3.486473e-08 0.1610785 27 30 33 255 0.8844388 0.01299664
-49.56344 8.081852 12.89233 -0.9869411 1.666967e-05 -0.1610816 30 33 41 255 0.8709347 0.02966881
-49.56344 6.765404 13.02442 -0.9869234 8.084682e-08 0.1611903 30 33 41 255 0.2465538 0.009913146
-49.56343 8.081852 13.02441 -0.9869235 1.6785e-05 0.1611895 27 32 35 255 0.8709347 0.009913146
-49.44825 8.081852 13.02442 0.986941 3.486538e-08 0.1610825 33 32 41 255 0.5669411 0.2465394
-49.56344 6.765404 13.02442 -0.9869234 8.084682e-08 0.1611903 30 33 41 255 0.3169411 0.4965394
-49.44825 6.765404 13.02442 0.9869416 3.486473e-08 0.1610785 27 30 33 255 0.3169411 0.2465394
-49.44826 6.765404 12.89233 0.986923 -1.756389e-08 -0.1611928 30 36 41 255 0.8142967 0.04552791
-49.56344 8.081852 12.89233 -0.9869411 1.666967e-05 -0.1610816 30 33 41 255 0.3657722 0.09483889
-49.44826 8.081852 12.89233 0.9869236 -1.756323e-08 -0.1611888 30 38 43 255 0.3657722 0.04552791
-54.47441 6.765404 12.89233 0.9869319 -1.755491e-08 -0.1611381 30 36 41 255 0.8844386 0.02868035
-54.47442 8.081852 13.02442 0.986925 1.310349e-07 0.1611802 33 32 41 255 0.2343358 0.01299664
-54.47442 6.765404 13.02442 0.9869249 3.488119e-08 0.1611805 27 30 33 255 0.8844388 0.01299664
-54.5896 8.081852 12.89233 -0.9869247 -3.488145e-08 -0.1611821 30 33 41 255 0.8709347 0.02966881
-54.58961 6.765404 13.02442 -0.9869317 1.952847e-08 0.161139 30 33 41 255 0.2465538 0.009913146
-54.5896 8.081852 13.02442 -0.986932 1.156828e-07 0.1611376 46 45 46 255 0.8709347 0.009913146
-54.47442 8.081852 13.02442 0.986925 1.310349e-07 0.1611802 33 32 41 255 0.5669411 0.2465394
-54.58961 6.765404 13.02442 -0.9869317 1.952847e-08 0.161139 30 33 41 255 0.3169411 0.4965394
-54.47442 6.765404 13.02442 0.9869249 3.488119e-08 0.1611805 27 30 33 255 0.3169411 0.2465394
-54.47441 6.765404 12.89233 0.9869319 -1.755491e-08 -0.1611381 30 36 41 255 0.8142967 0.04552791
-54.5896 8.081852 12.89233 -0.9869247 -3.488145e-08 -0.1611821 30 33 41 255 0.3657722 0.09483889
-54.47441 8.081852 12.89233 0.9869319 -1.755494e-08 -0.1611383 30 38 43 255 0.3657722 0.04552791
-40.69221 6.765404 12.89233 0.9869322 -1.755459e-08 -0.1611362 30 36 41 255 0.8844386 0.02868035
-40.6922 8.081852 13.02442 0.9869248 1.310354e-07 0.1611819 57 56 57 255 0.2343358 0.01299664
-40.6922 6.765404 13.02442 0.9869249 3.488119e-08 0.1611805 46 46 46 255 0.8844388 0.01299664
-40.80738 8.081852 12.89233 -0.9869251 -3.488111e-08 -0.16118 30 33 41 255 0.8709347 0.02966881
-40.80739 6.765404 13.02442 -0.9869319 1.952833e-08 0.1611381 57 56 57 255 0.2465538 0.009913146
-40.80738 8.081852 13.02441 -0.986932 1.156828e-07 0.1611376 27 32 35 255 0.8709347 0.009913146
-40.6922 8.081852 13.02442 0.9869248 1.310354e-07 0.1611819 57 56 57 255 0.5669411 0.2465394
-40.80739 6.765404 13.02442 -0.9869319 1.952833e-08 0.1611381 57 56 57 255 0.3169411 0.4965394
-40.6922 6.765404 13.02442 0.9869249 3.488119e-08 0.1611805 46 46 46 255 0.3169411 0.2465394
-40.69221 8.081852 12.89233 0.9869316 -1.755516e-08 -0.1611397 27 14 10 255 0.3657722 0.04552791
-40.80739 6.765404 12.89233 -0.9869246 -3.488148e-08 -0.1611823 33 20 16 255 0.8142967 0.09483889
-40.80738 8.081852 12.89233 -0.9869251 -3.488111e-08 -0.16118 30 33 41 255 0.3657722 0.09483889
-38.12665 6.765404 12.89233 0.9869228 -1.756403e-08 -0.1611937 30 36 41 255 0.8844386 0.02868035
-38.12664 8.081852 13.02442 0.986941 3.486538e-08 0.1610825 57 56 57 255 0.2343358 0.01299664
-38.12664 6.765404 13.02442 0.9869421 3.486431e-08 0.1610758 46 46 46 255 0.8844388 0.01299664
-38.24183 8.081852 12.89233 -0.9869418 1.666879e-05 -0.1610774 30 33 41 255 0.8709347 0.02966881
-38.24183 6.765404 13.02442 -0.9869234 8.084444e-08 0.16119 57 56 57 255 0.2465538 0.009913146
-38.24182 8.081852 13.02442 -0.9869232 1.678417e-05 0.1611912 27 32 35 255 0.8709347 0.009913146
-38.12664 8.081852 13.02442 0.986941 3.486538e-08 0.1610825 57 56 57 255 0.5669411 0.2465394
-38.24183 6.765404 13.02442 -0.9869234 8.084444e-08 0.16119 57 56 57 255 0.3169411 0.4965394
-38.12664 6.765404 13.02442 0.9869421 3.486431e-08 0.1610758 46 46 46 255 0.3169411 0.2465394
-38.12665 6.765404 12.89233 0.9869228 -1.756403e-08 -0.1611937 30 36 41 255 0.8142967 0.04552791
-38.24183 8.081852 12.89233 -0.9869418 1.666879e-05 -0.1610774 30 33 41 255 0.3657722 0.09483889
-38.12665 8.081852 12.89233 0.9869235 -1.756331e-08 -0.1611893 30 38 43 255 0.3657722 0.04552791
-43.15281 6.765404 12.89233 0.9869322 -1.755459e-08 -0.1611362 49 32 24 255 0.8844386 0.02868035
-43.15281 8.081852 13.02442 0.9869248 1.310354e-07 0.1611819 57 56 57 255 0.2343358 0.01299664
-43.15281 6.765404 13.02442 0.9869249 3.488119e-08 0.1611805 46 46 46 255 0.8844388 0.01299664
-43.26799 8.081852 12.89233 -0.9869247 -3.488142e-08 -0.161182 51 30 27 255 0.8709347 0.02966881
-43.26799 6.765404 13.02442 -0.9869316 1.95286e-08 0.1611398 57 56 57 255 0.2465538 0.009913146
-43.26799 8.081852 13.02442 -0.986932 1.156828e-07 0.1611376 27 32 35 255 0.8709347 0.009913146
-43.15281 8.081852 13.02442 0.9869248 1.310354e-07 0.1611819 57 56 57 255 0.5669411 0.2465394
-43.26799 6.765404 13.02442 -0.9869316 1.95286e-08 0.1611398 57 56 57 255 0.3169411 0.4965394
-43.15281 6.765404 13.02442 0.9869249 3.488119e-08 0.1611805 46 46 46 255 0.3169411 0.2465394
-43.15281 8.081852 12.89233 0.9869318 -1.7555e-08 -0.1611387 27 14 10 255 0.3657722 0.04552791
-43.26799 6.765404 12.89233 -0.9869252 -3.488094e-08 -0.161179 33 20 16 255 0.8142967 0.09483889
-43.26799 8.081852 12.89233 -0.9869247 -3.488142e-08 -0.161182 51 30 27 255 0.3657722 0.09483889
-30.25944 6.765404 12.89233 0.9869319 -1.137017e-07 -0.1611381 49 32 24 255 0.8844386 0.02868035
-30.25945 8.081852 13.02442 0.9869253 3.488088e-08 0.1611786 57 56 57 255 0.2343358 0.01299664
-30.25945 6.765404 13.02442 0.9869249 3.488119e-08 0.1611805 46 46 46 255 0.8844388 0.01299664
-30.37462 8.081852 12.89233 -0.9869252 8.346437e-06 -0.1611788 51 30 27 255 0.8709347 0.02966881
-30.37464 6.765404 13.02442 -0.9869319 8.401313e-06 0.1611382 57 56 57 255 0.2465538 0.009913146
-30.37462 8.081852 13.02442 -0.9869317 8.400895e-06 0.1611393 27 32 35 255 0.8709347 0.009913146
-30.25945 8.081852 13.02442 0.9869253 3.488088e-08 0.1611786 57 56 57 255 0.5669411 0.2465394
-30.37464 6.765404 13.02442 -0.9869319 8.401313e-06 0.1611382 57 56 57 255 0.3169411 0.4965394
-30.25945 6.765404 13.02442 0.9869249 3.488119e-08 0.1611805 46 46 46 255 0.3169411 0.2465394
-30.25944 6.765404 12.89233 0.9869319 -1.137017e-07 -0.1611381 49 32 24 255 0.8142967 0.04552791
-30.37462 8.081852 12.89233 -0.9869252 8.346437e-06 -0.1611788 51 30 27 255 0.3657722 0.09483889
-30.25944 8.081852 12.89233 0.9869317 -1.755508e-08 -0.1611391 27 14 10 255 0.3657722 0.04552791
-27.69389 6.765404 12.89233 0.9869232 -1.136947e-07 -0.161191 30 36 41 255 0.8844386 0.02868035
-27.69388 8.081852 13.02442 0.986941 1.31007e-07 0.1610825 33 32 41 255 0.2343358 0.01299664
-27.69388 6.765404 13.02442 0.9869415 3.486485e-08 0.1610792 46 46 46 255 0.8844388 0.01299664
-27.80907 8.081852 12.89233 -0.9869413 8.347035e-06 -0.1610807 51 30 27 255 0.8709347 0.02966881
-27.80907 6.765404 13.02442 -0.9869232 8.402849e-06 0.1611917 57 56 57 255 0.2465538 0.009913146
-27.80906 8.081852 13.02442 -0.9869235 8.499394e-06 0.1611895 27 32 35 255 0.8709347 0.009913146
-27.69388 8.081852 13.02442 0.986941 1.31007e-07 0.1610825 33 32 41 255 0.5669411 0.2465394
-27.80907 6.765404 13.02442 -0.9869232 8.402849e-06 0.1611917 57 56 57 255 0.3169411 0.4965394
-27.69388 6.765404 13.02442 0.9869415 3.486485e-08 0.1610792 46 46 46 255 0.3169411 0.2465394
-27.69389 6.765404 12.89233 0.9869232 -1.136947e-07 -0.161191 30 36 41 255 0.8142967 0.04552791
-27.80907 8.081852 12.89233 -0.9869413 8.347035e-06 -0.1610807 51 30 27 255 0.3657722 0.09483889
-27.69389 8.081852 12.89233 0.9869235 -1.756331e-08 -0.1611893 30 38 43 255 0.3657722 0.04552791
-32.72004 6.765404 12.89233 0.9869319 -1.137017e-07 -0.1611381 49 32 24 255 0.8844386 0.02868035
-32.72005 8.081852 13.02442 0.9869248 1.310354e-07 0.1611819 57 56 57 255 0.2343358 0.01299664
-32.72005 6.765404 13.02442 0.9869249 3.488119e-08 0.1611805 46 46 46 255 0.8844388 0.01299664
-32.83522 8.081852 13.02442 -0.9869319 1.472181e-07 0.161138 46 45 46 255 0.8709347 0.009913146
-32.83523 6.765404 12.89233 -0.9869249 8.219157e-06 -0.1611805 33 20 16 255 0.2465538 0.02966881
-32.83523 6.765404 13.02442 -0.9869316 8.403287e-06 0.1611398 57 56 57 255 0.2465538 0.009913146
-32.72005 8.081852 13.02442 0.9869248 1.310354e-07 0.1611819 57 56 57 255 0.5669411 0.2465394
-32.83523 6.765404 13.02442 -0.9869316 8.403287e-06 0.1611398 57 56 57 255 0.3169411 0.4965394
-32.72005 6.765404 13.02442 0.9869249 3.488119e-08 0.1611805 46 46 46 255 0.3169411 0.2465394
-32.72004 6.765404 12.89233 0.9869319 -1.137017e-07 -0.1611381 49 32 24 255 0.8142967 0.04552791
-32.83522 8.081852 12.89233 -0.9869245 -3.685508e-08 -0.1611837 51 30 27 255 0.3657722 0.09483889
-32.72004 8.081852 12.89233 0.986932 -1.755479e-08 -0.1611374 27 14 10 255 0.3657722 0.04552791
-19.47287 6.765404 12.89233 0.9869319 -1.137017e-07 -0.1611381 30 36 41 255 0.8844386 0.02868035
-19.47287 8.081852 13.02442 0.9869248 1.310354e-07 0.1611819 57 56 57 255 0.2343358 0.01299664
-19.47287 6.765404 13.02442 0.9869249 3.488119e-08 0.1611805 46 46 46 255 0.8844388 0.01299664
-19.58805 8.081852 13.02442 -0.9869319 8.499438e-06 0.161138 27 32 35 255 0.8709347 0.009913146
-19.58805 6.765404 12.89233 -0.9869249 8.250693e-06 -0.1611805 33 36 41 255 0.2465538 0.02966881
-19.58805 6.765404 13.02442 -0.9869316 8.403287e-06 0.1611398 57 56 57 255 0.2465538 0.009913146
-19.47287 8.081852 13.02442 0.9869248 1.310354e-07 0.1611819 57 56 57 255 0.5669411 0.2465394
-19.58805 6.765404 13.02442 -0.9869316 8.403287e-06 0.1611398 57 56 57 255 0.3169411 0.4965394
-19.47287 6.765404 13.02442 0.9869249 3.488119e-08 0.1611805 46 46 46 255 0.3169411 0.2465394
-19.47287 6.765404 12.89233 0.9869319 -1.137017e-07 -0.1611381 30 36 41 255 0.8142967 0.04552791
-19.58805 8.081852 12.89233 -0.9869245 8.34684e-06 -0.1611837 51 30 27 255 0.3657722 0.09483889
-19.47287 8.081852 12.89233 0.986932 -1.755479e-08 -0.1611374 30 38 43 255 0.3657722 0.04552791
-16.90731 6.765404 12.89233 0.9869231 -1.136958e-07 -0.161192 49 32 24 255 0.8844386 0.02868035
-16.90731 8.081852 13.02442 0.9869415 1.31006e-07 0.1610792 57 56 57 255 0.2343358 0.01299664
-16.90731 6.765404 13.02442 0.9869415 3.486485e-08 0.1610792 27 30 33 255 0.8844388 0.01299664
-17.0225 8.081852 12.89233 -0.9869418 8.346629e-06 -0.1610774 51 30 27 255 0.8709347 0.02966881
-17.0225 6.765404 13.02442 -0.9869234 8.403259e-06 0.16119 57 56 57 255 0.2465538 0.009913146
-17.02249 8.081852 13.02442 -0.9869232 8.49898e-06 0.1611912 46 45 46 255 0.8709347 0.009913146
-16.90731 8.081852 13.02442 0.9869415 1.31006e-07 0.1610792 57 56 57 255 0.5669411 0.2465394
-17.0225 6.765404 13.02442 -0.9869234 8.403259e-06 0.16119 57 56 57 255 0.3169411 0.4965394
-16.90731 6.765404 13.02442 0.9869415 3.486485e-08 0.1610792 27 30 33 255 0.3169411 0.2465394
-16.90731 6.765404 12.89233 0.9869231 -1.136958e-07 -0.161192 49 32 24 255 0.8142967 0.04552791
-17.0225 8.081852 12.89233 -0.9869418 8.346629e-06 -0.1610774 51 30 27 255 0.3657722 0.09483889
-16.90731 8.081852 12.89233 0.9869232 -1.75636e-08 -0.161191 27 14 10 255 0.3657722 0.04552791
-21.93347 6.765404 12.89233 0.9869319 -1.137017e-07 -0.1611381 49 32 24 255 0.8844386 0.02868035
-21.93348 8.081852 13.02442 0.9869248 3.488141e-08 0.1611819 33 32 41 255 0.2343358 0.01299664
-21.93348 6.765404 13.02442 0.9869249 3.488119e-08 0.1611805 27 30 33 255 0.8844388 0.01299664
-22.04865 8.081852 13.02442 -0.9869319 8.401309e-06 0.161138 27 32 35 255 0.8709347 0.009913146
-22.04866 6.765404 12.89233 -0.9869249 8.250693e-06 -0.1611805 33 36 41 255 0.2465538 0.02966881
-22.04866 6.765404 13.02442 -0.9869316 8.401314e-06 0.1611398 30 33 41 255 0.2465538 0.009913146
-21.93348 8.081852 13.02442 0.9869248 3.488141e-08 0.1611819 33 32 41 255 0.5669411 0.2465394
-22.04866 6.765404 13.02442 -0.9869316 8.401314e-06 0.1611398 30 33 41 255 0.3169411 0.4965394
-21.93348 6.765404 13.02442 0.9869249 3.488119e-08 0.1611805 27 30 33 255 0.3169411 0.2465394
-21.93347 6.765404 12.89233 0.9869319 -1.137017e-07 -0.1611381 49 32 24 255 0.8142967 0.04552791
-22.04865 8.081852 12.89233 -0.9869245 8.34684e-06 -0.1611837 51 30 27 255 0.3657722 0.09483889
-21.93347 8.081852 12.89233 0.986932 -1.755479e-08 -0.1611374 27 14 10 255 0.3657722 0.04552791
-8.609829 6.765404 12.89233 0.9869319 -1.137017e-07 -0.1611381 30 36 41 255 0.8844386 0.02868035
-8.609833 8.081852 13.02442 0.9869248 1.310354e-07 0.1611819 33 32 41 255 0.2343358 0.01299664
-8.609833 6.765404 13.02442 0.9869249 3.488119e-08 0.1611805 27 30 33 255 0.8844388 0.01299664
-8.725006 8.081852 13.02442 -0.9869316 8.499025e-06 0.1611397 27 32 35 255 0.8709347 0.009913146
-8.725018 6.765404 12.89233 -0.9869249 8.250691e-06 -0.1611805 33 36 41 255 0.2465538 0.02966881
-8.725018 6.765404 13.02442 -0.9869316 8.403287e-06 0.1611398 57 56 57 255 0.2465538 0.009913146
-8.609833 8.081852 13.02442 0.9869248 1.310354e-07 0.1611819 33 32 41 255 0.5669411 0.2465394
-8.725018 6.765404 13.02442 -0.9869316 8.403287e-06 0.1611398 57 56 57 255 0.3169411 0.4965394
-8.609833 6.765404 13.02442 0.9869249 3.488119e-08 0.1611805 27 30 33 255 0.3169411 0.2465394
-8.609829 6.765404 12.89233 0.9869319 -1.137017e-07 -0.1611381 30 36 41 255 0.8142967 0.04552791
-8.725006 8.081852 12.89233 -0.9869247 8.346507e-06 -0.1611822 51 30 27 255 0.3657722 0.09483889
-8.609829 8.081852 12.89233 0.9869322 -1.755464e-08 -0.1611364 30 38 43 255 0.3657722 0.04552791
-6.044273 6.765404 12.89233 0.9869231 -6.562975e-08 -0.161192 49 32 24 255 0.8844386 0.02868035
-6.044266 8.081852 13.02442 0.986941 8.293618e-08 0.1610825 57 56 57 255 0.2343358 0.01299664
-6.044266 6.765404 13.02442 0.9869415 3.486485e-08 0.1610792 46 46 46 255 0.8844388 0.01299664
-6.159451 8.081852 12.89233 -0.9869413 8.31638e-06 -0.1610807 51 30 27 255 0.8709347 0.02966881
-6.159454 6.765404 13.02442 -0.9869234 5.019186e-08 0.16119 57 56 57 255 0.2465538 0.009913146
-6.159443 8.081852 13.02442 -0.9869235 8.450337e-06 0.1611895 27 32 35 255 0.8709347 0.009913146
-6.044266 8.081852 13.02442 0.986941 8.293618e-08 0.1610825 57 56 57 255 0.5669411 0.2465394
-6.159454 6.765404 13.02442 -0.9869234 5.019186e-08 0.16119 57 56 57 255 0.3169411 0.4965394
-6.044266 6.765404 13.02442 0.9869415 3.486485e-08 0.1610792 46 46 46 255 0.3169411 0.2465394
-6.044273 6.765404 12.89233 0.9869231 -6.562975e-08 -0.161192 49 32 24 255 0.8142967 0.04552791
-6.159451 8.081852 12.89233 -0.9869413 8.31638e-06 -0.1610807 51 30 27 255 0.3657722 0.09483889
-6.044273 8.081852 12.89233 0.9869235 -1.756331e-08 -0.1611893 27 14 10 255 0.3657722 0.04552791
-11.07043 6.765404 12.89233 0.9869316 -1.137015e-07 -0.1611399 49 32 24 255 0.8844386 0.02868035
-11.07043 8.081852 13.02442 0.9869245 3.488171e-08 0.1611837 33 32 41 255 0.2343358 0.01299664
-11.07043 6.765404 13.02442 0.9869255 3.488064e-08 0.1611771 27 30 33 255 0.8844388 0.01299664
-11.1856 8.081852 12.89233 -0.9869247 8.346843e-06 -0.1611821 51 30 27 255 0.8709347 0.02966881
-11.18562 6.765404 13.02442 -0.9869319 8.401312e-06 0.1611381 30 33 41 255 0.2465538 0.009913146
-11.18561 8.081852 13.02442 -0.9869322 8.401234e-06 0.1611366 27 32 35 255 0.8709347 0.009913146
-11.07043 8.081852 13.02442 0.9869245 3.488171e-08 0.1611837 33 32 41 255 0.5669411 0.2465394
-11.18562 6.765404 13.02442 -0.9869319 8.401312e-06 0.1611381 30 33 41 255 0.3169411 0.4965394
-11.07043 6.765404 13.02442 0.9869255 3.488064e-08 0.1611771 27 30 33 255 0.3169411 0.2465394
-11.07043 6.765404 12.89233 0.9869316 -1.137015e-07 -0.1611399 49 32 24 255 0.8142967 0.04552791
-11.1856 8.081852 12.89233 -0.9869247 8.346843e-06 -0.1611821 51 30 27 255 0.3657722 0.09483889
-11.07043 8.081852 12.89233 0.986932 -1.755479e-08 -0.1611374 27 14 10 255 0.3657722 0.04552791
1.605 6.765404 12.89233 0.9869319 -1.137017e-07 -0.1611381 30 36 41 255 0.8844386 0.02868035
1.604996 8.081852 13.02442 0.9869248 1.310354e-07 0.1611819 57 56 57 255 0.2343358 0.01299664
1.604996 6.765404 13.02442 0.9869249 3.488119e-08 0.1611805 46 46 46 255 0.8844388 0.01299664
1.489822 8.081852 12.89233 -0.9869244 8.346912e-06 -0.161184 30 33 41 255 0.8709347 0.02966881
1.489811 6.765404 13.02442 -0.9869316 8.402876e-06 0.1611398 30 33 41 255 0.2465538 0.009913146
1.489822 8.081852 13.02442 -0.986932 8.499439e-06 0.1611376 27 32 35 255 0.8709347 0.009913146
1.604996 8.081852 13.02442 0.9869248 1.310354e-07 0.1611819 57 56 57 255 0.5669411 0.2465394
1.489811 6.765404 13.02442 -0.9869316 8.402876e-06 0.1611398 30 33 41 255 0.3169411 0.4965394
1.604996 6.765404 13.02442 0.9869249 3.488119e-08 0.1611805 46 46 46 255 0.3169411 0.2465394
1.605 6.765404 12.89233 0.9869319 -1.137017e-07 -0.1611381 30 36 41 255 0.8142967 0.04552791
1.489822 8.081852 12.89233 -0.9869244 8.346912e-06 -0.161184 30 33 41 255 0.3657722 0.09483889
1.605 8.081852 12.89233 0.9869322 -1.755464e-08 -0.1611364 30 38 43 255 0.3657722 0.04552791
4.170555 6.765404 12.89233 0.9869231 -1.136958e-07 -0.161192 49 32 24 255 0.8844386 0.02868035
4.170563 8.081852 13.02442 0.986941 1.31007e-07 0.1610825 57 56 57 255 0.2343358 0.01299664
4.170563 6.765404 13.02442 0.9869415 3.486485e-08 0.1610792 46 46 46 255 0.8844388 0.01299664
4.055378 8.081852 12.89233 -0.9869413 8.347035e-06 -0.1610807 51 30 27 255 0.8709347 0.02966881
4.055374 6.765404 13.02442 -0.9869234 8.403261e-06 0.16119 57 56 57 255 0.2465538 0.009913146
4.055386 8.081852 13.02442 -0.9869235 8.499394e-06 0.1611895 46 45 46 255 0.8709347 0.009913146
4.170563 8.081852 13.02442 0.986941 1.31007e-07 0.1610825 57 56 57 255 0.5669411 0.2465394
4.055374 6.765404 13.02442 -0.9869234 8.403261e-06 0.16119 57 56 57 255 0.3169411 0.4965394
4.170563 6.765404 13.02442 0.9869415 3.486485e-08 0.1610792 46 46 46 255 0.3169411 0.2465394
4.170555 6.765404 12.89233 0.9869231 -1.136958e-07 -0.161192 49 32 24 255 0.8142967 0.04552791
4.055378 8.081852 12.89233 -0.9869413 8.347035e-06 -0.1610807 51 30 27 255 0.3657722 0.09483889
4.170555 8.081852 12.89233 0.9869235 -1.756331e-08 -0.1611893 30 38 43 255 0.3657722 0.04552791
-0.8556023 6.765404 12.89233 0.9869316 -6.562836e-08 -0.1611399 30 36 41 255 0.8844386 0.02868035
-0.8556061 8.081852 13.02442 0.9869245 8.29591e-08 0.1611837 33 32 41 255 0.2343358 0.01299664
-0.8556061 6.765404 13.02442 0.9869255 3.488064e-08 0.1611771 27 30 33 255 0.8844388 0.01299664
-0.9707794 8.081852 13.02442 -0.9869321 8.450296e-06 0.161137 46 45 46 255 0.8709347 0.009913146
-0.9707909 6.765404 12.89233 -0.9869249 8.299752e-06 -0.1611805 33 20 16 255 0.2465538 0.02966881
-0.9707909 6.765404 13.02442 -0.9869316 8.402298e-06 0.1611397 57 56 57 255 0.2465538 0.009913146
-0.8556061 8.081852 13.02442 0.9869245 8.29591e-08 0.1611837 33 32 41 255 0.5669411 0.2465394
-0.9707909 6.765404 13.02442 -0.9869316 8.402298e-06 0.1611397 57 56 57 255 0.3169411 0.4965394
-0.8556061 6.765404 13.02442 0.9869255 3.488064e-08 0.1611771 27 30 33 255 0.3169411 0.2465394
-0.8556023 6.765404 12.89233 0.9869316 -6.562836e-08 -0.1611399 30 36 41 255 0.8142967 0.04552791
-0.9707756 8.081852 12.89233 -0.9869245 8.347827e-06 -0.1611837 51 30 27 255 0.3657722 0.09483889
-0.8556023 8.081852 12.89233 0.986932 -1.755479e-08 -0.1611374 27 14 10 255 0.3657722 0.04552791
12.42334 6.765404 12.89233 0.9869319 -6.562833e-08 -0.1611381 49 32 24 255 0.8844386 0.02868035
12.42334 8.081852 13.02442 0.9869248 8.29584e-08 0.1611819 57 56 57 255 0.2343358 0.01299664
12.42334 6.765404 13.02442 0.9869249 3.488119e-08 0.1611805 46 46 46 255 0.8844388 0.01299664
12.30816 8.081852 12.89233 -0.9869247 8.332009e-06 -0.1611821 51 30 27 255 0.8709347 0.02966881
12.30815 6.765404 13.02442 -0.9869319 4.226243e-06 0.1611381 57 56 57 255 0.2465538 0.009913146
12.30816 8.081852 13.02442 -0.986932 8.450374e-06 0.1611376 46 45 46 255 0.8709347 0.009913146
12.42334 8.081852 13.02442 0.9869248 8.29584e-08 0.1611819 57 56 57 255 0.5669411 0.2465394
12.30815 6.765404 13.02442 -0.9869319 4.226243e-06 0.1611381 57 56 57 255 0.3169411 0.4965394
12.42334 6.765404 13.02442 0.9869249 3.488119e-08 0.1611805 46 46 46 255 0.3169411 0.2465394
12.42334 6.765404 12.89233 0.9869319 -6.562833e-08 -0.1611381 49 32 24 255 0.8142967 0.04552791
12.30816 8.081852 12.89233 -0.9869247 8.332009e-06 -0.1611821 51 30 27 255 0.3657722 0.09483889
12.42334 8.081852 12.89233 0.986932 -1.755479e-08 -0.1611374 30 38 43 255 0.3657722 0.04552791
14.9889 6.765404 12.89233 0.9869228 -6.562978e-08 -0.1611937 49 32 24 255 0.8844386 0.02868035
14.9889 8.081852 13.02442 0.9869407 8.293688e-08 0.1610843 57 56 57 255 0.2343358 0.01299664
14.9889 6.765404 13.02442 0.9869421 3.486431e-08 0.1610758 46 46 46 255 0.8844388 0.01299664
14.87372 8.081852 12.89233 -0.9869413 8.348022e-06 -0.1610807 51 30 27 255 0.8709347 0.02966881
14.87371 6.765404 13.02442 -0.9869234 8.402272e-06 0.1611899 57 56 57 255 0.2465538 0.009913146
14.87373 8.081852 13.02442 -0.9869236 8.450261e-06 0.1611885 27 32 35 255 0.8709347 0.009913146
14.9889 8.081852 13.02442 0.9869407 8.293688e-08 0.1610843 57 56 57 255 0.5669411 0.2465394
14.87371 6.765404 13.02442 -0.9869234 8.402272e-06 0.1611899 57 56 57 255 0.3169411 0.4965394
14.9889 6.765404 13.02442 0.9869421 3.486431e-08 0.1610758 46 46 46 255 0.3169411 0.2465394
14.9889 6.765404 12.89233 0.9869228 -6.562978e-08 -0.1611937 49 32 24 255 0.8142967 0.04552791
14.87372 8.081852 12.89233 -0.9869413 8.348022e-06 -0.1610807 51 30 27 255 0.3657722 0.09483889
14.9889 8.081852 12.89233 0.9869235 -1.756331e-08 -0.1611893 27 14 10 255 0.3657722 0.04552791
9.962742 6.765404 12.89233 0.9869319 -1.137017e-07 -0.1611381 30 36 41 255 0.8844386 0.02868035
9.962738 8.081852 13.02442 0.9869248 1.310354e-07 0.1611819 33 32 41 255 0.2343358 0.01299664
9.962738 6.765404 13.02442 0.9869249 3.488119e-08 0.1611805 27 30 33 255 0.8844388 0.01299664
9.847561 8.081852 12.89233 -0.9869244 8.346912e-06 -0.161184 30 33 41 255 0.8709347 0.02966881
9.847553 6.765404 13.02442 -0.9869316 8.402876e-06 0.1611398 30 33 41 255 0.2465538 0.009913146
9.847565 8.081852 13.02442 -0.986932 8.499439e-06 0.1611376 27 32 35 255 0.8709347 0.009913146
9.962738 8.081852 13.02442 0.9869248 1.310354e-07 0.1611819 33 32 41 255 0.5669411 0.2465394
9.847553 6.765404 13.02442 -0.9869316 8.402876e-06 0.1611398 30 33 41 255 0.3169411 0.4965394
9.962738 6.765404 13.02442 0.9869249 3.488119e-08 0.1611805 27 30 33 255 0.3169411 0.2465394
9.962742 6.765404 12.89233 0.9869319 -1.137017e-07 -0.1611381 30 36 41 255 0.8142967 0.04552791
9.847561 8.081852 12.89233 -0.9869244 8.346912e-06 -0.161184 30 33 41 255 0.3657722 0.09483889
9.962742 8.081852 12.89233 0.9869322 -1.755464e-08 -0.1611364 30 38 43 255 0.3657722 0.04552791
23.59607 6.765404 12.89233 0.9869319 -6.562833e-08 -0.1611381 49 32 24 255 0.8844386 0.02868035
23.59607 8.081852 13.02442 0.9869248 8.29584e-08 0.1611819 57 56 57 255 0.2343358 0.01299664
23.59607 6.765404 13.02442 0.9869249 3.488119e-08 0.1611805 46 46 46 255 0.8844388 0.01299664
23.4809 8.081852 12.89233 -0.9869247 8.34783e-06 -0.1611821 51 30 27 255 0.8709347 0.02966881
23.48088 6.765404 13.02442 -0.9869319 8.402301e-06 0.1611381 57 56 57 255 0.2465538 0.009913146
23.4809 8.081852 13.02441 -0.986932 8.450374e-06 0.1611376 27 32 35 255 0.8709347 0.009913146
23.59607 8.081852 13.02442 0.9869248 8.29584e-08 0.1611819 57 56 57 255 0.5669411 0.2465394
23.48088 6.765404 13.02442 -0.9869319 8.402301e-06 0.1611381 57 56 57 255 0.3169411 0.4965394
23.59607 6.765404 13.02442 0.9869249 3.488119e-08 0.1611805 46 46 46 255 0.3169411 0.2465394
23.59607 6.765404 12.89233 0.9869319 -6.562833e-08 -0.1611381 49 32 24 255 0.8142967 0.04552791
23.4809 8.081852 12.89233 -0.9869247 8.34783e-06 -0.1611821 51 30 27 255 0.3657722 0.09483889
23.59607 8.081852 12.89233 0.986932 -1.755479e-08 -0.1611374 27 14 10 255 0.3657722 0.04552791
26.16163 6.765404 12.89233 0.9869228 -8.966266e-08 -0.1611937 49 32 24 255 0.8844386 0.02868035
26.16164 8.081852 13.02442 0.986941 1.069716e-07 0.1610825 57 56 57 255 0.2343358 0.01299664
26.16164 6.765404 13.02442 0.9869418 3.486462e-08 0.1610778 46 46 46 255 0.8844388 0.01299664
26.04645 8.081852 12.89233 -0.9869413 8.347529e-06 -0.1610807 51 30 27 255 0.8709347 0.02966881
26.04645 6.765404 13.02442 -0.9869236 8.402694e-06 0.161189 57 56 57 255 0.2465538 0.009913146
26.04646 8.081852 13.02442 -0.9869235 8.474865e-06 0.1611895 27 32 35 255 0.8709347 0.009913146
26.16164 8.081852 13.02442 0.986941 1.069716e-07 0.1610825 57 56 57 255 0.5669411 0.2465394
26.04645 6.765404 13.02442 -0.9869236 8.402694e-06 0.161189 57 56 57 255 0.3169411 0.4965394
26.16164 6.765404 13.02442 0.9869418 3.486462e-08 0.1610778 46 46 46 255 0.3169411 0.2465394
26.16163 6.765404 12.89233 0.9869228 -8.966266e-08 -0.1611937 49 32 24 255 0.8142967 0.04552791
26.04645 8.081852 12.89233 -0.9869413 8.347529e-06 -0.1610807 51 30 27 255 0.3657722 0.09483889
26.16163 8.081852 12.89233 0.9869235 -1.756331e-08 -0.1611893 27 14 10 255 0.3657722 0.04552791
21.13547 6.765404 12.89233 0.9869319 -1.137017e-07 -0.1611381 49 32 24 255 0.8844386 0.02868035
21.13547 8.081852 13.02442 0.9869248 1.310354e-07 0.1611819 57 56 57 255 0.2343358 0.01299664
21.13547 6.765404 13.02442 0.9869249 3.488119e-08 0.1611805 46 46 46 255 0.8844388 0.01299664
21.02029 8.081852 13.02442 -0.9869316 8.499025e-06 0.1611397 27 32 35 255 0.8709347 0.009913146
21.02029 6.765404 12.89233 -0.9869249 8.250691e-06 -0.1611805 33 36 41 255 0.2465538 0.02966881
21.02029 6.765404 13.02442 -0.9869316 8.403287e-06 0.1611398 57 56 57 255 0.2465538 0.009913146
21.13547 8.081852 13.02442 0.9869248 1.310354e-07 0.1611819 57 56 57 255 0.5669411 0.2465394
21.02029 6.765404 13.02442 -0.9869316 8.403287e-06 0.1611398 57 56 57 255 0.3169411 0.4965394
21.13547 6.765404 13.02442 0.9869249 3.488119e-08 0.1611805 46 46 46 255 0.3169411 0.2465394
21.13547 6.765404 12.89233 0.9869319 -1.137017e-07 -0.1611381 49 32 24 255 0.8142967 0.04552791
21.0203 8.081852 12.89233 -0.9869247 8.346507e-06 -0.1611822 51 30 27 255 0.3657722 0.09483889
21.13547 8.081852 12.89233 0.9869322 -1.755464e-08 -0.1611364 27 14 10 255 0.3657722 0.04552791
34.69827 6.765404 12.89233 0.9869316 -6.562836e-08 -0.1611399 30 36 41 255 0.8844386 0.02868035
34.69827 8.081852 13.02442 0.9869248 1.069969e-07 0.1611819 57 56 57 255 0.2343358 0.01299664
34.69827 6.765404 13.02442 0.9869252 3.488096e-08 0.1611791 46 46 46 255 0.8844388 0.01299664
34.58309 8.081852 12.89233 -0.9869247 8.34783e-06 -0.1611821 30 33 41 255 0.8709347 0.02966881
34.58308 6.765404 13.02442 -0.986932 8.402722e-06 0.1611372 57 56 57 255 0.2465538 0.009913146
34.58309 8.081852 13.02442 -0.986932 8.474906e-06 0.1611376 27 32 35 255 0.8709347 0.009913146
34.69827 8.081852 13.02442 0.9869248 1.069969e-07 0.1611819 57 56 57 255 0.5669411 0.2465394
34.58308 6.765404 13.02442 -0.986932 8.402722e-06 0.1611372 57 56 57 255 0.3169411 0.4965394
34.69827 6.765404 13.02442 0.9869252 3.488096e-08 0.1611791 46 46 46 255 0.3169411 0.2465394
34.69827 6.765404 12.89233 0.9869316 -6.562836e-08 -0.1611399 30 36 41 255 0.8142967 0.04552791
34.58309 8.081852 12.89233 -0.9869247 8.34783e-06 -0.1611821 30 33 41 255 0.3657722 0.09483889
34.69827 8.081852 12.89233 0.986932 -1.755479e-08 -0.1611374 30 38 43 255 0.3657722 0.04552791
37.26382 6.765404 12.89233 0.9869231 -8.966275e-08 -0.161192 49 32 24 255 0.8844386 0.02868035
37.26383 8.081852 13.02442 0.9869415 1.069707e-07 0.1610792 57 56 57 255 0.2343358 0.01299664
37.26383 6.765404 13.02442 0.9869415 3.486485e-08 0.1610792 46 46 46 255 0.8844388 0.01299664
37.14864 8.081852 12.89233 -0.9869418 8.339212e-06 -0.1610774 51 30 27 255 0.8709347 0.02966881
37.14864 6.765404 13.02442 -0.9869234 6.314745e-06 0.16119 57 56 57 255 0.2465538 0.009913146
37.14865 8.081852 13.02442 -0.9869232 8.474452e-06 0.1611912 46 45 46 255 0.8709347 0.009913146
37.26383 8.081852 13.02442 0.9869415 1.069707e-07 0.1610792 57 56 57 255 0.5669411 0.2465394
37.14864 6.765404 13.02442 -0.9869234 6.314745e-06 0.16119 57 56 57 255 0.3169411 0.4965394
37.26383 6.765404 13.02442 0.9869415 3.486485e-08 0.1610792 46 46 46 255 0.3169411 0.2465394
37.26382 6.765404 12.89233 0.9869231 -8.966275e-08 -0.161192 49 32 24 255 0.8142967 0.04552791
37.14864 8.081852 12.89233 -0.9869418 8.339212e-06 -0.1610774 51 30 27 255 0.3657722 0.09483889
37.26382 8.081852 12.89233 0.9869232 -1.75636e-08 -0.161191 30 38 43 255 0.3657722 0.04552791
32.23767 6.765404 12.89233 0.9869319 -8.966503e-08 -0.1611381 30 36 41 255 0.8844386 0.02868035
32.23766 8.081852 13.02442 0.9869248 1.069969e-07 0.1611819 33 32 41 255 0.2343358 0.01299664
32.23766 6.765404 13.02442 0.9869249 3.488119e-08 0.1611805 27 30 33 255 0.8844388 0.01299664
32.12249 8.081852 12.89233 -0.9869247 8.347336e-06 -0.1611821 51 30 27 255 0.8709347 0.02966881
32.12247 6.765404 13.02442 -0.9869319 8.402795e-06 0.1611381 57 56 57 255 0.2465538 0.009913146
32.12249 8.081852 13.02442 -0.986932 8.474906e-06 0.1611376 46 45 46 255 0.8709347 0.009913146
32.23766 8.081852 13.02442 0.9869248 1.069969e-07 0.1611819 33 32 41 255 0.5669411 0.2465394
32.12247 6.765404 13.02442 -0.9869319 8.402795e-06 0.1611381 57 56 57 255 0.3169411 0.4965394
32.23766 6.765404 13.02442 0.9869249 3.488119e-08 0.1611805 27 30 33 255 0.3169411 0.2465394
32.23767 6.765404 12.89233 0.9869319 -8.966503e-08 -0.1611381 30 36 41 255 0.8142967 0.04552791
32.12249 8.081852 12.89233 -0.9869247 8.347336e-06 -0.1611821 51 30 27 255 0.3657722 0.09483889
32.23767 8.081852 12.89233 0.986932 -1.755479e-08 -0.1611374 30 38 43 255 0.3657722 0.04552791
45.68718 6.765404 12.89233 0.9869319 -8.966503e-08 -0.1611381 49 32 24 255 0.8844386 0.02868035
45.68717 8.081852 13.02442 0.9869248 9.497765e-08 0.1611819 57 56 57 255 0.2343358 0.01299664
45.68717 6.765404 13.02442 0.9869249 3.488119e-08 0.1611805 46 46 46 255 0.8844388 0.01299664
45.572 8.081852 12.89233 -0.9869247 8.343382e-06 -0.1611821 51 30 27 255 0.8709347 0.02966881
45.57198 6.765404 13.02441 -0.9869319 7.358533e-06 0.1611381 57 56 57 255 0.2465538 0.009913146
45.57199 8.081852 13.02441 -0.986932 8.462641e-06 0.1611376 46 45 46 255 0.8709347 0.009913146
45.68717 8.081852 13.02442 0.9869248 9.497765e-08 0.1611819 57 56 57 255 0.5669411 0.2465394
45.57198 6.765404 13.02441 -0.9869319 7.358533e-06 0.1611381 57 56 57 255 0.3169411 0.4965394
45.68717 6.765404 13.02442 0.9869249 3.488119e-08 0.1611805 46 46 46 255 0.3169411 0.2465394
45.68718 6.765404 12.89233 0.9869319 -8.966503e-08 -0.1611381 49 32 24 255 0.8142967 0.04552791
45.572 8.081852 12.89233 -0.9869247 8.343382e-06 -0.1611821 51 30 27 255 0.3657722 0.09483889
45.68718 8.081852 12.89233 0.986932 -1.755479e-08 -0.1611374 30 38 43 255 0.3657722 0.04552791
48.25273 6.765404 12.89233 0.9869228 -8.966266e-08 -0.1611937 49 32 24 255 0.8844386 0.02868035
48.25274 8.081852 13.02442 0.986941 1.069716e-07 0.1610825 57 56 57 255 0.2343358 0.01299664
48.25274 6.765404 13.02442 0.9869418 3.486462e-08 0.1610778 27 30 33 255 0.8844388 0.01299664
48.13755 8.081852 12.89233 -0.9869413 8.343573e-06 -0.1610807 51 30 27 255 0.8709347 0.02966881
48.13755 6.765404 13.02442 -0.9869236 7.358692e-06 0.161189 57 56 57 255 0.2465538 0.009913146
48.13756 8.081852 13.02442 -0.9869235 8.474865e-06 0.1611895 46 45 46 255 0.8709347 0.009913146
48.25274 8.081852 13.02442 0.986941 1.069716e-07 0.1610825 57 56 57 255 0.5669411 0.2465394
48.13755 6.765404 13.02442 -0.9869236 7.358692e-06 0.161189 57 56 57 255 0.3169411 0.4965394
48.25274 6.765404 13.02442 0.9869418 3.486462e-08 0.1610778 27 30 33 255 0.3169411 0.2465394
48.25273 6.765404 12.89233 0.9869228 -8.966266e-08 -0.1611937 49 32 24 255 0.8142967 0.04552791
48.13755 8.081852 12.89233 -0.9869413 8.343573e-06 -0.1610807 51 30 27 255 0.3657722 0.09483889
48.25273 8.081852 12.89233 0.9869235 -1.756331e-08 -0.1611893 30 38 43 255 0.3657722 0.04552791
43.22657 6.765404 12.89233 0.9869319 -7.764668e-08 -0.1611381 30 36 41 255 0.8844386 0.02868035
43.22657 8.081852 13.02442 0.9869253 1.06996e-07 0.1611786 33 32 41 255 0.2343358 0.01299664
43.22657 6.765404 13.02442 0.9869249 3.488119e-08 0.1611805 27 30 33 255 0.8844388 0.01299664
43.1114 8.081852 12.89233 -0.9869247 6.259567e-06 -0.1611821 51 30 27 255 0.8709347 0.02966881
43.11139 6.765404 13.02442 -0.9869316 8.394472e-06 0.1611398 57 56 57 255 0.2465538 0.009913146
43.1114 8.081852 13.02442 -0.986932 6.378967e-06 0.1611376 46 45 46 255 0.8709347 0.009913146
43.22657 8.081852 13.02442 0.9869253 1.06996e-07 0.1611786 33 32 41 255 0.5669411 0.2465394
43.11139 6.765404 13.02442 -0.9869316 8.394472e-06 0.1611398 57 56 57 255 0.3169411 0.4965394
43.22657 6.765404 13.02442 0.9869249 3.488119e-08 0.1611805 27 30 33 255 0.3169411 0.2465394
43.22657 6.765404 12.89233 0.9869319 -7.764668e-08 -0.1611381 30 36 41 255 0.8142967 0.04552791
43.1114 8.081852 12.89233 -0.9869247 6.259567e-06 -0.1611821 51 30 27 255 0.3657722 0.09483889
43.22657 8.081852 12.89233 0.9869317 -1.755508e-08 -0.1611391 27 14 10 255 0.3657722 0.04552791
45.68718 34.57011 13.71331 0.9869316 -8.966447e-08 -0.1611397 30 36 41 255 0.8844386 0.02868035
45.68717 35.88655 13.8454 0.9869245 9.497859e-08 0.1611835 33 32 41 255 0.2343358 0.01299664
45.68717 34.57011 13.8454 0.9869254 3.48807e-08 0.1611775 27 30 33 255 0.8844388 0.01299664
45.572 35.88655 13.71331 -0.9869248 7.303329e-06 -0.1611819 30 33 41 255 0.8709347 0.02966881
45.57198 34.57011 13.8454 -0.9869319 8.398593e-06 0.1611379 30 33 41 255 0.2465538 0.009913146
45.57199 35.88655 13.84539 -0.9869321 7.414604e-06 0.1611367 27 32 35 255 0.8709347 0.009913146
45.68717 35.88655 13.8454 0.9869245 9.497859e-08 0.1611835 33 32 41 255 0.5669411 0.2465394
45.57198 34.57011 13.8454 -0.9869319 8.398593e-06 0.1611379 30 33 41 255 0.3169411 0.4965394
45.68717 34.57011 13.8454 0.9869254 3.48807e-08 0.1611775 27 30 33 255 0.3169411 0.2465394
45.68718 34.57011 13.71331 0.9869316 -8.966447e-08 -0.1611397 30 36 41 255 0.8142967 0.04552791
45.572 35.88655 13.71331 -0.9869248 7.303329e-06 -0.1611819 30 33 41 255 0.3657722 0.09483889
45.68718 35.88655 13.71331 0.986932 -1.755481e-08 -0.1611375 27 14 10 255 0.3657722 0.04552791
48.25273 34.57011 13.71331 0.9869231 -8.966229e-08 -0.1611917 30 36 41 255 0.8844386 0.02868035
48.25274 35.88655 13.8454 0.986941 1.069717e-07 0.1610823 33 32 41 255 0.2343358 0.01299664
48.25274 34.57011 13.8454 0.9869415 3.486491e-08 0.1610796 27 30 33 255 0.8844388 0.01299664
48.13755 35.88655 13.71331 -0.986941 7.303563e-06 -0.1610824 30 33 41 255 0.8709347 0.02966881
48.13755 34.57011 13.8454 -0.9869232 8.398401e-06 0.1611915 30 33 41 255 0.2465538 0.009913146
48.13756 35.88655 13.8454 -0.9869235 7.4269e-06 0.1611896 46 45 46 255 0.8709347 0.009913146
48.25274 35.88655 13.8454 0.986941 1.069717e-07 0.1610823 33 32 41 255 0.5669411 0.2465394
48.13755 34.57011 13.8454 -0.9869232 8.398401e-06 0.1611915 30 33 41 255 0.3169411 0.4965394
48.25274 34.57011 13.8454 0.9869415 3.486491e-08 0.1610796 27 30 33 255 0.3169411 0.2465394
48.25273 34.57011 13.71331 0.9869231 -8.966229e-08 -0.1611917 30 36 41 255 0.8142967 0.04552791
48.13755 35.88655 13.71331 -0.986941 7.303563e-06 -0.1610824 30 33 41 255 0.3657722 0.09483889
48.25273 35.88655 13.71331 0.9869236 -1.756318e-08 -0.1611885 30 38 43 255 0.3657722 0.04552791
43.22657 34.57011 13.71331 0.9869319 -8.966458e-08 -0.1611379 30 36 41 255 0.8844386 0.02868035
43.22657 35.88655 13.8454 0.9869248 1.069971e-07 0.1611817 33 32 41 255 0.2343358 0.01299664
43.22657 34.57011 13.8454 0.9869249 3.488125e-08 0.1611809 27 30 33 255 0.8844388 0.01299664
43.1114 35.88655 13.71331 -0.9869248 8.347337e-06 -0.1611819 30 33 41 255 0.8709347 0.02966881
43.11139 34.57011 13.84539 -0.9869319 8.402797e-06 0.1611379 30 33 41 255 0.2465538 0.009913146
43.1114 35.88655 13.84539 -0.986932 8.474904e-06 0.1611377 27 32 35 255 0.8709347 0.009913146
43.22657 35.88655 13.8454 0.9869248 1.069971e-07 0.1611817 33 32 41 255 0.5669411 0.2465394
43.11139 34.57011 13.84539 -0.9869319 8.402797e-06 0.1611379 30 33 41 255 0.3169411 0.4965394
43.22657 34.57011 13.8454 0.9869249 3.488125e-08 0.1611809 27 30 33 255 0.3169411 0.2465394
43.22657 34.57011 13.71331 0.9869319 -8.966458e-08 -0.1611379 30 36 41 255 0.8142967 0.04552791
43.1114 35.88655 13.71331 -0.9869248 8.347337e-06 -0.1611819 30 33 41 255 0.3657722 0.09483889
43.22657 35.88655 13.71331 0.986932 -1.755481e-08 -0.1611375 30 38 43 255 0.3657722 0.04552791
34.71993 34.57011 13.7133 0.9869319 -8.966458e-08 -0.1611379 30 36 41 255 0.8844386 0.02868035
34.71993 35.88655 13.8454 0.9869248 1.069971e-07 0.1611817 57 56 57 255 0.2343358 0.01299664
34.71993 34.57011 13.8454 0.9869249 3.488125e-08 0.1611809 27 30 33 255 0.8844388 0.01299664
34.60476 35.88655 13.71331 -0.9869248 8.347337e-06 -0.1611819 30 33 41 255 0.8709347 0.02966881
34.60474 34.57011 13.8454 -0.9869319 8.402797e-06 0.1611379 57 56 57 255 0.2465538 0.009913146
34.60475 35.88655 13.8454 -0.986932 8.474904e-06 0.1611377 46 45 46 255 0.8709347 0.009913146
34.71993 35.88655 13.8454 0.9869248 1.069971e-07 0.1611817 57 56 57 255 0.5669411 0.2465394
34.60474 34.57011 13.8454 -0.9869319 8.402797e-06 0.1611379 57 56 57 255 0.3169411 0.4965394
34.71993 34.57011 13.8454 0.9869249 3.488125e-08 0.1611809 27 30 33 255 0.3169411 0.2465394
34.71993 34.57011 13.7133 0.9869319 -8.966458e-08 -0.1611379 30 36 41 255 0.8142967 0.04552791
34.60476 35.88655 13.71331 -0.9869248 8.347337e-06 -0.1611819 30 33 41 255 0.3657722 0.09483889
34.71993 35.88655 13.7133 0.986932 -1.755481e-08 -0.1611375 30 38 43 255 0.3657722 0.04552791
37.28548 34.57011 13.71331 0.9869229 -6.562946e-08 -0.1611935 49 32 24 255 0.8844386 0.02868035
37.2855 35.88655 13.8454 0.9869407 1.069727e-07 0.1610841 57 56 57 255 0.2343358 0.01299664
37.2855 34.57011 13.8454 0.986942 3.486436e-08 0.1610762 46 46 46 255 0.8844388 0.01299664
37.17031 35.88655 13.71331 -0.9869413 8.340111e-06 -0.1610805 30 33 41 255 0.8709347 0.02966881
37.17031 34.57011 13.8454 -0.9869235 6.314746e-06 0.1611897 57 56 57 255 0.2465538 0.009913146
37.17032 35.88655 13.8454 -0.9869236 8.474788e-06 0.1611886 27 32 35 255 0.8709347 0.009913146
37.2855 35.88655 13.8454 0.9869407 1.069727e-07 0.1610841 57 56 57 255 0.5669411 0.2465394
37.17031 34.57011 13.8454 -0.9869235 6.314746e-06 0.1611897 57 56 57 255 0.3169411 0.4965394
37.2855 34.57011 13.8454 0.986942 3.486436e-08 0.1610762 46 46 46 255 0.3169411 0.2465394
37.28548 34.57011 13.71331 0.9869229 -6.562946e-08 -0.1611935 49 32 24 255 0.8142967 0.04552791
37.17031 35.88655 13.71331 -0.9869413 8.340111e-06 -0.1610805 30 33 41 255 0.3657722 0.09483889
37.28548 35.88655 13.71331 0.9869235 -1.756333e-08 -0.1611894 30 38 43 255 0.3657722 0.04552791
32.25933 34.57011 13.71331 0.9869321 -8.966377e-08 -0.161137 30 36 41 255 0.8844386 0.02868035
32.25933 35.88655 13.8454 0.9869248 8.295849e-08 0.1611817 33 32 41 255 0.2343358 0.01299664
32.25933 34.57011 13.8454 0.9869249 3.488125e-08 0.1611809 27 30 33 255 0.8844388 0.01299664
32.14416 35.88655 13.71331 -0.9869247 8.347337e-06 -0.1611819 30 33 41 255 0.8709347 0.02966881
32.14414 34.57011 13.8454 -0.9869316 8.40189e-06 0.1611397 30 33 41 255 0.2465538 0.009913146
32.14415 35.88655 13.8454 -0.986932 8.450372e-06 0.1611377 27 32 35 255 0.8709347 0.009913146
32.25933 35.88655 13.8454 0.9869248 8.295849e-08 0.1611817 33 32 41 255 0.5669411 0.2465394
32.14414 34.57011 13.8454 -0.9869316 8.40189e-06 0.1611397 30 33 41 255 0.3169411 0.4965394
32.25933 34.57011 13.8454 0.9869249 3.488125e-08 0.1611809 27 30 33 255 0.3169411 0.2465394
32.25933 34.57011 13.71331 0.9869321 -8.966377e-08 -0.161137 30 36 41 255 0.8142967 0.04552791
32.14416 35.88655 13.71331 -0.9869247 8.347337e-06 -0.1611819 30 33 41 255 0.3657722 0.09483889
32.25933 35.88655 13.71331 0.986932 -1.755481e-08 -0.1611375 30 38 43 255 0.3657722 0.04552791
23.58873 34.57011 13.71331 0.9869319 -1.137011e-07 -0.1611379 30 36 41 255 0.8844386 0.02868035
23.58873 35.88655 13.8454 0.9869253 1.310346e-07 0.1611783 33 32 41 255 0.2343358 0.01299664
23.58873 34.57011 13.8454 0.9869249 3.488125e-08 0.1611809 27 30 33 255 0.8844388 0.01299664
23.47355 35.88655 13.7133 -0.9869248 8.34684e-06 -0.1611819 51 30 27 255 0.8709347 0.02966881
23.47354 34.57011 13.8454 -0.9869316 8.402877e-06 0.1611397 57 56 57 255 0.2465538 0.009913146
23.47355 35.88655 13.84539 -0.986932 8.499437e-06 0.1611377 27 32 35 255 0.8709347 0.009913146
23.58873 35.88655 13.8454 0.9869253 1.310346e-07 0.1611783 33 32 41 255 0.5669411 0.2465394
23.47354 34.57011 13.8454 -0.9869316 8.402877e-06 0.1611397 57 56 57 255 0.3169411 0.4965394
23.58873 34.57011 13.8454 0.9869249 3.488125e-08 0.1611809 27 30 33 255 0.3169411 0.2465394
23.58873 34.57011 13.71331 0.9869319 -1.137011e-07 -0.1611379 30 36 41 255 0.8142967 0.04552791
23.47355 35.88655 13.7133 -0.9869248 8.34684e-06 -0.1611819 51 30 27 255 0.3657722 0.09483889
23.58873 35.88655 13.71331 0.9869317 -1.75551e-08 -0.1611392 27 14 10 255 0.3657722 0.04552791
26.15429 34.57011 13.71331 0.9869231 -8.966231e-08 -0.1611918 30 36 41 255 0.8844386 0.02868035
26.15429 35.88655 13.8454 0.986941 8.293628e-08 0.1610823 33 32 41 255 0.2343358 0.01299664
26.15429 34.57011 13.8454 0.9869415 3.486491e-08 0.1610796 27 30 33 255 0.8844388 0.01299664
26.03911 35.88655 13.71331 -0.9869413 8.331708e-06 -0.1610805 51 30 27 255 0.8709347 0.02966881
26.03911 34.57011 13.84539 -0.9869235 4.226234e-06 0.1611897 57 56 57 255 0.2465538 0.009913146
26.03912 35.88655 13.84539 -0.9869235 8.450337e-06 0.1611896 46 45 46 255 0.8709347 0.009913146
26.15429 35.88655 13.8454 0.986941 8.293628e-08 0.1610823 33 32 41 255 0.5669411 0.2465394
26.03911 34.57011 13.84539 -0.9869235 4.226234e-06 0.1611897 57 56 57 255 0.3169411 0.4965394
26.15429 34.57011 13.8454 0.9869415 3.486491e-08 0.1610796 27 30 33 255 0.3169411 0.2465394
26.15429 34.57011 13.71331 0.9869231 -8.966231e-08 -0.1611918 30 36 41 255 0.8142967 0.04552791
26.03911 35.88655 13.71331 -0.9869413 8.331708e-06 -0.1610805 51 30 27 255 0.3657722 0.09483889
26.15429 35.88655 13.71331 0.9869235 -1.756333e-08 -0.1611894 27 14 10 255 0.3657722 0.04552791
21.12813 34.57011 13.71331 0.9869316 -6.562804e-08 -0.1611397 49 32 24 255 0.8844386 0.02868035
21.12813 35.88655 13.8454 0.9869248 8.295851e-08 0.1611817 57 56 57 255 0.2343358 0.01299664
21.12813 34.57011 13.8454 0.9869251 3.488101e-08 0.1611794 27 30 33 255 0.8844388 0.01299664
21.01295 35.88655 13.71331 -0.9869248 8.34783e-06 -0.1611819 51 30 27 255 0.8709347 0.02966881
21.01294 34.57011 13.8454 -0.9869321 8.402229e-06 0.161137 57 56 57 255 0.2465538 0.009913146
21.01295 35.88655 13.8454 -0.986932 8.450372e-06 0.1611377 46 45 46 255 0.8709347 0.009913146
21.12813 35.88655 13.8454 0.9869248 8.295851e-08 0.1611817 57 56 57 255 0.5669411 0.2465394
21.01294 34.57011 13.8454 -0.9869321 8.402229e-06 0.161137 57 56 57 255 0.3169411 0.4965394
21.12813 34.57011 13.8454 0.9869251 3.488101e-08 0.1611794 27 30 33 255 0.3169411 0.2465394
21.12813 34.57011 13.71331 0.9869316 -6.562804e-08 -0.1611397 49 32 24 255 0.8142967 0.04552791
21.01295 35.88655 13.71331 -0.9869248 8.34783e-06 -0.1611819 51 30 27 255 0.3657722 0.09483889
21.12813 35.88655 13.71331 0.986932 -1.755481e-08 -0.1611375 27 14 10 255 0.3657722 0.04552791
12.73268 34.57011 13.71331 0.9869319 -6.562801e-08 -0.1611379 49 32 24 255 0.8844386 0.02868035
12.73268 35.88655 13.8454 0.9869248 8.295849e-08 0.1611817 57 56 57 255 0.2343358 0.01299664
12.73268 34.57011 13.8454 0.9869249 3.488125e-08 0.1611809 46 46 46 255 0.8844388 0.01299664
12.61751 35.88655 13.71331 -0.9869248 8.34783e-06 -0.1611819 51 30 27 255 0.8709347 0.02966881
12.61749 34.57011 13.84539 -0.9869319 8.402303e-06 0.1611379 57 56 57 255 0.2465538 0.009913146
12.6175 35.88655 13.84539 -0.986932 8.450372e-06 0.1611377 46 45 46 255 0.8709347 0.009913146
12.73268 35.88655 13.8454 0.9869248 8.295849e-08 0.1611817 57 56 57 255 0.5669411 0.2465394
12.61749 34.57011 13.84539 -0.9869319 8.402303e-06 0.1611379 57 56 57 255 0.3169411 0.4965394
12.73268 34.57011 13.8454 0.9869249 3.488125e-08 0.1611809 46 46 46 255 0.3169411 0.2465394
12.73268 34.57011 13.71331 0.9869319 -6.562801e-08 -0.1611379 49 32 24 255 0.8142967 0.04552791
12.61751 35.88655 13.71331 -0.9869248 8.34783e-06 -0.1611819 51 30 27 255 0.3657722 0.09483889
12.73268 35.88655 13.71331 0.986932 -1.755481e-08 -0.1611375 30 38 43 255 0.3657722 0.04552791
15.29824 34.57011 13.71331 0.9869229 -6.562946e-08 -0.1611935 30 36 41 255 0.8844386 0.02868035
15.29824 35.88655 13.8454 0.986941 8.29363e-08 0.1610823 57 56 57 255 0.2343358 0.01299664
15.29824 34.57011 13.8454 0.9869417 3.486467e-08 0.1610781 27 30 33 255 0.8844388 0.01299664
15.18306 35.88655 13.71331 -0.9869413 8.348021e-06 -0.1610805 30 33 41 255 0.8709347 0.02966881
15.18306 34.57011 13.8454 -0.9869236 8.402199e-06 0.1611888 57 56 57 255 0.2465538 0.009913146
15.18307 35.88655 13.8454 -0.9869235 8.450337e-06 0.1611896 46 45 46 255 0.8709347 0.009913146
15.29824 35.88655 13.8454 0.986941 8.29363e-08 0.1610823 57 56 57 255 0.5669411 0.2465394
15.18306 34.57011 13.8454 -0.9869236 8.402199e-06 0.1611888 57 56 57 255 0.3169411 0.4965394
15.29824 34.57011 13.8454 0.9869417 3.486467e-08 0.1610781 27 30 33 255 0.3169411 0.2465394
15.29824 34.57011 13.71331 0.9869229 -6.562946e-08 -0.1611935 30 36 41 255 0.8142967 0.04552791
15.18306 35.88655 13.71331 -0.9869413 8.348021e-06 -0.1610805 30 33 41 255 0.3657722 0.09483889
15.29824 35.88655 13.71331 0.9869235 -1.756333e-08 -0.1611894 30 38 43 255 0.3657722 0.04552791
10.27208 34.57011 13.71331 0.9869319 -1.137011e-07 -0.1611379 30 36 41 255 0.8844386 0.02868035
10.27208 35.88655 13.8454 0.9869251 3.488101e-08 0.1611794 33 32 41 255 0.2343358 0.01299664
10.27208 34.57011 13.8454 0.9869246 1.31028e-07 0.1611829 27 30 33 255 0.8844388 0.01299664
10.15691 35.88655 13.71331 -0.9869244 8.346913e-06 -0.1611838 30 33 41 255 0.8709347 0.02966881
10.15689 34.57011 13.8454 -0.986932 8.499024e-06 0.1611375 30 33 41 255 0.2465538 0.009913146
10.15691 35.88655 13.8454 -0.9869316 8.403281e-06 0.1611398 27 32 35 255 0.8709347 0.009913146
10.27208 34.57011 13.8454 0.9869246 1.31028e-07 0.1611829 27 30 33 255 0.3169411 0.2465394
10.15691 35.88655 13.8454 -0.9869316 8.403281e-06 0.1611398 27 32 35 255 0.5669411 0.4965394
10.15689 34.57011 13.8454 -0.986932 8.499024e-06 0.1611375 30 33 41 255 0.3169411 0.4965394
10.27208 34.57011 13.71331 0.9869319 -1.137011e-07 -0.1611379 30 36 41 255 0.8142967 0.04552791
10.15691 35.88655 13.71331 -0.9869244 8.346913e-06 -0.1611838 30 33 41 255 0.3657722 0.09483889
10.27208 35.88655 13.71331 0.9869322 -1.755466e-08 -0.1611366 30 38 43 255 0.3657722 0.04552791
1.75856 34.57011 13.71331 0.9869321 -6.562743e-08 -0.161137 49 32 24 255 0.8844386 0.02868035
1.758556 35.88655 13.8454 0.9869248 8.295849e-08 0.1611817 57 56 57 255 0.2343358 0.01299664
1.758556 34.57011 13.8454 0.9869249 3.488125e-08 0.1611809 46 46 46 255 0.8844388 0.01299664
1.643379 35.88655 13.71331 -0.9869247 8.347829e-06 -0.1611819 51 30 27 255 0.8709347 0.02966881
1.643368 34.57011 13.8454 -0.9869316 8.40189e-06 0.1611397 57 56 57 255 0.2465538 0.009913146
1.643379 35.88655 13.8454 -0.986932 8.450372e-06 0.1611377 46 45 46 255 0.8709347 0.009913146
1.758556 35.88655 13.8454 0.9869248 8.295849e-08 0.1611817 57 56 57 255 0.5669411 0.2465394
1.643368 34.57011 13.8454 -0.9869316 8.40189e-06 0.1611397 57 56 57 255 0.3169411 0.4965394
1.758556 34.57011 13.8454 0.9869249 3.488125e-08 0.1611809 46 46 46 255 0.3169411 0.2465394
1.75856 34.57011 13.71331 0.9869321 -6.562743e-08 -0.161137 49 32 24 255 0.8142967 0.04552791
1.643379 35.88655 13.71331 -0.9869247 8.347829e-06 -0.1611819 51 30 27 255 0.3657722 0.09483889
1.75856 35.88655 13.71331 0.986932 -1.755481e-08 -0.1611375 30 38 43 255 0.3657722 0.04552791
4.324116 34.57011 13.71331 0.9869229 -6.562946e-08 -0.1611935 49 32 24 255 0.8844386 0.02868035
4.324123 35.88655 13.84539 0.986941 8.293627e-08 0.1610822 57 56 57 255 0.2343358 0.01299664
4.324123 34.57011 13.84539 0.986942 3.486436e-08 0.1610762 46 46 46 255 0.8844388 0.01299664
4.208939 35.88655 13.71331 -0.9869418 8.347616e-06 -0.1610771 30 33 41 255 0.8709347 0.02966881
4.208935 34.57011 13.8454 -0.9869235 8.402273e-06 0.1611898 30 33 41 255 0.2465538 0.009913146
4.208942 35.88655 13.84539 -0.9869232 8.449923e-06 0.1611914 46 45 46 255 0.8709347 0.009913146
4.324123 35.88655 13.84539 0.986941 8.293627e-08 0.1610822 57 56 57 255 0.5669411 0.2465394
4.208935 34.57011 13.8454 -0.9869235 8.402273e-06 0.1611898 30 33 41 255 0.3169411 0.4965394
4.324123 34.57011 13.84539 0.986942 3.486436e-08 0.1610762 46 46 46 255 0.3169411 0.2465394
4.324116 34.57011 13.71331 0.9869229 -6.562946e-08 -0.1611935 49 32 24 255 0.8142967 0.04552791
4.208939 35.88655 13.71331 -0.9869418 8.347616e-06 -0.1610771 30 33 41 255 0.3657722 0.09483889
4.324116 35.88655 13.71331 0.9869235 -1.756333e-08 -0.1611894 27 14 10 255 0.3657722 0.04552791
-0.702034 34.57011 13.71331 0.9869319 -6.562801e-08 -0.1611379 30 36 41 255 0.8844386 0.02868035
-0.7020378 35.88655 13.8454 0.9869253 8.295773e-08 0.1611783 33 32 41 255 0.2343358 0.01299664
-0.7020378 34.57011 13.8454 0.9869249 3.488125e-08 0.1611809 46 46 46 255 0.8844388 0.01299664
-0.817215 35.88655 13.71331 -0.9869253 8.347425e-06 -0.1611785 51 30 27 255 0.8709347 0.02966881
-0.8172264 34.57011 13.8454 -0.9869319 8.402301e-06 0.1611379 57 56 57 255 0.2465538 0.009913146
-0.8172188 35.88655 13.8454 -0.9869317 8.449958e-06 0.1611394 27 32 35 255 0.8709347 0.009913146
-0.7020378 35.88655 13.8454 0.9869253 8.295773e-08 0.1611783 33 32 41 255 0.5669411 0.2465394
-0.8172264 34.57011 13.8454 -0.9869319 8.402301e-06 0.1611379 57 56 57 255 0.3169411 0.4965394
-0.7020378 34.57011 13.8454 0.9869249 3.488125e-08 0.1611809 46 46 46 255 0.3169411 0.2465394
-0.702034 34.57011 13.71331 0.9869319 -6.562801e-08 -0.1611379 30 36 41 255 0.8142967 0.04552791
-0.817215 35.88655 13.71331 -0.9869253 8.347425e-06 -0.1611785 51 30 27 255 0.3657722 0.09483889
-0.702034 35.88655 13.71331 0.9869317 -1.75551e-08 -0.1611392 30 38 43 255 0.3657722 0.04552791
-8.572086 34.57011 13.71331 0.9869319 -1.755489e-08 -0.1611379 49 32 24 255 0.8844386 0.02868035
-8.57209 35.88655 13.8454 0.9869248 1.310356e-07 0.1611817 57 56 57 255 0.2343358 0.01299664
-8.57209 34.57011 13.8454 0.9869249 3.488125e-08 0.1611809 27 30 33 255 0.8844388 0.01299664
-8.687267 35.88655 13.71331 -0.9869248 8.348816e-06 -0.1611819 51 30 27 255 0.8709347 0.02966881
-8.687279 34.57011 13.8454 -0.9869319 8.40329e-06 0.1611379 57 56 57 255 0.2465538 0.009913146
-8.687271 35.88655 13.8454 -0.986932 8.499437e-06 0.1611377 46 45 46 255 0.8709347 0.009913146
-8.57209 35.88655 13.8454 0.9869248 1.310356e-07 0.1611817 57 56 57 255 0.5669411 0.2465394
-8.687279 34.57011 13.8454 -0.9869319 8.40329e-06 0.1611379 57 56 57 255 0.3169411 0.4965394
-8.57209 34.57011 13.8454 0.9869249 3.488125e-08 0.1611809 27 30 33 255 0.3169411 0.2465394
-8.572086 34.57011 13.71331 0.9869319 -1.755489e-08 -0.1611379 49 32 24 255 0.8142967 0.04552791
-8.687267 35.88655 13.71331 -0.9869248 8.348816e-06 -0.1611819 51 30 27 255 0.3657722 0.09483889
-8.572086 35.88655 13.71331 0.986932 -1.755481e-08 -0.1611375 30 38 43 255 0.3657722 0.04552791
-6.006535 34.57011 13.71331 0.9869231 -1.136951e-07 -0.1611917 49 32 24 255 0.8844386 0.02868035
-6.006527 35.88655 13.8454 0.986941 1.310072e-07 0.1610823 57 56 57 255 0.2343358 0.01299664
-6.006527 34.57011 13.8454 0.9869415 3.486491e-08 0.1610796 46 46 46 255 0.8844388 0.01299664
-6.121712 35.88655 13.71331 -0.986941 8.347107e-06 -0.1610824 51 30 27 255 0.8709347 0.02966881
-6.121712 34.57011 13.84539 -0.9869232 8.40285e-06 0.1611915 57 56 57 255 0.2465538 0.009913146
-6.121704 35.88655 13.84539 -0.9869235 8.499394e-06 0.1611896 27 32 35 255 0.8709347 0.009913146
-6.006527 35.88655 13.8454 0.986941 1.310072e-07 0.1610823 57 56 57 255 0.5669411 0.2465394
-6.121712 34.57011 13.84539 -0.9869232 8.40285e-06 0.1611915 57 56 57 255 0.3169411 0.4965394
-6.006527 34.57011 13.8454 0.9869415 3.486491e-08 0.1610796 46 46 46 255 0.3169411 0.2465394
-6.006535 34.57011 13.71331 0.9869231 -1.136951e-07 -0.1611917 49 32 24 255 0.8142967 0.04552791
-6.121712 35.88655 13.71331 -0.986941 8.347107e-06 -0.1610824 51 30 27 255 0.3657722 0.09483889
-6.006535 35.88655 13.71331 0.9869236 -1.756318e-08 -0.1611885 27 14 10 255 0.3657722 0.04552791
-11.03268 34.57011 13.71331 0.9869321 -1.137001e-07 -0.161137 49 32 24 255 0.8844386 0.02868035
-11.03268 35.88655 13.8454 0.9869248 1.310356e-07 0.1611817 57 56 57 255 0.2343358 0.01299664
-11.03268 34.57011 13.8454 0.9869249 3.488125e-08 0.1611809 27 30 33 255 0.8844388 0.01299664
-11.14785 35.88655 13.71331 -0.9869247 -5.214286e-09 -0.1611819 51 30 27 255 0.8709347 0.02966881
-11.14787 34.57011 13.8454 -0.9869316 8.371235e-06 0.1611397 57 56 57 255 0.2465538 0.009913146
-11.14785 35.88655 13.8454 -0.986932 1.156831e-07 0.1611377 46 45 46 255 0.8709347 0.009913146
-11.03268 35.88655 13.8454 0.9869248 1.310356e-07 0.1611817 57 56 57 255 0.5669411 0.2465394
-11.14787 34.57011 13.8454 -0.9869316 8.371235e-06 0.1611397 57 56 57 255 0.3169411 0.4965394
-11.03268 34.57011 13.8454 0.9869249 3.488125e-08 0.1611809 27 30 33 255 0.3169411 0.2465394
-11.03268 34.57011 13.71331 0.9869321 -1.137001e-07 -0.161137 49 32 24 255 0.8142967 0.04552791
-11.14785 35.88655 13.71331 -0.9869247 -5.214286e-09 -0.1611819 51 30 27 255 0.3657722 0.09483889
-11.03268 35.88655 13.71331 0.986932 -1.755481e-08 -0.1611375 30 38 43 255 0.3657722 0.04552791
-19.56757 34.57011 13.71331 0.9869319 -1.137011e-07 -0.1611379 30 36 41 255 0.8844386 0.02868035
-19.56758 35.88655 13.8454 0.9869248 1.310356e-07 0.1611817 57 56 57 255 0.2343358 0.01299664
-19.56758 34.57011 13.8454 0.9869249 3.488125e-08 0.1611809 46 46 46 255 0.8844388 0.01299664
-19.68275 35.88655 13.71331 -0.9869248 8.346842e-06 -0.1611819 30 33 41 255 0.8709347 0.02966881
-19.68277 34.57011 13.8454 -0.9869319 8.40329e-06 0.1611379 57 56 57 255 0.2465538 0.009913146
-19.68276 35.88655 13.8454 -0.986932 8.499437e-06 0.1611377 27 32 35 255 0.8709347 0.009913146
-19.56758 35.88655 13.8454 0.9869248 1.310356e-07 0.1611817 57 56 57 255 0.5669411 0.2465394
-19.68277 34.57011 13.8454 -0.9869319 8.40329e-06 0.1611379 57 56 57 255 0.3169411 0.4965394
-19.56758 34.57011 13.8454 0.9869249 3.488125e-08 0.1611809 46 46 46 255 0.3169411 0.2465394
-19.56757 34.57011 13.71331 0.9869319 -1.137011e-07 -0.1611379 30 36 41 255 0.8142967 0.04552791
-19.68275 35.88655 13.71331 -0.9869248 8.346842e-06 -0.1611819 30 33 41 255 0.3657722 0.09483889
-19.56757 35.88655 13.71331 0.986932 -1.755481e-08 -0.1611375 30 38 43 255 0.3657722 0.04552791
-17.00202 34.57011 13.71331 0.9869233 -1.756356e-08 -0.1611908 49 32 24 255 0.8844386 0.02868035
-17.00201 35.88655 13.8454 0.9869413 3.486499e-08 0.1610801 57 56 57 255 0.2343358 0.01299664
-17.00201 34.57011 13.8454 0.9869411 3.486523e-08 0.1610816 46 46 46 255 0.8844388 0.01299664
-17.1172 35.88655 13.7133 -0.9869413 8.349009e-06 -0.1610805 51 30 27 255 0.8709347 0.02966881
-17.1172 34.57011 13.8454 -0.9869235 8.400878e-06 0.1611893 57 56 57 255 0.2465538 0.009913146
-17.11719 35.88655 13.84539 -0.9869232 8.40128e-06 0.1611917 46 45 46 255 0.8709347 0.009913146
-17.00201 34.57011 13.8454 0.9869411 3.486523e-08 0.1610816 46 46 46 255 0.3169411 0.2465394
-17.11719 35.88655 13.84539 -0.9869232 8.40128e-06 0.1611917 46 45 46 255 0.5669411 0.4965394
-17.1172 34.57011 13.8454 -0.9869235 8.400878e-06 0.1611893 57 56 57 255 0.3169411 0.4965394
-17.00202 34.57011 13.71331 0.9869233 -1.756356e-08 -0.1611908 49 32 24 255 0.8142967 0.04552791
-17.1172 35.88655 13.7133 -0.9869413 8.349009e-06 -0.1610805 51 30 27 255 0.3657722 0.09483889
-17.00202 35.88655 13.71331 0.9869235 -1.756333e-08 -0.1611894 30 38 43 255 0.3657722 0.04552791
-22.02816 34.57011 13.71331 0.9869321 -1.755473e-08 -0.161137 49 32 24 255 0.8844386 0.02868035
-22.02817 35.88655 13.8454 0.9869251 3.488101e-08 0.1611794 57 56 57 255 0.2343358 0.01299664
-22.02817 34.57011 13.8454 0.9869246 1.31028e-07 0.1611829 46 46 46 255 0.8844388 0.01299664
-22.14334 35.88655 13.8454 -0.9869313 5.10637e-08 0.1611419 46 45 46 255 0.8709347 0.009913146
-22.14335 34.57011 13.71331 -0.9869246 8.317349e-06 -0.1611828 33 20 16 255 0.2465538 0.02966881
-22.14336 34.57011 13.8454 -0.986932 8.499435e-06 0.1611374 57 56 57 255 0.2465538 0.009913146
-22.02817 34.57011 13.8454 0.9869246 1.31028e-07 0.1611829 46 46 46 255 0.3169411 0.2465394
-22.14334 35.88655 13.8454 -0.9869313 5.10637e-08 0.1611419 46 45 46 255 0.5669411 0.4965394
-22.14336 34.57011 13.8454 -0.986932 8.499435e-06 0.1611374 57 56 57 255 0.3169411 0.4965394
-22.02816 34.57011 13.71331 0.9869321 -1.755473e-08 -0.161137 49 32 24 255 0.8142967 0.04552791
-22.14334 35.88655 13.71331 -0.986925 -3.488113e-08 -0.1611801 51 30 27 255 0.3657722 0.09483889
-22.02816 35.88655 13.71331 0.986932 -1.755481e-08 -0.1611375 30 38 43 255 0.3657722 0.04552791
-30.17013 34.57011 13.71331 0.9869319 -1.755489e-08 -0.1611379 49 32 24 255 0.8844386 0.02868035
-30.17013 35.88655 13.8454 0.9869253 1.310346e-07 0.1611783 57 56 57 255 0.2343358 0.01299664
-30.17013 34.57011 13.8454 0.9869249 3.488125e-08 0.1611809 46 46 46 255 0.8844388 0.01299664
-30.28531 35.88655 13.8454 -0.9869319 8.499434e-06 0.1611381 27 32 35 255 0.8709347 0.009913146
-30.28532 34.57011 13.71331 -0.9869254 8.348406e-06 -0.1611775 33 36 41 255 0.2465538 0.02966881
-30.28532 34.57011 13.8454 -0.9869314 8.402872e-06 0.1611413 57 56 57 255 0.2465538 0.009913146
-30.17013 35.88655 13.8454 0.9869253 1.310346e-07 0.1611783 57 56 57 255 0.5669411 0.2465394
-30.28532 34.57011 13.8454 -0.9869314 8.402872e-06 0.1611413 57 56 57 255 0.3169411 0.4965394
-30.17013 34.57011 13.8454 0.9869249 3.488125e-08 0.1611809 46 46 46 255 0.3169411 0.2465394
-30.17013 34.57011 13.71331 0.9869319 -1.755489e-08 -0.1611379 49 32 24 255 0.8142967 0.04552791
-30.28531 35.88655 13.71331 -0.9869245 8.348813e-06 -0.1611835 51 30 27 255 0.3657722 0.09483889
-30.17013 35.88655 13.71331 0.9869317 -1.75551e-08 -0.1611392 27 14 10 255 0.3657722 0.04552791
-27.60457 34.57011 13.71331 0.9869231 -1.756372e-08 -0.1611918 49 32 24 255 0.8844386 0.02868035
-27.60457 35.88655 13.8454 0.986941 3.486534e-08 0.1610823 57 56 57 255 0.2343358 0.01299664
-27.60457 34.57011 13.8454 0.9869415 3.486491e-08 0.1610796 46 46 46 255 0.8844388 0.01299664
-27.71975 35.88655 13.71331 -0.9869413 8.349008e-06 -0.1610805 30 33 41 255 0.8709347 0.02966881
-27.71976 34.57011 13.8454 -0.9869235 8.401286e-06 0.1611897 30 33 41 255 0.2465538 0.009913146
-27.71975 35.88655 13.84539 -0.9869235 8.401281e-06 0.1611896 46 45 46 255 0.8709347 0.009913146
-27.60457 35.88655 13.8454 0.986941 3.486534e-08 0.1610823 57 56 57 255 0.5669411 0.2465394
-27.71976 34.57011 13.8454 -0.9869235 8.401286e-06 0.1611897 30 33 41 255 0.3169411 0.4965394
-27.60457 34.57011 13.8454 0.9869415 3.486491e-08 0.1610796 46 46 46 255 0.3169411 0.2465394
-27.60457 34.57011 13.71331 0.9869231 -1.756372e-08 -0.1611918 49 32 24 255 0.8142967 0.04552791
-27.71975 35.88655 13.71331 -0.9869413 8.349008e-06 -0.1610805 30 33 41 255 0.3657722 0.09483889
-27.60457 35.88655 13.71331 0.9869235 -1.756333e-08 -0.1611894 27 14 10 255 0.3657722 0.04552791
-32.63072 34.57011 13.71331 0.9869319 -1.137011e-07 -0.1611379 30 36 41 255 0.8844386 0.02868035
-32.63073 35.88655 13.8454 0.9869248 1.310356e-07 0.1611817 57 56 57 255 0.2343358 0.01299664
-32.63073 34.57011 13.8454 0.9869249 3.488125e-08 0.1611809 46 46 46 255 0.8844388 0.01299664
-32.7459 35.88655 13.71331 -0.9869248 8.346842e-06 -0.1611819 30 33 41 255 0.8709347 0.02966881
-32.74591 34.57011 13.8454 -0.9869319 8.40329e-06 0.1611379 57 56 57 255 0.2465538 0.009913146
-32.7459 35.88655 13.8454 -0.986932 8.499437e-06 0.1611377 27 32 35 255 0.8709347 0.009913146
-32.63073 35.88655 13.8454 0.9869248 1.310356e-07 0.1611817 57 56 57 255 0.5669411 0.2465394
-32.74591 34.57011 13.8454 -0.9869319 8.40329e-06 0.1611379 57 56 57 255 0.3169411 0.4965394
-32.63073 34.57011 13.8454 0.9869249 3.488125e-08 0.1611809 46 46 46 255 0.3169411 0.2465394
-32.63072 34.57011 13.71331 0.9869319 -1.137011e-07 -0.1611379 30 36 41 255 0.8142967 0.04552791
-32.7459 35.88655 13.71331 -0.9869248 8.346842e-06 -0.1611819 30 33 41 255 0.3657722 0.09483889
-32.63072 35.88655 13.71331 0.986932 -1.755481e-08 -0.1611375 30 38 43 255 0.3657722 0.04552791
-41.09137 34.57011 13.71331 0.9869316 -1.755517e-08 -0.1611397 30 36 41 255 0.8844386 0.02868035
-41.09138 35.88655 13.8454 0.9869248 2.271899e-07 0.1611817 33 32 41 255 0.2343358 0.01299664
-41.09138 34.57011 13.8454 0.9869254 3.48807e-08 0.1611775 46 46 46 255 0.8844388 0.01299664
-41.20655 35.88655 13.71331 -0.9869253 -3.488087e-08 -0.1611785 30 33 41 255 0.8709347 0.02966881
-41.20657 34.57011 13.8454 -0.9869319 2.150173e-08 0.1611379 30 33 41 255 0.2465538 0.009913146
-41.20655 35.88655 13.8454 -0.9869317 2.138106e-07 0.1611394 27 32 35 255 0.8709347 0.009913146
-41.09138 35.88655 13.8454 0.9869248 2.271899e-07 0.1611817 33 32 41 255 0.5669411 0.2465394
-41.20657 34.57011 13.8454 -0.9869319 2.150173e-08 0.1611379 30 33 41 255 0.3169411 0.4965394
-41.09138 34.57011 13.8454 0.9869254 3.48807e-08 0.1611775 46 46 46 255 0.3169411 0.2465394
-41.09137 34.57011 13.71331 0.9869316 -1.755517e-08 -0.1611397 30 36 41 255 0.8142967 0.04552791
-41.20655 35.88655 13.71331 -0.9869253 -3.488087e-08 -0.1611785 30 33 41 255 0.3657722 0.09483889
-41.09137 35.88655 13.71331 0.986932 -1.755481e-08 -0.1611375 30 38 43 255 0.3657722 0.04552791
-38.52582 34.57011 13.71331 0.9869231 -1.756372e-08 -0.1611918 30 36 41 255 0.8844386 0.02868035
-38.52581 35.88655 13.8454 0.986941 3.486534e-08 0.1610823 33 32 41 255 0.2343358 0.01299664
-38.52581 34.57011 13.8454 0.9869415 3.486491e-08 0.1610796 27 30 33 255 0.8844388 0.01299664
-38.641 35.88655 13.7133 -0.9869413 1.66696e-05 -0.1610805 51 30 27 255 0.8709347 0.02966881
-38.641 34.57011 13.8454 -0.9869235 8.084726e-08 0.1611897 57 56 57 255 0.2465538 0.009913146
-38.641 35.88655 13.84539 -0.9869235 1.6785e-05 0.1611896 27 32 35 255 0.8709347 0.009913146
-38.52581 35.88655 13.8454 0.986941 3.486534e-08 0.1610823 33 32 41 255 0.5669411 0.2465394
-38.641 34.57011 13.8454 -0.9869235 8.084726e-08 0.1611897 57 56 57 255 0.3169411 0.4965394
-38.52581 34.57011 13.8454 0.9869415 3.486491e-08 0.1610796 27 30 33 255 0.3169411 0.2465394
-38.52582 34.57011 13.71331 0.9869231 -1.756372e-08 -0.1611918 30 36 41 255 0.8142967 0.04552791
-38.641 35.88655 13.7133 -0.9869413 1.66696e-05 -0.1610805 51 30 27 255 0.3657722 0.09483889
-38.52582 35.88655 13.71331 0.9869235 -1.756333e-08 -0.1611894 27 14 10 255 0.3657722 0.04552791
-43.55197 34.57011 13.71331 0.9869319 -1.137011e-07 -0.1611379 49 32 24 255 0.8844386 0.02868035
-43.55198 35.88655 13.8454 0.9869248 3.488137e-08 0.1611817 33 32 41 255 0.2343358 0.01299664
-43.55198 34.57011 13.8454 0.9869249 3.488125e-08 0.1611809 27 30 33 255 0.8844388 0.01299664
-43.66715 35.88655 13.71331 -0.9869248 2.642895e-08 -0.1611819 51 30 27 255 0.8709347 0.02966881
-43.66716 34.57011 13.8454 -0.9869319 1.672179e-05 0.1611379 30 33 41 255 0.2465538 0.009913146
-43.66715 35.88655 13.8454 -0.986932 1.755484e-08 0.1611377 46 45 46 255 0.8709347 0.009913146
-43.55198 35.88655 13.8454 0.9869248 3.488137e-08 0.1611817 33 32 41 255 0.5669411 0.2465394
-43.66716 34.57011 13.8454 -0.9869319 1.672179e-05 0.1611379 30 33 41 255 0.3169411 0.4965394
-43.55198 34.57011 13.8454 0.9869249 3.488125e-08 0.1611809 27 30 33 255 0.3169411 0.2465394
-43.55197 34.57011 13.71331 0.9869319 -1.137011e-07 -0.1611379 49 32 24 255 0.8142967 0.04552791
-43.66715 35.88655 13.71331 -0.9869248 2.642895e-08 -0.1611819 51 30 27 255 0.3657722 0.09483889
-43.55197 35.88655 13.71331 0.986932 -1.755481e-08 -0.1611375 27 14 10 255 0.3657722 0.04552791
-51.93618 34.57011 13.71331 0.9869319 -1.137011e-07 -0.1611379 49 32 24 255 0.8844386 0.02868035
-51.93618 35.88655 13.8454 0.9869251 3.488101e-08 0.1611794 33 32 41 255 0.2343358 0.01299664
-51.93618 34.57011 13.8454 0.9869246 3.488157e-08 0.1611829 27 30 33 255 0.8844388 0.01299664
-52.05136 35.88655 13.71331 -0.9869248 1.673054e-05 -0.1611819 51 30 27 255 0.8709347 0.02966881
-52.05137 34.57011 13.8454 -0.9869323 1.678508e-05 0.1611358 30 33 41 255 0.2465538 0.009913146
-52.05136 35.88655 13.8454 -0.9869316 1.678506e-05 0.1611398 27 32 35 255 0.8709347 0.009913146
-51.93618 34.57011 13.8454 0.9869246 3.488157e-08 0.1611829 27 30 33 255 0.3169411 0.2465394
-52.05136 35.88655 13.8454 -0.9869316 1.678506e-05 0.1611398 27 32 35 255 0.5669411 0.4965394
-52.05137 34.57011 13.8454 -0.9869323 1.678508e-05 0.1611358 30 33 41 255 0.3169411 0.4965394
-51.93618 34.57011 13.71331 0.9869319 -1.137011e-07 -0.1611379 49 32 24 255 0.8142967 0.04552791
-52.05136 35.88655 13.71331 -0.9869248 1.673054e-05 -0.1611819 51 30 27 255 0.3657722 0.09483889
-51.93618 35.88655 13.71331 0.986932 -1.755481e-08 -0.1611375 27 14 10 255 0.3657722 0.04552791
-49.37063 34.57011 13.71331 0.9869231 -1.136951e-07 -0.1611917 49 32 24 255 0.8844386 0.02868035
-49.37062 35.88655 13.84539 0.9869413 3.486499e-08 0.1610801 33 32 41 255 0.2343358 0.01299664
-49.37062 34.57011 13.84539 0.9869411 1.309981e-07 0.1610816 46 46 46 255 0.8844388 0.01299664
-49.48581 35.88655 13.7133 -0.986941 2.644433e-08 -0.1610824 51 30 27 255 0.8709347 0.02966881
-49.48581 34.57011 13.84539 -0.9869235 1.681901e-05 0.1611893 57 56 57 255 0.2465538 0.009913146
-49.4858 35.88655 13.84539 -0.9869232 1.953675e-08 0.1611917 46 45 46 255 0.8709347 0.009913146
-49.37062 34.57011 13.84539 0.9869411 1.309981e-07 0.1610816 46 46 46 255 0.3169411 0.2465394
-49.4858 35.88655 13.84539 -0.9869232 1.953675e-08 0.1611917 46 45 46 255 0.5669411 0.4965394
-49.48581 34.57011 13.84539 -0.9869235 1.681901e-05 0.1611893 57 56 57 255 0.3169411 0.4965394
-49.37063 34.57011 13.71331 0.9869231 -1.136951e-07 -0.1611917 49 32 24 255 0.8142967 0.04552791
-49.48581 35.88655 13.7133 -0.986941 2.644433e-08 -0.1610824 51 30 27 255 0.3657722 0.09483889
-49.37063 35.88655 13.7133 0.9869236 -1.756318e-08 -0.1611885 27 14 10 255 0.3657722 0.04552791
-54.39678 34.57011 13.71331 0.9869321 -1.755473e-08 -0.161137 49 32 24 255 0.8844386 0.02868035
-54.39678 35.88655 13.8454 0.9869251 3.488101e-08 0.1611794 33 32 41 255 0.2343358 0.01299664
-54.39678 34.57011 13.8454 0.9869246 2.271745e-07 0.1611829 46 46 46 255 0.8844388 0.01299664
-54.51195 35.88655 13.84539 -0.9869313 2.150226e-08 0.1611419 46 45 46 255 0.8709347 0.009913146
-54.51197 34.57011 13.71331 -0.9869246 -3.488155e-08 -0.1611828 33 36 41 255 0.2465538 0.02966881
-54.51197 34.57011 13.8454 -0.986932 2.137929e-07 0.1611374 57 56 57 255 0.2465538 0.009913146
-54.39678 34.57011 13.8454 0.9869246 2.271745e-07 0.1611829 46 46 46 255 0.3169411 0.2465394
-54.51195 35.88655 13.84539 -0.9869313 2.150226e-08 0.1611419 46 45 46 255 0.5669411 0.4965394
-54.51197 34.57011 13.8454 -0.986932 2.137929e-07 0.1611374 57 56 57 255 0.3169411 0.4965394
-54.39678 34.57011 13.71331 0.9869321 -1.755473e-08 -0.161137 49 32 24 255 0.8142967 0.04552791
-54.51195 35.88655 13.7133 -0.986925 -3.488113e-08 -0.1611801 51 30 27 255 0.3657722 0.09483889
-54.39678 35.88655 13.71331 0.986932 -1.755481e-08 -0.1611375 27 14 10 255 0.3657722 0.04552791
-63.62085 34.57011 13.71331 0.9869319 -1.755494e-08 -0.1611383 30 36 41 255 0.8844386 0.02868035
-63.62085 35.88655 13.8454 0.9869248 1.310356e-07 0.1611817 57 56 57 255 0.2343358 0.01299664
-63.62085 34.57011 13.8454 0.986925 3.488113e-08 0.1611802 46 46 46 255 0.8844388 0.01299664
-63.73602 35.88655 13.7133 -0.9869248 -3.488141e-08 -0.1611819 30 33 41 255 0.8709347 0.02966881
-63.73603 34.57011 13.8454 -0.9869319 1.952835e-08 0.1611383 30 33 41 255 0.2465538 0.009913146
-63.73602 35.88655 13.8454 -0.986932 1.156831e-07 0.1611377 46 45 46 255 0.8709347 0.009913146
-63.62085 35.88655 13.8454 0.9869248 1.310356e-07 0.1611817 57 56 57 255 0.5669411 0.2465394
-63.73603 34.57011 13.8454 -0.9869319 1.952835e-08 0.1611383 30 33 41 255 0.3169411 0.4965394
-63.62085 34.57011 13.8454 0.986925 3.488113e-08 0.1611802 46 46 46 255 0.3169411 0.2465394
-63.62085 34.57011 13.71331 0.9869319 -1.755494e-08 -0.1611383 30 36 41 255 0.8142967 0.04552791
-63.73602 35.88655 13.7133 -0.9869248 -3.488141e-08 -0.1611819 30 33 41 255 0.3657722 0.09483889
-63.62085 35.88655 13.71331 0.986932 -1.755481e-08 -0.1611375 30 38 43 255 0.3657722 0.04552791
-61.05529 34.57011 13.71331 0.9869231 -1.756372e-08 -0.1611918 30 36 41 255 0.8844386 0.02868035
-61.05528 35.88655 13.84539 0.9869413 3.486507e-08 0.1610806 33 32 41 255 0.2343358 0.01299664
-61.05528 34.57011 13.84539 0.9869415 3.486491e-08 0.1610796 27 30 33 255 0.8844388 0.01299664
-61.17047 35.88655 13.7133 -0.9869413 1.66696e-05 -0.1610804 30 33 41 255 0.8709347 0.02966881
-61.17047 34.57011 13.8454 -0.9869233 8.084722e-08 0.1611906 30 33 41 255 0.2465538 0.009913146
-61.17046 35.88655 13.84539 -0.9869235 1.6785e-05 0.1611896 27 32 35 255 0.8709347 0.009913146
-61.05528 35.88655 13.84539 0.9869413 3.486507e-08 0.1610806 33 32 41 255 0.5669411 0.2465394
-61.17047 34.57011 13.8454 -0.9869233 8.084722e-08 0.1611906 30 33 41 255 0.3169411 0.4965394
-61.05528 34.57011 13.84539 0.9869415 3.486491e-08 0.1610796 27 30 33 255 0.3169411 0.2465394
-61.05529 34.57011 13.71331 0.9869231 -1.756372e-08 -0.1611918 30 36 41 255 0.8142967 0.04552791
-61.17047 35.88655 13.7133 -0.9869413 1.66696e-05 -0.1610804 30 33 41 255 0.3657722 0.09483889
-61.05529 35.88655 13.71331 0.9869234 -1.756347e-08 -0.1611903 27 14 10 255 0.3657722 0.04552791
-66.08144 34.57011 13.71331 0.9869319 -2.098474e-07 -0.1611379 49 32 24 255 0.8844386 0.02868035
-66.08144 35.88655 13.8454 0.9869251 3.488111e-08 0.16118 57 56 57 255 0.2343358 0.01299664
-66.08144 34.57011 13.8454 0.9869249 3.488125e-08 0.1611809 46 46 46 255 0.8844388 0.01299664
-66.19661 35.88655 13.71331 -0.986925 1.672816e-05 -0.1611802 51 30 27 255 0.8709347 0.02966881
-66.19662 34.57011 13.8454 -0.9869319 1.678507e-05 0.1611379 57 56 57 255 0.2465538 0.009913146
-66.19661 35.88655 13.8454 -0.9869318 1.678465e-05 0.1611386 46 45 46 255 0.8709347 0.009913146
-66.08144 35.88655 13.8454 0.9869251 3.488111e-08 0.16118 57 56 57 255 0.5669411 0.2465394
-66.19662 34.57011 13.8454 -0.9869319 1.678507e-05 0.1611379 57 56 57 255 0.3169411 0.4965394
-66.08144 34.57011 13.8454 0.9869249 3.488125e-08 0.1611809 46 46 46 255 0.3169411 0.2465394
-66.08144 34.57011 13.71331 0.9869319 -2.098474e-07 -0.1611379 49 32 24 255 0.8142967 0.04552791
-66.19661 35.88655 13.71331 -0.986925 1.672816e-05 -0.1611802 51 30 27 255 0.3657722 0.09483889
-66.08144 35.88655 13.71331 0.9869319 -1.755495e-08 -0.1611384 30 38 43 255 0.3657722 0.04552791
-63.43211 34.57011 -13.60009 0.9869319 -1.755493e-08 -0.1611382 49 32 24 255 0.8844386 0.02868035
-63.43211 35.88655 -13.468 0.9869249 1.310356e-07 0.161181 57 56 57 255 0.2343358 0.01299664
-63.43211 34.57011 -13.468 0.986925 3.488116e-08 0.1611803 46 46 46 255 0.8844388 0.01299664
-63.54728 35.88655 -13.60009 -0.9869248 -3.488131e-08 -0.1611813 51 30 27 255 0.8709347 0.02966881
-63.5473 34.57011 -13.468 -0.9869319 1.952819e-08 0.161138 57 56 57 255 0.2465538 0.009913146
-63.54729 35.88655 -13.468 -0.9869319 1.156831e-07 0.161138 46 45 46 255 0.8709347 0.009913146
-63.43211 35.88655 -13.468 0.9869249 1.310356e-07 0.161181 57 56 57 255 0.5669411 0.2465394
-63.5473 34.57011 -13.468 -0.9869319 1.952819e-08 0.161138 57 56 57 255 0.3169411 0.4965394
-63.43211 34.57011 -13.468 0.986925 3.488116e-08 0.1611803 46 46 46 255 0.3169411 0.2465394
-63.43211 34.57011 -13.60009 0.9869319 -1.755493e-08 -0.1611382 49 32 24 255 0.8142967 0.04552791
-63.54728 35.88655 -13.60009 -0.9869248 -3.488131e-08 -0.1611813 51 30 27 255 0.3657722 0.09483889
-63.43211 35.88655 -13.60009 0.986932 -1.755486e-08 -0.1611378 27 14 10 255 0.3657722 0.04552791
-60.86656 34.57011 -13.60009 0.9869231 -1.756376e-08 -0.161192 30 36 41 255 0.8844386 0.02868035
-60.86655 35.88655 -13.468 0.9869412 3.486522e-08 0.1610815 33 32 41 255 0.2343358 0.01299664
-60.86655 34.57011 -13.468 0.9869415 3.486483e-08 0.161079 27 30 33 255 0.8844388 0.01299664
-60.98173 35.88655 -13.6001 -0.9869414 1.666944e-05 -0.1610798 30 33 41 255 0.8709347 0.02966881
-60.98174 34.57011 -13.468 -0.9869235 8.084659e-08 0.1611899 30 33 41 255 0.2465538 0.009913146
-60.98172 35.88655 -13.46801 -0.9869234 1.678482e-05 0.1611899 46 45 46 255 0.8709347 0.009913146
-60.86655 35.88655 -13.468 0.9869412 3.486522e-08 0.1610815 33 32 41 255 0.5669411 0.2465394
-60.98174 34.57011 -13.468 -0.9869235 8.084659e-08 0.1611899 30 33 41 255 0.3169411 0.4965394
-60.86655 34.57011 -13.468 0.9869415 3.486483e-08 0.161079 27 30 33 255 0.3169411 0.2465394
-60.86656 34.57011 -13.60009 0.9869231 -1.756376e-08 -0.161192 30 36 41 255 0.8142967 0.04552791
-60.98173 35.88655 -13.6001 -0.9869414 1.666944e-05 -0.1610798 30 33 41 255 0.3657722 0.09483889
-60.86656 35.88655 -13.60009 0.9869235 -1.756339e-08 -0.1611897 30 38 43 255 0.3657722 0.04552791
-65.8927 34.57011 -13.60009 0.9869319 -1.137011e-07 -0.1611382 49 32 24 255 0.8844386 0.02868035
-65.8927 35.88655 -13.468 0.9869252 3.488093e-08 0.1611789 33 32 41 255 0.2343358 0.01299664
-65.8927 34.57011 -13.468 0.9869246 3.488149e-08 0.1611824 46 46 46 255 0.8844388 0.01299664
-66.00787 35.88655 -13.60009 -0.9869248 1.673039e-05 -0.1611813 51 30 27 255 0.8709347 0.02966881
-66.00789 34.57011 -13.468 -0.9869322 1.67849e-05 0.161136 57 56 57 255 0.2465538 0.009913146
-66.00789 35.88655 -13.468 -0.9869316 1.678488e-05 0.1611401 46 45 46 255 0.8709347 0.009913146
-65.8927 34.57011 -13.468 0.9869246 3.488149e-08 0.1611824 46 46 46 255 0.3169411 0.2465394
-66.00789 35.88655 -13.468 -0.9869316 1.678488e-05 0.1611401 46 45 46 255 0.5669411 0.4965394
-66.00789 34.57011 -13.468 -0.9869322 1.67849e-05 0.161136 57 56 57 255 0.3169411 0.4965394
-65.8927 34.57011 -13.60009 0.9869319 -1.137011e-07 -0.1611382 49 32 24 255 0.8142967 0.04552791
-66.00787 35.88655 -13.60009 -0.9869248 1.673039e-05 -0.1611813 51 30 27 255 0.3657722 0.09483889
-65.8927 35.88655 -13.60009 0.986932 -1.755486e-08 -0.1611378 27 14 10 255 0.3657722 0.04552791
-51.42929 34.57011 -13.60009 0.9869319 -1.137011e-07 -0.1611382 30 36 41 255 0.8844386 0.02868035
-51.42929 35.88655 -13.468 0.9869249 3.488126e-08 0.161181 33 32 41 255 0.2343358 0.01299664
-51.42929 34.57011 -13.468 0.986925 3.488116e-08 0.1611803 27 30 33 255 0.8844388 0.01299664
-51.54447 35.88655 -13.60009 -0.9869248 1.673039e-05 -0.1611813 30 33 41 255 0.8709347 0.02966881
-51.54448 34.57011 -13.468 -0.9869319 1.67849e-05 0.161138 30 33 41 255 0.2465538 0.009913146
-51.54447 35.88655 -13.468 -0.9869319 1.678488e-05 0.161138 27 32 35 255 0.8709347 0.009913146
-51.42929 35.88655 -13.468 0.9869249 3.488126e-08 0.161181 33 32 41 255 0.5669411 0.2465394
-51.54448 34.57011 -13.468 -0.9869319 1.67849e-05 0.161138 30 33 41 255 0.3169411 0.4965394
-51.42929 34.57011 -13.468 0.986925 3.488116e-08 0.1611803 27 30 33 255 0.3169411 0.2465394
-51.42929 34.57011 -13.60009 0.9869319 -1.137011e-07 -0.1611382 30 36 41 255 0.8142967 0.04552791
-51.54447 35.88655 -13.60009 -0.9869248 1.673039e-05 -0.1611813 30 33 41 255 0.3657722 0.09483889
-51.42929 35.88655 -13.60009 0.986932 -1.755486e-08 -0.1611378 30 38 43 255 0.3657722 0.04552791
-48.86374 34.57011 -13.60009 0.9869231 -1.136951e-07 -0.161192 30 36 41 255 0.8844386 0.02868035
-48.86373 35.88655 -13.468 0.9869411 1.310072e-07 0.1610815 57 56 57 255 0.2343358 0.01299664
-48.86373 34.57011 -13.468 0.9869415 3.486482e-08 0.161079 46 46 46 255 0.8844388 0.01299664
-48.97892 35.88655 -13.6001 -0.9869414 2.64464e-08 -0.1610798 30 33 41 255 0.8709347 0.02966881
-48.97892 34.57011 -13.468 -0.9869235 1.672352e-05 0.1611898 57 56 57 255 0.2465538 0.009913146
-48.97891 35.88655 -13.46801 -0.9869234 1.156754e-07 0.16119 27 32 35 255 0.8709347 0.009913146
-48.86373 35.88655 -13.468 0.9869411 1.310072e-07 0.1610815 57 56 57 255 0.5669411 0.2465394
-48.97892 34.57011 -13.468 -0.9869235 1.672352e-05 0.1611898 57 56 57 255 0.3169411 0.4965394
-48.86373 34.57011 -13.468 0.9869415 3.486482e-08 0.161079 46 46 46 255 0.3169411 0.2465394
-48.86374 34.57011 -13.60009 0.9869231 -1.136951e-07 -0.161192 30 36 41 255 0.8142967 0.04552791
-48.97892 35.88655 -13.6001 -0.9869414 2.64464e-08 -0.1610798 30 33 41 255 0.3657722 0.09483889
-48.86374 35.88655 -13.6001 0.9869235 -1.756339e-08 -0.1611897 30 38 43 255 0.3657722 0.04552791
-53.88988 34.57011 -13.60009 0.9869319 -1.755493e-08 -0.1611382 49 32 24 255 0.8844386 0.02868035
-53.88989 35.88655 -13.468 0.9869249 1.310356e-07 0.161181 33 32 41 255 0.2343358 0.01299664
-53.88989 34.57011 -13.468 0.986925 3.488116e-08 0.1611803 27 30 33 255 0.8844388 0.01299664
-54.00505 35.88655 -13.468 -0.9869319 1.156834e-07 0.1611383 46 45 46 255 0.8709347 0.009913146
-54.00507 34.57011 -13.60009 -0.986925 -3.488116e-08 -0.1611803 33 20 16 255 0.2465538 0.02966881
-54.00507 34.57011 -13.468 -0.9869316 1.952848e-08 0.1611397 57 56 57 255 0.2465538 0.009913146
-53.88989 35.88655 -13.468 0.9869249 1.310356e-07 0.161181 33 32 41 255 0.5669411 0.2465394
-54.00507 34.57011 -13.468 -0.9869316 1.952848e-08 0.1611397 57 56 57 255 0.3169411 0.4965394
-53.88989 34.57011 -13.468 0.986925 3.488116e-08 0.1611803 27 30 33 255 0.3169411 0.2465394
-53.88988 34.57011 -13.60009 0.9869319 -1.755493e-08 -0.1611382 49 32 24 255 0.8142967 0.04552791
-54.00506 35.88655 -13.60009 -0.9869246 -3.488158e-08 -0.161183 51 30 27 255 0.3657722 0.09483889
-53.88988 35.88655 -13.60009 0.986932 -1.755486e-08 -0.1611378 27 14 10 255 0.3657722 0.04552791
-40.4296 34.57011 -13.60009 0.9869319 -1.755492e-08 -0.1611382 30 36 41 255 0.8844386 0.02868035
-40.42961 35.88655 -13.468 0.9869249 2.271899e-07 0.1611809 33 32 41 255 0.2343358 0.01299664
-40.42961 34.57011 -13.468 0.986925 3.488118e-08 0.1611804 27 30 33 255 0.8844388 0.01299664
-40.54478 35.88655 -13.60009 -0.9869248 -3.488131e-08 -0.1611813 30 33 41 255 0.8709347 0.02966881
-40.5448 34.57011 -13.468 -0.9869319 2.15015e-08 0.161138 30 33 41 255 0.2465538 0.009913146
-40.54479 35.88655 -13.468 -0.9869319 2.138114e-07 0.1611381 27 32 35 255 0.8709347 0.009913146
-40.42961 35.88655 -13.468 0.9869249 2.271899e-07 0.1611809 33 32 41 255 0.5669411 0.2465394
-40.5448 34.57011 -13.468 -0.9869319 2.15015e-08 0.161138 30 33 41 255 0.3169411 0.4965394
-40.42961 34.57011 -13.468 0.986925 3.488118e-08 0.1611804 27 30 33 255 0.3169411 0.2465394
-40.4296 34.57011 -13.60009 0.9869319 -1.755492e-08 -0.1611382 30 36 41 255 0.8142967 0.04552791
-40.54478 35.88655 -13.60009 -0.9869248 -3.488131e-08 -0.1611813 30 33 41 255 0.3657722 0.09483889
-40.4296 35.88655 -13.60009 0.986932 -1.755485e-08 -0.1611377 27 14 10 255 0.3657722 0.04552791
-37.86405 34.57011 -13.60009 0.9869231 -1.756377e-08 -0.1611921 49 32 24 255 0.8844386 0.02868035
-37.86405 35.88655 -13.468 0.9869412 3.486522e-08 0.1610815 57 56 57 255 0.2343358 0.01299664
-37.86405 34.57011 -13.468 0.9869415 3.486482e-08 0.161079 27 30 33 255 0.8844388 0.01299664
-37.97923 35.88655 -13.6001 -0.9869414 1.666944e-05 -0.1610799 51 30 27 255 0.8709347 0.02966881
-37.97924 34.57011 -13.468 -0.9869235 8.084654e-08 0.1611898 57 56 57 255 0.2465538 0.009913146
-37.97922 35.88655 -13.46801 -0.9869234 1.678481e-05 0.16119 46 45 46 255 0.8709347 0.009913146
-37.86405 35.88655 -13.468 0.9869412 3.486522e-08 0.1610815 57 56 57 255 0.5669411 0.2465394
-37.97924 34.57011 -13.468 -0.9869235 8.084654e-08 0.1611898 57 56 57 255 0.3169411 0.4965394
-37.86405 34.57011 -13.468 0.9869415 3.486482e-08 0.161079 27 30 33 255 0.3169411 0.2465394
-37.86405 34.57011 -13.60009 0.9869231 -1.756377e-08 -0.1611921 49 32 24 255 0.8142967 0.04552791
-37.97923 35.88655 -13.6001 -0.9869414 1.666944e-05 -0.1610799 51 30 27 255 0.3657722 0.09483889
-37.86405 35.88655 -13.60009 0.9869235 -1.756338e-08 -0.1611897 30 38 43 255 0.3657722 0.04552791
-42.89019 34.57011 -13.60009 0.9869319 -2.098473e-07 -0.1611382 49 32 24 255 0.8844386 0.02868035
-42.8902 35.88655 -13.468 0.9869249 3.488126e-08 0.1611809 57 56 57 255 0.2343358 0.01299664
-42.8902 34.57011 -13.468 0.986925 3.488117e-08 0.1611804 46 46 46 255 0.8844388 0.01299664
-43.00537 35.88655 -13.60009 -0.9869248 1.67284e-05 -0.1611813 51 30 27 255 0.8709347 0.02966881
-43.00539 34.57011 -13.468 -0.9869319 1.678491e-05 0.161138 57 56 57 255 0.2465538 0.009913146
-43.00537 35.88655 -13.468 -0.9869319 1.678487e-05 0.161138 27 32 35 255 0.8709347 0.009913146
-42.8902 35.88655 -13.468 0.9869249 3.488126e-08 0.1611809 57 56 57 255 0.5669411 0.2465394
-43.00539 34.57011 -13.468 -0.9869319 1.678491e-05 0.161138 57 56 57 255 0.3169411 0.4965394
-42.8902 34.57011 -13.468 0.986925 3.488117e-08 0.1611804 46 46 46 255 0.3169411 0.2465394
-42.89019 34.57011 -13.60009 0.9869319 -2.098473e-07 -0.1611382 49 32 24 255 0.8142967 0.04552791
-43.00537 35.88655 -13.60009 -0.9869248 1.67284e-05 -0.1611813 51 30 27 255 0.3657722 0.09483889
-42.89019 35.88655 -13.60009 0.986932 -1.755486e-08 -0.1611378 27 14 10 255 0.3657722 0.04552791
-29.97904 34.57011 -13.60009 0.9869319 -1.755494e-08 -0.1611383 30 36 41 255 0.8844386 0.02868035
-29.97904 35.88655 -13.468 0.9869249 3.488128e-08 0.1611811 33 32 41 255 0.2343358 0.01299664
-29.97904 34.57011 -13.468 0.986925 3.488115e-08 0.1611803 27 30 33 255 0.8844388 0.01299664
-30.09422 35.88655 -13.468 -0.9869319 8.369691e-06 0.1611384 27 32 35 255 0.8709347 0.009913146
-30.09423 34.57011 -13.60009 -0.986925 -3.346669e-09 -0.1611803 33 36 41 255 0.2465538 0.02966881
-30.09423 34.57011 -13.468 -0.9869316 1.755517e-08 0.1611397 30 33 41 255 0.2465538 0.009913146
-29.97904 35.88655 -13.468 0.9869249 3.488128e-08 0.1611811 33 32 41 255 0.5669411 0.2465394
-30.09423 34.57011 -13.468 -0.9869316 1.755517e-08 0.1611397 30 33 41 255 0.3169411 0.4965394
-29.97904 34.57011 -13.468 0.986925 3.488115e-08 0.1611803 27 30 33 255 0.3169411 0.2465394
-29.97904 34.57011 -13.60009 0.9869319 -1.755494e-08 -0.1611383 30 36 41 255 0.8142967 0.04552791
-30.09421 35.88655 -13.60009 -0.9869246 8.348745e-06 -0.161183 51 30 27 255 0.3657722 0.09483889
-29.97904 35.88655 -13.60009 0.986932 -1.755484e-08 -0.1611377 30 38 43 255 0.3657722 0.04552791
-27.41348 34.57011 -13.60009 0.9869231 -1.756376e-08 -0.161192 49 32 24 255 0.8844386 0.02868035
-27.41348 35.88655 -13.468 0.9869412 3.486522e-08 0.1610815 57 56 57 255 0.2343358 0.01299664
-27.41348 34.57011 -13.468 0.9869415 3.486483e-08 0.1610791 46 46 46 255 0.8844388 0.01299664
-27.52866 35.88655 -13.6001 -0.9869414 8.348918e-06 -0.1610798 51 30 27 255 0.8709347 0.02966881
-27.52867 34.57011 -13.468 -0.9869235 8.401206e-06 0.1611898 57 56 57 255 0.2465538 0.009913146
-27.52865 35.88655 -13.46801 -0.9869234 8.401174e-06 0.16119 46 45 46 255 0.8709347 0.009913146
-27.41348 35.88655 -13.468 0.9869412 3.486522e-08 0.1610815 57 56 57 255 0.5669411 0.2465394
-27.52867 34.57011 -13.468 -0.9869235 8.401206e-06 0.1611898 57 56 57 255 0.3169411 0.4965394
-27.41348 34.57011 -13.468 0.9869415 3.486483e-08 0.1610791 46 46 46 255 0.3169411 0.2465394
-27.41348 34.57011 -13.60009 0.9869231 -1.756376e-08 -0.161192 49 32 24 255 0.8142967 0.04552791
-27.52866 35.88655 -13.6001 -0.9869414 8.348918e-06 -0.1610798 51 30 27 255 0.3657722 0.09483889
-27.41348 35.88655 -13.60009 0.9869235 -1.756337e-08 -0.1611897 30 38 43 255 0.3657722 0.04552791
-32.43962 34.57011 -13.60009 0.9869319 -1.755493e-08 -0.1611382 49 32 24 255 0.8844386 0.02868035
-32.43963 35.88655 -13.468 0.9869249 1.310356e-07 0.161181 57 56 57 255 0.2343358 0.01299664
-32.43963 34.57011 -13.468 0.986925 3.488116e-08 0.1611803 46 46 46 255 0.8844388 0.01299664
-32.55481 35.88655 -13.60009 -0.9869248 8.348735e-06 -0.1611813 51 30 27 255 0.8709347 0.02966881
-32.55481 34.57011 -13.468 -0.9869319 8.403192e-06 0.161138 57 56 57 255 0.2465538 0.009913146
-32.5548 35.88655 -13.468 -0.9869319 8.499343e-06 0.1611381 46 45 46 255 0.8709347 0.009913146
-32.43963 35.88655 -13.468 0.9869249 1.310356e-07 0.161181 57 56 57 255 0.5669411 0.2465394
-32.55481 34.57011 -13.468 -0.9869319 8.403192e-06 0.161138 57 56 57 255 0.3169411 0.4965394
-32.43963 34.57011 -13.468 0.986925 3.488116e-08 0.1611803 46 46 46 255 0.3169411 0.2465394
-32.43962 34.57011 -13.60009 0.9869319 -1.755493e-08 -0.1611382 49 32 24 255 0.8142967 0.04552791
-32.55481 35.88655 -13.60009 -0.9869248 8.348735e-06 -0.1611813 51 30 27 255 0.3657722 0.09483889
-32.43962 35.88655 -13.60009 0.986932 -1.755485e-08 -0.1611377 30 38 43 255 0.3657722 0.04552791
-19.5921 34.57011 -13.60009 0.9869319 -1.755493e-08 -0.1611382 30 36 41 255 0.8844386 0.02868035
-19.5921 35.88655 -13.468 0.9869249 1.310356e-07 0.161181 33 32 41 255 0.2343358 0.01299664
-19.5921 34.57011 -13.468 0.986925 3.488114e-08 0.1611802 27 30 33 255 0.8844388 0.01299664
-19.70728 35.88655 -13.468 -0.9869319 8.499328e-06 0.1611385 27 32 35 255 0.8709347 0.009913146
-19.70729 34.57011 -13.60009 -0.986925 8.348739e-06 -0.1611804 33 36 41 255 0.2465538 0.02966881
-19.70729 34.57011 -13.468 -0.9869316 8.40321e-06 0.1611397 57 56 57 255 0.2465538 0.009913146
-19.5921 35.88655 -13.468 0.9869249 1.310356e-07 0.161181 33 32 41 255 0.5669411 0.2465394
-19.70729 34.57011 -13.468 -0.9869316 8.40321e-06 0.1611397 57 56 57 255 0.3169411 0.4965394
-19.5921 34.57011 -13.468 0.986925 3.488114e-08 0.1611802 27 30 33 255 0.3169411 0.2465394
-19.5921 34.57011 -13.60009 0.9869319 -1.755493e-08 -0.1611382 30 36 41 255 0.8142967 0.04552791
-19.70727 35.88655 -13.60009 -0.9869246 8.348716e-06 -0.1611827 30 33 41 255 0.3657722 0.09483889
-19.5921 35.88655 -13.60009 0.986932 -1.755486e-08 -0.1611378 30 38 43 255 0.3657722 0.04552791
-17.02655 34.57011 -13.60009 0.9869231 -1.136951e-07 -0.1611921 30 36 41 255 0.8844386 0.02868035
-17.02654 35.88655 -13.468 0.9869412 3.486522e-08 0.1610815 57 56 57 255 0.2343358 0.01299664
-17.02654 34.57011 -13.468 0.9869415 3.486482e-08 0.161079 46 46 46 255 0.8844388 0.01299664
-17.14172 35.88655 -13.6001 -0.9869414 8.346965e-06 -0.1610799 30 33 41 255 0.8709347 0.02966881
-17.14173 34.57011 -13.468 -0.9869235 8.401175e-06 0.1611899 57 56 57 255 0.2465538 0.009913146
-17.14172 35.88655 -13.46801 -0.9869234 8.401198e-06 0.1611899 27 32 35 255 0.8709347 0.009913146
-17.02654 35.88655 -13.468 0.9869412 3.486522e-08 0.1610815 57 56 57 255 0.5669411 0.2465394
-17.14173 34.57011 -13.468 -0.9869235 8.401175e-06 0.1611899 57 56 57 255 0.3169411 0.4965394
-17.02654 34.57011 -13.468 0.9869415 3.486482e-08 0.161079 46 46 46 255 0.3169411 0.2465394
-17.02655 34.57011 -13.60009 0.9869231 -1.136951e-07 -0.1611921 30 36 41 255 0.8142967 0.04552791
-17.14172 35.88655 -13.6001 -0.9869414 8.346965e-06 -0.1610799 30 33 41 255 0.3657722 0.09483889
-17.02655 35.88655 -13.60009 0.9869235 -1.756338e-08 -0.1611897 30 38 43 255 0.3657722 0.04552791
-22.05269 34.57011 -13.60009 0.9869319 -1.137011e-07 -0.1611382 30 36 41 255 0.8844386 0.02868035
-22.05269 35.88655 -13.468 0.9869249 1.310356e-07 0.161181 57 56 57 255 0.2343358 0.01299664
-22.05269 34.57011 -13.468 0.986925 3.488117e-08 0.1611804 46 46 46 255 0.8844388 0.01299664
-22.16787 35.88655 -13.468 -0.9869319 8.499354e-06 0.1611384 27 32 35 255 0.8709347 0.009913146
-22.16788 34.57011 -13.60009 -0.986925 8.250594e-06 -0.1611801 33 36 41 255 0.2465538 0.02966881
-22.16788 34.57011 -13.468 -0.9869316 8.403179e-06 0.1611397 57 56 57 255 0.2465538 0.009913146
-22.05269 35.88655 -13.468 0.9869249 1.310356e-07 0.161181 57 56 57 255 0.5669411 0.2465394
-22.16788 34.57011 -13.468 -0.9869316 8.403179e-06 0.1611397 57 56 57 255 0.3169411 0.4965394
-22.05269 34.57011 -13.468 0.986925 3.488117e-08 0.1611804 46 46 46 255 0.3169411 0.2465394
-22.05269 34.57011 -13.60009 0.9869319 -1.137011e-07 -0.1611382 30 36 41 255 0.8142967 0.04552791
-22.16787 35.88655 -13.60009 -0.9869245 8.346773e-06 -0.1611831 30 33 41 255 0.3657722 0.09483889
-22.05269 35.88655 -13.60009 0.986932 -1.755484e-08 -0.1611377 30 38 43 255 0.3657722 0.04552791
-8.740669 34.57011 -13.60009 0.9869319 -1.755489e-08 -0.161138 30 36 41 255 0.8844386 0.02868035
-8.740669 35.88655 -13.468 0.9869249 1.310355e-07 0.1611808 33 32 41 255 0.2343358 0.01299664
-8.740669 34.57011 -13.468 0.9869249 3.488122e-08 0.1611807 27 30 33 255 0.8844388 0.01299664
-8.855843 35.88655 -13.60009 -0.9869248 8.317102e-06 -0.1611813 30 33 41 255 0.8709347 0.02966881
-8.855858 34.57011 -13.468 -0.9869319 5.117001e-08 0.1611381 30 33 41 255 0.2465538 0.009913146
-8.855846 35.88655 -13.468 -0.9869319 8.499354e-06 0.161138 46 45 46 255 0.8709347 0.009913146
-8.740669 35.88655 -13.468 0.9869249 1.310355e-07 0.1611808 33 32 41 255 0.5669411 0.2465394
-8.855858 34.57011 -13.468 -0.9869319 5.117001e-08 0.1611381 30 33 41 255 0.3169411 0.4965394
-8.740669 34.57011 -13.468 0.9869249 3.488122e-08 0.1611807 27 30 33 255 0.3169411 0.2465394
-8.740669 34.57011 -13.60009 0.9869319 -1.755489e-08 -0.161138 30 36 41 255 0.8142967 0.04552791
-8.855843 35.88655 -13.60009 -0.9869248 8.317102e-06 -0.1611813 30 33 41 255 0.3657722 0.09483889
-8.740669 35.88655 -13.60009 0.9869319 -1.755487e-08 -0.1611379 30 38 43 255 0.3657722 0.04552791
-6.175114 34.57011 -13.60009 0.986923 -6.562947e-08 -0.1611922 30 36 41 255 0.8844386 0.02868035
-6.175106 35.88655 -13.468 0.9869412 8.293619e-08 0.1610815 33 32 41 255 0.2343358 0.01299664
-6.175106 34.57011 -13.468 0.9869415 3.486482e-08 0.161079 27 30 33 255 0.8844388 0.01299664
-6.290291 35.88655 -13.6001 -0.9869414 8.347951e-06 -0.1610799 30 33 41 255 0.8709347 0.02966881
-6.290291 34.57011 -13.468 -0.9869235 8.402189e-06 0.1611898 30 33 41 255 0.2465538 0.009913146
-6.290279 35.88655 -13.46801 -0.9869234 8.450254e-06 0.1611899 27 32 35 255 0.8709347 0.009913146
-6.175106 35.88655 -13.468 0.9869412 8.293619e-08 0.1610815 33 32 41 255 0.5669411 0.2465394
-6.290291 34.57011 -13.468 -0.9869235 8.402189e-06 0.1611898 30 33 41 255 0.3169411 0.4965394
-6.175106 34.57011 -13.468 0.9869415 3.486482e-08 0.161079 27 30 33 255 0.3169411 0.2465394
-6.175114 34.57011 -13.60009 0.986923 -6.562947e-08 -0.1611922 30 36 41 255 0.8142967 0.04552791
-6.290291 35.88655 -13.6001 -0.9869414 8.347951e-06 -0.1610799 30 33 41 255 0.3657722 0.09483889
-6.175114 35.88655 -13.60009 0.9869235 -1.756338e-08 -0.1611897 30 38 43 255 0.3657722 0.04552791
-11.20125 34.57011 -13.60009 0.9869319 -1.137011e-07 -0.1611382 30 36 41 255 0.8844386 0.02868035
-11.20126 35.88655 -13.468 0.9869252 3.48809e-08 0.1611788 33 32 41 255 0.2343358 0.01299664
-11.20126 34.57011 -13.468 0.9869246 3.488151e-08 0.1611825 27 30 33 255 0.8844388 0.01299664
-11.31643 35.88655 -13.60009 -0.9869248 8.34677e-06 -0.1611813 30 33 41 255 0.8709347 0.02966881
-11.31645 34.57011 -13.468 -0.9869322 8.40123e-06 0.1611359 30 33 41 255 0.2465538 0.009913146
-11.31643 35.88655 -13.468 -0.9869316 8.401224e-06 0.16114 27 32 35 255 0.8709347 0.009913146
-11.20126 34.57011 -13.468 0.9869246 3.488151e-08 0.1611825 27 30 33 255 0.3169411 0.2465394
-11.31643 35.88655 -13.468 -0.9869316 8.401224e-06 0.16114 27 32 35 255 0.5669411 0.4965394
-11.31645 34.57011 -13.468 -0.9869322 8.40123e-06 0.1611359 30 33 41 255 0.3169411 0.4965394
-11.20125 34.57011 -13.60009 0.9869319 -1.137011e-07 -0.1611382 30 36 41 255 0.8142967 0.04552791
-11.31643 35.88655 -13.60009 -0.9869248 8.34677e-06 -0.1611813 30 33 41 255 0.3657722 0.09483889
-11.20125 35.88655 -13.60009 0.9869319 -1.755487e-08 -0.1611379 30 38 43 255 0.3657722 0.04552791
2.330746 34.57011 -13.60009 0.9869319 -6.562804e-08 -0.1611382 30 36 41 255 0.8844386 0.02868035
2.330742 35.88655 -13.468 0.9869249 8.295833e-08 0.1611807 33 32 41 255 0.2343358 0.01299664
2.330742 34.57011 -13.468 0.9869249 3.488118e-08 0.1611805 27 30 33 255 0.8844388 0.01299664
2.215569 35.88655 -13.60009 -0.9869249 8.347733e-06 -0.1611811 51 30 27 255 0.8709347 0.02966881
2.215553 34.57011 -13.468 -0.9869319 8.402216e-06 0.1611379 57 56 57 255 0.2465538 0.009913146
2.215565 35.88655 -13.468 -0.9869319 8.450269e-06 0.1611382 46 45 46 255 0.8709347 0.009913146
2.330742 35.88655 -13.468 0.9869249 8.295833e-08 0.1611807 33 32 41 255 0.5669411 0.2465394
2.215553 34.57011 -13.468 -0.9869319 8.402216e-06 0.1611379 57 56 57 255 0.3169411 0.4965394
2.330742 34.57011 -13.468 0.9869249 3.488118e-08 0.1611805 27 30 33 255 0.3169411 0.2465394
2.330746 34.57011 -13.60009 0.9869319 -6.562804e-08 -0.1611382 30 36 41 255 0.8142967 0.04552791
2.215569 35.88655 -13.60009 -0.9869249 8.347733e-06 -0.1611811 51 30 27 255 0.3657722 0.09483889
2.330746 35.88655 -13.60009 0.9869319 -1.755487e-08 -0.1611379 27 14 10 255 0.3657722 0.04552791
4.896297 34.57011 -13.60009 0.986923 -6.562951e-08 -0.1611922 49 32 24 255 0.8844386 0.02868035
4.896309 35.88655 -13.468 0.9869411 8.293619e-08 0.1610816 57 56 57 255 0.2343358 0.01299664
4.896309 34.57011 -13.468 0.9869415 3.486482e-08 0.161079 46 46 46 255 0.8844388 0.01299664
4.781124 35.88655 -13.6001 -0.9869414 8.347931e-06 -0.1610798 30 33 41 255 0.8709347 0.02966881
4.78112 34.57011 -13.468 -0.9869235 8.402213e-06 0.1611897 30 33 41 255 0.2465538 0.009913146
4.781128 35.88655 -13.46801 -0.9869234 8.450234e-06 0.1611901 46 45 46 255 0.8709347 0.009913146
4.896309 35.88655 -13.468 0.9869411 8.293619e-08 0.1610816 57 56 57 255 0.5669411 0.2465394
4.78112 34.57011 -13.468 -0.9869235 8.402213e-06 0.1611897 30 33 41 255 0.3169411 0.4965394
4.896309 34.57011 -13.468 0.9869415 3.486482e-08 0.161079 46 46 46 255 0.3169411 0.2465394
4.896297 34.57011 -13.60009 0.986923 -6.562951e-08 -0.1611922 49 32 24 255 0.8142967 0.04552791
4.781124 35.88655 -13.6001 -0.9869414 8.347931e-06 -0.1610798 30 33 41 255 0.3657722 0.09483889
4.896297 35.88655 -13.60009 0.9869235 -1.756336e-08 -0.1611896 30 38 43 255 0.3657722 0.04552791
-0.1298447 34.57011 -13.60009 0.9869319 -6.562804e-08 -0.1611382 30 36 41 255 0.8844386 0.02868035
-0.1298485 35.88655 -13.468 0.9869249 8.295843e-08 0.161181 33 32 41 255 0.2343358 0.01299664
-0.1298485 34.57011 -13.468 0.986925 3.488117e-08 0.1611804 27 30 33 255 0.8844388 0.01299664
-0.2450218 35.88655 -13.60009 -0.9869248 8.347736e-06 -0.1611812 30 33 41 255 0.8709347 0.02966881
-0.2450371 34.57011 -13.468 -0.9869319 8.402221e-06 0.161138 30 33 41 255 0.2465538 0.009913146
-0.2450256 35.88655 -13.468 -0.9869319 8.450264e-06 0.1611381 27 32 35 255 0.8709347 0.009913146
-0.1298485 35.88655 -13.468 0.9869249 8.295843e-08 0.161181 33 32 41 255 0.5669411 0.2465394
-0.2450371 34.57011 -13.468 -0.9869319 8.402221e-06 0.161138 30 33 41 255 0.3169411 0.4965394
-0.1298485 34.57011 -13.468 0.986925 3.488117e-08 0.1611804 27 30 33 255 0.3169411 0.2465394
-0.1298447 34.57011 -13.60009 0.9869319 -6.562804e-08 -0.1611382 30 36 41 255 0.8142967 0.04552791
-0.2450218 35.88655 -13.60009 -0.9869248 8.347736e-06 -0.1611812 30 33 41 255 0.3657722 0.09483889
-0.1298447 35.88655 -13.60009 0.986932 -1.755484e-08 -0.1611377 30 38 43 255 0.3657722 0.04552791
12.90793 34.57011 -13.60009 0.9869319 -6.562806e-08 -0.1611382 30 36 41 255 0.8844386 0.02868035
12.90792 35.88655 -13.468 0.9869253 3.488088e-08 0.1611786 57 56 57 255 0.2343358 0.01299664
12.90792 34.57011 -13.468 0.9869246 8.295483e-08 0.1611827 46 46 46 255 0.8844388 0.01299664
12.79275 35.88655 -13.60009 -0.9869248 8.347736e-06 -0.1611812 51 30 27 255 0.8709347 0.02966881
12.79274 34.57011 -13.468 -0.9869323 8.450315e-06 0.1611358 30 33 41 255 0.2465538 0.009913146
12.79275 35.88655 -13.468 -0.9869316 8.40219e-06 0.1611402 46 45 46 255 0.8709347 0.009913146
12.90792 34.57011 -13.468 0.9869246 8.295483e-08 0.1611827 46 46 46 255 0.3169411 0.2465394
12.79275 35.88655 -13.468 -0.9869316 8.40219e-06 0.1611402 46 45 46 255 0.5669411 0.4965394
12.79274 34.57011 -13.468 -0.9869323 8.450315e-06 0.1611358 30 33 41 255 0.3169411 0.4965394
12.90793 34.57011 -13.60009 0.9869319 -6.562806e-08 -0.1611382 30 36 41 255 0.8142967 0.04552791
12.79275 35.88655 -13.60009 -0.9869248 8.347736e-06 -0.1611812 51 30 27 255 0.3657722 0.09483889
12.90793 35.88655 -13.60009 0.986932 -1.755486e-08 -0.1611378 30 38 43 255 0.3657722 0.04552791
15.47348 34.57011 -13.60009 0.9869231 -1.136951e-07 -0.1611921 49 32 24 255 0.8844386 0.02868035
15.47349 35.88655 -13.468 0.9869412 8.293618e-08 0.1610814 57 56 57 255 0.2343358 0.01299664
15.47349 34.57011 -13.468 0.9869415 3.486482e-08 0.161079 27 30 33 255 0.8844388 0.01299664
15.3583 35.88655 -13.6001 -0.9869414 8.331164e-06 -0.16108 30 33 41 255 0.8709347 0.02966881
15.3583 34.57011 -13.468 -0.9869235 4.226178e-06 0.1611899 30 33 41 255 0.2465538 0.009913146
15.35831 35.88655 -13.46801 -0.9869235 8.450276e-06 0.1611898 46 45 46 255 0.8709347 0.009913146
15.47349 35.88655 -13.468 0.9869412 8.293618e-08 0.1610814 57 56 57 255 0.5669411 0.2465394
15.3583 34.57011 -13.468 -0.9869235 4.226178e-06 0.1611899 30 33 41 255 0.3169411 0.4965394
15.47349 34.57011 -13.468 0.9869415 3.486482e-08 0.161079 27 30 33 255 0.3169411 0.2465394
15.47348 34.57011 -13.60009 0.9869231 -1.136951e-07 -0.1611921 49 32 24 255 0.8142967 0.04552791
15.3583 35.88655 -13.6001 -0.9869414 8.331164e-06 -0.16108 30 33 41 255 0.3657722 0.09483889
15.47348 35.88655 -13.60009 0.9869234 -1.756341e-08 -0.1611899 30 38 43 255 0.3657722 0.04552791
10.44734 34.57011 -13.60009 0.9869319 -1.137011e-07 -0.1611383 49 32 24 255 0.8844386 0.02868035
10.44733 35.88655 -13.468 0.9869249 1.310356e-07 0.1611811 57 56 57 255 0.2343358 0.01299664
10.44733 34.57011 -13.468 0.986925 3.488115e-08 0.1611803 27 30 33 255 0.8844388 0.01299664
10.33216 35.88655 -13.60009 -0.9869248 8.330929e-06 -0.1611812 51 30 27 255 0.8709347 0.02966881
10.33215 34.57011 -13.468 -0.9869319 4.227172e-06 0.161138 57 56 57 255 0.2465538 0.009913146
10.33216 35.88655 -13.468 -0.9869319 8.499333e-06 0.1611382 46 45 46 255 0.8709347 0.009913146
10.44733 35.88655 -13.468 0.9869249 1.310356e-07 0.1611811 57 56 57 255 0.5669411 0.2465394
10.33215 34.57011 -13.468 -0.9869319 4.227172e-06 0.161138 57 56 57 255 0.3169411 0.4965394
10.44733 34.57011 -13.468 0.986925 3.488115e-08 0.1611803 27 30 33 255 0.3169411 0.2465394
10.44734 34.57011 -13.60009 0.9869319 -1.137011e-07 -0.1611383 49 32 24 255 0.8142967 0.04552791
10.33216 35.88655 -13.60009 -0.9869248 8.330929e-06 -0.1611812 51 30 27 255 0.3657722 0.09483889
10.44734 35.88655 -13.60009 0.986932 -1.755483e-08 -0.1611376 27 14 10 255 0.3657722 0.04552791
23.62387 34.57011 -13.60009 0.9869319 -8.966452e-08 -0.1611383 49 32 24 255 0.8844386 0.02868035
23.62386 35.88655 -13.468 0.9869249 8.295842e-08 0.1611809 57 56 57 255 0.2343358 0.01299664
23.62386 34.57011 -13.468 0.986925 3.488115e-08 0.1611803 46 46 46 255 0.8844388 0.01299664
23.50869 35.88655 -13.60009 -0.9869248 8.347286e-06 -0.1611814 51 30 27 255 0.8709347 0.02966881
23.50867 34.57011 -13.468 -0.9869319 8.402189e-06 0.161138 57 56 57 255 0.2465538 0.009913146
23.50869 35.88655 -13.468 -0.9869319 8.450314e-06 0.1611378 27 32 35 255 0.8709347 0.009913146
23.62386 35.88655 -13.468 0.9869249 8.295842e-08 0.1611809 57 56 57 255 0.5669411 0.2465394
23.50867 34.57011 -13.468 -0.9869319 8.402189e-06 0.161138 57 56 57 255 0.3169411 0.4965394
23.62386 34.57011 -13.468 0.986925 3.488115e-08 0.1611803 46 46 46 255 0.3169411 0.2465394
23.62387 34.57011 -13.60009 0.9869319 -8.966452e-08 -0.1611383 49 32 24 255 0.8142967 0.04552791
23.50869 35.88655 -13.60009 -0.9869248 8.347286e-06 -0.1611814 51 30 27 255 0.3657722 0.09483889
23.62387 35.88655 -13.60009 0.9869319 -1.755488e-08 -0.1611379 27 14 10 255 0.3657722 0.04552791
26.18942 34.57011 -13.60009 0.9869231 -8.966226e-08 -0.1611921 30 36 41 255 0.8844386 0.02868035
26.18943 35.88655 -13.468 0.9869411 8.293619e-08 0.1610816 33 32 41 255 0.2343358 0.01299664
26.18943 34.57011 -13.468 0.9869415 3.486482e-08 0.161079 27 30 33 255 0.8844388 0.01299664
26.07425 35.88655 -13.6001 -0.9869414 8.347438e-06 -0.1610798 30 33 41 255 0.8709347 0.02966881
26.07424 34.57011 -13.468 -0.9869235 8.402162e-06 0.1611899 30 33 41 255 0.2465538 0.009913146
26.07425 35.88655 -13.46801 -0.9869234 8.450234e-06 0.1611901 27 32 35 255 0.8709347 0.009913146
26.18943 35.88655 -13.468 0.9869411 8.293619e-08 0.1610816 33 32 41 255 0.5669411 0.2465394
26.07424 34.57011 -13.468 -0.9869235 8.402162e-06 0.1611899 30 33 41 255 0.3169411 0.4965394
26.18943 34.57011 -13.468 0.9869415 3.486482e-08 0.161079 27 30 33 255 0.3169411 0.2465394
26.18942 34.57011 -13.60009 0.9869231 -8.966226e-08 -0.1611921 30 36 41 255 0.8142967 0.04552791
26.07425 35.88655 -13.6001 -0.9869414 8.347438e-06 -0.1610798 30 33 41 255 0.3657722 0.09483889
26.18942 35.88655 -13.60009 0.9869235 -1.756336e-08 -0.1611896 30 38 43 255 0.3657722 0.04552791
21.16328 34.57011 -13.60009 0.9869319 -1.137012e-07 -0.1611382 30 36 41 255 0.8844386 0.02868035
21.16327 35.88655 -13.468 0.9869249 1.310356e-07 0.1611809 33 32 41 255 0.2343358 0.01299664
21.16327 34.57011 -13.468 0.9869249 3.488118e-08 0.1611805 46 46 46 255 0.8844388 0.01299664
21.0481 35.88655 -13.60009 -0.9869248 8.34675e-06 -0.1611812 30 33 41 255 0.8709347 0.02966881
21.04809 34.57011 -13.468 -0.9869319 8.403236e-06 0.1611379 30 33 41 255 0.2465538 0.009913146
21.0481 35.88655 -13.468 -0.9869319 8.499325e-06 0.1611381 46 45 46 255 0.8709347 0.009913146
21.16327 35.88655 -13.468 0.9869249 1.310356e-07 0.1611809 33 32 41 255 0.5669411 0.2465394
21.04809 34.57011 -13.468 -0.9869319 8.403236e-06 0.1611379 30 33 41 255 0.3169411 0.4965394
21.16327 34.57011 -13.468 0.9869249 3.488118e-08 0.1611805 46 46 46 255 0.3169411 0.2465394
21.16328 34.57011 -13.60009 0.9869319 -1.137012e-07 -0.1611382 30 36 41 255 0.8142967 0.04552791
21.0481 35.88655 -13.60009 -0.9869248 8.34675e-06 -0.1611812 30 33 41 255 0.3657722 0.09483889
21.16328 35.88655 -13.60009 0.986932 -1.755486e-08 -0.1611378 30 38 43 255 0.3657722 0.04552791
34.62205 34.57011 -13.60009 0.9869319 -8.966452e-08 -0.1611383 30 36 41 255 0.8844386 0.02868035
34.62205 35.88655 -13.468 0.9869249 1.06997e-07 0.1611809 33 32 41 255 0.2343358 0.01299664
34.62205 34.57011 -13.468 0.986925 3.488115e-08 0.1611803 46 46 46 255 0.8844388 0.01299664
34.50687 35.88655 -13.60009 -0.9869248 8.347286e-06 -0.1611814 30 33 41 255 0.8709347 0.02966881
34.50686 34.57011 -13.468 -0.9869319 8.402682e-06 0.161138 30 33 41 255 0.2465538 0.009913146
34.50687 35.88655 -13.468 -0.9869319 8.474844e-06 0.1611378 46 45 46 255 0.8709347 0.009913146
34.62205 35.88655 -13.468 0.9869249 1.06997e-07 0.1611809 33 32 41 255 0.5669411 0.2465394
34.50686 34.57011 -13.468 -0.9869319 8.402682e-06 0.161138 30 33 41 255 0.3169411 0.4965394
34.62205 34.57011 -13.468 0.986925 3.488115e-08 0.1611803 46 46 46 255 0.3169411 0.2465394
34.62205 34.57011 -13.60009 0.9869319 -8.966452e-08 -0.1611383 30 36 41 255 0.8142967 0.04552791
34.50687 35.88655 -13.60009 -0.9869248 8.347286e-06 -0.1611814 30 33 41 255 0.3657722 0.09483889
34.62205 35.88655 -13.60009 0.9869319 -1.755488e-08 -0.1611379 30 38 43 255 0.3657722 0.04552791
37.18761 34.57011 -13.60009 0.9869231 -8.966226e-08 -0.1611921 49 32 24 255 0.8844386 0.02868035
37.18761 35.88655 -13.468 0.9869411 1.069717e-07 0.1610816 57 56 57 255 0.2343358 0.01299664
37.18761 34.57011 -13.468 0.9869415 3.486482e-08 0.161079 46 46 46 255 0.8844388 0.01299664
37.07243 35.88655 -13.6001 -0.9869414 8.339527e-06 -0.1610798 51 30 27 255 0.8709347 0.02966881
37.07243 34.57011 -13.468 -0.9869235 6.314663e-06 0.1611899 57 56 57 255 0.2465538 0.009913146
37.07244 35.88655 -13.46801 -0.9869234 8.474762e-06 0.1611901 46 45 46 255 0.8709347 0.009913146
37.18761 35.88655 -13.468 0.9869411 1.069717e-07 0.1610816 57 56 57 255 0.5669411 0.2465394
37.07243 34.57011 -13.468 -0.9869235 6.314663e-06 0.1611899 57 56 57 255 0.3169411 0.4965394
37.18761 34.57011 -13.468 0.9869415 3.486482e-08 0.161079 46 46 46 255 0.3169411 0.2465394
37.18761 34.57011 -13.60009 0.9869231 -8.966226e-08 -0.1611921 49 32 24 255 0.8142967 0.04552791
37.07243 35.88655 -13.6001 -0.9869414 8.339527e-06 -0.1610798 51 30 27 255 0.3657722 0.09483889
37.18761 35.88655 -13.6001 0.9869235 -1.756336e-08 -0.1611896 27 14 10 255 0.3657722 0.04552791
32.16146 34.57011 -13.60009 0.9869319 -6.562806e-08 -0.1611382 30 36 41 255 0.8844386 0.02868035
32.16146 35.88655 -13.468 0.9869249 1.06997e-07 0.1611809 33 32 41 255 0.2343358 0.01299664
32.16146 34.57011 -13.468 0.9869249 3.488118e-08 0.1611805 27 30 33 255 0.8844388 0.01299664
32.04629 35.88655 -13.60009 -0.9869248 8.339826e-06 -0.1611812 30 33 41 255 0.8709347 0.02966881
32.04627 34.57011 -13.468 -0.9869319 6.314726e-06 0.1611379 30 33 41 255 0.2465538 0.009913146
32.04628 35.88655 -13.468 -0.9869319 8.474793e-06 0.1611381 27 32 35 255 0.8709347 0.009913146
32.16146 35.88655 -13.468 0.9869249 1.06997e-07 0.1611809 33 32 41 255 0.5669411 0.2465394
32.04627 34.57011 -13.468 -0.9869319 6.314726e-06 0.1611379 30 33 41 255 0.3169411 0.4965394
32.16146 34.57011 -13.468 0.9869249 3.488118e-08 0.1611805 27 30 33 255 0.3169411 0.2465394
32.16146 34.57011 -13.60009 0.9869319 -6.562806e-08 -0.1611382 30 36 41 255 0.8142967 0.04552791
32.04629 35.88655 -13.60009 -0.9869248 8.339826e-06 -0.1611812 30 33 41 255 0.3657722 0.09483889
32.16146 35.88655 -13.60009 0.986932 -1.755486e-08 -0.1611378 27 14 10 255 0.3657722 0.04552791
45.46016 34.57011 -13.60009 0.9869319 -7.764635e-08 -0.1611382 30 36 41 255 0.8844386 0.02868035
45.46016 35.88655 -13.468 0.9869249 1.06997e-07 0.1611809 57 56 57 255 0.2343358 0.01299664
45.46016 34.57011 -13.468 0.9869249 3.488118e-08 0.1611805 46 46 46 255 0.8844388 0.01299664
45.34499 35.88655 -13.60009 -0.9869248 8.343535e-06 -0.1611812 30 33 41 255 0.8709347 0.02966881
45.34497 34.57011 -13.468 -0.9869319 7.358734e-06 0.1611379 57 56 57 255 0.2465538 0.009913146
45.34498 35.88655 -13.468 -0.9869319 8.474793e-06 0.1611381 46 45 46 255 0.8709347 0.009913146
45.46016 35.88655 -13.468 0.9869249 1.06997e-07 0.1611809 57 56 57 255 0.5669411 0.2465394
45.34497 34.57011 -13.468 -0.9869319 7.358734e-06 0.1611379 57 56 57 255 0.3169411 0.4965394
45.46016 34.57011 -13.468 0.9869249 3.488118e-08 0.1611805 46 46 46 255 0.3169411 0.2465394
45.46016 34.57011 -13.60009 0.9869319 -7.764635e-08 -0.1611382 30 36 41 255 0.8142967 0.04552791
45.34499 35.88655 -13.60009 -0.9869248 8.343535e-06 -0.1611812 30 33 41 255 0.3657722 0.09483889
45.46016 35.88655 -13.60009 0.986932 -1.755486e-08 -0.1611378 30 38 43 255 0.3657722 0.04552791
48.02572 34.57011 -13.60009 0.9869231 -8.365414e-08 -0.161192 30 36 41 255 0.8844386 0.02868035
48.02573 35.88655 -13.468 0.9869415 3.486483e-08 0.1610791 33 32 41 255 0.2343358 0.01299664
48.02573 34.57011 -13.468 0.9869412 1.009567e-07 0.1610814 46 46 46 255 0.8844388 0.01299664
47.91054 35.88655 -13.6001 -0.9869414 8.343605e-06 -0.1610798 30 33 41 255 0.8709347 0.02966881
47.91054 34.57011 -13.468 -0.9869238 7.42467e-06 0.1611877 30 33 41 255 0.2465538 0.009913146
47.91055 35.88655 -13.46801 -0.986923 8.402533e-06 0.1611922 46 45 46 255 0.8709347 0.009913146
48.02573 34.57011 -13.468 0.9869412 1.009567e-07 0.1610814 46 46 46 255 0.3169411 0.2465394
47.91055 35.88655 -13.46801 -0.986923 8.402533e-06 0.1611922 46 45 46 255 0.5669411 0.4965394
47.91054 34.57011 -13.468 -0.9869238 7.42467e-06 0.1611877 30 33 41 255 0.3169411 0.4965394
48.02572 34.57011 -13.60009 0.9869231 -8.365414e-08 -0.161192 30 36 41 255 0.8142967 0.04552791
47.91054 35.88655 -13.6001 -0.9869414 8.343605e-06 -0.1610798 30 33 41 255 0.3657722 0.09483889
48.02572 35.88655 -13.60009 0.9869235 -1.756339e-08 -0.1611898 30 38 43 255 0.3657722 0.04552791
42.99957 34.57011 -13.60009 0.9869319 -8.966452e-08 -0.1611383 49 32 24 255 0.8844386 0.02868035
42.99957 35.88655 -13.468 0.9869248 9.497782e-08 0.1611813 57 56 57 255 0.2343358 0.01299664
42.99957 34.57011 -13.468 0.986925 3.488115e-08 0.1611803 27 30 33 255 0.8844388 0.01299664
42.88439 35.88655 -13.468 -0.9869319 8.462526e-06 0.1611384 27 32 35 255 0.8709347 0.009913146
42.88438 34.57011 -13.60009 -0.9869249 8.275179e-06 -0.1611807 33 36 41 255 0.2465538 0.02966881
42.88438 34.57011 -13.468 -0.9869317 8.402486e-06 0.1611395 57 56 57 255 0.2465538 0.009913146
42.99957 35.88655 -13.468 0.9869248 9.497782e-08 0.1611813 57 56 57 255 0.5669411 0.2465394
42.88438 34.57011 -13.468 -0.9869317 8.402486e-06 0.1611395 57 56 57 255 0.3169411 0.4965394
42.99957 34.57011 -13.468 0.986925 3.488115e-08 0.1611803 27 30 33 255 0.3169411 0.2465394
42.99957 34.57011 -13.60009 0.9869319 -8.966452e-08 -0.1611383 49 32 24 255 0.8142967 0.04552791
42.8844 35.88655 -13.60009 -0.9869246 8.347241e-06 -0.1611829 30 33 41 255 0.3657722 0.09483889
42.99957 35.88655 -13.60009 0.986932 -1.755483e-08 -0.1611376 30 38 43 255 0.3657722 0.04552791
57.1822 34.57011 -13.60009 0.9869319 -8.665996e-08 -0.1611383 49 32 24 255 0.8844386 0.02868035
57.1822 35.88655 -13.468 0.9869249 1.039922e-07 0.1611809 57 56 57 255 0.2343358 0.01299664
57.1822 34.57011 -13.468 0.986925 3.488115e-08 0.1611803 46 46 46 255 0.8844388 0.01299664
57.06702 35.88655 -13.60009 -0.9869248 7.82337e-06 -0.1611814 51 30 27 255 0.8709347 0.02966881
57.06701 34.57011 -13.468 -0.9869319 7.878644e-06 0.161138 57 56 57 255 0.2465538 0.009913146
57.06702 35.88655 -13.468 -0.9869319 7.947798e-06 0.1611378 46 45 46 255 0.8709347 0.009913146
57.1822 35.88655 -13.468 0.9869249 1.039922e-07 0.1611809 57 56 57 255 0.5669411 0.2465394
57.06701 34.57011 -13.468 -0.9869319 7.878644e-06 0.161138 57 56 57 255 0.3169411 0.4965394
57.1822 34.57011 -13.468 0.986925 3.488115e-08 0.1611803 46 46 46 255 0.3169411 0.2465394
57.1822 34.57011 -13.60009 0.9869319 -8.665996e-08 -0.1611383 49 32 24 255 0.8142967 0.04552791
57.06702 35.88655 -13.60009 -0.9869248 7.82337e-06 -0.1611814 51 30 27 255 0.3657722 0.09483889
57.1822 35.88655 -13.60009 0.9869319 -1.755488e-08 -0.1611379 30 38 43 255 0.3657722 0.04552791
59.74775 34.57011 -13.60009 0.9869231 -8.365406e-08 -0.1611921 49 32 24 255 0.8844386 0.02868035
59.74776 35.88655 -13.468 0.9869412 1.069717e-07 0.1610814 57 56 57 255 0.2343358 0.01299664
59.74776 34.57011 -13.468 0.9869415 3.486482e-08 0.161079 46 46 46 255 0.8844388 0.01299664
59.63258 35.88655 -13.6001 -0.9869414 7.825591e-06 -0.16108 30 33 41 255 0.8709347 0.02966881
59.63258 34.57011 -13.468 -0.9869235 8.400678e-06 0.1611899 57 56 57 255 0.2465538 0.009913146
59.63258 35.88655 -13.46801 -0.9869235 7.950825e-06 0.1611898 27 32 35 255 0.8709347 0.009913146
59.74776 35.88655 -13.468 0.9869412 1.069717e-07 0.1610814 57 56 57 255 0.5669411 0.2465394
59.63258 34.57011 -13.468 -0.9869235 8.400678e-06 0.1611899 57 56 57 255 0.3169411 0.4965394
59.74776 34.57011 -13.468 0.9869415 3.486482e-08 0.161079 46 46 46 255 0.3169411 0.2465394
59.74775 34.57011 -13.60009 0.9869231 -8.365406e-08 -0.1611921 49 32 24 255 0.8142967 0.04552791
59.63258 35.88655 -13.6001 -0.9869414 7.825591e-06 -0.16108 30 33 41 255 0.3657722 0.09483889
59.74775 35.88655 -13.60009 0.9869234 -1.756341e-08 -0.1611899 27 14 10 255 0.3657722 0.04552791
54.72161 34.57011 -13.60009 0.9869319 -8.590892e-08 -0.1611384 30 36 41 255 0.8844386 0.02868035
54.72161 35.88655 -13.468 0.9869249 1.03241e-07 0.1611811 33 32 41 255 0.2343358 0.01299664
54.72161 34.57011 -13.468 0.986925 3.488115e-08 0.1611803 27 30 33 255 0.8844388 0.01299664
54.60643 35.88655 -13.60009 -0.9869248 7.953846e-06 -0.1611812 30 33 41 255 0.8709347 0.02966881
54.60642 34.57011 -13.468 -0.986932 7.879169e-06 0.1611378 30 33 41 255 0.2465538 0.009913146
54.60643 35.88655 -13.468 -0.9869319 8.077984e-06 0.1611382 27 32 35 255 0.8709347 0.009913146
54.72161 35.88655 -13.468 0.9869249 1.03241e-07 0.1611811 33 32 41 255 0.5669411 0.2465394
54.60642 34.57011 -13.468 -0.986932 7.879169e-06 0.1611378 30 33 41 255 0.3169411 0.4965394
54.72161 34.57011 -13.468 0.986925 3.488115e-08 0.1611803 27 30 33 255 0.3169411 0.2465394
54.72161 34.57011 -13.60009 0.9869319 -8.590892e-08 -0.1611384 30 36 41 255 0.8142967 0.04552791
54.60643 35.88655 -13.60009 -0.9869248 7.953846e-06 -0.1611812 30 33 41 255 0.3657722 0.09483889
54.72161 35.88655 -13.60009 0.986932 -1.755483e-08 -0.1611376 30 38 43 255 0.3657722 0.04552791
56.43678 34.57011 13.72966 0.9869319 -8.666001e-08 -0.1611379 49 32 24 255 0.8844386 0.02868035
56.43678 35.88655 13.86175 0.9869248 1.039923e-07 0.1611814 33 32 41 255 0.2343358 0.01299664
56.43678 34.57011 13.86175 0.9869249 3.488125e-08 0.1611809 46 46 46 255 0.8844388 0.01299664
56.3216 35.88655 13.72966 -0.9869248 7.953917e-06 -0.1611818 51 30 27 255 0.8709347 0.02966881
56.32159 34.57011 13.86175 -0.986932 7.879245e-06 0.1611377 30 33 41 255 0.2465538 0.009913146
56.3216 35.88655 13.86175 -0.986932 8.07885e-06 0.1611377 46 45 46 255 0.8709347 0.009913146
56.43678 35.88655 13.86175 0.9869248 1.039923e-07 0.1611814 33 32 41 255 0.5669411 0.2465394
56.32159 34.57011 13.86175 -0.986932 7.879245e-06 0.1611377 30 33 41 255 0.3169411 0.4965394
56.43678 34.57011 13.86175 0.9869249 3.488125e-08 0.1611809 46 46 46 255 0.3169411 0.2465394
56.43678 34.57011 13.72966 0.9869319 -8.666001e-08 -0.1611379 49 32 24 255 0.8142967 0.04552791
56.3216 35.88655 13.72966 -0.9869248 7.953917e-06 -0.1611818 51 30 27 255 0.3657722 0.09483889
56.43678 35.88655 13.72966 0.986932 -1.755482e-08 -0.1611376 30 38 43 255 0.3657722 0.04552791
59.00233 34.57011 13.72966 0.9869231 -8.665818e-08 -0.1611917 30 36 41 255 0.8844386 0.02868035
59.00234 35.88655 13.86175 0.986941 1.039674e-07 0.161082 33 32 41 255 0.2343358 0.01299664
59.00234 34.57011 13.86175 0.9869415 3.486491e-08 0.1610796 27 30 33 255 0.8844388 0.01299664
58.88715 35.88655 13.72966 -0.986941 7.823665e-06 -0.1610823 51 30 27 255 0.8709347 0.02966881
58.88715 34.57011 13.86175 -0.9869232 7.878338e-06 0.1611913 57 56 57 255 0.2465538 0.009913146
58.88716 35.88655 13.86175 -0.9869235 7.947818e-06 0.1611897 27 32 35 255 0.8709347 0.009913146
59.00234 35.88655 13.86175 0.986941 1.039674e-07 0.161082 33 32 41 255 0.5669411 0.2465394
58.88715 34.57011 13.86175 -0.9869232 7.878338e-06 0.1611913 57 56 57 255 0.3169411 0.4965394
59.00234 34.57011 13.86175 0.9869415 3.486491e-08 0.1610796 27 30 33 255 0.3169411 0.2465394
59.00233 34.57011 13.72966 0.9869231 -8.665818e-08 -0.1611917 30 36 41 255 0.8142967 0.04552791
58.88715 35.88655 13.72966 -0.986941 7.823665e-06 -0.1610823 51 30 27 255 0.3657722 0.09483889
59.00233 35.88655 13.72966 0.9869236 -1.756318e-08 -0.1611885 30 38 43 255 0.3657722 0.04552791
53.97619 34.57011 13.72966 0.9869321 -8.515697e-08 -0.161137 30 36 41 255 0.8844386 0.02868035
53.97618 35.88655 13.86175 0.9869251 3.4881e-08 0.1611794 33 32 41 255 0.2343358 0.01299664
53.97618 34.57011 13.86175 0.9869246 1.024845e-07 0.1611829 27 30 33 255 0.8844388 0.01299664
53.86101 35.88655 13.72966 -0.9869248 7.953948e-06 -0.1611818 30 33 41 255 0.8709347 0.02966881
53.861 34.57011 13.86175 -0.986932 7.946431e-06 0.1611375 30 33 41 255 0.2465538 0.009913146
53.86101 35.88655 13.86175 -0.9869316 8.009707e-06 0.1611398 27 32 35 255 0.8709347 0.009913146
53.97618 34.57011 13.86175 0.9869246 1.024845e-07 0.1611829 27 30 33 255 0.3169411 0.2465394
53.86101 35.88655 13.86175 -0.9869316 8.009707e-06 0.1611398 27 32 35 255 0.5669411 0.4965394
53.861 34.57011 13.86175 -0.986932 7.946431e-06 0.1611375 30 33 41 255 0.3169411 0.4965394
53.97619 34.57011 13.72966 0.9869321 -8.515697e-08 -0.161137 30 36 41 255 0.8142967 0.04552791
53.86101 35.88655 13.72966 -0.9869248 7.953948e-06 -0.1611818 30 33 41 255 0.3657722 0.09483889
53.97619 35.88655 13.72966 0.986932 -1.755482e-08 -0.1611376 27 14 10 255 0.3657722 0.04552791
-69.61212 30.8754 -27.18248 0.3968755 -0.9178725 6.807214e-07 46 46 46 255 0.8844388 0.01299664
-69.61212 31.00749 27.09899 0.272206 0.962239 -1.639837e-07 30 38 43 255 0.2343358 0.02868035
-69.61212 30.8754 27.09899 0.2721866 -0.9622445 1.977059e-07 33 32 41 255 0.2343358 0.01299664
-69.72731 31.00749 27.09899 -0.3968594 0.9178795 -2.328729e-07 30 33 41 255 0.8709347 0.02966881
-69.72731 30.8754 -27.18247 -0.2721905 -0.9622434 6.198683e-07 57 56 57 255 0.2465538 0.009913146
-69.72731 30.8754 27.09899 -0.3968656 -0.9178768 1.102366e-07 46 45 46 255 0.8709347 0.009913146
-69.61212 30.8754 27.09899 0.2721866 -0.9622445 1.977059e-07 33 32 41 255 0.5669411 0.2465394
-69.72731 30.8754 -27.18247 -0.2721905 -0.9622434 6.198683e-07 57 56 57 255 0.3169411 0.4965394
-69.61212 30.8754 -27.18248 0.3968755 -0.9178725 6.807214e-07 46 46 46 255 0.3169411 0.2465394
-69.61212 31.00749 27.09899 0.272206 0.962239 -1.639837e-07 30 38 43 255 0.3657722 0.04552791
-69.72731 31.00749 -27.18247 -0.2721856 0.9622448 2.907433e-08 33 20 16 255 0.8142967 0.09483889
-69.72731 31.00749 27.09899 -0.3968594 0.9178795 -2.328729e-07 30 33 41 255 0.3657722 0.09483889
-69.61212 25.15593 -27.18248 0.3968765 -0.9178721 -1.36557e-06 46 46 46 255 0.8844388 0.01299664
-69.61212 25.28802 27.09899 0.2722057 0.9622391 9.129616e-07 27 14 10 255 0.2343358 0.02868035
-69.61212 25.15592 27.09899 0.272186 -0.9622447 4.80309e-07 33 32 41 255 0.2343358 0.01299664
-69.72731 25.28802 27.09899 -0.3968597 0.9178793 9.659375e-07 30 33 41 255 0.8709347 0.02966881
-69.72731 25.15593 -27.18247 -0.2721905 -0.9622434 -1.18392e-06 30 33 41 255 0.2465538 0.009913146
-69.72731 25.15592 27.09899 -0.3968662 -0.9178765 5.580726e-07 46 45 46 255 0.8709347 0.009913146
-69.61212 25.15592 27.09899 0.272186 -0.9622447 4.80309e-07 33 32 41 255 0.5669411 0.2465394
-69.72731 25.15593 -27.18247 -0.2721905 -0.9622434 -1.18392e-06 30 33 41 255 0.3169411 0.4965394
-69.61212 25.15593 -27.18248 0.3968765 -0.9178721 -1.36557e-06 46 46 46 255 0.3169411 0.2465394
-69.61212 25.28802 27.09899 0.2722057 0.9622391 9.129616e-07 27 14 10 255 0.3657722 0.04552791
-69.72731 25.28802 -27.18247 -0.2721855 0.9622448 -8.001275e-07 33 20 16 255 0.8142967 0.09483889
-69.72731 25.28802 27.09899 -0.3968597 0.9178793 9.659375e-07 30 33 41 255 0.3657722 0.09483889
-69.61212 19.75268 -27.18248 0.3968757 -0.9178724 7.813143e-07 46 46 46 255 0.8844388 0.01299664
-69.61212 19.88477 27.09899 0.2722063 0.9622389 -1.067636e-06 27 14 10 255 0.2343358 0.02868035
-69.61212 19.75268 27.09899 0.2721867 -0.9622445 8.95491e-08 33 32 41 255 0.2343358 0.01299664
-69.72731 19.88477 27.09899 -0.3968589 0.9178796 -1.124406e-06 30 33 41 255 0.8709347 0.02966881
-69.72731 19.75268 -27.18247 -0.2721905 -0.9622434 8.547895e-07 30 33 41 255 0.2465538 0.009913146
-69.72731 19.75268 27.09899 -0.3968653 -0.9178769 -2.480324e-08 46 45 46 255 0.8709347 0.009913146
-69.61212 19.75268 27.09899 0.2721867 -0.9622445 8.95491e-08 33 32 41 255 0.5669411 0.2465394
-69.72731 19.75268 -27.18247 -0.2721905 -0.9622434 8.547895e-07 30 33 41 255 0.3169411 0.4965394
-69.61212 19.75268 -27.18248 0.3968757 -0.9178724 7.813143e-07 46 46 46 255 0.3169411 0.2465394
-69.61212 19.88477 27.09899 0.2722063 0.9622389 -1.067636e-06 27 14 10 255 0.3657722 0.04552791
-69.72731 19.88477 -27.18247 -0.2721855 0.9622449 1.149014e-06 33 36 41 255 0.8142967 0.09483889
-69.72731 19.88477 27.09899 -0.3968589 0.9178796 -1.124406e-06 30 33 41 255 0.3657722 0.09483889
-69.61212 15.34453 -27.18248 0.3968757 -0.9178724 8.295438e-07 27 30 33 255 0.8844388 0.01299664
-69.61212 15.47662 27.09899 0.2722063 0.9622389 -1.067636e-06 30 38 43 255 0.2343358 0.02868035
-69.61212 15.34453 27.09899 0.2721866 -0.9622445 -1.520001e-06 57 56 57 255 0.2343358 0.01299664
-69.72731 15.47662 27.09899 -0.3968589 0.9178796 -1.124406e-06 30 33 41 255 0.8709347 0.02966881
-69.72731 15.34453 -27.18247 -0.2721904 -0.9622434 8.954937e-07 30 33 41 255 0.2465538 0.009913146
-69.72731 15.34453 27.09899 -0.3968653 -0.9178769 -1.568124e-06 46 45 46 255 0.8709347 0.009913146
-69.61212 15.34453 27.09899 0.2721866 -0.9622445 -1.520001e-06 57 56 57 255 0.5669411 0.2465394
-69.72731 15.34453 -27.18247 -0.2721904 -0.9622434 8.954937e-07 30 33 41 255 0.3169411 0.4965394
-69.61212 15.34453 -27.18248 0.3968756 -0.9178724 8.295437e-07 27 30 33 255 0.3169411 0.2465394
-69.61212 15.47662 27.09899 0.2722063 0.9622389 -1.067636e-06 30 38 43 255 0.3657722 0.04552791
-69.72731 15.47662 -27.18247 -0.2721854 0.9622449 1.09668e-06 33 20 16 255 0.8142967 0.09483889
-69.72731 15.47662 27.09899 -0.3968589 0.9178796 -1.124406e-06 30 33 41 255 0.3657722 0.09483889
-69.61212 11.2824 -27.18248 0.3968751 -0.9178727 4.340628e-07 27 30 33 255 0.8844388 0.01299664
-69.61212 11.41449 27.09899 0.2722206 0.9622349 1.688725e-06 30 38 43 255 0.2343358 0.02868035
-69.61212 11.2824 27.09899 0.2721859 -0.9622447 -2.735292e-06 57 56 57 255 0.2343358 0.01299664
-69.72731 11.41449 27.09899 -0.3968464 0.9178851 1.428898e-06 30 33 41 255 0.8709347 0.02966881
-69.72731 11.2824 -27.18247 -0.2721894 -0.9622437 -3.861099e-07 30 33 41 255 0.2465538 0.009913146
-69.72731 11.2824 27.09899 -0.3968658 -0.9178767 -2.809682e-06 46 45 46 255 0.8709347 0.009913146
-69.61212 11.2824 27.09899 0.2721859 -0.9622447 -2.735292e-06 57 56 57 255 0.5669411 0.2465394
-69.72731 11.2824 -27.18247 -0.2721894 -0.9622437 -3.861099e-07 30 33 41 255 0.3169411 0.4965394
-69.61212 11.2824 -27.18248 0.3968751 -0.9178727 4.340628e-07 27 30 33 255 0.3169411 0.2465394
-69.61212 11.41449 27.09899 0.2722206 0.9622349 1.688725e-06 30 38 43 255 0.3657722 0.04552791
-69.72731 11.41449 -27.18247 -0.2721844 0.9622451 -2.732985e-07 33 20 16 255 0.8142967 0.09483889
-69.72731 11.41449 27.09899 -0.3968464 0.9178851 1.428898e-06 30 33 41 255 0.3657722 0.09483889
-68.5489 34.67186 9.288471 -0.9869362 6.219496e-06 -0.1611115 30 36 41 255 0.8844386 0.02868035
-68.44193 35.9883 9.288477 0.9869264 -7.983206e-06 -0.1611719 33 32 41 255 0.2343358 0.01299664
-68.44193 34.67186 9.288475 0.9869258 1.939669e-05 -0.1611753 27 30 33 255 0.8844388 0.01299664
-68.44191 35.9883 9.403652 0.9869348 -6.977982e-06 0.1611202 27 32 35 255 0.8709347 0.009913146
-68.5489 34.67186 9.403658 -0.9869255 7.371721e-06 0.1611769 33 36 41 255 0.2465538 0.02966881
-68.44191 34.67186 9.403664 0.986937 2.044046e-05 0.1611065 57 56 57 255 0.2465538 0.009913146
-68.44193 35.9883 9.288477 0.9869264 -7.983206e-06 -0.1611719 33 32 41 255 0.5669411 0.2465394
-68.44191 34.67186 9.403664 0.986937 2.044046e-05 0.1611065 57 56 57 255 0.3169411 0.4965394
-68.44193 34.67186 9.288475 0.9869258 1.939669e-05 -0.1611753 27 30 33 255 0.3169411 0.2465394
-68.5489 34.67186 9.288471 -0.9869362 6.219496e-06 -0.1611115 30 36 41 255 0.8142967 0.04552791
-68.5489 35.9883 9.40365 -0.9869264 1.079314e-06 0.1611717 30 33 41 255 0.3657722 0.09483889
-68.5489 35.9883 9.288471 -0.9869358 -3.487052e-08 -0.1611144 30 38 43 255 0.3657722 0.04552791
-68.54892 34.67186 6.722916 -0.9869367 1.234208e-05 -0.1611084 30 36 41 255 0.8844386 0.02868035
-68.44191 35.9883 6.722908 0.9869259 -1.410718e-05 -0.161175 33 32 41 255 0.2343358 0.01299664
-68.44191 34.67186 6.72291 0.9869257 -1.75611e-08 -0.1611758 46 46 46 255 0.8844388 0.01299664
-68.44191 35.9883 6.838089 0.9869356 -1.28009e-05 0.1611152 27 32 35 255 0.8709347 0.009913146
-68.5489 34.67186 6.838104 -0.9869254 1.359988e-05 0.1611779 33 36 41 255 0.2465538 0.02966881
-68.44191 34.67186 6.838097 0.9869371 1.150314e-06 0.1611064 57 56 57 255 0.2465538 0.009913146
-68.44191 35.9883 6.722908 0.9869259 -1.410718e-05 -0.161175 33 32 41 255 0.5669411 0.2465394
-68.44191 34.67186 6.838097 0.9869371 1.150314e-06 0.1611064 57 56 57 255 0.3169411 0.4965394
-68.44191 34.67186 6.72291 0.9869257 -1.75611e-08 -0.1611758 46 46 46 255 0.3169411 0.2465394
-68.54892 34.67186 6.722916 -0.9869367 1.234208e-05 -0.1611084 30 36 41 255 0.8142967 0.04552791
-68.5489 35.9883 6.838093 -0.9869264 1.36106e-06 0.1611713 30 33 41 255 0.3657722 0.09483889
-68.54892 35.9883 6.722916 -0.9869358 -3.487047e-08 -0.1611141 30 38 43 255 0.3657722 0.04552791
-68.5489 34.67186 11.74906 -0.9869171 -6.033251e-06 -0.1612287 30 36 41 255 0.8844386 0.02868035
-68.44191 35.9883 11.74907 0.986936 -8.836009e-06 -0.1611129 33 32 41 255 0.2343358 0.01299664
-68.44191 34.67186 11.74907 0.9869358 -1.755098e-08 -0.1611142 27 30 33 255 0.8844388 0.01299664
-68.5489 35.9883 11.86424 -0.9869357 1.238736e-06 0.1611149 30 33 41 255 0.8709347 0.02966881
-68.44191 34.67186 11.86425 0.9869174 1.376662e-06 0.1612268 30 33 41 255 0.2465538 0.009913146
-68.44191 35.9883 11.86424 0.9869164 -7.574105e-06 0.1612333 46 45 46 255 0.8709347 0.009913146
-68.44191 35.9883 11.74907 0.986936 -8.836009e-06 -0.1611129 33 32 41 255 0.5669411 0.2465394
-68.44191 34.67186 11.86425 0.9869174 1.376662e-06 0.1612268 30 33 41 255 0.3169411 0.4965394
-68.44191 34.67186 11.74907 0.9869358 -1.755098e-08 -0.1611142 27 30 33 255 0.3169411 0.2465394
-68.5489 34.67186 11.74906 -0.9869171 -6.033251e-06 -0.1612287 30 36 41 255 0.8142967 0.04552791
-68.5489 35.9883 11.86424 -0.9869357 1.238736e-06 0.1611149 30 33 41 255 0.3657722 0.09483889
-68.5489 35.9883 11.74906 -0.986917 -3.488909e-08 -0.1612295 30 38 43 255 0.3657722 0.04552791
-68.5489 34.67186 -0.03045273 -0.9869362 4.430378e-06 -0.161112 30 36 41 255 0.8844386 0.02868035
-68.44191 35.9883 -0.03044701 0.9869261 -9.857158e-07 -0.1611731 33 32 41 255 0.2343358 0.01299664
-68.44191 34.67186 -0.03044891 0.986926 1.949169e-07 -0.1611745 27 30 33 255 0.8844388 0.01299664
-68.5489 35.9883 0.08472443 -0.9869261 1.359679e-06 0.161173 30 33 41 255 0.8709347 0.02966881
-68.44193 34.67186 0.08473969 0.9869362 1.093087e-06 0.1611116 30 33 41 255 0.2465538 0.009913146
-68.44193 35.9883 0.08472824 0.9869356 3.928149e-07 0.1611157 46 45 46 255 0.8709347 0.009913146
-68.44191 35.9883 -0.03044701 0.9869261 -9.857158e-07 -0.1611731 33 32 41 255 0.5669411 0.2465394
-68.44193 34.67186 0.08473969 0.9869362 1.093087e-06 0.1611116 30 33 41 255 0.3169411 0.4965394
-68.44191 34.67186 -0.03044891 0.986926 1.949169e-07 -0.1611745 27 30 33 255 0.3169411 0.2465394
-68.5489 34.67186 -0.03045273 -0.9869362 4.430378e-06 -0.161112 30 36 41 255 0.8142967 0.04552791
-68.5489 35.9883 0.08472443 -0.9869261 1.359679e-06 0.161173 30 33 41 255 0.3657722 0.09483889
-68.5489 35.9883 -0.03045273 -0.9869356 -3.487074e-08 -0.1611157 30 38 43 255 0.3657722 0.04552791
-68.5489 34.67186 -2.596008 -0.9869367 5.282739e-06 -0.1611084 30 36 41 255 0.8844386 0.02868035
-68.44193 35.9883 -2.596014 0.9869258 6.873901e-06 -0.1611755 33 32 41 255 0.2343358 0.01299664
-68.44193 34.67186 -2.596014 0.9869257 -1.75611e-08 -0.1611758 27 30 33 255 0.8844388 0.01299664
-68.54892 35.9883 -2.480831 -0.9869259 1.146475e-06 0.1611747 30 33 41 255 0.8709347 0.02966881
-68.44191 34.67186 -2.480827 0.9869367 1.322055e-06 0.1611084 30 33 41 255 0.2465538 0.009913146
-68.44191 35.9883 -2.480837 0.9869362 8.057369e-06 0.1611116 46 45 46 255 0.8709347 0.009913146
-68.44193 35.9883 -2.596014 0.9869258 6.873901e-06 -0.1611755 33 32 41 255 0.5669411 0.2465394
-68.44191 34.67186 -2.480827 0.9869367 1.322055e-06 0.1611084 30 33 41 255 0.3169411 0.4965394
-68.44193 34.67186 -2.596014 0.9869257 -1.75611e-08 -0.1611758 27 30 33 255 0.3169411 0.2465394
-68.5489 34.67186 -2.596008 -0.9869367 5.282739e-06 -0.1611084 30 36 41 255 0.8142967 0.04552791
-68.54892 35.9883 -2.480831 -0.9869259 1.146475e-06 0.1611747 30 33 41 255 0.3657722 0.09483889
-68.5489 35.9883 -2.596008 -0.9869362 -3.487015e-08 -0.1611121 30 38 43 255 0.3657722 0.04552791
-68.5489 34.67186 2.430138 -0.9869173 6.073401e-06 -0.1612279 30 36 41 255 0.8844386 0.02868035
-68.44191 35.9883 2.43014 0.9869359 -1.776981e-06 -0.161114 33 32 41 255 0.2343358 0.01299664
-68.44191 34.67186 2.430141 0.9869357 -1.755107e-08 -0.1611147 46 46 46 255 0.8844388 0.01299664
-68.54892 35.9883 2.545315 -0.986936 1.402573e-06 0.161113 30 33 41 255 0.8709347 0.02966881
-68.44191 34.67186 2.545328 0.986917 1.298643e-06 0.1612289 30 33 41 255 0.2465538 0.009913146
-68.44191 35.9883 2.545317 0.9869167 -3.635908e-07 0.1612313 46 45 46 255 0.8709347 0.009913146
-68.44191 35.9883 2.43014 0.9869359 -1.776981e-06 -0.161114 33 32 41 255 0.5669411 0.2465394
-68.44191 34.67186 2.545328 0.986917 1.298643e-06 0.1612289 30 33 41 255 0.3169411 0.4965394
-68.44191 34.67186 2.430141 0.9869357 -1.755107e-08 -0.1611147 46 46 46 255 0.3169411 0.2465394
-68.5489 34.67186 2.430138 -0.9869173 6.073401e-06 -0.1612279 30 36 41 255 0.8142967 0.04552791
-68.54892 35.9883 2.545315 -0.986936 1.402573e-06 0.161113 30 33 41 255 0.3657722 0.09483889
-68.5489 35.9883 2.430138 -0.9869164 -3.488969e-08 -0.1612333 30 38 43 255 0.3657722 0.04552791
-68.5489 34.67186 -9.121417 -0.9869363 1.324382e-06 -0.1611113 30 36 41 255 0.8844386 0.02868035
-68.44191 35.9883 -9.121412 0.9869262 7.777655e-06 -0.1611728 33 32 41 255 0.2343358 0.01299664
-68.44191 34.67186 -9.121414 0.9869259 2.661386e-07 -0.1611748 27 30 33 255 0.8844388 0.01299664
-68.5489 35.9883 -9.00624 -0.9869261 1.284038e-06 0.1611734 30 33 41 255 0.8709347 0.02966881
-68.44193 34.67186 -9.006226 0.9869363 1.120693e-06 0.1611109 30 33 41 255 0.2465538 0.009913146
-68.44193 35.9883 -9.006237 0.9869355 9.117466e-06 0.1611159 27 32 35 255 0.8709347 0.009913146
-68.44191 35.9883 -9.121412 0.9869262 7.777655e-06 -0.1611728 33 32 41 255 0.5669411 0.2465394
-68.44193 34.67186 -9.006226 0.9869363 1.120693e-06 0.1611109 30 33 41 255 0.3169411 0.4965394
-68.44191 34.67186 -9.121414 0.9869259 2.661386e-07 -0.1611748 27 30 33 255 0.3169411 0.2465394
-68.5489 34.67186 -9.121417 -0.9869363 1.324382e-06 -0.1611113 30 36 41 255 0.8142967 0.04552791
-68.5489 35.9883 -9.00624 -0.9869261 1.284038e-06 0.1611734 30 33 41 255 0.3657722 0.09483889
-68.5489 35.9883 -9.121418 -0.9869356 -3.48707e-08 -0.1611155 27 14 10 255 0.3657722 0.04552791
-68.5489 34.67186 -11.68697 -0.9869367 -3.478564e-06 -0.1611083 49 32 24 255 0.8844386 0.02868035
-68.44193 35.9883 -11.68698 0.9869258 1.005002e-05 -0.1611754 57 56 57 255 0.2343358 0.01299664
-68.44193 34.67186 -11.68698 0.9869257 -1.756112e-08 -0.1611759 46 46 46 255 0.8844388 0.01299664
-68.44191 35.9883 -11.5718 0.9869358 1.137313e-05 0.1611141 27 32 35 255 0.8709347 0.009913146
-68.5489 34.67186 -11.57178 -0.9869254 -2.377822e-06 0.161178 33 36 41 255 0.2465538 0.02966881
-68.44191 34.67186 -11.57179 0.9869371 1.124224e-06 0.1611062 57 56 57 255 0.2465538 0.009913146
-68.44193 35.9883 -11.68698 0.9869258 1.005002e-05 -0.1611754 57 56 57 255 0.5669411 0.2465394
-68.44191 34.67186 -11.57179 0.9869371 1.124224e-06 0.1611062 57 56 57 255 0.3169411 0.4965394
-68.44193 34.67186 -11.68698 0.9869257 -1.756112e-08 -0.1611759 46 46 46 255 0.3169411 0.2465394
-68.5489 34.67186 -11.68697 -0.9869367 -3.478564e-06 -0.1611083 49 32 24 255 0.8142967 0.04552791
-68.5489 35.9883 -11.5718 -0.9869263 1.247291e-06 0.1611723 51 30 27 255 0.3657722 0.09483889
-68.5489 35.9883 -11.68697 -0.9869361 -3.487022e-08 -0.1611125 27 14 10 255 0.3657722 0.04552791
-68.5489 34.67186 -6.660827 -0.9869172 -2.687822e-06 -0.161228 49 32 24 255 0.8844386 0.02868035
-68.44191 35.9883 -6.660824 0.9869359 6.985118e-06 -0.1611136 33 32 41 255 0.2343358 0.01299664
-68.44191 34.67186 -6.660824 0.9869357 -1.755105e-08 -0.1611146 27 30 33 255 0.8844388 0.01299664
-68.5489 35.9883 -6.54565 -0.9869359 1.308525e-06 0.1611136 51 30 27 255 0.8709347 0.02966881
-68.44191 34.67186 -6.545637 0.9869172 1.326246e-06 0.1612281 30 33 41 255 0.2465538 0.009913146
-68.44191 35.9883 -6.545649 0.9869165 8.360833e-06 0.1612321 46 45 46 255 0.8709347 0.009913146
-68.44191 35.9883 -6.660824 0.9869359 6.985118e-06 -0.1611136 33 32 41 255 0.5669411 0.2465394
-68.44191 34.67186 -6.545637 0.9869172 1.326246e-06 0.1612281 30 33 41 255 0.3169411 0.4965394
-68.44191 34.67186 -6.660824 0.9869357 -1.755105e-08 -0.1611146 27 30 33 255 0.3169411 0.2465394
-68.5489 34.67186 -6.660827 -0.9869172 -2.687822e-06 -0.161228 49 32 24 255 0.8142967 0.04552791
-68.5489 35.9883 -6.54565 -0.9869359 1.308525e-06 0.1611136 51 30 27 255 0.3657722 0.09483889
-68.5489 35.9883 -6.660828 -0.9869165 -3.488951e-08 -0.1612321 27 14 10 255 0.3657722 0.04552791
-82.7126 58.40199 24.14358 0.178026 0.9831639 0.04117695 123 138 148 255 0.9753084 0.4674686
-83.70569 58.40199 23.26877 -0.178036 0.9831622 -0.04117475 82 77 66 255 0.9643822 0.4941802
-83.70566 58.40199 24.14358 -0.2597038 0.9642774 0.05218215 123 134 148 255 0.9643822 0.4674686
-87.62529 55.22568 28.06633 -0.8384851 0.5290985 0.1303747 49 48 41 255 0.6964266 0.8783077
-87.62529 53.82461 19.34603 -0.9869284 -3.48778e-08 -0.1611595 165 125 107 255 0.6766469 0.9595829
-87.62529 53.82461 28.06633 -0.9869306 1.755618e-08 0.1611459 139 107 90 255 0.6766469 0.8783077
-78.79294 53.82461 19.34602 0.9869294 -1.755748e-08 -0.1611537 139 106 93 255 0.6769319 0.87205
-78.79294 55.22568 28.06632 0.8206812 0.5587959 0.1192878 54 52 43 255 0.699782 0.9528511
-78.79294 53.82461 28.06632 0.9869297 3.487652e-08 0.1611516 148 113 99 255 0.6769319 0.9528511
-78.79294 55.22568 28.06632 0.8206812 0.5587959 0.1192878 54 52 43 255 0.6991805 0.8705889
-87.62529 53.82461 28.06633 -0.9869306 1.755618e-08 0.1611459 139 107 90 255 0.6760696 0.9523124
-78.79294 53.82461 28.06632 0.9869297 3.487652e-08 0.1611516 148 113 99 255 0.6760696 0.8705889
-82.7126 58.40199 23.26877 0.2597104 0.9642758 -0.05218038 73 68 60 255 0.9515531 0.4821386
-78.79294 55.22568 28.06632 0.8206812 0.5587959 0.1192878 54 52 43 255 0.9884296 0.4658299
-78.79294 55.22568 19.34602 0.8384919 0.5290885 -0.130372 132 97 66 255 0.9884296 0.4942428
-83.70566 58.40199 24.14358 -0.2597038 0.9642774 0.05218215 123 134 148 255 0.9506038 0.4777352
-78.79294 55.22568 28.06632 0.8206812 0.5587959 0.1192878 54 52 43 255 0.9874744 0.4908236
-82.7126 58.40199 24.14358 0.178026 0.9831639 0.04117695 123 138 148 255 0.9506038 0.4804971
-83.70566 58.40199 24.14358 -0.2597038 0.9642774 0.05218215 123 134 148 255 0.9512061 0.4816672
-87.62529 55.22568 19.34603 -0.8206881 0.5587861 -0.1192861 54 52 43 255 0.9890198 0.494388
-87.62529 55.22568 28.06633 -0.8384851 0.5290985 0.1303747 49 48 41 255 0.9878393 0.4653534
-82.7126 58.40199 23.26877 0.2597104 0.9642758 -0.05218038 73 68 60 255 0.9517839 0.4797737
-87.62529 55.22568 19.34603 -0.8206881 0.5587861 -0.1192861 54 52 43 255 0.9873269 0.4912292
-83.70569 58.40199 23.26877 -0.178036 0.9831622 -0.04117475 82 77 66 255 0.9517838 0.482191
-87.62529 55.22568 19.34603 -0.8206881 0.5587861 -0.1192861 54 52 43 255 0.6977574 0.8759748
-78.79294 53.82461 19.34602 0.9869294 -1.755748e-08 -0.1611537 139 106 93 255 0.6753443 0.955231
-87.62529 53.82461 19.34603 -0.9869284 -3.48778e-08 -0.1611595 165 125 107 255 0.6753443 0.8759748
-82.71259 58.40199 -23.07012 0.1780238 0.9831644 0.04117268 123 138 148 255 0.9753084 0.4674686
-83.70567 58.40199 -23.94492 -0.1780356 0.9831623 -0.04117363 82 77 66 255 0.9643822 0.4941802
-83.70566 58.40199 -23.07011 -0.2597023 0.9642778 0.0521831 73 68 60 255 0.9643822 0.4674686
-87.62529 55.22568 -19.14737 -0.8384883 0.5290934 0.1303751 145 107 90 255 0.6964266 0.8783077
-87.62531 53.82461 -27.86766 -0.9869284 -3.48778e-08 -0.1611595 112 87 74 255 0.6766469 0.9595829
-87.62529 53.82461 -19.14737 -0.9869306 1.755619e-08 0.1611459 139 107 90 255 0.6766469 0.8783077
-78.79294 53.82461 -27.86767 0.9869294 -1.755748e-08 -0.1611537 106 83 66 255 0.6769319 0.87205
-78.79294 55.22568 -19.14737 0.820681 0.5587961 0.1192878 51 48 38 255 0.699782 0.9528511
-78.79294 53.82461 -19.14737 0.9869297 3.487652e-08 0.1611516 148 113 99 255 0.6769319 0.9528511
-78.79294 55.22568 -19.14737 0.820681 0.5587961 0.1192878 51 48 38 255 0.6991805 0.8705889
-87.62529 53.82461 -19.14737 -0.9869306 1.755619e-08 0.1611459 139 107 90 255 0.6760696 0.9523124
-78.79294 53.82461 -19.14737 0.9869297 3.487652e-08 0.1611516 148 113 99 255 0.6760696 0.8705889
-82.71259 58.40199 -23.94492 0.2597075 0.9642764 -0.05218353 76 74 65 255 0.9515531 0.4821386
-78.79294 55.22568 -19.14737 0.820681 0.5587961 0.1192878 51 48 38 255 0.9884296 0.4658299
-78.79294 55.22568 -27.86767 0.8384919 0.5290884 -0.130372 156 125 99 255 0.9884296 0.4942428
-83.70566 58.40199 -23.07011 -0.2597023 0.9642778 0.0521831 73 68 60 255 0.9506038 0.4777352
-78.79294 55.22568 -19.14737 0.820681 0.5587961 0.1192878 51 48 38 255 0.9874744 0.4908236
-82.71259 58.40199 -23.07012 0.1780238 0.9831644 0.04117268 123 138 148 255 0.9506038 0.4804971
-83.70566 58.40199 -23.07011 -0.2597023 0.9642778 0.0521831 73 68 60 255 0.9512061 0.4816672
-87.62531 55.22568 -27.86766 -0.8206916 0.5587808 -0.1192865 51 50 43 255 0.9890198 0.494388
-87.62529 55.22568 -19.14737 -0.8384883 0.5290934 0.1303751 145 107 90 255 0.9878393 0.4653534
-82.71259 58.40199 -23.94492 0.2597075 0.9642764 -0.05218353 76 74 65 255 0.9517839 0.4797737
-87.62531 55.22568 -27.86766 -0.8206916 0.5587808 -0.1192865 51 50 43 255 0.9873269 0.4912292
-83.70567 58.40199 -23.94492 -0.1780356 0.9831623 -0.04117363 82 77 66 255 0.9517838 0.482191
-87.62531 55.22568 -27.86766 -0.8206916 0.5587808 -0.1192865 51 50 43 255 0.6977574 0.8759748
-78.79294 53.82461 -27.86767 0.9869294 -1.755748e-08 -0.1611537 106 83 66 255 0.6753443 0.955231
-87.62531 53.82461 -27.86766 -0.9869284 -3.48778e-08 -0.1611595 112 87 74 255 0.6753443 0.8759748
69.2102 58.40199 -22.89177 0.1780243 0.9831643 0.04117562 123 138 148 255 0.9753084 0.4674686
68.2171 58.40199 -23.76657 -0.178035 0.9831623 -0.04117424 82 77 66 255 0.9643822 0.4941802
68.21712 58.40199 -22.89177 -0.259702 0.9642779 0.0521824 73 68 60 255 0.9643822 0.4674686
64.29749 55.22568 -18.96902 -0.8384861 0.5290969 0.1303748 145 107 90 255 0.6964266 0.8783077
64.29749 53.82461 -27.68932 -0.9869283 -3.487781e-08 -0.1611596 112 87 74 255 0.6766469 0.9595829
64.29749 53.82461 -18.96902 -0.9869306 1.755618e-08 0.1611458 148 101 74 255 0.6766469 0.8783077
73.12984 53.82461 -27.68932 0.9869294 -1.755747e-08 -0.1611537 106 83 66 255 0.6769319 0.87205
73.12985 55.22568 -18.96902 0.8206812 0.5587959 0.1192877 99 77 66 255 0.699782 0.9528511
73.12985 53.82461 -18.96902 0.9869297 3.487655e-08 0.1611517 139 107 90 255 0.6769319 0.9528511
73.12985 55.22568 -18.96902 0.8206812 0.5587959 0.1192877 99 77 66 255 0.6991805 0.8705889
64.29749 53.82461 -18.96902 -0.9869306 1.755618e-08 0.1611458 148 101 74 255 0.6760696 0.9523124
73.12985 53.82461 -18.96902 0.9869297 3.487655e-08 0.1611517 139 107 90 255 0.6760696 0.8705889
69.21019 58.40199 -23.76657 0.2597082 0.9642763 -0.05218119 76 74 65 255 0.9515531 0.4821386
73.12985 55.22568 -18.96902 0.8206812 0.5587959 0.1192877 99 77 66 255 0.9884296 0.4658299
73.12984 55.22568 -27.68932 0.8384919 0.5290884 -0.1303721 46 45 38 255 0.9884296 0.4942428
68.21712 58.40199 -22.89177 -0.259702 0.9642779 0.0521824 73 68 60 255 0.9506038 0.4777352
73.12985 55.22568 -18.96902 0.8206812 0.5587959 0.1192877 99 77 66 255 0.9874744 0.4908236
69.2102 58.40199 -22.89177 0.1780243 0.9831643 0.04117562 123 138 148 255 0.9506038 0.4804971
68.21712 58.40199 -22.89177 -0.259702 0.9642779 0.0521824 73 68 60 255 0.9512061 0.4816672
64.29749 55.22568 -27.68932 -0.8206893 0.5587842 -0.1192863 51 50 43 255 0.9890198 0.494388
64.29749 55.22568 -18.96902 -0.8384861 0.5290969 0.1303748 145 107 90 255 0.9878393 0.4653534
69.21019 58.40199 -23.76657 0.2597082 0.9642763 -0.05218119 76 74 65 255 0.9517839 0.4797737
64.29749 55.22568 -27.68932 -0.8206893 0.5587842 -0.1192863 51 50 43 255 0.9873269 0.4912292
68.2171 58.40199 -23.76657 -0.178035 0.9831623 -0.04117424 82 77 66 255 0.9517838 0.482191
64.29749 55.22568 -27.68932 -0.8206893 0.5587842 -0.1192863 51 50 43 255 0.6977574 0.8759748
73.12984 53.82461 -27.68932 0.9869294 -1.755747e-08 -0.1611537 106 83 66 255 0.6753443 0.955231
64.29749 53.82461 -27.68932 -0.9869283 -3.487781e-08 -0.1611596 112 87 74 255 0.6753443 0.8759748
69.2102 58.40199 24.29119 0.1780248 0.9831642 0.04117571 123 138 148 255 0.9753084 0.4674686
68.2171 58.40199 23.41638 -0.178035 0.9831624 -0.04117289 82 77 66 255 0.9643822 0.4941802
68.21712 58.40199 24.29119 -0.2597023 0.9642777 0.05218367 123 134 148 255 0.9643822 0.4674686
64.29749 55.22568 28.21394 -0.8384863 0.5290967 0.1303749 49 48 41 255 0.6964266 0.8783077
64.29749 53.82461 19.49364 -0.9869283 -3.487781e-08 -0.1611596 165 125 107 255 0.6766469 0.9595829
64.29749 53.82461 28.21394 -0.9869306 1.755619e-08 0.1611459 139 107 90 255 0.6766469 0.8783077
73.12984 53.82461 19.49363 0.9869294 -1.755748e-08 -0.1611537 139 106 93 255 0.6769319 0.87205
73.12984 55.22568 28.21393 0.8206809 0.5587964 0.1192877 99 77 66 255 0.699782 0.9528511
73.12984 53.82461 28.21393 0.9869297 3.487655e-08 0.1611518 148 113 99 255 0.6769319 0.9528511
73.12984 55.22568 28.21393 0.8206809 0.5587964 0.1192877 99 77 66 255 0.6991805 0.8705889
64.29749 53.82461 28.21394 -0.9869306 1.755619e-08 0.1611459 139 107 90 255 0.6760696 0.9523124
73.12984 53.82461 28.21393 0.9869297 3.487655e-08 0.1611518 148 113 99 255 0.6760696 0.8705889
69.21019 58.40199 23.41638 0.2597085 0.9642763 -0.05218122 76 74 65 255 0.9515531 0.4821386
73.12984 55.22568 28.21393 0.8206809 0.5587964 0.1192877 99 77 66 255 0.9884296 0.4658299
73.12984 55.22568 19.49363 0.8384916 0.5290889 -0.130372 132 97 66 255 0.9884296 0.4942428
68.21712 58.40199 24.29119 -0.2597023 0.9642777 0.05218367 123 134 148 255 0.9506038 0.4777352
73.12984 55.22568 28.21393 0.8206809 0.5587964 0.1192877 99 77 66 255 0.9874744 0.4908236
69.2102 58.40199 24.29119 0.1780248 0.9831642 0.04117571 123 138 148 255 0.9506038 0.4804971
68.21712 58.40199 24.29119 -0.2597023 0.9642777 0.05218367 123 134 148 255 0.9512061 0.4816672
64.29749 55.22568 19.49364 -0.8206896 0.5587839 -0.1192862 54 52 43 255 0.9890198 0.494388
64.29749 55.22568 28.21394 -0.8384862 0.5290966 0.1303749 49 48 41 255 0.9878393 0.4653534
69.21019 58.40199 23.41638 0.2597085 0.9642763 -0.05218122 76 74 65 255 0.9517839 0.4797737
64.29749 55.22568 19.49364 -0.8206896 0.5587839 -0.1192862 54 52 43 255 0.9873269 0.4912292
68.2171 58.40199 23.41638 -0.178035 0.9831624 -0.04117289 82 77 66 255 0.9517838 0.482191
64.29749 55.22568 19.49364 -0.8206896 0.5587839 -0.1192862 54 52 43 255 0.6977574 0.8759748
73.12984 53.82461 19.49363 0.9869294 -1.755748e-08 -0.1611537 139 106 93 255 0.6753443 0.955231
64.29749 53.82461 19.49364 -0.9869283 -3.487781e-08 -0.1611596 165 125 107 255 0.6753443 0.8759748
62.41162 0.4633904 24.22609 -8.650824e-09 1 -1.603933e-07 115 121 132 255 0.8059208 0.5102386
-76.74605 0.4633865 8.819189 4.741993e-09 1 8.79204e-08 66 69 66 255 0.6983668 0.6008312
-76.74606 0.4633904 24.22609 4.865552e-09 1 9.021127e-08 137 148 156 255 0.6983668 0.5102386
62.41162 0.4633865 -8.638306 -8.649624e-09 1 -1.603711e-07 115 121 132 255 0.8059208 0.5102386
-76.74606 0.4633865 -24.0452 4.873218e-09 1 9.035344e-08 66 69 66 255 0.6983668 0.6008312
-76.74606 0.4633865 -8.638304 4.997978e-09 1 9.266657e-08 137 148 156 255 0.6983668 0.5102386
62.41162 0.4400864 -26.79293 0.3960351 0.9159554 -0.06466738 57 58 57 255 0.8352726 0.2351292
-76.74606 0.4400826 -3.905884 -0.3960545 0.9159471 0.0646671 51 51 51 255 0.6573205 0.4930899
-76.74608 0.4400826 -26.79293 -0.2719195 0.9612952 -0.04440103 38 22 16 255 0.7942907 0.2637661
62.41162 0.4400864 -26.79293 0.3960351 0.9159554 -0.06466738 57 58 57 255 0.653584 0.496296
-76.74606 -1.000004 -3.905882 -0.3960353 -0.9159554 0.06466813 66 56 57 255 0.5669411 0.2465394
62.41162 0.4400864 -26.79293 0.3960351 0.9159554 -0.06466738 57 58 57 255 0.9323573 0.2227167
62.41162 0.4400864 3.693134 0.3960356 0.9159552 -0.0646676 49 44 49 255 0.8352726 0.2351292
-76.74608 0.4400864 28.11552 -0.3960569 0.9159461 0.06466681 159 117 101 255 0.6573205 0.4930899
-76.74606 0.4400864 3.693134 -0.2719204 0.9612949 -0.04440162 43 26 24 255 0.7942907 0.2637661
62.41162 0.4400864 3.693134 0.3960356 0.9159552 -0.0646676 49 44 49 255 0.2109427 0.05445282
-76.74608 -1 28.11552 -0.3960355 -0.9159552 0.06466806 57 56 57 255 0.5669411 0.2465394
62.41162 0.4400864 3.693134 0.3960356 0.9159552 -0.0646676 49 44 49 255 0.9323573 0.4709647
-76.74608 42.75562 28.11552 8.684715e-09 -1 3.217808e-08 57 56 57 255 0.5669411 0.2465394
-76.74606 42.75562 14.43283 8.813502e-09 -1 1.42844e-08 57 56 57 255 0.5669411 0.2465394
-76.74608 42.75562 -2.353859 8.775477e-09 -1 1.292626e-08 57 56 57 255 0.5669411 0.2465394
-76.74606 42.75562 -22.05359 8.774421e-09 -1 3.384142e-08 57 56 57 255 0.5669411 0.2465394
5.519787 42.69415 23.65328 5.103763e-08 -1 3.194756e-09 57 56 57 255 0.5669411 0.2465394
-41.11413 42.69415 23.65328 7.502758e-08 -1 3.127127e-09 57 56 57 255 0.5669411 0.2465394
-76.93015 42.69415 23.65328 2.203012e-07 -1 3.448307e-09 57 56 57 255 0.5669411 0.2465394
57.05427 42.69415 23.65328 2.232056e-07 -1 3.593271e-09 57 56 57 255 0.5669411 0.2465394
62.41162 7.258194 28.11551 0.2719195 0.9612952 0.04440093 51 51 51 255 0.8352726 0.2646402
-76.74608 7.258194 28.11552 -0.3960541 0.9159473 0.06466634 57 56 57 255 0.6573205 0.4930899
-76.74606 7.25819 12.70861 -0.2719177 0.9612957 -0.04440088 66 69 66 255 0.7942907 0.2637661
-76.74606 7.25819 12.70861 -0.2719177 0.9612957 -0.04440088 66 69 66 255 0.9376078 0.3792782
-76.74608 6.27763 28.11552 -0.3960365 -0.9159548 0.06466782 57 56 57 255 0.5669411 0.2465394
62.41162 7.25819 12.70861 0.3960542 0.9159472 -0.06466745 49 44 49 255 0.8059208 0.6008312
-76.74606 7.25819 -27.61279 -0.2719175 0.9612957 -0.04440095 51 51 51 255 0.8352726 0.2646402
62.41163 7.25819 -27.6128 0.3960358 0.9159552 -0.06466684 51 51 51 255 0.6573205 0.4930899
62.41163 7.25819 -27.6128 0.3960358 0.9159552 -0.06466684 51 51 51 255 0.7942907 0.2362804
-76.74608 7.25819 -12.20589 -0.396054 0.9159473 0.06466661 49 44 49 255 0.6486306 0.3792782
62.41163 6.277626 -27.6128 0.3960562 -0.9159464 -0.06466737 66 56 57 255 0.5669411 0.2465394
-76.74608 7.25819 -12.20589 -0.396054 0.9159473 0.06466661 49 44 49 255 0.8059208 0.5998546
-76.74606 35.38197 -27.61279 -0.2719177 0.9612957 -0.04440091 132 142 148 255 0.8352726 0.2646402
62.41163 35.38197 -27.6128 0.3960358 0.9159552 -0.06466714 57 56 57 255 0.6573205 0.4930899
62.41163 35.38197 -27.6128 0.3960358 0.9159552 -0.06466714 57 56 57 255 0.7942907 0.2362804
-76.74606 35.38197 -13.31844 -0.3960524 0.915948 0.06466667 49 44 49 255 0.6486306 0.3792782
62.41163 34.4014 -27.6128 0.3960541 -0.9159473 -0.0646673 57 56 57 255 0.243211 0.5194615
-76.74606 35.38197 -13.31844 -0.3960524 0.915948 0.06466667 49 44 49 255 0.8045 0.5977063
62.41163 35.38197 13.62778 0.3960359 0.9159551 -0.06466743 16 20 24 255 0.8352726 0.2351292
-76.74609 35.38197 27.77037 -0.3960516 0.9159483 0.06466649 140 150 156 255 0.6573205 0.4930899
-76.74609 35.38197 13.62781 -0.2719172 0.9612958 -0.04440113 99 105 99 255 0.7942907 0.2637661
62.41163 35.38197 13.62778 0.3960359 0.9159551 -0.06466743 16 20 24 255 0.6486306 0.3792782
-76.74609 34.4014 27.77037 -0.3960358 -0.9159551 0.06466779 74 65 57 255 0.243211 0.5194615
62.41163 35.38197 13.62778 0.3960359 0.9159551 -0.06466743 16 20 24 255 0.8045 0.5977063
7.636623 42.81955 14.22202 0.2719137 0.9612969 0.0444007 198 211 214 255 -0.000879094 0.9171008
5.880966 42.81955 14.22202 -0.3960348 0.9159556 0.0646668 214 219 239 255 -0.002020106 0.919324
5.880978 42.81955 12.7949 -0.2719232 0.9612939 -0.04440381 165 178 181 255 -0.0002027228 0.9194365
7.636635 42.81955 12.7949 0.3960433 0.9159518 -0.06466924 167 170 172 255 -0.0001055803 0.9173853
5.880966 -0.1557274 14.22202 -0.3960407 -0.9159528 0.06467021 198 199 198 255 0.5669411 0.2465394
7.636635 42.81955 12.7949 0.3960433 0.9159518 -0.06466924 167 170 172 255 0.2438999 0.605714
30.0339 42.81955 12.7949 0.3960506 0.9159486 -0.06466945 167 170 172 255 0.028632 0.9171008
30.0339 42.81955 14.22202 0.271918 0.9612956 0.04440034 140 117 115 255 0.02769403 0.919324
28.27825 42.81955 12.7949 -0.2719233 0.9612939 -0.0444034 106 98 93 255 -0.0002027228 0.9194365
28.27825 42.81955 12.7949 -0.2719233 0.9612939 -0.0444034 106 98 93 255 0.02645894 0.9173863
28.27824 -0.1557274 14.22202 -0.3960407 -0.9159529 0.06466971 198 199 198 255 0.5669411 0.2465394
30.0339 42.81955 12.7949 0.3960506 0.9159486 -0.06466945 167 170 172 255 0.2438999 0.605714
52.11293 42.81955 14.22202 0.2719137 0.9612969 0.0444007 198 211 214 255 -0.000879094 0.9171008
50.35728 42.81955 14.22202 -0.3960349 0.9159556 0.06466689 214 219 239 255 -0.002020106 0.919324
50.35728 42.81955 12.7949 -0.2719233 0.9612939 -0.04440374 198 215 231 255 -0.0002027228 0.9194365
52.11294 42.81955 12.7949 0.3960433 0.9159518 -0.06466924 167 170 172 255 -0.0001055803 0.9173853
50.35728 -0.1557274 14.22202 -0.3960407 -0.9159528 0.06467021 198 199 198 255 0.5669411 0.2465394
52.11294 42.81955 12.7949 0.3960433 0.9159518 -0.06466924 167 170 172 255 0.2438999 0.605714
41.59303 42.81955 14.22202 0.2719137 0.9612969 0.04440077 198 211 214 255 -0.000879094 0.9171008
39.83736 42.81955 14.22202 -0.3960351 0.9159555 0.06466699 214 219 239 255 -0.002020106 0.919324
39.83737 42.81955 12.7949 -0.2719233 0.9612939 -0.04440368 198 215 231 255 -0.0002027228 0.9194365
41.59303 42.81955 12.7949 0.3960434 0.9159518 -0.06466915 189 195 206 255 -0.0001055803 0.9173853
39.83736 -0.1557274 14.22202 -0.3960406 -0.9159529 0.06467012 198 199 198 255 0.5669411 0.2465394
41.59303 42.81955 12.7949 0.3960434 0.9159518 -0.06466915 189 195 206 255 0.2438999 0.605714
19.30674 42.81955 12.7949 0.3960505 0.9159486 -0.06466943 189 195 206 255 0.028632 0.9171008
17.55107 42.81955 14.22202 -0.3960349 0.9159556 0.06466689 129 109 101 255 -0.002020106 0.919324
17.55108 42.81955 12.7949 -0.2719233 0.9612939 -0.0444034 165 178 181 255 -0.0002027228 0.9194365
17.55108 42.81955 12.7949 -0.2719233 0.9612939 -0.0444034 165 178 181 255 0.02645894 0.9173863
17.55107 -0.1557274 14.22202 -0.3960406 -0.9159529 0.06467012 117 94 79 255 0.5669411 0.2465394
19.30674 42.81955 12.7949 0.3960505 0.9159486 -0.06466943 189 195 206 255 0.2438999 0.605714
-13.14024 42.81955 14.22202 0.2719091 0.9612981 0.04440126 198 211 214 255 -0.000879094 0.9171008
-14.89589 42.81955 14.22202 -0.3960382 0.9159542 0.06466644 131 127 117 255 -0.002020106 0.919324
-14.89588 42.81955 12.7949 -0.2719185 0.9612953 -0.04440397 106 98 93 255 -0.0002027228 0.9194365
-14.89588 42.81955 12.7949 -0.2719185 0.9612953 -0.04440397 106 98 93 255 0.02645894 0.9173863
-14.8959 -0.1557274 14.22202 -0.3960441 -0.9159514 0.06466977 117 94 79 255 0.5669411 0.2465394
-13.14022 42.81955 12.7949 0.3960468 0.9159503 -0.0646693 189 195 206 255 0.2438999 0.605714
-34.41555 42.81955 14.22202 0.271909 0.9612981 0.04440125 198 211 214 255 -0.000879094 0.9171008
-36.17121 42.81955 14.22202 -0.3960383 0.9159541 0.06466652 129 109 101 255 -0.002020106 0.919324
-36.1712 42.81955 12.7949 -0.2719186 0.9612952 -0.04440425 165 178 181 255 -0.0002027228 0.9194365
-34.41554 42.81955 12.7949 0.3960468 0.9159503 -0.06466879 189 195 206 255 -0.0001055803 0.9173853
-36.17121 -0.1557274 14.22202 -0.3960439 -0.9159515 0.06466967 198 199 198 255 0.5669411 0.2465394
-34.41554 42.81955 12.7949 0.3960468 0.9159503 -0.06466879 189 195 206 255 0.2438999 0.605714
-56.67288 42.81955 14.22202 0.2719182 0.9612955 0.04439984 148 150 140 255 -0.000879094 0.9171008
-56.67288 42.81955 14.22202 0.2719182 0.9612955 0.04439984 148 150 140 255 0.02769403 0.919324
-58.42852 42.81955 12.7949 -0.2719093 0.9612979 -0.0444051 106 98 93 255 -0.0002027228 0.9194365
-58.42852 42.81955 12.7949 -0.2719093 0.9612979 -0.0444051 106 98 93 255 0.02645894 0.9173863
-58.42855 -0.1557274 14.22202 -0.3960505 -0.9159487 0.06466813 198 199 198 255 0.5669411 0.2465394
-56.67289 42.81955 12.7949 0.3960399 0.9159532 -0.0646701 189 195 206 255 0.2438999 0.605714
-68.39885 42.81955 14.22201 0.2719184 0.9612955 0.04439984 198 211 214 255 -0.000879094 0.9171008
-68.39885 42.81955 14.22201 0.2719184 0.9612955 0.04439984 198 211 214 255 0.02769403 0.919324
-70.1545 42.81955 12.7949 -0.2719093 0.9612979 -0.04440547 106 98 93 255 -0.0002027228 0.9194365
-68.39885 42.81955 12.7949 0.3960399 0.9159532 -0.06466961 167 170 172 255 -0.0001055803 0.9173853
-70.15453 -0.1557274 14.22202 -0.3960507 -0.9159486 0.06466813 57 56 57 255 0.5669411 0.2465394
-68.39885 42.81955 12.7949 0.3960399 0.9159532 -0.06466961 167 170 172 255 0.2438999 0.605714
-45.05834 42.81955 12.7949 0.3960475 0.9159499 -0.06466948 82 77 74 255 0.028632 0.9171008
-45.05835 42.81955 14.22202 0.2719226 0.9612944 0.04439971 148 150 140 255 0.02769403 0.919324
-46.81399 42.81955 12.7949 -0.2719091 0.9612979 -0.04440548 106 98 93 255 -0.0002027228 0.9194365
-45.05834 42.81955 12.7949 0.3960475 0.9159499 -0.06466948 82 77 74 255 -0.0001055803 0.9173853
-46.81401 -0.1557274 14.22201 -0.3960507 -0.9159486 0.06466813 57 56 57 255 0.5669411 0.2465394
-45.05834 42.81955 12.7949 0.3960475 0.9159499 -0.06466948 82 77 74 255 0.2438999 0.605714
-23.99907 42.81955 14.22201 0.2719183 0.9612955 0.04439977 148 150 140 255 -0.000879094 0.9171008
-23.99907 42.81955 14.22201 0.2719183 0.9612955 0.04439977 148 150 140 255 0.02769403 0.919324
-25.75472 42.81955 12.7949 -0.2719091 0.9612979 -0.04440548 198 215 231 255 -0.0002027228 0.9194365
-23.99907 42.81955 12.7949 0.39604 0.9159532 -0.06466969 167 170 172 255 -0.0001055803 0.9173853
-25.75474 -0.1557274 14.22202 -0.3960507 -0.9159486 0.06466813 57 56 57 255 0.5669411 0.2465394
-23.99907 42.81955 12.7949 0.39604 0.9159532 -0.06466969 167 170 172 255 0.2438999 0.605714
-2.448223 42.81955 14.22201 0.2719184 0.9612955 0.04440017 140 117 115 255 -0.000879094 0.9171008
-4.203888 42.81955 14.22201 -0.3960448 0.9159514 0.06466557 129 109 101 255 -0.002020106 0.919324
-4.203865 42.81955 12.7949 -0.2719092 0.9612979 -0.04440508 165 178 181 255 -0.0002027228 0.9194365
-4.203865 42.81955 12.7949 -0.2719092 0.9612979 -0.04440508 165 178 181 255 0.02645894 0.9173863
-4.203888 -0.1557274 14.22201 -0.3960507 -0.9159486 0.06466863 198 199 198 255 0.5669411 0.2465394
-2.448219 42.81955 12.7949 0.3960399 0.9159532 -0.06467012 167 170 172 255 0.2438999 0.605714
-2.448223 42.81955 -12.69329 0.2719183 0.9612955 0.04440013 148 150 140 255 -0.000879094 0.9171008
-4.203892 42.81955 -12.69328 -0.3960449 0.9159513 0.06466552 214 219 239 255 -0.002020106 0.919324
-4.203865 42.81955 -14.1204 -0.2719091 0.9612979 -0.0444051 106 98 93 255 -0.0002027228 0.9194365
-4.203865 42.81955 -14.1204 -0.2719091 0.9612979 -0.0444051 106 98 93 255 0.02645894 0.9173863
-4.203892 -0.1557274 -12.69329 -0.396051 -0.9159488 0.06466453 198 199 198 255 0.5669411 0.2465394
-2.448219 42.81955 -14.1204 0.39604 0.9159532 -0.06467017 189 195 206 255 0.2438999 0.605714
8.775562 42.81955 -12.69329 0.2719183 0.9612955 0.04439981 198 211 214 255 -0.000879094 0.9171008
8.775562 42.81955 -12.69329 0.2719183 0.9612955 0.04439981 198 211 214 255 0.02769403 0.919324
7.01992 42.81955 -14.1204 -0.2719091 0.9612979 -0.0444051 106 98 93 255 -0.0002027228 0.9194365
7.01992 42.81955 -14.1204 -0.2719091 0.9612979 -0.0444051 106 98 93 255 0.02645894 0.9173863
7.019894 -0.1557274 -12.69329 -0.3960509 -0.9159488 0.06466401 57 56 57 255 0.5669411 0.2465394
8.775566 42.81955 -14.1204 0.39604 0.9159532 -0.06467016 82 77 74 255 0.2438999 0.605714
-13.48019 42.81955 -12.69329 0.2719183 0.9612955 0.04440013 198 211 214 255 -0.000879094 0.9171008
-15.23585 42.81955 -12.69328 -0.3960449 0.9159514 0.06466553 214 219 239 255 -0.002020106 0.919324
-15.23583 42.81955 -14.1204 -0.2719091 0.9612979 -0.0444051 106 98 93 255 -0.0002027228 0.9194365
-15.23583 42.81955 -14.1204 -0.2719091 0.9612979 -0.0444051 106 98 93 255 0.02645894 0.9173863
-15.23585 -0.1557274 -12.69329 -0.396051 -0.9159488 0.06466453 198 199 198 255 0.5669411 0.2465394
-13.48018 42.81955 -14.1204 0.39604 0.9159532 -0.06467017 82 77 74 255 0.2438999 0.605714
-34.16897 42.81955 -12.69329 0.2719183 0.9612955 0.04439979 148 150 140 255 -0.000879094 0.9171008
-34.16897 42.81955 -12.69329 0.2719183 0.9612955 0.04439979 148 150 140 255 0.02769403 0.919324
-35.92463 42.81955 -14.1204 -0.2719092 0.9612979 -0.04440545 165 178 181 255 -0.0002027228 0.9194365
-34.16897 42.81955 -14.1204 0.3960399 0.9159532 -0.06466965 167 170 172 255 -0.0001055803 0.9173853
-35.92465 -0.1557274 -12.69329 -0.3960509 -0.9159489 0.06466402 57 56 57 255 0.5669411 0.2465394
-34.16897 42.81955 -14.1204 0.3960399 0.9159532 -0.06466965 167 170 172 255 0.2438999 0.605714
-56.41549 42.81955 -12.69329 0.2719183 0.9612955 0.04440014 148 150 140 255 -0.000879094 0.9171008
-58.17117 42.81955 -12.69328 -0.3960449 0.9159513 0.06466554 214 219 239 255 -0.002020106 0.919324
-58.17115 42.81955 -14.1204 -0.2719091 0.9612979 -0.04440544 198 215 231 255 -0.0002027228 0.9194365
-56.41549 42.81955 -14.1204 0.39604 0.9159532 -0.06466965 167 170 172 255 -0.0001055803 0.9173853
-58.17117 -0.1557274 -12.69329 -0.396051 -0.9159488 0.06466452 198 199 198 255 0.5669411 0.2465394
-56.41549 42.81955 -14.1204 0.39604 0.9159532 -0.06466965 167 170 172 255 0.2438999 0.605714
-68.31018 42.81955 -12.69329 0.2719184 0.9612955 0.04440014 198 211 214 255 -0.000879094 0.9171008
-70.06589 42.81955 -12.69328 -0.396045 0.9159513 0.06466553 214 219 239 255 -0.002020106 0.919324
-70.06586 42.81955 -14.1204 -0.2719091 0.9612979 -0.04440509 198 215 231 255 -0.0002027228 0.9194365
-70.06586 42.81955 -14.1204 -0.2719091 0.9612979 -0.04440509 198 215 231 255 0.02645894 0.9173863
-70.06589 -0.1557274 -12.69329 -0.396051 -0.9159488 0.06466452 57 56 57 255 0.5669411 0.2465394
-68.3102 42.81955 -14.1204 0.39604 0.9159532 -0.06467016 189 195 206 255 0.2438999 0.605714
-45.05666 42.81955 -12.69329 0.2719184 0.9612955 0.04440014 148 150 140 255 -0.000879094 0.9171008
-46.81234 42.81955 -12.69328 -0.396045 0.9159513 0.06466553 131 127 117 255 -0.002020106 0.919324
-46.81233 42.81955 -14.1204 -0.2719092 0.9612979 -0.04440544 106 98 93 255 -0.0002027228 0.9194365
-45.05665 42.81955 -14.1204 0.39604 0.9159532 -0.06466966 167 170 172 255 -0.0001055803 0.9173853
-46.81234 -0.1557274 -12.69328 -0.396051 -0.9159488 0.06466452 117 94 79 255 0.5669411 0.2465394
-45.05665 42.81955 -14.1204 0.39604 0.9159532 -0.06466966 167 170 172 255 0.2438999 0.605714
-23.93156 42.81955 -12.69329 0.2719183 0.9612955 0.04440014 140 117 115 255 -0.000879094 0.9171008
-25.68725 42.81955 -12.69328 -0.3960449 0.9159514 0.06466553 129 109 101 255 -0.002020106 0.919324
-25.68722 42.81955 -14.1204 -0.2719091 0.9612979 -0.04440543 198 215 231 255 -0.0002027228 0.9194365
-23.93156 42.81955 -14.1204 0.3960399 0.9159532 -0.06466965 167 170 172 255 -0.0001055803 0.9173853
-25.68725 -0.1557274 -12.69329 -0.3960509 -0.9159488 0.06466451 57 56 57 255 0.5669411 0.2465394
-23.93156 42.81955 -14.1204 0.3960399 0.9159532 -0.06466965 167 170 172 255 0.2438999 0.605714
29.94312 42.81955 -12.69329 0.2719183 0.9612955 0.04440014 148 150 140 255 -0.000879094 0.9171008
28.18744 42.81955 -12.69328 -0.3960449 0.9159513 0.06466553 129 109 101 255 -0.002020106 0.919324
28.18746 42.81955 -14.1204 -0.2719092 0.9612979 -0.04440543 165 178 181 255 -0.0002027228 0.9194365
29.94313 42.81955 -14.1204 0.3960399 0.9159532 -0.06466964 189 195 206 255 -0.0001055803 0.9173853
28.18744 -0.1557274 -12.69329 -0.396051 -0.9159488 0.06466451 198 199 198 255 0.5669411 0.2465394
29.94313 42.81955 -14.1204 0.3960399 0.9159532 -0.06466964 189 195 206 255 0.2438999 0.605714
52.42728 42.81955 -12.69329 0.2719184 0.9612955 0.04440013 148 150 140 255 -0.000879094 0.9171008
50.67159 42.81955 -12.69328 -0.3960449 0.9159514 0.06466553 131 127 117 255 -0.002020106 0.919324
50.67161 42.81955 -14.1204 -0.2719091 0.9612979 -0.04440543 165 178 181 255 -0.0002027228 0.9194365
52.42728 42.81955 -14.1204 0.3960399 0.9159532 -0.06466966 189 195 206 255 -0.0001055803 0.9173853
50.67159 -0.1557274 -12.69328 -0.3960509 -0.9159488 0.06466451 198 199 198 255 0.5669411 0.2465394
52.42728 42.81955 -14.1204 0.3960399 0.9159532 -0.06466966 189 195 206 255 0.2438999 0.605714
41.06361 42.81955 -12.69329 0.2719184 0.9612955 0.04440015 148 150 140 255 -0.000879094 0.9171008
39.30792 42.81955 -12.69328 -0.3960449 0.9159514 0.06466553 214 219 239 255 -0.002020106 0.919324
39.30795 42.81955 -14.1204 -0.2719091 0.9612979 -0.04440543 106 98 93 255 -0.0002027228 0.9194365
41.06361 42.81955 -14.1204 0.3960399 0.9159532 -0.06466965 82 77 74 255 -0.0001055803 0.9173853
39.30792 -0.1557274 -12.69328 -0.3960509 -0.9159488 0.06466451 117 94 79 255 0.5669411 0.2465394
41.06361 42.81955 -14.1204 0.3960399 0.9159532 -0.06466965 82 77 74 255 0.2438999 0.605714
18.73838 42.81955 -12.69329 0.2719184 0.9612955 0.04440014 140 117 115 255 -0.000879094 0.9171008
16.98269 42.81955 -12.69328 -0.3960449 0.9159514 0.06466553 129 109 101 255 -0.002020106 0.919324
16.98271 42.81955 -14.1204 -0.2719092 0.9612979 -0.04440544 165 178 181 255 -0.0002027228 0.9194365
18.73838 42.81955 -14.1204 0.3960399 0.9159532 -0.06466965 167 170 172 255 -0.0001055803 0.9173853
16.98269 -0.1557274 -12.69328 -0.396051 -0.9159488 0.06466453 198 199 198 255 0.5669411 0.2465394
18.73838 42.81955 -14.1204 0.3960399 0.9159532 -0.06466965 167 170 172 255 0.2438999 0.605714
50.56615 7.25819 -12.21145 -0.2721943 0.9622423 -1.942189e-07 126 140 148 255 0.852411 0.3581855
62.7755 6.277622 -12.21148 -3.094215e-07 -1 -9.623851e-08 57 56 57 255 0.5669411 0.2465394
50.56615 7.25819 12.8481 -0.3968715 0.9178742 -6.476451e-08 99 89 99 255 0.8059208 0.5958709
-68.0999 7.25819 -12.21148 0.396868 0.9178757 -1.226387e-07 99 97 99 255 0.7517335 0.3581855
-77.30968 6.277622 12.84809 4.20118e-07 -1 -4.250334e-08 57 56 57 255 0.5669411 0.2465394
-68.0999 7.25819 -12.21148 0.396868 0.9178757 -1.226387e-07 99 97 99 255 0.8059208 0.5958709
-69.43643 10.82389 -26.64082 0.3968745 0.9178729 2.094524e-07 24 28 33 255 0.1419242 0.00914477
-77.30968 10.39823 27.27744 4.845698e-07 -1 -2.112006e-07 57 56 57 255 0.5669411 0.2465394
-69.43643 10.82389 -26.64082 0.3968745 0.9178729 2.094524e-07 24 28 33 255 1.203862 0.4165181
-69.43643 14.86317 -26.64082 0.3968652 0.9178769 -6.614195e-08 198 190 173 255 0.1419242 0.00914477
-77.30968 14.4375 27.27744 4.925956e-07 -1 -6.239515e-08 57 56 57 255 0.5669411 0.2465394
-69.43643 14.86317 -26.64082 0.3968652 0.9178769 -6.614195e-08 198 190 173 255 1.203862 0.4165181
-69.43643 19.25113 -26.64082 0.3968652 0.9178769 -6.614195e-08 198 190 173 255 0.1419242 0.00914477
-77.30968 18.82546 27.27743 4.952709e-07 -1 -1.279334e-08 57 56 57 255 0.5669411 0.2465394
-69.43643 19.25113 -26.64082 0.3968652 0.9178769 -6.614195e-08 198 190 173 255 1.203862 0.4165181
-69.43643 24.58687 -26.64082 0.3968652 0.9178769 -1.791345e-08 198 190 173 255 0.1419242 0.00914477
-77.30968 24.16121 27.27743 4.939316e-07 -1 -3.759352e-08 57 56 57 255 0.5669411 0.2465394
-69.43643 24.58687 -26.64082 0.3968652 0.9178769 -1.791345e-08 198 190 173 255 1.203862 0.4165181
-69.43643 30.32704 -26.64082 0.3968652 0.9178769 -1.791345e-08 198 190 173 255 0.1419242 0.00914477
-77.30968 29.90138 27.27743 4.939316e-07 -1 -3.759352e-08 57 56 57 255 0.5669411 0.2465394
-69.43643 30.32704 -26.64082 0.3968652 0.9178769 -1.791345e-08 198 190 173 255 1.203862 0.4165181
-68.33836 35.37471 -13.31378 0.3968657 0.9178767 -1.65355e-08 66 65 66 255 0.7517335 0.3581855
-77.30968 34.39415 13.9504 4.344702e-07 -1 3.180278e-08 57 56 57 255 0.5669411 0.2465394
-68.33836 35.37471 -13.31378 0.3968657 0.9178767 -1.65355e-08 66 65 66 255 0.8079553 0.5958709
-68.31018 42.81955 -4.245564 0.9869285 1.405149e-07 0.1611586 140 117 115 255 -0.000879094 0.9171008
-68.31018 42.81955 -4.245564 0.9869285 1.405149e-07 0.1611586 140 117 115 255 0.02769403 0.919324
-70.06586 42.81955 -5.672678 -0.986926 3.854117e-08 -0.1611745 165 178 181 255 -0.0002027228 0.9194365
-68.31018 42.81955 -5.67268 0.98693 1.360218e-07 -0.1611499 167 170 172 255 -0.0001055803 0.9173853
-68.3102 42.81955 5.579292 0.9869283 -4.785111e-10 0.1611599 198 211 214 255 -0.000879094 0.9171008
-70.06587 42.81955 5.579294 -0.9869316 -9.863828e-08 0.1611396 214 219 239 255 -0.002020106 0.919324
-70.06586 42.81955 4.152176 -0.986926 -1.041806e-07 -0.1611743 198 215 231 255 -0.0002027228 0.9194365
-68.3102 42.81955 4.152176 0.986931 -5.999423e-09 -0.1611438 189 195 206 255 -0.0001055803 0.9173853
-69.98486 8.171074 13.04168 1.603204e-07 0.9975128 0.07048695 27 14 10 255 0.2343358 0.02868035
50.73249 8.171074 12.86977 -1.969279e-07 0.9975169 -0.07042813 33 36 41 255 0.2465538 0.02966881
-69.98486 8.011139 13.04168 -4.703369e-07 -0.997515 0.07045411 57 56 57 255 0.5669411 0.2465394
50.73249 8.171074 12.86977 -1.969279e-07 0.9975169 -0.07042813 33 36 41 255 0.8142967 0.09483889
-69.98486 8.171074 -12.83209 -1.721461e-06 0.997515 0.07045472 30 38 43 255 0.2343358 0.02868035
50.73249 8.171074 -13.004 -1.548903e-06 0.9975146 -0.0704604 33 20 16 255 0.2465538 0.02966881
-69.98486 8.011139 -12.83209 -6.051469e-07 -0.997515 0.07045411 33 32 41 255 0.5669411 0.2465394
50.73249 8.171074 -13.004 -1.548903e-06 0.9975146 -0.0704604 33 20 16 255 0.8142967 0.09483889
-69.98486 36.01203 -13.44929 -2.127511e-07 0.9975131 0.07048126 27 14 10 255 0.2343358 0.02868035
62.40036 36.01203 -13.6212 -3.751625e-07 0.9975163 -0.07043614 33 36 41 255 0.2465538 0.02966881
-69.98486 35.8521 -13.44929 1.104793e-07 -0.9975143 0.07046451 57 56 57 255 0.5669411 0.2465394
62.40036 36.01203 -13.6212 -3.751625e-07 0.9975163 -0.07043614 33 36 41 255 0.8142967 0.09483889
-69.98488 36.01203 13.86757 -2.303555e-07 0.9975131 0.07048128 30 38 43 255 0.2343358 0.02868035
62.17917 36.01203 13.69566 4.118285e-08 0.9975168 -0.07042877 33 36 41 255 0.2465538 0.02966881
-69.98488 35.8521 13.86757 9.175488e-08 -0.9975142 0.07046561 57 56 57 255 0.5669411 0.2465394
62.17917 36.01203 13.69566 4.118285e-08 0.9975168 -0.07042877 33 36 41 255 0.8142967 0.09483889
-68.43555 36.00995 -13.25508 0.3968666 0.9178763 3.320887e-07 49 32 24 255 0.8844386 0.02868035
-68.55074 36.00995 -13.25508 -0.2721875 0.9622443 3.861077e-07 33 20 16 255 0.2465538 0.02966881
-68.55072 35.87786 13.17159 -0.3968658 -0.9178767 2.714577e-07 46 45 46 255 0.5669411 0.4965394
-68.43555 36.00995 -13.25508 0.3968666 0.9178763 3.320887e-07 49 32 24 255 0.8142967 0.04552791
-68.43555 8.151821 -13.25508 0.396864 0.9178775 1.699028e-06 49 32 24 255 0.8844386 0.02868035
-68.55074 8.151821 -13.25508 -0.2721883 0.962244 8.803717e-07 33 20 16 255 0.2465538 0.02966881
-68.55072 8.01973 13.17159 -0.3968675 -0.9178759 1.089964e-06 27 32 35 255 0.5669411 0.4965394
-68.43555 8.151821 -13.25508 0.396864 0.9178775 1.699028e-06 49 32 24 255 0.8142967 0.04552791
51.00945 8.151821 -13.25508 0.396864 0.9178775 1.69765e-06 49 32 24 255 0.8844386 0.02868035
50.89426 8.151821 -13.25508 -0.2721885 0.962244 8.815349e-07 33 20 16 255 0.2465538 0.02966881
50.89427 8.01973 13.17159 -0.3968682 -0.9178756 1.096855e-06 46 45 46 255 0.5669411 0.4965394
51.00945 8.151821 -13.25508 0.396864 0.9178775 1.69765e-06 49 32 24 255 0.8142967 0.04552791
51.01431 8.10807 -4.146735 0.98693 -1.385827e-07 -0.1611498 30 38 43 255 0.2343358 0.02868035
50.89912 -0.5227318 -4.146736 -0.9869293 1.231697e-06 -0.161154 33 36 41 255 0.2465538 0.02966881
50.89914 8.10807 -4.014647 -0.9869293 1.485777e-06 0.1611539 46 45 46 255 0.5669411 0.4965394
50.89912 -0.5227318 -4.146736 -0.9869293 1.231697e-06 -0.161154 33 36 41 255 0.8142967 0.09483889
51.01431 8.10807 3.846079 0.9869303 -1.385865e-07 -0.1611482 30 38 43 255 0.2343358 0.02868035
50.89912 -0.5227318 3.846079 -0.9869294 1.311615e-06 -0.1611535 33 36 41 255 0.2465538 0.02966881
50.89914 8.10807 3.978167 -0.9869291 1.490906e-06 0.1611554 46 45 46 255 0.5669411 0.4965394
50.89912 -0.5227318 3.846079 -0.9869294 1.311615e-06 -0.1611535 33 36 41 255 0.8142967 0.09483889
51.01431 8.08186 -0.07503891 0.98693 -8.110131e-07 -0.16115 27 14 10 255 0.2343358 0.02868035
50.89912 6.765411 -0.07504082 -0.9869294 8.792909e-06 -0.1611531 33 20 16 255 0.2465538 0.02966881
50.89914 8.08186 0.0570488 -0.9869295 9.561877e-06 0.1611529 27 32 35 255 0.5669411 0.4965394
50.89912 6.765411 -0.07504082 -0.9869294 8.792909e-06 -0.1611531 33 20 16 255 0.8142967 0.09483889
51.01431 8.081856 -8.276066 0.98693 -8.140796e-07 -0.16115 30 38 43 255 0.2343358 0.02868035
50.89912 6.765408 -8.276068 -0.9869294 8.792909e-06 -0.1611531 33 20 16 255 0.2465538 0.02966881
50.89914 8.081856 -8.143978 -0.9869292 9.798379e-06 0.1611543 46 45 46 255 0.5669411 0.4965394
50.89912 6.765408 -8.276068 -0.9869294 8.792909e-06 -0.1611531 33 20 16 255 0.8142967 0.09483889
51.01431 8.081856 8.432224 0.9869298 -5.476737e-07 -0.1611506 27 14 10 255 0.2343358 0.02868035
50.89912 6.765408 8.432224 -0.9869291 8.793125e-06 -0.1611551 33 20 16 255 0.2465538 0.02966881
50.89914 8.081856 8.564314 -0.9869293 9.528992e-06 0.161154 27 32 35 255 0.5669411 0.4965394
50.89912 6.765408 8.432224 -0.9869291 8.793125e-06 -0.1611551 33 20 16 255 0.8142967 0.09483889
51.01431 8.081856 6.120302 0.9869297 -1.071632e-06 -0.1611515 30 38 43 255 0.2343358 0.02868035
50.89912 6.765408 6.120302 -0.9869291 8.793125e-06 -0.1611551 33 36 41 255 0.2465538 0.02966881
50.89914 8.081856 6.252394 -0.9869292 9.528761e-06 0.1611549 27 32 35 255 0.5669411 0.4965394
50.89912 6.765408 6.120302 -0.9869291 8.793125e-06 -0.1611551 33 36 41 255 0.8142967 0.09483889
51.01431 8.081856 10.63384 0.9869298 -1.077791e-06 -0.1611506 27 14 10 255 0.2343358 0.02868035
50.89912 6.765408 10.63384 -0.9869291 8.799258e-06 -0.1611551 33 20 16 255 0.2465538 0.02966881
50.89914 8.081856 10.76593 -0.9869293 9.535125e-06 0.161154 27 32 35 255 0.5669411 0.4965394
50.89912 6.765408 10.63384 -0.9869291 8.799258e-06 -0.1611551 33 20 16 255 0.8142967 0.09483889
51.01431 8.081856 1.861307 0.9869297 -1.071632e-06 -0.1611515 27 14 10 255 0.2343358 0.02868035
50.89912 6.765408 1.861307 -0.9869294 8.792908e-06 -0.1611535 33 20 16 255 0.2465538 0.02966881
50.89914 8.081856 1.993397 -0.9869293 9.532058e-06 0.161154 46 45 46 255 0.5669411 0.4965394
50.89912 6.765408 1.861307 -0.9869294 8.792908e-06 -0.1611535 33 20 16 255 0.8142967 0.09483889
51.01431 8.081856 -2.174934 0.9869298 -1.074724e-06 -0.1611506 27 14 10 255 0.2343358 0.02868035
50.89912 6.765408 -2.174934 -0.9869291 8.793125e-06 -0.1611551 33 20 16 255 0.2465538 0.02966881
50.89914 8.081856 -2.042845 -0.9869292 9.531826e-06 0.1611549 27 32 35 255 0.5669411 0.4965394
50.89912 6.765408 -2.174934 -0.9869291 8.793125e-06 -0.1611551 33 20 16 255 0.8142967 0.09483889
51.01431 8.081856 -6.329668 0.9869299 -1.074722e-06 -0.1611504 30 38 43 255 0.2343358 0.02868035
50.89912 6.765408 -6.329668 -0.9869292 8.796083e-06 -0.1611543 33 36 41 255 0.2465538 0.02966881
50.89914 8.081856 -6.197577 -0.9869292 9.531942e-06 0.1611544 27 32 35 255 0.5669411 0.4965394
50.89912 6.765408 -6.329668 -0.9869292 8.796083e-06 -0.1611543 33 36 41 255 0.8142967 0.09483889
51.01431 8.081852 -10.55656 0.9869298 -1.071645e-06 -0.1611511 30 38 43 255 0.2343358 0.02868035
50.89912 6.765404 -10.55656 -0.9869292 8.793037e-06 -0.1611548 33 20 16 255 0.2465538 0.02966881
50.89914 8.081852 -10.42447 -0.9869292 9.531942e-06 0.1611544 27 32 35 255 0.5669411 0.4965394
50.89912 6.765404 -10.55656 -0.9869292 8.793037e-06 -0.1611548 33 20 16 255 0.8142967 0.09483889
45.68629 8.081852 -12.9927 0.9869298 -1.077783e-06 -0.1611507 30 38 43 255 0.2343358 0.02868035
45.5711 6.765404 -12.9927 -0.9869292 8.275182e-06 -0.1611545 33 36 41 255 0.2465538 0.02966881
45.57111 8.081852 -12.86061 -0.9869298 9.522737e-06 0.1611511 46 45 46 255 0.5669411 0.4965394
45.5711 6.765404 -12.9927 -0.9869292 8.275182e-06 -0.1611545 33 36 41 255 0.8142967 0.09483889
43.45533 8.081852 -12.9927 0.9869298 -1.077777e-06 -0.1611509 27 14 10 255 0.2343358 0.02868035
43.34015 6.765404 -12.9927 -0.9869292 9.323184e-06 -0.1611547 33 20 16 255 0.2465538 0.02966881
43.34016 8.081852 -12.86061 -0.9869298 8.474783e-06 0.1611511 27 32 35 255 0.5669411 0.4965394
43.34015 6.765404 -12.9927 -0.9869292 9.323184e-06 -0.1611547 33 20 16 255 0.8142967 0.09483889
48.23357 8.081852 -12.9927 0.9869298 -1.07165e-06 -0.1611507 27 14 10 255 0.2343358 0.02868035
48.11838 6.765404 -12.9927 -0.9869292 8.793028e-06 -0.1611545 33 20 16 255 0.2465538 0.02966881
48.11839 8.081852 -12.86061 -0.9869298 8.99876e-06 0.1611511 27 32 35 255 0.5669411 0.4965394
48.11838 6.765404 -12.9927 -0.9869292 8.793028e-06 -0.1611545 33 20 16 255 0.8142967 0.09483889
34.60757 8.081852 -12.9927 0.9869298 -1.755702e-08 -0.161151 27 14 10 255 0.2343358 0.02868035
34.49238 6.765404 -12.9927 -0.9869291 8.275221e-06 -0.1611551 33 20 16 255 0.2465538 0.02966881
34.49239 8.081852 -12.86061 -0.9869298 8.450252e-06 0.1611512 27 32 35 255 0.5669411 0.4965394
34.49238 6.765404 -12.9927 -0.9869291 8.275221e-06 -0.1611551 33 20 16 255 0.8142967 0.09483889
37.10663 8.081852 -12.9927 0.9869298 -1.755699e-08 -0.1611507 27 14 10 255 0.2343358 0.02868035
36.99144 6.765404 -12.9927 -0.9869292 6.203798e-06 -0.1611549 33 36 41 255 0.2465538 0.02966881
36.99146 8.081852 -12.86061 -0.9869297 8.474793e-06 0.1611513 46 45 46 255 0.5669411 0.4965394
36.99144 6.765404 -12.9927 -0.9869292 6.203798e-06 -0.1611549 33 36 41 255 0.8142967 0.09483889
32.26288 8.081852 -12.9927 0.9869298 -1.755704e-08 -0.1611511 27 14 10 255 0.2343358 0.02868035
32.14769 6.765404 -12.9927 -0.9869292 6.179269e-06 -0.1611549 33 20 16 255 0.2465538 0.02966881
32.14771 8.081852 -12.86061 -0.9869298 8.474834e-06 0.1611509 27 32 35 255 0.5669411 0.4965394
32.14769 6.765404 -12.9927 -0.9869292 6.179269e-06 -0.1611549 33 20 16 255 0.8142967 0.09483889
23.51979 8.081852 -12.9927 0.9869298 -1.755702e-08 -0.161151 27 14 10 255 0.2343358 0.02868035
23.4046 6.765404 -12.9927 -0.9869292 8.275169e-06 -0.1611546 33 20 16 255 0.2465538 0.02966881
23.40461 8.081852 -12.86061 -0.9869298 4.282992e-06 0.1611509 46 45 46 255 0.5669411 0.4965394
23.4046 6.765404 -12.9927 -0.9869292 8.275169e-06 -0.1611546 33 20 16 255 0.8142967 0.09483889
26.08535 8.081852 -12.9927 0.9869298 -1.755704e-08 -0.1611511 27 14 10 255 0.2343358 0.02868035
25.97016 6.765404 -12.9927 -0.9869292 8.275179e-06 -0.1611549 33 36 41 255 0.2465538 0.02966881
25.97017 8.081852 -12.86061 -0.9869298 8.450303e-06 0.1611509 27 32 35 255 0.5669411 0.4965394
25.97016 6.765404 -12.9927 -0.9869292 8.275179e-06 -0.1611549 33 36 41 255 0.8142967 0.09483889
21.05919 8.081852 -12.9927 0.9869298 -1.755702e-08 -0.161151 30 38 43 255 0.2343358 0.02868035
20.944 6.765404 -12.9927 -0.9869291 8.250693e-06 -0.1611551 33 36 41 255 0.2465538 0.02966881
20.94401 8.081852 -12.86061 -0.9869298 4.258435e-06 0.1611512 27 32 35 255 0.5669411 0.4965394
20.944 6.765404 -12.9927 -0.9869291 8.250693e-06 -0.1611551 33 36 41 255 0.8142967 0.09483889
13.03079 8.081852 -12.9927 0.9869298 -1.755704e-08 -0.1611511 27 14 10 255 0.2343358 0.02868035
12.91562 8.081852 -12.9927 -0.9869287 8.347773e-06 -0.1611573 51 30 27 255 0.8709347 0.02966881
12.91562 8.081852 -12.86061 -0.9869297 8.450261e-06 0.1611515 27 32 35 255 0.5669411 0.4965394
12.9156 6.765404 -12.9927 -0.9869292 8.299708e-06 -0.1611549 33 36 41 255 0.8142967 0.09483889
15.59635 8.081852 -12.9927 0.9869298 -1.755699e-08 -0.1611507 30 38 43 255 0.2343358 0.02868035
15.48117 6.765404 -12.9927 -0.9869292 4.107887e-06 -0.1611549 33 36 41 255 0.2465538 0.02966881
15.48118 8.081852 -12.86061 -0.9869297 8.450261e-06 0.1611513 46 45 46 255 0.5669411 0.4965394
15.48117 6.765404 -12.9927 -0.9869292 4.107887e-06 -0.1611549 33 36 41 255 0.8142967 0.09483889
10.57019 8.081852 -12.9927 0.9869298 -1.755702e-08 -0.161151 27 14 10 255 0.2343358 0.02868035
10.45501 6.765404 -12.9927 -0.9869292 8.2506e-06 -0.1611544 33 20 16 255 0.2465538 0.02966881
10.45501 8.081852 -12.86061 -0.9869298 8.499365e-06 0.1611509 27 32 35 255 0.5669411 0.4965394
10.45501 6.765404 -12.9927 -0.9869292 8.2506e-06 -0.1611544 33 20 16 255 0.8142967 0.09483889
2.36245 8.081852 -12.9927 0.9869319 -1.755491e-08 -0.1611381 30 38 43 255 0.2343358 0.02868035
2.247261 6.765404 -12.9927 -0.986925 8.2506e-06 -0.1611801 33 20 16 255 0.2465538 0.02966881
2.247269 8.081852 -12.86061 -0.9869319 8.499375e-06 0.161138 27 32 35 255 0.5669411 0.4965394
2.247261 6.765404 -12.9927 -0.986925 8.2506e-06 -0.1611801 33 20 16 255 0.8142967 0.09483889
4.928005 8.081852 -12.9927 0.9869277 -1.755911e-08 -0.1611637 30 38 43 255 0.2343358 0.02868035
4.81282 6.765404 -12.9927 -0.9869333 1.668345e-05 -0.1611293 33 20 16 255 0.2465538 0.02966881
4.812832 8.081852 -12.86061 -0.9869276 1.156797e-07 0.1611642 46 45 46 255 0.5669411 0.4965394
4.81282 6.765404 -12.9927 -0.9869333 1.668345e-05 -0.1611293 33 20 16 255 0.8142967 0.09483889
-0.09815216 8.081852 -12.9927 0.9869319 -1.75549e-08 -0.161138 27 14 10 255 0.2343358 0.02868035
-0.2133408 6.765404 -12.9927 -0.9869251 8.299608e-06 -0.1611797 33 20 16 255 0.2465538 0.02966881
-0.2133331 8.081852 -12.86061 -0.9869319 8.45031e-06 0.161138 46 45 46 255 0.5669411 0.4965394
-0.2133408 6.765404 -12.9927 -0.9869251 8.299608e-06 -0.1611797 33 20 16 255 0.8142967 0.09483889
-8.948929 8.081852 -12.9927 0.9869319 -1.755488e-08 -0.1611379 30 38 43 255 0.2343358 0.02868035
-9.064117 6.765404 -12.9927 -0.986925 8.250621e-06 -0.1611802 33 20 16 255 0.2465538 0.02966881
-9.06411 8.081852 -12.86061 -0.9869319 8.499349e-06 0.1611381 46 45 46 255 0.5669411 0.4965394
-9.064117 6.765404 -12.9927 -0.986925 8.250621e-06 -0.1611802 33 20 16 255 0.8142967 0.09483889
-6.383369 8.081852 -12.9927 0.9869277 -1.755911e-08 -0.1611637 27 14 10 255 0.2343358 0.02868035
-6.498558 6.765404 -12.9927 -0.9869333 -1.32984e-07 -0.1611293 33 20 16 255 0.2465538 0.02966881
-6.498543 8.081852 -12.86061 -0.9869276 8.450253e-06 0.1611642 27 32 35 255 0.5669411 0.4965394
-6.498558 6.765404 -12.9927 -0.9869333 -1.32984e-07 -0.1611293 33 20 16 255 0.8142967 0.09483889
-11.40953 8.081852 -12.9927 0.9869319 -1.755492e-08 -0.1611382 30 38 43 255 0.2343358 0.02868035
-11.52471 8.081852 -12.9927 -0.9869247 -3.488146e-08 -0.1611822 51 30 27 255 0.8709347 0.02966881
-11.52471 8.081852 -12.86061 -0.9869318 1.472184e-07 0.1611388 46 45 46 255 0.5669411 0.4965394
-11.52472 6.765404 -12.9927 -0.9869249 8.317183e-06 -0.1611805 33 20 16 255 0.8142967 0.09483889
-19.391 8.081852 -12.9927 0.9869319 -1.75549e-08 -0.1611381 30 38 43 255 0.2343358 0.02868035
-19.50617 8.081852 -12.9927 -0.9869246 8.348744e-06 -0.1611826 30 33 41 255 0.8709347 0.02966881
-19.50618 8.081852 -12.86061 -0.9869318 8.499354e-06 0.1611385 46 45 46 255 0.5669411 0.4965394
-19.50618 6.765404 -12.9927 -0.986925 8.348713e-06 -0.1611804 33 36 41 255 0.8142967 0.09483889
-16.82544 8.081852 -12.9927 0.9869277 -1.755913e-08 -0.1611638 27 14 10 255 0.2343358 0.02868035
-16.94062 6.765404 -12.9927 -0.9869334 1.663438e-05 -0.1611292 33 36 41 255 0.2465538 0.02966881
-16.94061 8.081852 -12.86061 -0.9869276 1.755916e-08 0.161164 46 45 46 255 0.5669411 0.4965394
-16.94062 6.765404 -12.9927 -0.9869334 1.663438e-05 -0.1611292 33 36 41 255 0.8142967 0.09483889
-21.8516 8.081852 -12.9927 0.9869319 -1.755491e-08 -0.1611381 30 38 43 255 0.2343358 0.02868035
-21.96677 8.081852 -12.9927 -0.9869246 8.346724e-06 -0.1611823 30 33 41 255 0.8709347 0.02966881
-21.96678 8.081852 -12.86061 -0.9869318 8.499297e-06 0.1611387 27 32 35 255 0.5669411 0.4965394
-21.96679 6.765404 -12.9927 -0.9869249 8.25062e-06 -0.1611806 33 36 41 255 0.8142967 0.09483889
-29.82728 8.081852 -12.9927 0.9869319 -1.75549e-08 -0.1611381 30 38 43 255 0.2343358 0.02868035
-29.94247 6.765404 -12.9927 -0.986925 8.250621e-06 -0.1611802 33 36 41 255 0.2465538 0.02966881
-29.82729 8.081852 -12.86061 0.9869253 3.488084e-08 0.1611784 33 32 41 255 0.5669411 0.2465394
-29.94247 6.765404 -12.9927 -0.986925 8.250621e-06 -0.1611802 33 36 41 255 0.8142967 0.09483889
-27.26172 8.081852 -12.9927 0.9869277 -1.755913e-08 -0.1611638 30 38 43 255 0.2343358 0.02868035
-27.37691 6.765404 -12.9927 -0.9869334 -1.329839e-07 -0.1611292 33 36 41 255 0.2465538 0.02966881
-27.3769 8.081852 -12.86061 -0.9869276 1.688298e-05 0.161164 27 32 35 255 0.5669411 0.4965394
-27.37691 6.765404 -12.9927 -0.9869334 -1.329839e-07 -0.1611292 33 36 41 255 0.8142967 0.09483889
-32.28788 8.081852 -12.9927 0.9869319 -1.75549e-08 -0.161138 27 14 10 255 0.2343358 0.02868035
-32.40306 6.765404 -12.9927 -0.9869251 -1.32999e-07 -0.16118 33 36 41 255 0.2465538 0.02966881
-32.40306 8.081852 -12.86061 -0.9869319 8.401194e-06 0.1611382 27 32 35 255 0.5669411 0.4965394
-32.40306 6.765404 -12.9927 -0.9869251 -1.32999e-07 -0.16118 33 36 41 255 0.8142967 0.09483889
-40.61396 8.081852 -12.9927 0.9869319 -1.755489e-08 -0.1611379 30 38 43 255 0.2343358 0.02868035
-40.72915 6.765404 -12.9927 -0.986925 -3.488114e-08 -0.1611802 33 36 41 255 0.2465538 0.02966881
-40.72914 8.081852 -12.86061 -0.9869319 2.138121e-07 0.1611382 46 45 46 255 0.5669411 0.4965394
-40.72915 6.765404 -12.9927 -0.986925 -3.488114e-08 -0.1611802 33 36 41 255 0.8142967 0.09483889
-38.0484 8.081852 -12.9927 0.9869234 -1.756343e-08 -0.16119 27 14 10 255 0.2343358 0.02868035
-38.16359 6.765404 -12.9927 -0.9869415 -3.48648e-08 -0.1610789 33 36 41 255 0.2465538 0.02966881
-38.16357 8.081852 -12.86061 -0.9869234 1.678482e-05 0.16119 46 45 46 255 0.5669411 0.4965394
-38.16359 6.765404 -12.9927 -0.9869415 -3.48648e-08 -0.1610789 33 36 41 255 0.8142967 0.09483889
-43.07456 8.081852 -12.9927 0.9869319 -1.755491e-08 -0.1611381 30 38 43 255 0.2343358 0.02868035
-43.18974 6.765404 -12.9927 -0.986925 -3.488111e-08 -0.1611801 33 36 41 255 0.2465538 0.02966881
-43.18974 8.081852 -12.86061 -0.9869319 2.13812e-07 0.1611382 27 32 35 255 0.5669411 0.4965394
-43.18974 6.765404 -12.9927 -0.986925 -3.488111e-08 -0.1611801 33 36 41 255 0.8142967 0.09483889
-51.49768 8.081852 -12.9927 0.9869319 -1.755489e-08 -0.1611379 27 14 10 255 0.2343358 0.02868035
-51.61285 8.081852 -12.9927 -0.9869246 -3.488153e-08 -0.1611827 51 30 27 255 0.8709347 0.02966881
-51.61286 8.081852 -12.86061 -0.9869318 1.156838e-07 0.1611385 27 32 35 255 0.5669411 0.4965394
-51.61287 6.765404 -12.9927 -0.9869249 -3.488119e-08 -0.1611805 33 36 41 255 0.8142967 0.09483889
-48.93212 8.081852 -12.9927 0.9869234 -1.756341e-08 -0.1611899 27 14 10 255 0.2343358 0.02868035
-49.04731 6.765404 -12.9927 -0.9869416 -3.48648e-08 -0.1610789 33 36 41 255 0.2465538 0.02966881
-49.04729 8.081852 -12.86061 -0.9869234 1.67848e-05 0.1611901 27 32 35 255 0.5669411 0.4965394
-49.04731 6.765404 -12.9927 -0.9869416 -3.48648e-08 -0.1610789 33 36 41 255 0.8142967 0.09483889
-53.95827 8.081852 -12.9927 0.9869319 -1.755491e-08 -0.1611381 27 14 10 255 0.2343358 0.02868035
-54.07345 8.081852 -12.9927 -0.9869246 -3.488149e-08 -0.1611824 51 30 27 255 0.8709347 0.02966881
-54.07345 8.081852 -12.86061 -0.9869318 1.156838e-07 0.1611386 27 32 35 255 0.5669411 0.4965394
-54.07346 6.765404 -12.9927 -0.9869249 -3.488118e-08 -0.1611805 33 36 41 255 0.8142967 0.09483889
-62.92723 8.081852 -12.9927 0.9869319 -1.755489e-08 -0.161138 27 14 10 255 0.2343358 0.02868035
-63.04242 6.765404 -12.9927 -0.986925 1.653611e-05 -0.1611802 33 36 41 255 0.2465538 0.02966881
-63.04242 8.081852 -12.86061 -0.9869319 1.678488e-05 0.1611382 46 45 46 255 0.5669411 0.4965394
-63.04242 6.765404 -12.9927 -0.986925 1.653611e-05 -0.1611802 33 36 41 255 0.8142967 0.09483889
-60.36168 8.081852 -12.9927 0.9869234 -1.756342e-08 -0.1611899 27 14 10 255 0.2343358 0.02868035
-60.47686 6.765404 -12.9927 -0.9869416 1.66346e-05 -0.1610789 33 20 16 255 0.2465538 0.02966881
-60.47684 8.081852 -12.86061 -0.9869234 1.156758e-07 0.1611901 46 45 46 255 0.5669411 0.4965394
-60.47686 6.765404 -12.9927 -0.9869416 1.66346e-05 -0.1610789 33 20 16 255 0.8142967 0.09483889
-65.38783 8.081852 -12.9927 0.9869319 -1.75549e-08 -0.1611381 27 14 10 255 0.2343358 0.02868035
-65.50302 6.765404 -12.9927 -0.9869251 1.653607e-05 -0.16118 33 20 16 255 0.2465538 0.02966881
-65.50301 8.081852 -12.86061 -0.9869319 1.678484e-05 0.1611383 27 32 35 255 0.5669411 0.4965394
-65.50302 6.765404 -12.9927 -0.9869251 1.653607e-05 -0.16118 33 20 16 255 0.8142967 0.09483889
-62.92723 8.081852 12.89233 0.9869319 -1.755494e-08 -0.1611383 30 38 43 255 0.2343358 0.02868035
-63.04242 6.765404 12.89233 -0.9869253 -3.488086e-08 -0.1611785 33 36 41 255 0.2465538 0.02966881
-63.04241 8.081852 13.02442 -0.986932 1.156828e-07 0.1611376 27 32 35 255 0.5669411 0.4965394
-63.04242 6.765404 12.89233 -0.9869253 -3.488086e-08 -0.1611785 33 36 41 255 0.8142967 0.09483889
-60.36168 8.081852 12.89233 0.9869234 -1.756346e-08 -0.1611902 27 14 10 255 0.2343358 0.02868035
-60.47686 6.765404 12.89233 -0.9869416 -3.48648e-08 -0.1610789 33 20 16 255 0.2465538 0.02966881
-60.47684 8.081852 13.02442 -0.9869233 1.678459e-05 0.1611904 27 32 35 255 0.5669411 0.4965394
-60.47686 6.765404 12.89233 -0.9869416 -3.48648e-08 -0.1610789 33 20 16 255 0.8142967 0.09483889
-65.38782 8.081852 12.89233 0.986932 -1.755479e-08 -0.1611374 30 38 43 255 0.2343358 0.02868035
-65.50301 8.081852 12.89233 -0.9869245 -3.48817e-08 -0.1611837 30 33 41 255 0.8709347 0.02966881
-65.50301 8.081852 13.02442 -0.986932 1.156826e-07 0.1611375 27 32 35 255 0.5669411 0.4965394
-65.50301 6.765404 12.89233 -0.9869249 -3.488119e-08 -0.1611805 33 36 41 255 0.8142967 0.09483889
-52.01382 8.081852 12.89233 0.9869316 -1.755516e-08 -0.1611397 27 14 10 255 0.2343358 0.02868035
-52.12901 6.765404 12.89233 -0.9869246 -3.488148e-08 -0.1611823 33 36 41 255 0.2465538 0.02966881
-52.129 8.081852 13.02442 -0.9869319 1.156827e-07 0.1611384 46 45 46 255 0.5669411 0.4965394
-52.01382 6.765404 12.89233 0.986932 -1.755473e-08 -0.161137 49 32 24 255 0.8142967 0.04552791
-49.44826 8.081852 12.89233 0.9869236 -1.756323e-08 -0.1611888 30 38 43 255 0.2343358 0.02868035
-49.56345 6.765404 12.89233 -0.9869418 -3.486452e-08 -0.1610771 33 20 16 255 0.2465538 0.02966881
-49.56343 8.081852 13.02441 -0.9869235 1.6785e-05 0.1611895 27 32 35 255 0.5669411 0.4965394
-49.56345 6.765404 12.89233 -0.9869418 -3.486452e-08 -0.1610771 33 20 16 255 0.8142967 0.09483889
-54.47441 8.081852 12.89233 0.9869319 -1.755494e-08 -0.1611383 30 38 43 255 0.2343358 0.02868035
-54.5896 6.765404 12.89233 -0.9869253 -3.488086e-08 -0.1611785 33 36 41 255 0.2465538 0.02966881
-54.5896 8.081852 13.02442 -0.986932 1.156828e-07 0.1611376 46 45 46 255 0.5669411 0.4965394
-54.5896 6.765404 12.89233 -0.9869253 -3.488086e-08 -0.1611785 33 36 41 255 0.8142967 0.09483889
-40.69221 8.081852 12.89233 0.9869316 -1.755516e-08 -0.1611397 27 14 10 255 0.2343358 0.02868035
-40.80739 6.765404 12.89233 -0.9869246 -3.488148e-08 -0.1611823 33 20 16 255 0.2465538 0.02966881
-40.80738 8.081852 13.02441 -0.986932 1.156828e-07 0.1611376 27 32 35 255 0.5669411 0.4965394
-40.69221 6.765404 12.89233 0.9869322 -1.755459e-08 -0.1611362 30 36 41 255 0.8142967 0.04552791
-38.12665 8.081852 12.89233 0.9869235 -1.756331e-08 -0.1611893 30 38 43 255 0.2343358 0.02868035
-38.24184 6.765404 12.89233 -0.9869416 -3.48648e-08 -0.1610789 33 20 16 255 0.2465538 0.02966881
-38.24182 8.081852 13.02442 -0.9869232 1.678417e-05 0.1611912 27 32 35 255 0.5669411 0.4965394
-38.24184 6.765404 12.89233 -0.9869416 -3.48648e-08 -0.1610789 33 20 16 255 0.8142967 0.09483889
-43.15281 8.081852 12.89233 0.9869318 -1.7555e-08 -0.1611387 27 14 10 255 0.2343358 0.02868035
-43.26799 6.765404 12.89233 -0.9869252 -3.488094e-08 -0.161179 33 20 16 255 0.2465538 0.02966881
-43.26799 8.081852 13.02442 -0.986932 1.156828e-07 0.1611376 27 32 35 255 0.5669411 0.4965394
-43.15281 6.765404 12.89233 0.9869322 -1.755459e-08 -0.1611362 49 32 24 255 0.8142967 0.04552791
-30.25944 8.081852 12.89233 0.9869317 -1.755508e-08 -0.1611391 27 14 10 255 0.2343358 0.02868035
-30.37463 6.765404 12.89233 -0.986925 8.250694e-06 -0.1611802 33 36 41 255 0.2465538 0.02966881
-30.37462 8.081852 13.02442 -0.9869317 8.400895e-06 0.1611393 27 32 35 255 0.5669411 0.4965394
-30.37463 6.765404 12.89233 -0.986925 8.250694e-06 -0.1611802 33 36 41 255 0.8142967 0.09483889
-27.69389 8.081852 12.89233 0.9869235 -1.756331e-08 -0.1611893 30 38 43 255 0.2343358 0.02868035
-27.80908 6.765404 12.89233 -0.9869418 8.250568e-06 -0.1610774 33 36 41 255 0.2465538 0.02966881
-27.80906 8.081852 13.02442 -0.9869235 8.499394e-06 0.1611895 27 32 35 255 0.5669411 0.4965394
-27.80908 6.765404 12.89233 -0.9869418 8.250568e-06 -0.1610774 33 36 41 255 0.8142967 0.09483889
-32.72004 8.081852 12.89233 0.986932 -1.755479e-08 -0.1611374 27 14 10 255 0.2343358 0.02868035
-32.83522 8.081852 12.89233 -0.9869245 -3.685508e-08 -0.1611837 51 30 27 255 0.8709347 0.02966881
-32.83522 8.081852 13.02442 -0.9869319 1.472181e-07 0.161138 46 45 46 255 0.5669411 0.4965394
-32.83523 6.765404 12.89233 -0.9869249 8.219157e-06 -0.1611805 33 20 16 255 0.8142967 0.09483889
-19.47287 8.081852 12.89233 0.986932 -1.755479e-08 -0.1611374 30 38 43 255 0.2343358 0.02868035
-19.58805 8.081852 12.89233 -0.9869245 8.34684e-06 -0.1611837 51 30 27 255 0.8709347 0.02966881
-19.58805 8.081852 13.02442 -0.9869319 8.499438e-06 0.161138 27 32 35 255 0.5669411 0.4965394
-19.58805 6.765404 12.89233 -0.9869249 8.250693e-06 -0.1611805 33 36 41 255 0.8142967 0.09483889
-16.90731 8.081852 12.89233 0.9869232 -1.75636e-08 -0.161191 27 14 10 255 0.2343358 0.02868035
-17.0225 6.765404 12.89233 -0.9869416 8.250901e-06 -0.1610789 33 20 16 255 0.2465538 0.02966881
-17.02249 8.081852 13.02442 -0.9869232 8.49898e-06 0.1611912 46 45 46 255 0.5669411 0.4965394
-17.0225 6.765404 12.89233 -0.9869416 8.250901e-06 -0.1610789 33 20 16 255 0.8142967 0.09483889
-21.93347 8.081852 12.89233 0.986932 -1.755479e-08 -0.1611374 27 14 10 255 0.2343358 0.02868035
-22.04865 8.081852 12.89233 -0.9869245 8.34684e-06 -0.1611837 51 30 27 255 0.8709347 0.02966881
-22.04865 8.081852 13.02442 -0.9869319 8.401309e-06 0.161138 27 32 35 255 0.5669411 0.4965394
-22.04866 6.765404 12.89233 -0.9869249 8.250693e-06 -0.1611805 33 36 41 255 0.8142967 0.09483889
-8.609829 8.081852 12.89233 0.9869322 -1.755464e-08 -0.1611364 30 38 43 255 0.2343358 0.02868035
-8.725006 8.081852 12.89233 -0.9869247 8.346507e-06 -0.1611822 51 30 27 255 0.8709347 0.02966881
-8.725006 8.081852 13.02442 -0.9869316 8.499025e-06 0.1611397 27 32 35 255 0.5669411 0.4965394
-8.725018 6.765404 12.89233 -0.9869249 8.250691e-06 -0.1611805 33 36 41 255 0.8142967 0.09483889
-6.044273 8.081852 12.89233 0.9869235 -1.756331e-08 -0.1611893 27 14 10 255 0.2343358 0.02868035
-6.159462 6.765404 12.89233 -0.9869416 -8.391726e-08 -0.1610789 33 20 16 255 0.2465538 0.02966881
-6.159443 8.081852 13.02442 -0.9869235 8.450337e-06 0.1611895 27 32 35 255 0.5669411 0.4965394
-6.159462 6.765404 12.89233 -0.9869416 -8.391726e-08 -0.1610789 33 20 16 255 0.8142967 0.09483889
-11.07043 8.081852 12.89233 0.986932 -1.755479e-08 -0.1611374 27 14 10 255 0.2343358 0.02868035
-11.18562 6.765404 12.89233 -0.986925 8.250694e-06 -0.1611802 33 20 16 255 0.2465538 0.02966881
-11.18561 8.081852 13.02442 -0.9869322 8.401234e-06 0.1611366 27 32 35 255 0.5669411 0.4965394
-11.18562 6.765404 12.89233 -0.986925 8.250694e-06 -0.1611802 33 20 16 255 0.8142967 0.09483889
1.605 8.081852 12.89233 0.9869322 -1.755464e-08 -0.1611364 30 38 43 255 0.2343358 0.02868035
1.489811 6.765404 12.89233 -0.9869256 8.250287e-06 -0.1611768 33 36 41 255 0.2465538 0.02966881
1.489822 8.081852 13.02442 -0.986932 8.499439e-06 0.1611376 27 32 35 255 0.5669411 0.4965394
1.489811 6.765404 12.89233 -0.9869256 8.250287e-06 -0.1611768 33 36 41 255 0.8142967 0.09483889
4.170555 8.081852 12.89233 0.9869235 -1.756331e-08 -0.1611893 30 38 43 255 0.2343358 0.02868035
4.055367 6.765404 12.89233 -0.9869416 8.250901e-06 -0.1610789 33 20 16 255 0.2465538 0.02966881
4.055386 8.081852 13.02442 -0.9869235 8.499394e-06 0.1611895 46 45 46 255 0.5669411 0.4965394
4.055367 6.765404 12.89233 -0.9869416 8.250901e-06 -0.1610789 33 20 16 255 0.8142967 0.09483889
-0.8556023 8.081852 12.89233 0.986932 -1.755479e-08 -0.1611374 27 14 10 255 0.2343358 0.02868035
-0.9707756 8.081852 12.89233 -0.9869245 8.347827e-06 -0.1611837 51 30 27 255 0.8709347 0.02966881
-0.9707794 8.081852 13.02442 -0.9869321 8.450296e-06 0.161137 46 45 46 255 0.5669411 0.4965394
-0.9707909 6.765404 12.89233 -0.9869249 8.299752e-06 -0.1611805 33 20 16 255 0.8142967 0.09483889
12.42334 8.081852 12.89233 0.986932 -1.755479e-08 -0.1611374 30 38 43 255 0.2343358 0.02868035
12.30815 6.765404 12.89233 -0.986925 4.107906e-06 -0.1611802 33 20 16 255 0.2465538 0.02966881
12.30816 8.081852 13.02442 -0.986932 8.450374e-06 0.1611376 46 45 46 255 0.5669411 0.4965394
12.30815 6.765404 12.89233 -0.986925 4.107906e-06 -0.1611802 33 20 16 255 0.8142967 0.09483889
14.9889 8.081852 12.89233 0.9869235 -1.756331e-08 -0.1611893 27 14 10 255 0.2343358 0.02868035
14.87371 6.765404 12.89233 -0.9869416 8.299953e-06 -0.1610789 33 36 41 255 0.2465538 0.02966881
14.87373 8.081852 13.02442 -0.9869236 8.450261e-06 0.1611885 27 32 35 255 0.5669411 0.4965394
14.87371 6.765404 12.89233 -0.9869416 8.299953e-06 -0.1610789 33 36 41 255 0.8142967 0.09483889
9.962742 8.081852 12.89233 0.9869322 -1.755464e-08 -0.1611364 30 38 43 255 0.2343358 0.02868035
9.847553 6.765404 12.89233 -0.9869256 8.250287e-06 -0.1611768 33 36 41 255 0.2465538 0.02966881
9.847565 8.081852 13.02442 -0.986932 8.499439e-06 0.1611376 27 32 35 255 0.5669411 0.4965394
9.847553 6.765404 12.89233 -0.9869256 8.250287e-06 -0.1611768 33 36 41 255 0.8142967 0.09483889
23.59607 8.081852 12.89233 0.986932 -1.755479e-08 -0.1611374 27 14 10 255 0.2343358 0.02868035
23.48089 6.765404 12.89233 -0.986925 8.299753e-06 -0.1611802 33 20 16 255 0.2465538 0.02966881
23.4809 8.081852 13.02441 -0.986932 8.450374e-06 0.1611376 27 32 35 255 0.5669411 0.4965394
23.48089 6.765404 12.89233 -0.986925 8.299753e-06 -0.1611802 33 20 16 255 0.8142967 0.09483889
26.16163 8.081852 12.89233 0.9869235 -1.756331e-08 -0.1611893 27 14 10 255 0.2343358 0.02868035
26.04644 6.765404 12.89233 -0.9869416 8.275428e-06 -0.1610789 33 20 16 255 0.2465538 0.02966881
26.04646 8.081852 13.02442 -0.9869235 8.474865e-06 0.1611895 27 32 35 255 0.5669411 0.4965394
26.04644 6.765404 12.89233 -0.9869416 8.275428e-06 -0.1610789 33 20 16 255 0.8142967 0.09483889
21.13547 8.081852 12.89233 0.9869322 -1.755464e-08 -0.1611364 27 14 10 255 0.2343358 0.02868035
21.0203 8.081852 12.89233 -0.9869247 8.346507e-06 -0.1611822 51 30 27 255 0.8709347 0.02966881
21.02029 8.081852 13.02442 -0.9869316 8.499025e-06 0.1611397 27 32 35 255 0.5669411 0.4965394
21.02029 6.765404 12.89233 -0.9869249 8.250691e-06 -0.1611805 33 36 41 255 0.8142967 0.09483889
34.69827 8.081852 12.89233 0.986932 -1.755479e-08 -0.1611374 30 38 43 255 0.2343358 0.02868035
34.58308 6.765404 12.89233 -0.986925 8.299753e-06 -0.1611802 33 20 16 255 0.2465538 0.02966881
34.58309 8.081852 13.02442 -0.986932 8.474906e-06 0.1611376 27 32 35 255 0.5669411 0.4965394
34.58308 6.765404 12.89233 -0.986925 8.299753e-06 -0.1611802 33 20 16 255 0.8142967 0.09483889
37.26382 8.081852 12.89233 0.9869232 -1.75636e-08 -0.161191 30 38 43 255 0.2343358 0.02868035
37.14864 6.765404 12.89233 -0.9869416 6.179459e-06 -0.1610789 33 20 16 255 0.2465538 0.02966881
37.14865 8.081852 13.02442 -0.9869232 8.474452e-06 0.1611912 46 45 46 255 0.5669411 0.4965394
37.14864 6.765404 12.89233 -0.9869416 6.179459e-06 -0.1610789 33 20 16 255 0.8142967 0.09483889
32.23767 8.081852 12.89233 0.986932 -1.755479e-08 -0.1611374 30 38 43 255 0.2343358 0.02868035
32.12248 6.765404 12.89233 -0.986925 8.275224e-06 -0.1611802 33 20 16 255 0.2465538 0.02966881
32.12249 8.081852 13.02442 -0.986932 8.474906e-06 0.1611376 46 45 46 255 0.5669411 0.4965394
32.12248 6.765404 12.89233 -0.986925 8.275224e-06 -0.1611802 33 20 16 255 0.8142967 0.09483889
45.68718 8.081852 12.89233 0.986932 -1.755479e-08 -0.1611374 30 38 43 255 0.2343358 0.02868035
45.57199 6.765404 12.89233 -0.986925 7.227262e-06 -0.1611802 33 20 16 255 0.2465538 0.02966881
45.57199 8.081852 13.02441 -0.986932 8.462641e-06 0.1611376 46 45 46 255 0.5669411 0.4965394
45.57199 6.765404 12.89233 -0.986925 7.227262e-06 -0.1611802 33 20 16 255 0.8142967 0.09483889
48.25273 8.081852 12.89233 0.9869235 -1.756331e-08 -0.1611893 30 38 43 255 0.2343358 0.02868035
48.13754 6.765404 12.89233 -0.9869416 7.227443e-06 -0.1610789 33 20 16 255 0.2465538 0.02966881
48.13756 8.081852 13.02442 -0.9869235 8.474865e-06 0.1611895 46 45 46 255 0.5669411 0.4965394
48.13754 6.765404 12.89233 -0.9869416 7.227443e-06 -0.1610789 33 20 16 255 0.8142967 0.09483889
43.22657 8.081852 12.89233 0.9869317 -1.755508e-08 -0.1611391 27 14 10 255 0.2343358 0.02868035
43.11139 6.765404 12.89233 -0.9869256 8.287081e-06 -0.1611768 33 20 16 255 0.2465538 0.02966881
43.1114 8.081852 13.02442 -0.986932 6.378967e-06 0.1611376 46 45 46 255 0.5669411 0.4965394
43.11139 6.765404 12.89233 -0.9869256 8.287081e-06 -0.1611768 33 20 16 255 0.8142967 0.09483889
45.68718 35.88655 13.71331 0.986932 -1.755481e-08 -0.1611375 27 14 10 255 0.2343358 0.02868035
45.57199 34.57011 13.71331 -0.9869249 8.275222e-06 -0.1611805 33 36 41 255 0.2465538 0.02966881
45.57199 35.88655 13.84539 -0.9869321 7.414604e-06 0.1611367 27 32 35 255 0.5669411 0.4965394
45.57199 34.57011 13.71331 -0.9869249 8.275222e-06 -0.1611805 33 36 41 255 0.8142967 0.09483889
48.25273 35.88655 13.71331 0.9869236 -1.756318e-08 -0.1611885 30 38 43 255 0.2343358 0.02868035
48.13754 34.57011 13.71331 -0.9869421 8.275019e-06 -0.1610758 33 36 41 255 0.2465538 0.02966881
48.13756 35.88655 13.8454 -0.9869235 7.4269e-06 0.1611896 46 45 46 255 0.5669411 0.4965394
48.13754 34.57011 13.71331 -0.9869421 8.275019e-06 -0.1610758 33 36 41 255 0.8142967 0.09483889
43.22657 35.88655 13.71331 0.986932 -1.755481e-08 -0.1611375 30 38 43 255 0.2343358 0.02868035
43.11139 34.57011 13.71331 -0.9869249 8.275222e-06 -0.1611805 33 36 41 255 0.2465538 0.02966881
43.1114 35.88655 13.84539 -0.986932 8.474904e-06 0.1611377 27 32 35 255 0.5669411 0.4965394
43.11139 34.57011 13.71331 -0.9869249 8.275222e-06 -0.1611805 33 36 41 255 0.8142967 0.09483889
34.71993 35.88655 13.7133 0.986932 -1.755481e-08 -0.1611375 30 38 43 255 0.2343358 0.02868035
34.60474 34.57011 13.71331 -0.9869249 8.275222e-06 -0.1611805 33 36 41 255 0.2465538 0.02966881
34.60475 35.88655 13.8454 -0.986932 8.474904e-06 0.1611377 46 45 46 255 0.5669411 0.4965394
34.60474 34.57011 13.71331 -0.9869249 8.275222e-06 -0.1611805 33 36 41 255 0.8142967 0.09483889
37.28548 35.88655 13.71331 0.9869235 -1.756333e-08 -0.1611894 30 38 43 255 0.2343358 0.02868035
37.1703 34.57011 13.71331 -0.9869415 6.203984e-06 -0.1610792 33 20 16 255 0.2465538 0.02966881
37.17032 35.88655 13.8454 -0.9869236 8.474788e-06 0.1611886 27 32 35 255 0.5669411 0.4965394
37.1703 34.57011 13.71331 -0.9869415 6.203984e-06 -0.1610792 33 20 16 255 0.8142967 0.09483889
32.25933 35.88655 13.71331 0.986932 -1.755481e-08 -0.1611375 30 38 43 255 0.2343358 0.02868035
32.14415 34.57011 13.71331 -0.9869252 8.274889e-06 -0.1611791 33 36 41 255 0.2465538 0.02966881
32.14415 35.88655 13.8454 -0.986932 8.450372e-06 0.1611377 27 32 35 255 0.5669411 0.4965394
32.14415 34.57011 13.71331 -0.9869252 8.274889e-06 -0.1611791 33 36 41 255 0.8142967 0.09483889
23.58873 35.88655 13.71331 0.9869317 -1.75551e-08 -0.1611392 27 14 10 255 0.2343358 0.02868035
23.47355 34.57011 13.71331 -0.9869255 8.250286e-06 -0.1611771 33 36 41 255 0.2465538 0.02966881
23.47355 35.88655 13.84539 -0.986932 8.499437e-06 0.1611377 27 32 35 255 0.5669411 0.4965394
23.47355 34.57011 13.71331 -0.9869255 8.250286e-06 -0.1611771 33 36 41 255 0.8142967 0.09483889
26.15429 35.88655 13.71331 0.9869235 -1.756333e-08 -0.1611894 27 14 10 255 0.2343358 0.02868035
26.0391 34.57011 13.71331 -0.9869415 4.083492e-06 -0.1610792 33 36 41 255 0.2465538 0.02966881
26.03912 35.88655 13.84539 -0.9869235 8.450337e-06 0.1611896 46 45 46 255 0.5669411 0.4965394
26.0391 34.57011 13.71331 -0.9869415 4.083492e-06 -0.1610792 33 36 41 255 0.8142967 0.09483889
21.12813 35.88655 13.71331 0.986932 -1.755481e-08 -0.1611375 27 14 10 255 0.2343358 0.02868035
21.01294 34.57011 13.71331 -0.9869249 8.299752e-06 -0.1611805 33 20 16 255 0.2465538 0.02966881
21.01295 35.88655 13.8454 -0.986932 8.450372e-06 0.1611377 46 45 46 255 0.5669411 0.4965394
21.01294 34.57011 13.71331 -0.9869249 8.299752e-06 -0.1611805 33 20 16 255 0.8142967 0.09483889
12.73268 35.88655 13.71331 0.986932 -1.755481e-08 -0.1611375 30 38 43 255 0.2343358 0.02868035
12.6175 34.57011 13.71331 -0.9869249 8.299752e-06 -0.1611805 33 20 16 255 0.2465538 0.02966881
12.6175 35.88655 13.84539 -0.986932 8.450372e-06 0.1611377 46 45 46 255 0.5669411 0.4965394
12.6175 34.57011 13.71331 -0.9869249 8.299752e-06 -0.1611805 33 20 16 255 0.8142967 0.09483889
15.29824 35.88655 13.71331 0.9869235 -1.756333e-08 -0.1611894 30 38 43 255 0.2343358 0.02868035
15.18305 34.57011 13.71331 -0.9869415 8.299951e-06 -0.1610792 33 36 41 255 0.2465538 0.02966881
15.18307 35.88655 13.8454 -0.9869235 8.450337e-06 0.1611896 46 45 46 255 0.5669411 0.4965394
15.18305 34.57011 13.71331 -0.9869415 8.299951e-06 -0.1610792 33 36 41 255 0.8142967 0.09483889
10.27208 35.88655 13.71331 0.9869322 -1.755466e-08 -0.1611366 30 38 43 255 0.2343358 0.02868035
10.1569 34.57011 13.71331 -0.9869255 8.250286e-06 -0.1611771 33 36 41 255 0.2465538 0.02966881
10.27208 35.88655 13.8454 0.9869251 3.488101e-08 0.1611794 33 32 41 255 0.5669411 0.2465394
10.1569 34.57011 13.71331 -0.9869255 8.250286e-06 -0.1611771 33 36 41 255 0.8142967 0.09483889
1.75856 35.88655 13.71331 0.986932 -1.755481e-08 -0.1611375 30 38 43 255 0.2343358 0.02868035
1.643372 34.57011 13.71331 -0.9869252 8.299419e-06 -0.1611791 33 20 16 255 0.2465538 0.02966881
1.643379 35.88655 13.8454 -0.986932 8.450372e-06 0.1611377 46 45 46 255 0.5669411 0.4965394
1.643372 34.57011 13.71331 -0.9869252 8.299419e-06 -0.1611791 33 20 16 255 0.8142967 0.09483889
4.324116 35.88655 13.71331 0.9869235 -1.756333e-08 -0.1611894 27 14 10 255 0.2343358 0.02868035
4.208927 34.57011 13.71331 -0.9869415 8.299951e-06 -0.1610792 33 36 41 255 0.2465538 0.02966881
4.208942 35.88655 13.84539 -0.9869232 8.449923e-06 0.1611914 46 45 46 255 0.5669411 0.4965394
4.208927 34.57011 13.71331 -0.9869415 8.299951e-06 -0.1610792 33 36 41 255 0.8142967 0.09483889
-0.702034 35.88655 13.71331 0.9869317 -1.75551e-08 -0.1611392 30 38 43 255 0.2343358 0.02868035
-0.8172226 34.57011 13.71331 -0.9869249 8.299752e-06 -0.1611805 33 36 41 255 0.2465538 0.02966881
-0.8172188 35.88655 13.8454 -0.9869317 8.449958e-06 0.1611394 27 32 35 255 0.5669411 0.4965394
-0.8172226 34.57011 13.71331 -0.9869249 8.299752e-06 -0.1611805 33 36 41 255 0.8142967 0.09483889
-8.572086 35.88655 13.71331 0.986932 -1.755481e-08 -0.1611375 30 38 43 255 0.2343358 0.02868035
-8.687275 34.57011 13.71331 -0.9869249 8.348811e-06 -0.1611805 33 20 16 255 0.2465538 0.02966881
-8.687271 35.88655 13.8454 -0.986932 8.499437e-06 0.1611377 46 45 46 255 0.5669411 0.4965394
-8.687275 34.57011 13.71331 -0.9869249 8.348811e-06 -0.1611805 33 20 16 255 0.8142967 0.09483889
-6.006535 35.88655 13.71331 0.9869236 -1.756318e-08 -0.1611885 27 14 10 255 0.2343358 0.02868035
-6.121719 34.57011 13.71331 -0.9869421 8.250494e-06 -0.1610758 33 36 41 255 0.2465538 0.02966881
-6.121704 35.88655 13.84539 -0.9869235 8.499394e-06 0.1611896 27 32 35 255 0.5669411 0.4965394
-6.121719 34.57011 13.71331 -0.9869421 8.250494e-06 -0.1610758 33 36 41 255 0.8142967 0.09483889
-11.03268 35.88655 13.71331 0.986932 -1.755481e-08 -0.1611375 30 38 43 255 0.2343358 0.02868035
-11.14786 34.57011 13.71331 -0.9869252 8.250359e-06 -0.1611791 33 20 16 255 0.2465538 0.02966881
-11.14785 35.88655 13.8454 -0.986932 1.156831e-07 0.1611377 46 45 46 255 0.5669411 0.4965394
-11.14786 34.57011 13.71331 -0.9869252 8.250359e-06 -0.1611791 33 20 16 255 0.8142967 0.09483889
-19.56757 35.88655 13.71331 0.986932 -1.755481e-08 -0.1611375 30 38 43 255 0.2343358 0.02868035
-19.68276 34.57011 13.71331 -0.9869249 8.250692e-06 -0.1611805 33 36 41 255 0.2465538 0.02966881
-19.68276 35.88655 13.8454 -0.986932 8.499437e-06 0.1611377 27 32 35 255 0.5669411 0.4965394
-19.68276 34.57011 13.71331 -0.9869249 8.250692e-06 -0.1611805 33 36 41 255 0.8142967 0.09483889
-17.00202 35.88655 13.71331 0.9869235 -1.756333e-08 -0.1611894 30 38 43 255 0.2343358 0.02868035
-17.11721 34.57011 13.71331 -0.9869418 8.348671e-06 -0.1610777 33 20 16 255 0.2465538 0.02966881
-17.00201 35.88655 13.8454 0.9869413 3.486499e-08 0.1610801 57 56 57 255 0.5669411 0.2465394
-17.11721 34.57011 13.71331 -0.9869418 8.348671e-06 -0.1610777 33 20 16 255 0.8142967 0.09483889
-22.02816 35.88655 13.71331 0.986932 -1.755481e-08 -0.1611375 30 38 43 255 0.2343358 0.02868035
-22.14334 35.88655 13.71331 -0.986925 -3.488113e-08 -0.1611801 51 30 27 255 0.8709347 0.02966881
-22.02817 35.88655 13.8454 0.9869251 3.488101e-08 0.1611794 57 56 57 255 0.5669411 0.2465394
-22.14335 34.57011 13.71331 -0.9869246 8.317349e-06 -0.1611828 33 20 16 255 0.8142967 0.09483889
-30.17013 35.88655 13.71331 0.9869317 -1.75551e-08 -0.1611392 27 14 10 255 0.2343358 0.02868035
-30.28531 35.88655 13.71331 -0.9869245 8.348813e-06 -0.1611835 51 30 27 255 0.8709347 0.02966881
-30.28531 35.88655 13.8454 -0.9869319 8.499434e-06 0.1611381 27 32 35 255 0.5669411 0.4965394
-30.28532 34.57011 13.71331 -0.9869254 8.348406e-06 -0.1611775 33 36 41 255 0.8142967 0.09483889
-27.60457 35.88655 13.71331 0.9869235 -1.756333e-08 -0.1611894 27 14 10 255 0.2343358 0.02868035
-27.71976 34.57011 13.71331 -0.9869415 8.349004e-06 -0.1610792 33 36 41 255 0.2465538 0.02966881
-27.71975 35.88655 13.84539 -0.9869235 8.401281e-06 0.1611896 46 45 46 255 0.5669411 0.4965394
-27.71976 34.57011 13.71331 -0.9869415 8.349004e-06 -0.1610792 33 36 41 255 0.8142967 0.09483889
-32.63072 35.88655 13.71331 0.986932 -1.755481e-08 -0.1611375 30 38 43 255 0.2343358 0.02868035
-32.74591 34.57011 13.71331 -0.9869249 8.250692e-06 -0.1611805 33 36 41 255 0.2465538 0.02966881
-32.7459 35.88655 13.8454 -0.986932 8.499437e-06 0.1611377 27 32 35 255 0.5669411 0.4965394
-32.74591 34.57011 13.71331 -0.9869249 8.250692e-06 -0.1611805 33 36 41 255 0.8142967 0.09483889
-41.09137 35.88655 13.71331 0.986932 -1.755481e-08 -0.1611375 30 38 43 255 0.2343358 0.02868035
-41.20656 34.57011 13.71331 -0.9869249 -3.488118e-08 -0.1611805 33 20 16 255 0.2465538 0.02966881
-41.20655 35.88655 13.8454 -0.9869317 2.138106e-07 0.1611394 27 32 35 255 0.5669411 0.4965394
-41.20656 34.57011 13.71331 -0.9869249 -3.488118e-08 -0.1611805 33 20 16 255 0.8142967 0.09483889
-38.52582 35.88655 13.71331 0.9869235 -1.756333e-08 -0.1611894 27 14 10 255 0.2343358 0.02868035
-38.64101 34.57011 13.71331 -0.9869415 -3.486485e-08 -0.1610792 33 20 16 255 0.2465538 0.02966881
-38.641 35.88655 13.84539 -0.9869235 1.6785e-05 0.1611896 27 32 35 255 0.5669411 0.4965394
-38.64101 34.57011 13.71331 -0.9869415 -3.486485e-08 -0.1610792 33 20 16 255 0.8142967 0.09483889
-43.55197 35.88655 13.71331 0.986932 -1.755481e-08 -0.1611375 27 14 10 255 0.2343358 0.02868035
-43.66716 34.57011 13.71331 -0.9869249 1.663438e-05 -0.1611805 33 20 16 255 0.2465538 0.02966881
-43.66715 35.88655 13.8454 -0.986932 1.755484e-08 0.1611377 46 45 46 255 0.5669411 0.4965394
-43.66716 34.57011 13.71331 -0.9869249 1.663438e-05 -0.1611805 33 20 16 255 0.8142967 0.09483889
-51.93618 35.88655 13.71331 0.986932 -1.755481e-08 -0.1611375 27 14 10 255 0.2343358 0.02868035
-52.05137 34.57011 13.71331 -0.9869249 1.663438e-05 -0.1611805 33 20 16 255 0.2465538 0.02966881
-51.93618 35.88655 13.8454 0.9869251 3.488101e-08 0.1611794 33 32 41 255 0.5669411 0.2465394
-52.05137 34.57011 13.71331 -0.9869249 1.663438e-05 -0.1611805 33 20 16 255 0.8142967 0.09483889
-49.37063 35.88655 13.7133 0.9869236 -1.756318e-08 -0.1611885 27 14 10 255 0.2343358 0.02868035
-49.48582 34.57011 13.7133 -0.9869421 1.663396e-05 -0.1610758 33 20 16 255 0.2465538 0.02966881
-49.37062 35.88655 13.84539 0.9869413 3.486499e-08 0.1610801 33 32 41 255 0.5669411 0.2465394
-49.48582 34.57011 13.7133 -0.9869421 1.663396e-05 -0.1610758 33 20 16 255 0.8142967 0.09483889
-54.39678 35.88655 13.71331 0.986932 -1.755481e-08 -0.1611375 27 14 10 255 0.2343358 0.02868035
-54.51195 35.88655 13.7133 -0.986925 -3.488113e-08 -0.1611801 51 30 27 255 0.8709347 0.02966881
-54.39678 35.88655 13.8454 0.9869251 3.488101e-08 0.1611794 33 32 41 255 0.5669411 0.2465394
-54.51197 34.57011 13.71331 -0.9869246 -3.488155e-08 -0.1611828 33 36 41 255 0.8142967 0.09483889
-63.62085 35.88655 13.71331 0.986932 -1.755481e-08 -0.1611375 30 38 43 255 0.2343358 0.02868035
-63.73603 34.57011 13.71331 -0.9869251 -3.488107e-08 -0.1611798 33 36 41 255 0.2465538 0.02966881
-63.73602 35.88655 13.8454 -0.986932 1.156831e-07 0.1611377 46 45 46 255 0.5669411 0.4965394
-63.73603 34.57011 13.71331 -0.9869251 -3.488107e-08 -0.1611798 33 36 41 255 0.8142967 0.09483889
-61.05529 35.88655 13.71331 0.9869234 -1.756347e-08 -0.1611903 27 14 10 255 0.2343358 0.02868035
-61.17048 34.57011 13.71331 -0.9869418 -3.486457e-08 -0.1610775 33 20 16 255 0.2465538 0.02966881
-61.17046 35.88655 13.84539 -0.9869235 1.6785e-05 0.1611896 27 32 35 255 0.5669411 0.4965394
-61.17048 34.57011 13.71331 -0.9869418 -3.486457e-08 -0.1610775 33 20 16 255 0.8142967 0.09483889
-66.08144 35.88655 13.71331 0.9869319 -1.755495e-08 -0.1611384 30 38 43 255 0.2343358 0.02868035
-66.19662 34.57011 13.71331 -0.9869249 1.653627e-05 -0.1611805 33 20 16 255 0.2465538 0.02966881
-66.19661 35.88655 13.8454 -0.9869318 1.678465e-05 0.1611386 46 45 46 255 0.5669411 0.4965394
-66.19662 34.57011 13.71331 -0.9869249 1.653627e-05 -0.1611805 33 20 16 255 0.8142967 0.09483889
-63.43211 35.88655 -13.60009 0.986932 -1.755486e-08 -0.1611378 27 14 10 255 0.2343358 0.02868035
-63.5473 34.57011 -13.60009 -0.986925 -3.488111e-08 -0.1611801 33 36 41 255 0.2465538 0.02966881
-63.54729 35.88655 -13.468 -0.9869319 1.156831e-07 0.161138 46 45 46 255 0.5669411 0.4965394
-63.5473 34.57011 -13.60009 -0.986925 -3.488111e-08 -0.1611801 33 36 41 255 0.8142967 0.09483889
-60.86656 35.88655 -13.60009 0.9869235 -1.756339e-08 -0.1611897 30 38 43 255 0.2343358 0.02868035
-60.98175 34.57011 -13.60009 -0.9869416 -3.486476e-08 -0.1610787 33 36 41 255 0.2465538 0.02966881
-60.98172 35.88655 -13.46801 -0.9869234 1.678482e-05 0.1611899 46 45 46 255 0.5669411 0.4965394
-60.98175 34.57011 -13.60009 -0.9869416 -3.486476e-08 -0.1610787 33 36 41 255 0.8142967 0.09483889
-65.8927 35.88655 -13.60009 0.986932 -1.755486e-08 -0.1611378 27 14 10 255 0.2343358 0.02868035
-66.00789 34.57011 -13.60009 -0.986925 1.663423e-05 -0.1611801 33 20 16 255 0.2465538 0.02966881
-65.8927 35.88655 -13.468 0.9869252 3.488093e-08 0.1611789 33 32 41 255 0.5669411 0.2465394
-66.00789 34.57011 -13.60009 -0.986925 1.663423e-05 -0.1611801 33 20 16 255 0.8142967 0.09483889
-51.42929 35.88655 -13.60009 0.986932 -1.755486e-08 -0.1611378 30 38 43 255 0.2343358 0.02868035
-51.54448 34.57011 -13.60009 -0.986925 1.663423e-05 -0.1611801 33 36 41 255 0.2465538 0.02966881
-51.54447 35.88655 -13.468 -0.9869319 1.678488e-05 0.161138 27 32 35 255 0.5669411 0.4965394
-51.54448 34.57011 -13.60009 -0.986925 1.663423e-05 -0.1611801 33 36 41 255 0.8142967 0.09483889
-48.86374 35.88655 -13.6001 0.9869235 -1.756339e-08 -0.1611897 30 38 43 255 0.2343358 0.02868035
-48.97892 34.57011 -13.60009 -0.9869416 1.663461e-05 -0.1610787 33 36 41 255 0.2465538 0.02966881
-48.97891 35.88655 -13.46801 -0.9869234 1.156754e-07 0.16119 27 32 35 255 0.5669411 0.4965394
-48.97892 34.57011 -13.60009 -0.9869416 1.663461e-05 -0.1610787 33 36 41 255 0.8142967 0.09483889
-53.88988 35.88655 -13.60009 0.986932 -1.755486e-08 -0.1611378 27 14 10 255 0.2343358 0.02868035
-54.00506 35.88655 -13.60009 -0.9869246 -3.488158e-08 -0.161183 51 30 27 255 0.8709347 0.02966881
-54.00505 35.88655 -13.468 -0.9869319 1.156834e-07 0.1611383 46 45 46 255 0.5669411 0.4965394
-54.00507 34.57011 -13.60009 -0.986925 -3.488116e-08 -0.1611803 33 20 16 255 0.8142967 0.09483889
-40.4296 35.88655 -13.60009 0.986932 -1.755485e-08 -0.1611377 27 14 10 255 0.2343358 0.02868035
-40.54479 34.57011 -13.60009 -0.986925 -3.488111e-08 -0.1611801 33 20 16 255 0.2465538 0.02966881
-40.54479 35.88655 -13.468 -0.9869319 2.138114e-07 0.1611381 27 32 35 255 0.5669411 0.4965394
-40.54479 34.57011 -13.60009 -0.986925 -3.488111e-08 -0.1611801 33 20 16 255 0.8142967 0.09483889
-37.86405 35.88655 -13.60009 0.9869235 -1.756338e-08 -0.1611897 30 38 43 255 0.2343358 0.02868035
-37.97924 34.57011 -13.60009 -0.9869416 -3.486476e-08 -0.1610787 33 20 16 255 0.2465538 0.02966881
-37.97922 35.88655 -13.46801 -0.9869234 1.678481e-05 0.16119 46 45 46 255 0.5669411 0.4965394
-37.97924 34.57011 -13.60009 -0.9869416 -3.486476e-08 -0.1610787 33 20 16 255 0.8142967 0.09483889
-42.89019 35.88655 -13.60009 0.986932 -1.755486e-08 -0.1611378 27 14 10 255 0.2343358 0.02868035
-43.00538 34.57011 -13.60009 -0.986925 1.653612e-05 -0.1611801 33 20 16 255 0.2465538 0.02966881
-43.00537 35.88655 -13.468 -0.9869319 1.678487e-05 0.161138 27 32 35 255 0.5669411 0.4965394
-43.00538 34.57011 -13.60009 -0.986925 1.653612e-05 -0.1611801 33 20 16 255 0.8142967 0.09483889
-29.97904 35.88655 -13.60009 0.986932 -1.755484e-08 -0.1611377 30 38 43 255 0.2343358 0.02868035
-30.09421 35.88655 -13.60009 -0.9869246 8.348745e-06 -0.161183 51 30 27 255 0.8709347 0.02966881
-30.09422 35.88655 -13.468 -0.9869319 8.369691e-06 0.1611384 27 32 35 255 0.5669411 0.4965394
-30.09423 34.57011 -13.60009 -0.986925 -3.346669e-09 -0.1611803 33 36 41 255 0.8142967 0.09483889
-27.41348 35.88655 -13.60009 0.9869235 -1.756337e-08 -0.1611897 30 38 43 255 0.2343358 0.02868035
-27.52867 34.57011 -13.60009 -0.9869416 8.348931e-06 -0.1610787 33 20 16 255 0.2465538 0.02966881
-27.52865 35.88655 -13.46801 -0.9869234 8.401174e-06 0.16119 46 45 46 255 0.5669411 0.4965394
-27.52867 34.57011 -13.60009 -0.9869416 8.348931e-06 -0.1610787 33 20 16 255 0.8142967 0.09483889
-32.43962 35.88655 -13.60009 0.986932 -1.755485e-08 -0.1611377 30 38 43 255 0.2343358 0.02868035
-32.55481 34.57011 -13.60009 -0.986925 8.348729e-06 -0.1611801 33 20 16 255 0.2465538 0.02966881
-32.5548 35.88655 -13.468 -0.9869319 8.499343e-06 0.1611381 46 45 46 255 0.5669411 0.4965394
-32.55481 34.57011 -13.60009 -0.986925 8.348729e-06 -0.1611801 33 20 16 255 0.8142967 0.09483889
-19.5921 35.88655 -13.60009 0.986932 -1.755486e-08 -0.1611378 30 38 43 255 0.2343358 0.02868035
-19.70727 35.88655 -13.60009 -0.9869246 8.348716e-06 -0.1611827 30 33 41 255 0.8709347 0.02966881
-19.70728 35.88655 -13.468 -0.9869319 8.499328e-06 0.1611385 27 32 35 255 0.5669411 0.4965394
-19.70729 34.57011 -13.60009 -0.986925 8.348739e-06 -0.1611804 33 36 41 255 0.8142967 0.09483889
-17.02655 35.88655 -13.60009 0.9869235 -1.756338e-08 -0.1611897 30 38 43 255 0.2343358 0.02868035
-17.14174 34.57011 -13.60009 -0.9869416 8.250806e-06 -0.1610786 33 36 41 255 0.2465538 0.02966881
-17.14172 35.88655 -13.46801 -0.9869234 8.401198e-06 0.1611899 27 32 35 255 0.5669411 0.4965394
-17.14174 34.57011 -13.60009 -0.9869416 8.250806e-06 -0.1610786 33 36 41 255 0.8142967 0.09483889
-22.05269 35.88655 -13.60009 0.986932 -1.755484e-08 -0.1611377 30 38 43 255 0.2343358 0.02868035
-22.16787 35.88655 -13.60009 -0.9869245 8.346773e-06 -0.1611831 30 33 41 255 0.8709347 0.02966881
-22.16787 35.88655 -13.468 -0.9869319 8.499354e-06 0.1611384 27 32 35 255 0.5669411 0.4965394
-22.16788 34.57011 -13.60009 -0.986925 8.250594e-06 -0.1611801 33 36 41 255 0.8142967 0.09483889
-8.740669 35.88655 -13.60009 0.9869319 -1.755487e-08 -0.1611379 30 38 43 255 0.2343358 0.02868035
-8.855854 34.57011 -13.60009 -0.986925 -3.488111e-08 -0.1611801 33 36 41 255 0.2465538 0.02966881
-8.855846 35.88655 -13.468 -0.9869319 8.499354e-06 0.161138 46 45 46 255 0.5669411 0.4965394
-8.855854 34.57011 -13.60009 -0.986925 -3.488111e-08 -0.1611801 33 36 41 255 0.8142967 0.09483889
-6.175114 35.88655 -13.60009 0.9869235 -1.756338e-08 -0.1611897 30 38 43 255 0.2343358 0.02868035
-6.290302 34.57011 -13.60009 -0.9869416 8.299879e-06 -0.1610787 33 36 41 255 0.2465538 0.02966881
-6.290279 35.88655 -13.46801 -0.9869234 8.450254e-06 0.1611899 27 32 35 255 0.5669411 0.4965394
-6.290302 34.57011 -13.60009 -0.9869416 8.299879e-06 -0.1610787 33 36 41 255 0.8142967 0.09483889
-11.20125 35.88655 -13.60009 0.9869319 -1.755487e-08 -0.1611379 30 38 43 255 0.2343358 0.02868035
-11.31644 34.57011 -13.60009 -0.986925 8.250622e-06 -0.1611801 33 36 41 255 0.2465538 0.02966881
-11.20126 35.88655 -13.468 0.9869252 3.48809e-08 0.1611788 33 32 41 255 0.5669411 0.2465394
-11.31644 34.57011 -13.60009 -0.986925 8.250622e-06 -0.1611801 33 36 41 255 0.8142967 0.09483889
2.330746 35.88655 -13.60009 0.9869319 -1.755487e-08 -0.1611379 27 14 10 255 0.2343358 0.02868035
2.215557 34.57011 -13.60009 -0.986925 8.29968e-06 -0.1611801 33 20 16 255 0.2465538 0.02966881
2.215565 35.88655 -13.468 -0.9869319 8.450269e-06 0.1611382 46 45 46 255 0.5669411 0.4965394
2.215557 34.57011 -13.60009 -0.986925 8.29968e-06 -0.1611801 33 20 16 255 0.8142967 0.09483889
4.896297 35.88655 -13.60009 0.9869235 -1.756336e-08 -0.1611896 30 38 43 255 0.2343358 0.02868035
4.781113 34.57011 -13.60009 -0.9869416 8.299901e-06 -0.1610788 33 36 41 255 0.2465538 0.02966881
4.781128 35.88655 -13.46801 -0.9869234 8.450234e-06 0.1611901 46 45 46 255 0.5669411 0.4965394
4.781113 34.57011 -13.60009 -0.9869416 8.299901e-06 -0.1610788 33 36 41 255 0.8142967 0.09483889
-0.1298447 35.88655 -13.60009 0.986932 -1.755484e-08 -0.1611377 30 38 43 255 0.2343358 0.02868035
-0.2450333 34.57011 -13.60009 -0.986925 8.29968e-06 -0.1611801 33 36 41 255 0.2465538 0.02966881
-0.2450256 35.88655 -13.468 -0.9869319 8.450264e-06 0.1611381 27 32 35 255 0.5669411 0.4965394
-0.2450333 34.57011 -13.60009 -0.986925 8.29968e-06 -0.1611801 33 36 41 255 0.8142967 0.09483889
12.90793 35.88655 -13.60009 0.986932 -1.755486e-08 -0.1611378 30 38 43 255 0.2343358 0.02868035
12.79274 34.57011 -13.60009 -0.986925 8.2997e-06 -0.1611801 33 20 16 255 0.2465538 0.02966881
12.90792 35.88655 -13.468 0.9869253 3.488088e-08 0.1611786 57 56 57 255 0.5669411 0.2465394
12.79274 34.57011 -13.60009 -0.986925 8.2997e-06 -0.1611801 33 20 16 255 0.8142967 0.09483889
15.47348 35.88655 -13.60009 0.9869234 -1.756341e-08 -0.1611899 30 38 43 255 0.2343358 0.02868035
15.3583 34.57011 -13.60009 -0.9869416 4.058919e-06 -0.1610786 33 36 41 255 0.2465538 0.02966881
15.35831 35.88655 -13.46801 -0.9869235 8.450276e-06 0.1611898 46 45 46 255 0.5669411 0.4965394
15.3583 34.57011 -13.60009 -0.9869416 4.058919e-06 -0.1610786 33 36 41 255 0.8142967 0.09483889
10.44734 35.88655 -13.60009 0.986932 -1.755483e-08 -0.1611376 27 14 10 255 0.2343358 0.02868035
10.33215 34.57011 -13.60009 -0.9869251 4.058801e-06 -0.16118 33 20 16 255 0.2465538 0.02966881
10.33216 35.88655 -13.468 -0.9869319 8.499333e-06 0.1611382 46 45 46 255 0.5669411 0.4965394
10.33215 34.57011 -13.60009 -0.9869251 4.058801e-06 -0.16118 33 20 16 255 0.8142967 0.09483889
23.62387 35.88655 -13.60009 0.9869319 -1.755488e-08 -0.1611379 27 14 10 255 0.2343358 0.02868035
23.50868 34.57011 -13.60009 -0.9869251 8.27513e-06 -0.16118 33 36 41 255 0.2465538 0.02966881
23.50869 35.88655 -13.468 -0.9869319 8.450314e-06 0.1611378 27 32 35 255 0.5669411 0.4965394
23.50868 34.57011 -13.60009 -0.9869251 8.27513e-06 -0.16118 33 36 41 255 0.8142967 0.09483889
26.18942 35.88655 -13.60009 0.9869235 -1.756336e-08 -0.1611896 30 38 43 255 0.2343358 0.02868035
26.07423 34.57011 -13.6001 -0.9869416 8.275333e-06 -0.1610786 33 36 41 255 0.2465538 0.02966881
26.07425 35.88655 -13.46801 -0.9869234 8.450234e-06 0.1611901 27 32 35 255 0.5669411 0.4965394
26.07423 34.57011 -13.6001 -0.9869416 8.275333e-06 -0.1610786 33 36 41 255 0.8142967 0.09483889
21.16328 35.88655 -13.60009 0.986932 -1.755486e-08 -0.1611378 30 38 43 255 0.2343358 0.02868035
21.04809 34.57011 -13.60009 -0.986925 8.250641e-06 -0.1611801 33 36 41 255 0.2465538 0.02966881
21.0481 35.88655 -13.468 -0.9869319 8.499325e-06 0.1611381 46 45 46 255 0.5669411 0.4965394
21.04809 34.57011 -13.60009 -0.986925 8.250641e-06 -0.1611801 33 36 41 255 0.8142967 0.09483889
34.62205 35.88655 -13.60009 0.9869319 -1.755488e-08 -0.1611379 30 38 43 255 0.2343358 0.02868035
34.50687 34.57011 -13.60009 -0.9869251 8.27513e-06 -0.16118 33 36 41 255 0.2465538 0.02966881
34.50687 35.88655 -13.468 -0.9869319 8.474844e-06 0.1611378 46 45 46 255 0.5669411 0.4965394
34.50687 34.57011 -13.60009 -0.9869251 8.27513e-06 -0.16118 33 36 41 255 0.8142967 0.09483889
37.18761 35.88655 -13.6001 0.9869235 -1.756336e-08 -0.1611896 27 14 10 255 0.2343358 0.02868035
37.07242 34.57011 -13.6001 -0.9869416 6.179389e-06 -0.1610786 33 36 41 255 0.2465538 0.02966881
37.07244 35.88655 -13.46801 -0.9869234 8.474762e-06 0.1611901 46 45 46 255 0.5669411 0.4965394
37.07242 34.57011 -13.6001 -0.9869416 6.179389e-06 -0.1610786 33 36 41 255 0.8142967 0.09483889
32.16146 35.88655 -13.60009 0.986932 -1.755486e-08 -0.1611378 27 14 10 255 0.2343358 0.02868035
32.04627 34.57011 -13.60009 -0.986925 6.20379e-06 -0.1611801 33 36 41 255 0.2465538 0.02966881
32.04628 35.88655 -13.468 -0.9869319 8.474793e-06 0.1611381 27 32 35 255 0.5669411 0.4965394
32.04627 34.57011 -13.60009 -0.986925 6.20379e-06 -0.1611801 33 36 41 255 0.8142967 0.09483889
45.46016 35.88655 -13.60009 0.986932 -1.755486e-08 -0.1611378 30 38 43 255 0.2343358 0.02868035
45.34497 34.57011 -13.60009 -0.986925 7.23948e-06 -0.1611801 33 36 41 255 0.2465538 0.02966881
45.34498 35.88655 -13.468 -0.9869319 8.474793e-06 0.1611381 46 45 46 255 0.5669411 0.4965394
45.34497 34.57011 -13.60009 -0.986925 7.23948e-06 -0.1611801 33 36 41 255 0.8142967 0.09483889
48.02572 35.88655 -13.60009 0.9869235 -1.756339e-08 -0.1611898 30 38 43 255 0.2343358 0.02868035
47.91053 34.57011 -13.6001 -0.9869416 7.233529e-06 -0.1610788 33 36 41 255 0.2465538 0.02966881
48.02573 35.88655 -13.468 0.9869415 3.486483e-08 0.1610791 33 32 41 255 0.5669411 0.2465394
47.91053 34.57011 -13.6001 -0.9869416 7.233529e-06 -0.1610788 33 36 41 255 0.8142967 0.09483889
42.99957 35.88655 -13.60009 0.986932 -1.755483e-08 -0.1611376 30 38 43 255 0.2343358 0.02868035
42.8844 35.88655 -13.60009 -0.9869246 8.347241e-06 -0.1611829 30 33 41 255 0.8709347 0.02966881
42.88439 35.88655 -13.468 -0.9869319 8.462526e-06 0.1611384 27 32 35 255 0.5669411 0.4965394
42.88438 34.57011 -13.60009 -0.9869249 8.275179e-06 -0.1611807 33 36 41 255 0.8142967 0.09483889
57.1822 35.88655 -13.60009 0.9869319 -1.755488e-08 -0.1611379 30 38 43 255 0.2343358 0.02868035
57.06701 34.57011 -13.60009 -0.9869251 7.754223e-06 -0.16118 33 20 16 255 0.2465538 0.02966881
57.06702 35.88655 -13.468 -0.9869319 7.947798e-06 0.1611378 46 45 46 255 0.5669411 0.4965394
57.06701 34.57011 -13.60009 -0.9869251 7.754223e-06 -0.16118 33 20 16 255 0.8142967 0.09483889
59.74775 35.88655 -13.60009 0.9869234 -1.756341e-08 -0.1611899 27 14 10 255 0.2343358 0.02868035
59.63257 34.57011 -13.60009 -0.9869416 8.281464e-06 -0.1610786 33 20 16 255 0.2465538 0.02966881
59.63258 35.88655 -13.46801 -0.9869235 7.950825e-06 0.1611898 27 32 35 255 0.5669411 0.4965394
59.63257 34.57011 -13.60009 -0.9869416 8.281464e-06 -0.1610786 33 20 16 255 0.8142967 0.09483889
54.72161 35.88655 -13.60009 0.986932 -1.755483e-08 -0.1611376 30 38 43 255 0.2343358 0.02868035
54.60642 34.57011 -13.60009 -0.986925 7.755026e-06 -0.1611801 33 20 16 255 0.2465538 0.02966881
54.60643 35.88655 -13.468 -0.9869319 8.077984e-06 0.1611382 27 32 35 255 0.5669411 0.4965394
54.60642 34.57011 -13.60009 -0.986925 7.755026e-06 -0.1611801 33 20 16 255 0.8142967 0.09483889
56.43678 35.88655 13.72966 0.986932 -1.755482e-08 -0.1611376 30 38 43 255 0.2343358 0.02868035
56.32159 34.57011 13.72966 -0.9869249 7.754307e-06 -0.1611805 33 20 16 255 0.2465538 0.02966881
56.3216 35.88655 13.86175 -0.986932 8.07885e-06 0.1611377 46 45 46 255 0.5669411 0.4965394
56.32159 34.57011 13.72966 -0.9869249 7.754307e-06 -0.1611805 33 20 16 255 0.8142967 0.09483889
59.00233 35.88655 13.72966 0.9869236 -1.756318e-08 -0.1611885 30 38 43 255 0.2343358 0.02868035
58.88715 34.57011 13.72966 -0.9869421 7.754118e-06 -0.1610758 33 20 16 255 0.2465538 0.02966881
58.88716 35.88655 13.86175 -0.9869235 7.947818e-06 0.1611897 27 32 35 255 0.5669411 0.4965394
58.88715 34.57011 13.72966 -0.9869421 7.754118e-06 -0.1610758 33 20 16 255 0.8142967 0.09483889
53.97619 35.88655 13.72966 0.986932 -1.755482e-08 -0.1611376 27 14 10 255 0.2343358 0.02868035
53.861 34.57011 13.72966 -0.9869252 7.755529e-06 -0.1611791 33 20 16 255 0.2465538 0.02966881
53.97618 35.88655 13.86175 0.9869251 3.4881e-08 0.1611794 33 32 41 255 0.5669411 0.2465394
53.861 34.57011 13.72966 -0.9869252 7.755529e-06 -0.1611791 33 20 16 255 0.8142967 0.09483889
-69.61212 31.00749 -27.18248 0.3968691 0.9178752 1.18505e-07 49 32 24 255 0.8844386 0.02868035
-69.72731 31.00749 -27.18247 -0.2721856 0.9622448 2.907433e-08 33 20 16 255 0.2465538 0.02966881
-69.72731 30.8754 27.09899 -0.3968656 -0.9178768 1.102366e-07 46 45 46 255 0.5669411 0.4965394
-69.61212 31.00749 -27.18248 0.3968691 0.9178752 1.18505e-07 49 32 24 255 0.8142967 0.04552791
-69.61212 25.28802 -27.18248 0.3968698 0.9178749 -1.010046e-06 49 32 24 255 0.8844386 0.02868035
-69.72731 25.28802 -27.18247 -0.2721855 0.9622448 -8.001275e-07 33 20 16 255 0.2465538 0.02966881
-69.72731 25.15592 27.09899 -0.3968662 -0.9178765 5.580726e-07 46 45 46 255 0.5669411 0.4965394
-69.61212 25.28802 -27.18248 0.3968698 0.9178749 -1.010046e-06 49 32 24 255 0.8142967 0.04552791
-69.61212 19.88477 -27.18248 0.3968689 0.9178753 1.070682e-06 30 36 41 255 0.8844386 0.02868035
-69.72731 19.88477 -27.18247 -0.2721855 0.9622449 1.149014e-06 33 36 41 255 0.2465538 0.02966881
-69.72731 19.75268 27.09899 -0.3968653 -0.9178769 -2.480324e-08 46 45 46 255 0.5669411 0.4965394
-69.61212 19.88477 -27.18248 0.3968689 0.9178753 1.070682e-06 30 36 41 255 0.8142967 0.04552791
-69.61212 15.47662 -27.18248 0.3968689 0.9178753 1.022453e-06 49 32 24 255 0.8844386 0.02868035
-69.72731 15.47662 -27.18247 -0.2721854 0.9622449 1.09668e-06 33 20 16 255 0.2465538 0.02966881
-69.72731 15.34453 27.09899 -0.3968653 -0.9178769 -1.568124e-06 46 45 46 255 0.5669411 0.4965394
-69.61212 15.47662 -27.18248 0.3968689 0.9178753 1.022453e-06 49 32 24 255 0.8142967 0.04552791
-69.61212 11.41449 -27.18248 0.3968683 0.9178756 5.20871e-07 49 32 24 255 0.8844386 0.02868035
-69.72731 11.41449 -27.18247 -0.2721844 0.9622451 -2.732985e-07 33 20 16 255 0.2465538 0.02966881
-69.72731 11.2824 27.09899 -0.3968658 -0.9178767 -2.809682e-06 46 45 46 255 0.5669411 0.4965394
-69.61212 11.41449 -27.18248 0.3968683 0.9178756 5.20871e-07 49 32 24 255 0.8142967 0.04552791
-68.5489 35.9883 9.288471 -0.9869358 -3.487052e-08 -0.1611144 30 38 43 255 0.2343358 0.02868035
-68.5489 35.9883 9.40365 -0.9869264 1.079314e-06 0.1611717 30 33 41 255 0.8709347 0.02966881
-68.44191 35.9883 9.403652 0.9869348 -6.977982e-06 0.1611202 27 32 35 255 0.5669411 0.4965394
-68.5489 34.67186 9.403658 -0.9869255 7.371721e-06 0.1611769 33 36 41 255 0.8142967 0.09483889
-68.54892 35.9883 6.722916 -0.9869358 -3.487047e-08 -0.1611141 30 38 43 255 0.2343358 0.02868035
-68.5489 35.9883 6.838093 -0.9869264 1.36106e-06 0.1611713 30 33 41 255 0.8709347 0.02966881
-68.44191 35.9883 6.838089 0.9869356 -1.28009e-05 0.1611152 27 32 35 255 0.5669411 0.4965394
-68.5489 34.67186 6.838104 -0.9869254 1.359988e-05 0.1611779 33 36 41 255 0.8142967 0.09483889
-68.5489 35.9883 11.74906 -0.986917 -3.488909e-08 -0.1612295 30 38 43 255 0.2343358 0.02868035
-68.5489 34.67186 11.86425 -0.9869356 -4.627293e-06 0.1611153 33 36 41 255 0.2465538 0.02966881
-68.44191 35.9883 11.86424 0.9869164 -7.574105e-06 0.1612333 46 45 46 255 0.5669411 0.4965394
-68.5489 34.67186 11.86425 -0.9869356 -4.627293e-06 0.1611153 33 36 41 255 0.8142967 0.09483889
-68.5489 35.9883 -0.03045273 -0.9869356 -3.487074e-08 -0.1611157 30 38 43 255 0.2343358 0.02868035
-68.5489 34.67186 0.08473396 -0.9869261 5.3444e-06 0.1611738 33 36 41 255 0.2465538 0.02966881
-68.44193 35.9883 0.08472824 0.9869356 3.928149e-07 0.1611157 46 45 46 255 0.5669411 0.4965394
-68.5489 34.67186 0.08473396 -0.9869261 5.3444e-06 0.1611738 33 36 41 255 0.8142967 0.09483889
-68.5489 35.9883 -2.596008 -0.9869362 -3.487015e-08 -0.1611121 30 38 43 255 0.2343358 0.02868035
-68.5489 34.67186 -2.48082 -0.9869257 6.620201e-06 0.1611759 33 36 41 255 0.2465538 0.02966881
-68.44191 35.9883 -2.480837 0.9869362 8.057369e-06 0.1611116 46 45 46 255 0.5669411 0.4965394
-68.5489 34.67186 -2.48082 -0.9869257 6.620201e-06 0.1611759 33 36 41 255 0.8142967 0.09483889
-68.5489 35.9883 2.430138 -0.9869164 -3.488969e-08 -0.1612333 30 38 43 255 0.2343358 0.02868035
-68.54892 34.67186 2.545324 -0.9869358 7.413668e-06 0.1611142 33 36 41 255 0.2465538 0.02966881
-68.44191 35.9883 2.545317 0.9869167 -3.635908e-07 0.1612313 46 45 46 255 0.5669411 0.4965394
-68.54892 34.67186 2.545324 -0.9869358 7.413668e-06 0.1611142 33 36 41 255 0.8142967 0.09483889
-68.5489 35.9883 -9.121418 -0.9869356 -3.48707e-08 -0.1611155 27 14 10 255 0.2343358 0.02868035
-68.5489 34.67186 -9.006231 -0.986926 2.158139e-06 0.1611741 33 36 41 255 0.2465538 0.02966881
-68.44193 35.9883 -9.006237 0.9869355 9.117466e-06 0.1611159 27 32 35 255 0.5669411 0.4965394
-68.5489 34.67186 -9.006231 -0.986926 2.158139e-06 0.1611741 33 36 41 255 0.8142967 0.09483889
-68.5489 35.9883 -11.68697 -0.9869361 -3.487022e-08 -0.1611125 27 14 10 255 0.2343358 0.02868035
-68.5489 35.9883 -11.5718 -0.9869263 1.247291e-06 0.1611723 51 30 27 255 0.8709347 0.02966881
-68.44191 35.9883 -11.5718 0.9869358 1.137313e-05 0.1611141 27 32 35 255 0.5669411 0.4965394
-68.5489 34.67186 -11.57178 -0.9869254 -2.377822e-06 0.161178 33 36 41 255 0.8142967 0.09483889
-68.5489 35.9883 -6.660828 -0.9869165 -3.488951e-08 -0.1612321 27 14 10 255 0.2343358 0.02868035
-68.5489 34.67186 -6.54564 -0.9869358 -1.376453e-06 0.1611146 33 36 41 255 0.2465538 0.02966881
-68.44191 35.9883 -6.545649 0.9869165 8.360833e-06 0.1612321 46 45 46 255 0.5669411 0.4965394
-68.5489 34.67186 -6.54564 -0.9869358 -1.376453e-06 0.1611146 33 36 41 255 0.8142967 0.09483889
-82.7126 58.40199 23.26877 0.2597104 0.9642758 -0.05218038 73 68 60 255 0.9753084 0.4941802
-87.62529 55.22568 19.34603 -0.8206881 0.5587861 -0.1192861 54 52 43 255 0.6964266 0.9595829
-78.79294 55.22568 19.34602 0.8384919 0.5290885 -0.130372 132 97 66 255 0.699782 0.87205
-87.62529 55.22568 28.06633 -0.8384851 0.5290985 0.1303747 49 48 41 255 0.6991805 0.9523124
-82.7126 58.40199 24.14358 0.178026 0.9831639 0.04117695 123 138 148 255 0.9515528 0.4779341
-87.62529 55.22568 28.06633 -0.8384851 0.5290985 0.1303747 49 48 41 255 0.9874744 0.46626
-83.70569 58.40199 23.26877 -0.178036 0.9831622 -0.04117475 82 77 66 255 0.9513805 0.4859638
-78.79294 55.22568 19.34602 0.8384919 0.5290885 -0.130372 132 97 66 255 0.9873269 0.46973
-78.79294 55.22568 19.34602 0.8384919 0.5290885 -0.130372 132 97 66 255 0.6977574 0.955231
-82.71259 58.40199 -23.94492 0.2597075 0.9642764 -0.05218353 76 74 65 255 0.9753084 0.4941802
-87.62531 55.22568 -27.86766 -0.8206916 0.5587808 -0.1192865 51 50 43 255 0.6964266 0.9595829
-78.79294 55.22568 -27.86767 0.8384919 0.5290884 -0.130372 156 125 99 255 0.699782 0.87205
-87.62529 55.22568 -19.14737 -0.8384883 0.5290934 0.1303751 145 107 90 255 0.6991805 0.9523124
-82.71259 58.40199 -23.07012 0.1780238 0.9831644 0.04117268 123 138 148 255 0.9515528 0.4779341
-87.62529 55.22568 -19.14737 -0.8384883 0.5290934 0.1303751 145 107 90 255 0.9874744 0.46626
-83.70567 58.40199 -23.94492 -0.1780356 0.9831623 -0.04117363 82 77 66 255 0.9513805 0.4859638
-78.79294 55.22568 -27.86767 0.8384919 0.5290884 -0.130372 156 125 99 255 0.9873269 0.46973
-78.79294 55.22568 -27.86767 0.8384919 0.5290884 -0.130372 156 125 99 255 0.6977574 0.955231
69.21019 58.40199 -23.76657 0.2597082 0.9642763 -0.05218118 76 74 65 255 0.9753084 0.4941802
64.29749 55.22568 -27.68932 -0.8206893 0.5587842 -0.1192863 51 50 43 255 0.6964266 0.9595829
73.12984 55.22568 -27.68932 0.8384919 0.5290884 -0.1303721 46 45 38 255 0.699782 0.87205
64.29749 55.22568 -18.96902 -0.8384861 0.5290969 0.1303748 145 107 90 255 0.6991805 0.9523124
69.2102 58.40199 -22.89177 0.1780243 0.9831643 0.04117562 123 138 148 255 0.9515528 0.4779341
64.29749 55.22568 -18.96902 -0.8384861 0.5290969 0.1303748 145 107 90 255 0.9874744 0.46626
68.2171 58.40199 -23.76657 -0.178035 0.9831623 -0.04117424 82 77 66 255 0.9513805 0.4859638
73.12984 55.22568 -27.68932 0.8384919 0.5290884 -0.1303721 46 45 38 255 0.9873269 0.46973
73.12984 55.22568 -27.68932 0.8384919 0.5290884 -0.1303721 46 45 38 255 0.6977574 0.955231
69.21019 58.40199 23.41638 0.2597085 0.9642763 -0.05218122 76 74 65 255 0.9753084 0.4941802
64.29749 55.22568 19.49364 -0.8206896 0.5587839 -0.1192862 54 52 43 255 0.6964266 0.9595829
73.12984 55.22568 19.49363 0.8384916 0.5290889 -0.130372 132 97 66 255 0.699782 0.87205
64.29749 55.22568 28.21394 -0.8384862 0.5290966 0.1303749 49 48 41 255 0.6991805 0.9523124
69.2102 58.40199 24.29119 0.1780248 0.9831642 0.04117571 123 138 148 255 0.9515528 0.4779341
64.29749 55.22568 28.21394 -0.8384862 0.5290966 0.1303749 49 48 41 255 0.9874744 0.46626
68.2171 58.40199 23.41638 -0.178035 0.9831624 -0.04117289 82 77 66 255 0.9513805 0.4859638
73.12984 55.22568 19.49363 0.8384916 0.5290889 -0.130372 132 97 66 255 0.9873269 0.46973
73.12984 55.22568 19.49363 0.8384916 0.5290889 -0.130372 132 97 66 255 0.6977574 0.955231
62.41162 0.4633865 8.819187 -8.774384e-09 1 -1.626842e-07 99 97 99 255 0.8059208 0.6008312
62.41162 0.4633865 -24.04521 -8.774384e-09 1 -1.626842e-07 99 97 99 255 0.8059208 0.6008312
3 0 1 2 
3 3 4 5 
3 6 7 8 
3 9 10 11 
3 12 13 14 
3 15 16 17 
3 18 19 20 
3 21 22 23 
3 24 25 26 
3 27 28 29 
3 30 31 32 
3 33 34 35 
3 36 37 38 
3 39 40 41 
3 42 43 44 
3 45 46 47 
3 48 49 50 
3 51 52 53 
3 54 55 56 
3 57 58 59 
3 60 61 62 
3 63 64 65 
3 66 67 68 
3 69 70 71 
3 72 73 74 
3 75 76 77 
3 78 79 80 
3 81 82 83 
3 84 85 86 
3 87 88 89 
3 90 91 92 
3 93 94 95 
3 96 97 98 
3 99 100 101 
3 102 103 104 
3 105 106 107 
3 108 109 110 
3 111 112 113 
3 114 115 116 
3 117 118 119 
3 120 121 122 
3 123 124 125 
3 126 127 128 
3 129 130 131 
3 132 133 134 
3 135 136 137 
3 138 139 140 
3 141 142 143 
3 144 145 146 
3 147 148 149 
3 150 151 152 
3 153 154 155 
3 156 157 158 
3 159 160 161 
3 162 163 164 
3 165 166 167 
3 168 169 170 
3 171 172 173 
3 174 175 176 
3 177 178 179 
3 180 181 182 
3 183 184 185 
3 186 187 188 
3 189 190 191 
3 192 193 194 
3 195 196 197 
3 198 199 200 
3 201 202 203 
3 204 205 206 
3 207 208 209 
3 210 211 212 
3 213 214 215 
3 216 217 218 
3 219 220 221 
3 222 223 224 
3 225 226 227 
3 228 229 230 
3 231 232 233 
3 234 235 236 
3 237 238 239 
3 240 241 242 
3 243 244 245 
3 246 247 248 
3 249 250 251 
3 252 253 254 
3 255 256 257 
3 258 259 260 
3 261 262 263 
3 264 265 266 
3 267 268 269 
3 270 271 272 
3 273 274 275 
3 276 277 278 
3 279 280 281 
3 282 283 284 
3 285 286 287 
3 288 289 290 
3 291 292 293 
3 294 295 296 
3 297 298 299 
3 300 301 302 
3 303 304 305 
3 306 307 308 
3 309 310 311 
3 312 313 314 
3 315 316 317 
3 318 319 320 
3 321 322 323 
3 324 325 326 
3 327 328 329 
3 330 331 332 
3 333 334 335 
3 336 337 338 
3 339 340 341 
3 342 343 344 
3 345 346 347 
3 348 349 350 
3 351 352 353 
3 354 355 356 
3 357 358 359 
3 360 361 362 
3 363 364 365 
3 366 367 368 
3 369 370 371 
3 372 373 374 
3 375 376 377 
3 378 379 380 
3 381 382 383 
3 384 385 386 
3 387 388 389 
3 390 391 392 
3 393 394 395 
3 396 397 398 
3 399 400 401 
3 402 403 404 
3 405 406 407 
3 408 409 410 
3 411 412 413 
3 414 415 416 
3 417 418 419 
3 420 421 422 
3 423 424 425 
3 426 427 428 
3 429 430 431 
3 432 433 434 
3 435 436 437 
3 438 439 440 
3 441 442 443 
3 444 445 446 
3 447 448 449 
3 450 451 452 
3 453 454 455 
3 456 457 458 
3 459 460 461 
3 462 463 464 
3 465 466 467 
3 468 469 470 
3 471 472 473 
3 474 475 476 
3 477 478 479 
3 480 481 482 
3 483 484 485 
3 486 487 488 
3 489 490 491 
3 492 493 494 
3 495 496 497 
3 498 499 500 
3 501 502 503 
3 504 505 506 
3 507 508 509 
3 510 511 512 
3 513 514 515 
3 516 517 518 
3 519 520 521 
3 522 523 524 
3 525 526 527 
3 528 529 530 
3 531 532 533 
3 534 535 536 
3 537 538 539 
3 540 541 542 
3 543 544 545 
3 546 547 548 
3 549 550 551 
3 552 553 554 
3 555 556 557 
3 558 559 560 
3 561 562 563 
3 564 565 566 
3 567 568 569 
3 570 571 572 
3 573 574 575 
3 576 577 578 
3 579 580 581 
3 582 583 584 
3 585 586 587 
3 588 589 590 
3 591 592 593 
3 594 595 596 
3 597 598 599 
3 600 601 602 
3 603 604 605 
3 606 607 608 
3 609 610 611 
3 612 613 614 
3 615 616 617 
3 618 619 620 
3 621 622 623 
3 624 625 626 
3 627 628 629 
3 630 631 632 
3 633 634 635 
3 636 637 638 
3 639 640 641 
3 642 643 644 
3 645 646 647 
3 648 649 650 
3 651 652 653 
3 654 655 656 
3 657 658 659 
3 660 661 662 
3 663 664 665 
3 666 667 668 
3 669 670 671 
3 672 673 674 
3 675 676 677 
3 678 679 680 
3 681 682 683 
3 684 685 686 
3 687 688 689 
3 690 691 692 
3 693 694 695 
3 696 697 698 
3 699 700 701 
3 702 703 704 
3 705 706 707 
3 708 709 710 
3 711 712 713 
3 714 715 716 
3 717 718 719 
3 720 721 722 
3 723 724 725 
3 726 727 728 
3 729 730 731 
3 732 733 734 
3 735 736 737 
3 738 739 740 
3 741 742 743 
3 744 745 746 
3 747 748 749 
3 750 751 752 
3 753 754 755 
3 756 757 758 
3 759 760 761 
3 762 763 764 
3 765 766 767 
3 768 769 770 
3 771 772 773 
3 774 775 776 
3 777 778 779 
3 780 781 782 
3 783 784 785 
3 786 787 788 
3 789 790 791 
3 792 793 794 
3 795 796 797 
3 798 799 800 
3 801 802 803 
3 804 805 806 
3 807 808 809 
3 810 811 812 
3 813 814 815 
3 816 817 818 
3 819 820 821 
3 822 823 824 
3 825 826 827 
3 828 829 830 
3 831 832 833 
3 834 835 836 
3 837 838 839 
3 840 841 842 
3 843 844 845 
3 846 847 848 
3 849 850 851 
3 852 853 854 
3 855 856 857 
3 858 859 860 
3 861 862 863 
3 864 865 866 
3 867 868 869 
3 870 871 872 
3 873 874 875 
3 876 877 878 
3 879 880 881 
3 882 883 884 
3 885 886 887 
3 888 889 890 
3 891 892 893 
3 894 895 896 
3 897 898 899 
3 900 901 902 
3 903 904 905 
3 906 907 908 
3 909 910 911 
3 912 913 914 
3 915 916 917 
3 918 919 920 
3 921 922 923 
3 924 925 926 
3 927 928 929 
3 930 931 932 
3 933 934 935 
3 936 937 938 
3 939 940 941 
3 942 943 944 
3 945 946 947 
3 948 949 950 
3 951 952 953 
3 954 955 956 
3 957 958 959 
3 960 961 962 
3 963 964 965 
3 966 967 968 
3 969 970 971 
3 972 973 974 
3 975 976 977 
3 978 979 980 
3 981 982 983 
3 984 985 986 
3 987 988 989 
3 990 991 992 
3 993 994 995 
3 996 997 998 
3 999 1000 1001 
3 1002 1003 1004 
3 1005 1006 1007 
3 1008 1009 1010 
3 1011 1012 1013 
3 1014 1015 1016 
3 1017 1018 1019 
3 1020 1021 1022 
3 1023 1024 1025 
3 1026 1027 1028 
3 1029 1030 1031 
3 1032 1033 1034 
3 1035 1036 1037 
3 1038 1039 1040 
3 1041 1042 1043 
3 1044 1045 1046 
3 1047 1048 1049 
3 1050 1051 1052 
3 1053 1054 1055 
3 1056 1057 1058 
3 1059 1060 1061 
3 1062 1063 1064 
3 1065 1066 1067 
3 1068 1069 1070 
3 1071 1072 1073 
3 1074 1075 1076 
3 1077 1078 1079 
3 1080 1081 1082 
3 1083 1084 1085 
3 1086 1087 1088 
3 1089 1090 1091 
3 1092 1093 1094 
3 1095 1096 1097 
3 1098 1099 1100 
3 1101 1102 1103 
3 1104 1105 1106 
3 1107 1108 1109 
3 1110 1111 1112 
3 1113 1114 1115 
3 1116 1117 1118 
3 1119 1120 1121 
3 1122 1123 1124 
3 1125 1126 1127 
3 1128 1129 1130 
3 1131 1132 1133 
3 1134 1135 1136 
3 1137 1138 1139 
3 1140 1141 1142 
3 1143 1144 1145 
3 1146 1147 1148 
3 1149 1150 1151 
3 1152 1153 1154 
3 1155 1156 1157 
3 1158 1159 1160 
3 1161 1162 1163 
3 1164 1165 1166 
3 1167 1168 1169 
3 1170 1171 1172 
3 1173 1174 1175 
3 1176 1177 1178 
3 1179 1180 1181 
3 1182 1183 1184 
3 1185 1186 1187 
3 1188 1189 1190 
3 1191 1192 1193 
3 1194 1195 1196 
3 1197 1198 1199 
3 1200 1201 1202 
3 1203 1204 1205 
3 1206 1207 1208 
3 1209 1210 1211 
3 1212 1213 1214 
3 1215 1216 1217 
3 1218 1219 1220 
3 1221 1222 1223 
3 1224 1225 1226 
3 1227 1228 1229 
3 1230 1231 1232 
3 1233 1234 1235 
3 1236 1237 1238 
3 1239 1240 1241 
3 1242 1243 1244 
3 1245 1246 1247 
3 1248 1249 1250 
3 1251 1252 1253 
3 1254 1255 1256 
3 1257 1258 1259 
3 1260 1261 1262 
3 1263 1264 1265 
3 1266 1267 1268 
3 1269 1270 1271 
3 1272 1273 1274 
3 1275 1276 1277 
3 1278 1279 1280 
3 1281 1282 1283 
3 1284 1285 1286 
3 1287 1288 1289 
3 1290 1291 1292 
3 1293 1294 1295 
3 1296 1297 1298 
3 1299 1300 1301 
3 1302 1303 1304 
3 1305 1306 1307 
3 1308 1309 1310 
3 1311 1312 1313 
3 1314 1315 1316 
3 1317 1318 1319 
3 1320 1321 1322 
3 1323 1324 1325 
3 1326 1327 1328 
3 1329 1330 1331 
3 1332 1333 1334 
3 1335 1336 1337 
3 1338 1339 1340 
3 1341 1342 1343 
3 1344 1345 1346 
3 1347 1348 1349 
3 1350 1351 1352 
3 1353 1354 1355 
3 1356 1357 1358 
3 1359 1360 1361 
3 1362 1363 1364 
3 1365 1366 1367 
3 1368 1369 1370 
3 1371 1372 1373 
3 1374 1375 1376 
3 1377 1378 1379 
3 1380 1381 1382 
3 1383 1384 1385 
3 1386 1387 1388 
3 1389 1390 1391 
3 1392 1393 1394 
3 1395 1396 1397 
3 1398 1399 1400 
3 1401 1402 1403 
3 1404 1405 1406 
3 1407 1408 1409 
3 1410 1411 1412 
3 1413 1414 1415 
3 1416 1417 1418 
3 1419 1420 1421 
3 1422 1423 1424 
3 1425 1426 1427 
3 1428 1429 1430 
3 1431 1432 1433 
3 1434 1435 1436 
3 1437 1438 1439 
3 1440 1441 1442 
3 1443 1444 1445 
3 1446 1447 1448 
3 1449 1450 1451 
3 1452 1453 1454 
3 1455 1456 1457 
3 1458 1459 1460 
3 1461 1462 1463 
3 1464 1465 1466 
3 1467 1468 1469 
3 1470 1471 1472 
3 1473 1474 1475 
3 1476 1477 1478 
3 1479 1480 1481 
3 1482 1483 1484 
3 1485 1486 1487 
3 1488 1489 1490 
3 1491 1492 1493 
3 1494 1495 1496 
3 1497 1498 1499 
3 1500 1501 1502 
3 1503 1504 1505 
3 1506 1507 1508 
3 1509 1510 1511 
3 1512 1513 1514 
3 1515 1516 1517 
3 1518 1519 1520 
3 1521 1522 1523 
3 1524 1525 1526 
3 1527 1528 1529 
3 1530 1531 1532 
3 1533 1534 1535 
3 1536 1537 1538 
3 1539 1540 1541 
3 1542 1543 1544 
3 1545 1546 1547 
3 1548 1549 1550 
3 1551 1552 1553 
3 1554 1555 1556 
3 1557 1558 1559 
3 1560 1561 1562 
3 1563 1564 1565 
3 1566 1567 1568 
3 1569 1570 1571 
3 1572 1573 1574 
3 1575 1576 1577 
3 1578 1579 1580 
3 1581 1582 1583 
3 1584 1585 1586 
3 1587 1588 1589 
3 1590 1591 1592 
3 1593 1594 1595 
3 1596 1597 1598 
3 1599 1600 1601 
3 1602 1603 1604 
3 1605 1606 1607 
3 1608 1609 1610 
3 1611 1612 1613 
3 1614 1615 1616 
3 1617 1618 1619 
3 1620 1621 1622 
3 1623 1624 1625 
3 1626 1627 1628 
3 1629 1630 1631 
3 1632 1633 1634 
3 1635 1636 1637 
3 1638 1639 1640 
3 1641 1642 1643 
3 1644 1645 1646 
3 1647 1648 1649 
3 1650 1651 1652 
3 1653 1654 1655 
3 1656 1657 1658 
3 1659 1660 1661 
3 1662 1663 1664 
3 1665 1666 1667 
3 1668 1669 1670 
3 1671 1672 1673 
3 1674 1675 1676 
3 1677 1678 1679 
3 1680 1681 1682 
3 1683 1684 1685 
3 1686 1687 1688 
3 1689 1690 1691 
3 1692 1693 1694 
3 1695 1696 1697 
3 1698 1699 1700 
3 1701 1702 1703 
3 1704 1705 1706 
3 1707 1708 1709 
3 1710 1711 1712 
3 1713 1714 1715 
3 1716 1717 1718 
3 1719 1720 1721 
3 1722 1723 1724 
3 1725 1726 1727 
3 1728 1729 1730 
3 1731 1732 1733 
3 1734 1735 1736 
3 1737 1738 1739 
3 1740 1741 1742 
3 1743 1744 1745 
3 1746 1747 1748 
3 1749 1750 1751 
3 1752 1753 1754 
3 1755 1756 1757 
3 1758 1759 1760 
3 1761 1762 1763 
3 1764 1765 1766 
3 1767 1768 1769 
3 1770 1771 1772 
3 1773 1774 1775 
3 1776 1777 1778 
3 1779 1780 1781 
3 1782 1783 1784 
3 1785 1786 1787 
3 1788 1789 1790 
3 1791 1792 1793 
3 1794 1795 1796 
3 1797 1798 1799 
3 1800 1801 1802 
3 1803 1804 1805 
3 1806 1807 1808 
3 1809 1810 1811 
3 1812 1813 1814 
3 1815 1816 1817 
3 1818 1819 1820 
3 1821 1822 1823 
3 1824 1825 1826 
3 1827 1828 1829 
3 1830 1831 1832 
3 1833 1834 1835 
3 1836 1837 1838 
3 1839 1840 1841 
3 1842 1843 1844 
3 1845 1846 1847 
3 1848 1849 1850 
3 1851 1852 1853 
3 1854 1855 1856 
3 1857 1858 1859 
3 1860 1861 1862 
3 1863 1864 1865 
3 1866 1867 1868 
3 1869 1870 1871 
3 1872 1873 1874 
3 1875 1876 1877 
3 1878 1879 1880 
3 1881 1882 1883 
3 1884 1885 1886 
3 1887 1888 1889 
3 1890 1891 1892 
3 1893 1894 1895 
3 1896 1897 1898 
3 1899 1900 1901 
3 1902 1903 1904 
3 1905 1906 1907 
3 1908 1909 1910 
3 1911 1912 1913 
3 1914 1915 1916 
3 1917 1918 1919 
3 1920 1921 1922 
3 1923 1924 1925 
3 1926 1927 1928 
3 1929 1930 1931 
3 1932 1933 1934 
3 1935 1936 1937 
3 1938 1939 1940 
3 1941 1942 1943 
3 1944 1945 1946 
3 1947 1948 1949 
3 1950 1951 1952 
3 1953 1954 1955 
3 1956 1957 1958 
3 1959 1960 1961 
3 1962 1963 1964 
3 1965 1966 1967 
3 1968 1969 1970 
3 1971 1972 1973 
3 1974 1975 1976 
3 1977 1978 1979 
3 1980 1981 1982 
3 1983 1984 1985 
3 1986 1987 1988 
3 1989 1990 1991 
3 1992 1993 1994 
3 1995 1996 1997 
3 1998 1999 2000 
3 2001 2002 2003 
3 2004 2005 2006 
3 2007 2008 2009 
3 2010 2011 2012 
3 2013 2014 2015 
3 2016 2017 2018 
3 2019 2020 2021 
3 2022 2023 2024 
3 2025 2026 2027 
3 2028 2029 2030 
3 2031 2032 2033 
3 2034 2035 2036 
3 2037 2038 2039 
3 2040 2041 2042 
3 2043 2044 2045 
3 2046 2047 2048 
3 2049 2050 2051 
3 2052 2053 2054 
3 2055 2056 2057 
3 2058 2059 2060 
3 2061 2062 2063 
3 2064 2065 2066 
3 2067 2068 2069 
3 2070 2071 2072 
3 2073 2074 2075 
3 2076 2077 2078 
3 2079 2080 2081 
3 2082 2083 2084 
3 2085 2086 2087 
3 2088 2089 2090 
3 2091 2092 2093 
3 2094 2095 2096 
3 2097 2098 2099 
3 2100 2101 2102 
3 2103 2104 2105 
3 2106 2107 2108 
3 2109 2110 2111 
3 2112 2113 2114 
3 2115 2116 2117 
3 2118 2119 2120 
3 2121 2122 2123 
3 2124 2125 2126 
3 2127 2128 2129 
3 2130 2131 2132 
3 2133 2134 2135 
3 2136 2137 2138 
3 2139 2140 2141 
3 2142 2143 2144 
3 2145 2146 2147 
3 2148 2149 2150 
3 2151 2152 2153 
3 2154 2155 2156 
3 2157 2158 2159 
3 2160 2161 2162 
3 2163 2164 2165 
3 2166 2167 2168 
3 2169 2170 2171 
3 2172 2173 2174 
3 2175 2176 2177 
3 2178 2179 2180 
3 2181 2182 2183 
3 2184 2185 2186 
3 2187 2188 2189 
3 2190 2191 2192 
3 2193 2194 2195 
3 2196 2197 2198 
3 2199 2200 2201 
3 2202 2203 2204 
3 2205 2206 2207 
3 2208 2209 2210 
3 2211 2212 2213 
3 2214 2215 2216 
3 2217 2218 2219 
3 2220 2221 2222 
3 2223 2224 2225 
3 2226 2227 2228 
3 2229 2230 2231 
3 2232 2233 2234 
3 2235 2236 2237 
3 2238 2239 2240 
3 2241 2242 2243 
3 2244 2245 2246 
3 2247 2248 2249 
3 2250 2251 2252 
3 2253 2254 2255 
3 2256 2257 2258 
3 2259 2260 2261 
3 2262 2263 2264 
3 2265 2266 2267 
3 2268 2269 2270 
3 2271 2272 2273 
3 2274 2275 2276 
3 2277 2278 2279 
3 2280 2281 2282 
3 2283 2284 2285 
3 2286 2287 2288 
3 2289 2290 2291 
3 2292 2293 2294 
3 2295 2296 2297 
3 2298 2299 2300 
3 2301 2302 2303 
3 2304 2305 2306 
3 2307 2308 2309 
3 2310 2311 2312 
3 2313 2314 2315 
3 2316 2317 2318 
3 2319 2320 2321 
3 2322 2323 2324 
3 2325 2326 2327 
3 2328 2329 2330 
3 2331 2332 2333 
3 2334 2335 2336 
3 2337 2338 2339 
3 2340 2341 2342 
3 2343 2344 2345 
3 2346 2347 2348 
3 2349 2350 2351 
3 2352 2353 2354 
3 2355 2356 2357 
3 2358 2359 2360 
3 2361 2362 2363 
3 2364 2365 2366 
3 2367 2368 2369 
3 2370 2371 2372 
3 2373 2374 2375 
3 2376 2377 2378 
3 2379 2380 2381 
3 2382 2383 2384 
3 2385 2386 2387 
3 2388 2389 2390 
3 2391 2392 2393 
3 2394 2395 2396 
3 2397 2398 2399 
3 2400 2401 2402 
3 2403 2404 2405 
3 2406 2407 2408 
3 2409 2410 2411 
3 2412 2413 2414 
3 2415 2416 2417 
3 2418 2419 2420 
3 2421 2422 2423 
3 2424 2425 2426 
3 2427 2428 2429 
3 2430 2431 2432 
3 2433 2434 2435 
3 2436 2437 2438 
3 2439 2440 2441 
3 2442 2443 2444 
3 2445 2446 2447 
3 2448 2449 2450 
3 2451 2452 2453 
3 2454 2455 2456 
3 2457 2458 2459 
3 2460 2461 2462 
3 2463 2464 2465 
3 2466 2467 2468 
3 2469 2470 2471 
3 2472 2473 2474 
3 2475 2476 2477 
3 2478 2479 2480 
3 2481 2482 2483 
3 2484 2485 2486 
3 2487 2488 2489 
3 2490 2491 2492 
3 2493 2494 2495 
3 2496 2497 2498 
3 2499 2500 2501 
3 2502 2503 2504 
3 2505 2506 2507 
3 2508 2509 2510 
3 2511 2512 2513 
3 2514 2515 2516 
3 2517 2518 2519 
3 2520 2521 2522 
3 2523 2524 2525 
3 2526 2527 2528 
3 2529 2530 2531 
3 2532 2533 2534 
3 2535 2536 2537 
3 2538 2539 2540 
3 2541 2542 2543 
3 2544 2545 2546 
3 2547 2548 2549 
3 2550 2551 2552 
3 2553 2554 2555 
3 2556 2557 2558 
3 2559 2560 2561 
3 2562 2563 2564 
3 2565 2566 2567 
3 2568 2569 2570 
3 2571 2572 2573 
3 2574 2575 2576 
3 2577 2578 2579 
3 2580 2581 2582 
3 2583 2584 2585 
3 2586 2587 2588 
3 2589 2590 2591 
3 2592 2593 2594 
3 2595 2596 2597 
3 2598 2599 2600 
3 2601 2602 2603 
3 2604 2605 2606 
3 2607 2608 2609 
3 2610 2611 2612 
3 2613 2614 2615 
3 2616 2617 2618 
3 2619 2620 2621 
3 2622 2623 2624 
3 2625 2626 2627 
3 2628 2629 2630 
3 2631 2632 2633 
3 2634 2635 2636 
3 2637 2638 2639 
3 2640 2641 2642 
3 2643 2644 2645 
3 2646 2647 2648 
3 2649 2650 2651 
3 2652 2653 2654 
3 2655 2656 2657 
3 2658 2659 2660 
3 2661 2662 2663 
3 2664 2665 2666 
3 2667 2668 2669 
3 2670 2671 2672 
3 2673 2674 2675 
3 2676 2677 2678 
3 2679 2680 2681 
3 2682 2683 2684 
3 2685 2686 2687 
3 2688 2689 2690 
3 2691 2692 2693 
3 2694 2695 2696 
3 2697 2698 2699 
3 2700 2701 2702 
3 2703 2704 2705 
3 2706 2707 2708 
3 2709 2710 2711 
3 2712 2713 2714 
3 2715 2716 2717 
3 2718 2719 2720 
3 2721 2722 2723 
3 2724 2725 2726 
3 2727 2728 2729 
3 2730 2731 2732 
3 2733 2734 2735 
3 2736 2737 2738 
3 2739 2740 2741 
3 2742 2743 2744 
3 2745 2746 2747 
3 2748 2749 2750 
3 2751 2752 2753 
3 2754 2755 2756 
3 2757 2758 2759 
3 2760 2761 2762 
3 2763 2764 2765 
3 2766 2767 2768 
3 2769 2770 2771 
3 2772 2773 2774 
3 2775 2776 2777 
3 2778 2779 2780 
3 2781 2782 2783 
3 2784 2785 2786 
3 2787 2788 2789 
3 2790 2791 2792 
3 2793 2794 2795 
3 2796 2797 2798 
3 2799 2800 2801 
3 2802 2803 2804 
3 2805 2806 2807 
3 2808 2809 2810 
3 2811 2812 2813 
3 0 2814 1 
3 3 2815 4 
3 6 2816 7 
3 9 2817 10 
3 12 2818 13 
3 15 2819 16 
3 18 2820 19 
3 21 2821 22 
3 24 2822 25 
3 27 2823 28 
3 30 2824 31 
3 33 2825 34 
3 36 2826 37 
3 39 2827 40 
3 42 2828 43 
3 45 2829 46 
3 48 2830 49 
3 51 2831 52 
3 54 2832 55 
3 57 2833 58 
3 60 2834 61 
3 63 2835 64 
3 66 2836 67 
3 69 2837 70 
3 72 2838 73 
3 75 2839 76 
3 78 2840 79 
3 81 2841 82 
3 84 2842 85 
3 87 2843 88 
3 90 2844 91 
3 93 2845 94 
3 96 2846 97 
3 99 2847 100 
3 102 2848 103 
3 105 2849 106 
3 108 2850 109 
3 111 2851 112 
3 114 2852 115 
3 117 2853 118 
3 120 2854 121 
3 123 2855 124 
3 126 2856 127 
3 129 2857 130 
3 132 2858 133 
3 135 2859 136 
3 138 2860 139 
3 141 2861 142 
3 144 2862 145 
3 147 2863 148 
3 150 2864 151 
3 153 2865 154 
3 156 2866 157 
3 159 2867 160 
3 162 2868 163 
3 165 2869 166 
3 168 2870 169 
3 171 2871 172 
3 174 2872 175 
3 177 2873 178 
3 180 2874 181 
3 183 2875 184 
3 186 2876 187 
3 189 2877 190 
3 192 2878 193 
3 195 2879 196 
3 198 2880 199 
3 201 2881 202 
3 204 2882 205 
3 207 2883 208 
3 210 2884 211 
3 213 2885 214 
3 216 2886 217 
3 219 2887 220 
3 222 2888 223 
3 225 2889 226 
3 228 2890 229 
3 231 2891 232 
3 234 2892 235 
3 237 2893 238 
3 240 2894 241 
3 243 2895 244 
3 246 2896 247 
3 249 2897 250 
3 252 2898 253 
3 255 2899 256 
3 258 2900 259 
3 261 2901 262 
3 264 2902 265 
3 267 2903 268 
3 270 2904 271 
3 273 2905 274 
3 276 2906 277 
3 279 2907 280 
3 282 2908 283 
3 285 2909 286 
3 288 2910 289 
3 291 2911 292 
3 294 2912 295 
3 297 2913 298 
3 300 2914 301 
3 303 2915 304 
3 306 2916 307 
3 309 2917 310 
3 312 2918 313 
3 315 2919 316 
3 318 2920 319 
3 321 2921 322 
3 324 2922 325 
3 327 2923 328 
3 330 2924 331 
3 333 2925 334 
3 336 2926 337 
3 339 2927 340 
3 342 2928 343 
3 345 2929 346 
3 348 2930 349 
3 351 2931 352 
3 354 2932 355 
3 357 2933 358 
3 360 2934 361 
3 363 2935 364 
3 366 2936 367 
3 369 2937 370 
3 372 2938 373 
3 375 2939 376 
3 378 2940 379 
3 381 2941 382 
3 384 2942 385 
3 387 2943 388 
3 390 2944 391 
3 393 2945 394 
3 396 2946 397 
3 399 2947 400 
3 402 2948 403 
3 405 2949 406 
3 408 2950 409 
3 411 2951 412 
3 414 2952 415 
3 417 2953 418 
3 420 2954 421 
3 423 2955 424 
3 426 2956 427 
3 429 2957 430 
3 432 2958 433 
3 435 2959 436 
3 438 2960 439 
3 441 2961 442 
3 444 2962 445 
3 447 2963 448 
3 450 2964 451 
3 453 2965 454 
3 456 2966 457 
3 459 2967 460 
3 462 2968 463 
3 465 2969 466 
3 468 2970 469 
3 471 2971 472 
3 474 2972 475 
3 477 2973 478 
3 480 2974 481 
3 483 2975 484 
3 486 2976 487 
3 489 2977 490 
3 492 2978 493 
3 495 2979 496 
3 498 2980 499 
3 501 2981 502 
3 504 2982 505 
3 507 2983 508 
3 510 2984 511 
3 513 2985 514 
3 516 2986 517 
3 519 2987 520 
3 522 2988 523 
3 525 2989 526 
3 528 2990 529 
3 531 2991 532 
3 534 2992 535 
3 537 2993 538 
3 540 2994 541 
3 543 2995 544 
3 546 2996 547 
3 549 2997 550 
3 552 2998 553 
3 555 2999 556 
3 558 3000 559 
3 561 3001 562 
3 564 3002 565 
3 567 3003 568 
3 570 3004 571 
3 573 3005 574 
3 576 3006 577 
3 579 3007 580 
3 582 3008 583 
3 585 3009 586 
3 588 3010 589 
3 591 3011 592 
3 594 3012 595 
3 597 3013 598 
3 600 3014 601 
3 603 3015 604 
3 606 3016 607 
3 609 3017 610 
3 612 3018 613 
3 615 3019 616 
3 618 3020 619 
3 621 3021 622 
3 624 3022 625 
3 627 3023 628 
3 630 3024 631 
3 633 3025 634 
3 636 3026 637 
3 639 3027 640 
3 642 3028 643 
3 645 3029 646 
3 648 3030 649 
3 651 3031 652 
3 654 3032 655 
3 657 3033 658 
3 660 3034 661 
3 663 3035 664 
3 666 3036 667 
3 669 3037 670 
3 672 3038 673 
3 675 3039 676 
3 678 3040 679 
3 681 3041 682 
3 684 3042 685 
3 687 3043 688 
3 690 3044 691 
3 693 3045 694 
3 696 3046 697 
3 699 3047 700 
3 702 3048 703 
3 705 3049 706 
3 708 3050 709 
3 711 3051 712 
3 714 3052 715 
3 717 3053 718 
3 720 3054 721 
3 723 3055 724 
3 726 3056 727 
3 729 3057 730 
3 732 3058 733 
3 735 3059 736 
3 738 3060 739 
3 741 3061 742 
3 744 3062 745 
3 747 3063 748 
3 750 3064 751 
3 753 3065 754 
3 756 3066 757 
3 759 3067 760 
3 762 3068 763 
3 765 3069 766 
3 768 3070 769 
3 771 3071 772 
3 774 3072 775 
3 777 3073 778 
3 780 3074 781 
3 783 3075 784 
3 786 3076 787 
3 789 3077 790 
3 792 3078 793 
3 795 3079 796 
3 798 3080 799 
3 801 3081 802 
3 804 3082 805 
3 807 3083 808 
3 810 3084 811 
3 813 3085 814 
3 816 3086 817 
3 819 3087 820 
3 822 3088 823 
3 825 3089 826 
3 828 3090 829 
3 831 3091 832 
3 834 3092 835 
3 837 3093 838 
3 840 3094 841 
3 843 3095 844 
3 846 3096 847 
3 849 3097 850 
3 852 3098 853 
3 855 3099 856 
3 858 3100 859 
3 861 3101 862 
3 864 3102 865 
3 867 3103 868 
3 870 3104 871 
3 873 3105 874 
3 876 3106 877 
3 879 3107 880 
3 882 3108 883 
3 885 3109 886 
3 888 3110 889 
3 891 3111 892 
3 894 3112 895 
3 897 3113 898 
3 900 3114 901 
3 903 3115 904 
3 906 3116 907 
3 909 3117 910 
3 912 3118 913 
3 915 3119 916 
3 918 3120 919 
3 921 3121 922 
3 924 3122 925 
3 927 3123 928 
3 930 3124 931 
3 933 3125 934 
3 936 3126 937 
3 939 3127 940 
3 942 3128 943 
3 945 3129 946 
3 948 3130 949 
3 951 3131 952 
3 954 3132 955 
3 957 3133 958 
3 960 3134 961 
3 963 3135 964 
3 966 3136 967 
3 969 3137 970 
3 972 3138 973 
3 975 3139 976 
3 978 3140 979 
3 981 3141 982 
3 984 3142 985 
3 987 3143 988 
3 990 3144 991 
3 993 3145 994 
3 996 3146 997 
3 999 3147 1000 
3 1002 3148 1003 
3 1005 3149 1006 
3 1008 3150 1009 
3 1011 3151 1012 
3 1014 3152 1015 
3 1017 3153 1018 
3 1020 3154 1021 
3 1023 3155 1024 
3 1026 3156 1027 
3 1029 3157 1030 
3 1032 3158 1033 
3 1035 3159 1036 
3 1038 3160 1039 
3 1041 3161 1042 
3 1044 3162 1045 
3 1047 3163 1048 
3 1050 3164 1051 
3 1053 3165 1054 
3 1056 3166 1057 
3 1059 3167 1060 
3 1062 3168 1063 
3 1065 3169 1066 
3 1068 3170 1069 
3 1071 3171 1072 
3 1074 3172 1075 
3 1077 3173 1078 
3 1080 3174 1081 
3 1083 3175 1084 
3 1086 3176 1087 
3 1089 3177 1090 
3 1092 3178 1093 
3 1095 3179 1096 
3 1098 3180 1099 
3 1101 3181 1102 
3 1104 3182 1105 
3 1107 3183 1108 
3 1110 3184 1111 
3 1113 3185 1114 
3 1116 3186 1117 
3 1119 3187 1120 
3 1122 3188 1123 
3 1125 3189 1126 
3 1128 3190 1129 
3 1131 3191 1132 
3 1134 3192 1135 
3 1137 3193 1138 
3 1140 3194 1141 
3 1143 3195 1144 
3 1146 3196 1147 
3 1149 3197 1150 
3 1152 3198 1153 
3 1155 3199 1156 
3 1158 3200 1159 
3 1161 3201 1162 
3 1164 3202 1165 
3 1167 3203 1168 
3 1170 3204 1171 
3 1173 3205 1174 
3 1176 3206 1177 
3 1179 3207 1180 
3 1182 3208 1183 
3 1185 3209 1186 
3 1188 3210 1189 
3 1191 3211 1192 
3 1194 3212 1195 
3 1197 3213 1198 
3 1200 3214 1201 
3 1203 3215 1204 
3 1206 3216 1207 
3 1209 3217 1210 
3 1212 3218 1213 
3 1215 3219 1216 
3 1218 3220 1219 
3 1221 3221 1222 
3 1224 3222 1225 
3 1227 3223 1228 
3 1230 3224 1231 
3 1233 3225 1234 
3 1236 3226 1237 
3 1239 3227 1240 
3 1242 3228 1243 
3 1245 3229 1246 
3 1248 3230 1249 
3 1251 3231 1252 
3 1254 3232 1255 
3 1257 3233 1258 
3 1260 3234 1261 
3 1263 3235 1264 
3 1266 3236 1267 
3 1269 3237 1270 
3 1272 3238 1273 
3 1275 3239 1276 
3 1278 3240 1279 
3 1281 3241 1282 
3 1284 3242 1285 
3 1287 3243 1288 
3 1290 3244 1291 
3 1293 3245 1294 
3 1296 3246 1297 
3 1299 3247 1300 
3 1302 3248 1303 
3 1305 3249 1306 
3 1308 3250 1309 
3 1311 3251 1312 
3 1314 3252 1315 
3 1317 3253 1318 
3 1320 3254 1321 
3 1323 3255 1324 
3 1326 3256 1327 
3 1329 3257 1330 
3 1332 3258 1333 
3 1335 3259 1336 
3 1338 3260 1339 
3 1341 3261 1342 
3 1344 3262 1345 
3 1347 3263 1348 
3 1350 3264 1351 
3 1353 3265 1354 
3 1356 3266 1357 
3 1359 3267 1360 
3 1362 3268 1363 
3 1365 3269 1366 
3 1368 3270 1369 
3 1371 3271 1372 
3 1374 3272 1375 
3 1377 3273 1378 
3 1380 3274 1381 
3 1383 3275 1384 
3 1386 3276 1387 
3 1389 3277 1390 
3 1392 3278 1393 
3 1395 3279 1396 
3 1398 3280 1399 
3 1401 3281 1402 
3 1404 3282 1405 
3 1407 3283 1408 
3 1410 3284 1411 
3 1413 3285 1414 
3 1416 3286 1417 
3 1419 3287 1420 
3 1422 3288 1423 
3 1425 3289 1426 
3 1428 3290 1429 
3 1431 3291 1432 
3 1434 3292 1435 
3 1437 3293 1438 
3 1440 3294 1441 
3 1443 3295 1444 
3 1446 3296 1447 
3 1449 3297 1450 
3 1452 3298 1453 
3 1455 3299 1456 
3 1458 3300 1459 
3 1461 3301 1462 
3 1464 3302 1465 
3 1467 3303 1468 
3 1470 3304 1471 
3 1473 3305 1474 
3 1476 3306 1477 
3 1479 3307 1480 
3 1482 3308 1483 
3 1485 3309 1486 
3 1488 3310 1489 
3 1491 3311 1492 
3 1494 3312 1495 
3 1497 3313 1498 
3 1500 3314 1501 
3 1503 3315 1504 
3 1506 3316 1507 
3 1509 3317 1510 
3 1512 3318 1513 
3 1515 3319 1516 
3 1518 3320 1519 
3 1521 3321 1522 
3 1524 3322 1525 
3 1527 3323 1528 
3 1530 3324 1531 
3 1533 3325 1534 
3 1536 3326 1537 
3 1539 3327 1540 
3 1542 3328 1543 
3 1545 3329 1546 
3 1548 3330 1549 
3 1551 3331 1552 
3 1554 3332 1555 
3 1557 3333 1558 
3 1560 3334 1561 
3 1563 3335 1564 
3 1566 3336 1567 
3 1569 3337 1570 
3 1572 3338 1573 
3 1575 3339 1576 
3 1578 3340 1579 
3 1581 3341 1582 
3 1584 3342 1585 
3 1587 3343 1588 
3 1590 3344 1591 
3 1593 3345 1594 
3 1596 3346 1597 
3 1599 3347 1600 
3 1602 3348 1603 
3 1605 3349 1606 
3 1608 3350 1609 
3 1611 3351 1612 
3 1614 3352 1615 
3 1617 3353 1618 
3 1620 3354 1621 
3 1623 3355 1624 
3 1626 3356 1627 
3 1629 3357 1630 
3 1632 3358 1633 
3 1635 3359 1636 
3 1638 3360 1639 
3 1641 3361 1642 
3 1644 3362 1645 
3 1647 3363 1648 
3 1650 3364 1651 
3 1653 3365 1654 
3 1656 3366 1657 
3 1659 3367 1660 
3 1662 3368 1663 
3 1665 3369 1666 
3 1668 3370 1669 
3 1671 3371 1672 
3 1674 3372 1675 
3 1677 3373 1678 
3 1680 3374 1681 
3 1683 3375 1684 
3 1686 3376 1687 
3 1689 3377 1690 
3 1692 3378 1693 
3 1695 3379 1696 
3 1698 3380 1699 
3 1701 3381 1702 
3 1704 3382 1705 
3 1707 3383 1708 
3 1710 3384 1711 
3 1713 3385 1714 
3 1716 3386 1717 
3 1719 3387 1720 
3 1722 3388 1723 
3 1725 3389 1726 
3 1728 3390 1729 
3 1731 3391 1732 
3 1734 3392 1735 
3 1737 3393 1738 
3 1740 3394 1741 
3 1743 3395 1744 
3 1746 3396 1747 
3 1749 3397 1750 
3 1752 3398 1753 
3 1755 3399 1756 
3 1758 3400 1759 
3 1761 3401 1762 
3 1764 3402 1765 
3 1767 3403 1768 
3 1770 3404 1771 
3 1773 3405 1774 
3 1776 3406 1777 
3 1779 3407 1780 
3 1782 3408 1783 
3 1785 3409 1786 
3 1788 3410 1789 
3 1791 3411 1792 
3 1794 3412 1795 
3 1797 3413 1798 
3 1800 3414 1801 
3 1803 3415 1804 
3 1806 3416 1807 
3 1809 3417 1810 
3 1812 3418 1813 
3 1815 3419 1816 
3 1818 3420 1819 
3 1821 3421 1822 
3 1824 3422 1825 
3 1827 3423 1828 
3 1830 3424 1831 
3 1833 3425 1834 
3 1836 3426 1837 
3 1839 3427 1840 
3 1842 3428 1843 
3 1845 3429 1846 
3 1848 3430 1849 
3 1851 3431 1852 
3 1854 3432 1855 
3 1857 3433 1858 
3 1860 3434 1861 
3 1863 3435 1864 
3 1866 3436 1867 
3 1869 3437 1870 
3 1872 3438 1873 
3 1875 3439 1876 
3 1878 3440 1879 
3 1881 3441 1882 
3 1884 3442 1885 
3 1887 3443 1888 
3 1890 3444 1891 
3 1893 3445 1894 
3 1896 3446 1897 
3 1899 3447 1900 
3 1902 3448 1903 
3 1905 3449 1906 
3 1908 3450 1909 
3 1911 3451 1912 
3 1914 3452 1915 
3 1917 3453 1918 
3 1920 3454 1921 
3 1923 3455 1924 
3 1926 3456 1927 
3 1929 3457 1930 
3 1932 3458 1933 
3 1935 3459 1936 
3 1938 3460 1939 
3 1941 3461 1942 
3 1944 3462 1945 
3 1947 3463 1948 
3 1950 3464 1951 
3 1953 3465 1954 
3 1956 3466 1957 
3 1959 3467 1960 
3 1962 3468 1963 
3 1965 3469 1966 
3 1968 3470 1969 
3 1971 3471 1972 
3 1974 3472 1975 
3 1977 3473 1978 
3 1980 3474 1981 
3 1983 3475 1984 
3 1986 3476 1987 
3 1989 3477 1990 
3 1992 3478 1993 
3 1995 3479 1996 
3 1998 3480 1999 
3 2001 3481 2002 
3 2004 3482 2005 
3 2007 3483 2008 
3 2010 3484 2011 
3 2013 3485 2014 
3 2016 3486 2017 
3 2019 3487 2020 
3 2022 3488 2023 
3 2025 3489 2026 
3 2028 3490 2029 
3 2031 3491 2032 
3 2034 3492 2035 
3 2037 3493 2038 
3 2040 3494 2041 
3 2043 3495 2044 
3 2046 3496 2047 
3 2049 3497 2050 
3 2052 3498 2053 
3 2055 3499 2056 
3 2058 3500 2059 
3 2061 3501 2062 
3 2064 3502 2065 
3 2067 3503 2068 
3 2070 3504 2071 
3 2073 3505 2074 
3 2076 3506 2077 
3 2079 3507 2080 
3 2082 3508 2083 
3 2085 3509 2086 
3 2088 3510 2089 
3 2091 3511 2092 
3 2094 3512 2095 
3 2097 3513 2098 
3 2100 3514 2101 
3 2103 3515 2104 
3 2106 3516 2107 
3 2109 3517 2110 
3 2112 3518 2113 
3 2115 3519 2116 
3 2118 3520 2119 
3 2121 3521 2122 
3 2124 3522 2125 
3 2127 3523 2128 
3 2130 3524 2131 
3 2133 3525 2134 
3 2136 3526 2137 
3 2139 3527 2140 
3 2142 3528 2143 
3 2145 3529 2146 
3 2148 3530 2149 
3 2151 3531 2152 
3 2154 3532 2155 
3 2157 3533 2158 
3 2160 3534 2161 
3 2163 3535 2164 
3 2166 3536 2167 
3 2169 3537 2170 
3 2172 3538 2173 
3 2175 3539 2176 
3 2178 3540 2179 
3 2181 3541 2182 
3 2184 3542 2185 
3 2187 3543 2188 
3 2190 3544 2191 
3 2193 3545 2194 
3 2196 3546 2197 
3 2199 3547 2200 
3 2202 3548 2203 
3 2205 3549 2206 
3 2208 3550 2209 
3 2211 3551 2212 
3 2214 3552 2215 
3 2217 3553 2218 
3 2220 3554 2221 
3 2223 3555 2224 
3 2226 3556 2227 
3 2229 3557 2230 
3 2232 3558 2233 
3 2235 3559 2236 
3 2238 3560 2239 
3 2241 3561 2242 
3 2244 3562 2245 
3 2247 3563 2248 
3 2250 3564 2251 
3 2253 3565 2254 
3 2256 3566 2257 
3 2259 3567 2260 
3 2262 3568 2263 
3 2265 3569 2266 
3 2268 3570 2269 
3 2271 3571 2272 
3 2274 3572 2275 
3 2277 3573 2278 
3 2280 3574 2281 
3 2283 3575 2284 
3 2286 3576 2287 
3 2289 3577 2290 
3 2292 3578 2293 
3 2295 3579 2296 
3 2298 3580 2299 
3 2301 3581 2302 
3 2304 3582 2305 
3 2307 3583 2308 
3 2310 3584 2311 
3 2313 3585 2314 
3 2316 3586 2317 
3 2319 3587 2320 
3 2322 3588 2323 
3 2325 3589 2326 
3 2328 3590 2329 
3 2331 3591 2332 
3 2334 3592 2335 
3 2337 3593 2338 
3 2340 3594 2341 
3 2343 3595 2344 
3 2346 3596 2347 
3 2349 3597 2350 
3 2352 3598 2353 
3 2355 3599 2356 
3 2358 3600 2359 
3 2361 3601 2362 
3 2364 3602 2365 
3 2367 3603 2368 
3 2370 3604 2371 
3 2373 3605 2374 
3 2376 3606 2377 
3 2379 3607 2380 
3 2382 3608 2383 
3 2385 3609 2386 
3 2388 3610 2389 
3 2391 3611 2392 
3 2394 3612 2395 
3 2397 3613 2398 
3 2400 3614 2401 
3 2403 3615 2404 
3 2406 3616 2407 
3 2409 3617 2410 
3 2412 3618 2413 
3 2415 3619 2416 
3 2418 3620 2419 
3 2421 3621 2422 
3 2424 3622 2425 
3 2427 3623 2428 
3 2430 3624 2431 
3 2433 3625 2434 
3 2436 3626 2437 
3 2439 3627 2440 
3 2442 3628 2443 
3 2445 3629 2446 
3 2448 3630 2449 
3 2451 3631 2452 
3 2454 3632 2455 
3 2457 3633 2458 
3 2460 3634 2461 
3 2463 3635 2464 
3 2466 3636 2467 
3 2469 3637 2470 
3 2472 3638 2473 
3 2475 3639 2476 
3 2478 3640 2479 
3 2481 3641 2482 
3 2484 3642 2485 
3 2487 3643 2488 
3 2490 3644 2491 
3 2493 3645 2494 
3 2496 3646 2497 
3 2499 3647 2500 
3 2502 3648 2503 
3 2505 3649 2506 
3 2508 3650 2509 
3 2511 3651 2512 
3 2514 3652 2515 
3 2517 3653 2518 
3 2520 3654 2521 
3 2523 3655 2524 
3 2526 3656 2527 
3 2529 3657 2530 
3 2532 3658 2533 
3 2535 3659 2536 
3 2538 3660 2539 
3 2541 3661 2542 
3 2544 3662 2545 
3 2547 3663 2548 
3 2550 3664 2551 
3 2553 3665 2554 
3 2556 3666 2557 
3 2559 3667 2560 
3 2562 3668 2563 
3 2565 3669 2566 
3 2568 3670 2569 
3 2571 3671 2572 
3 2574 3672 2575 
3 2577 3673 2578 
3 2580 3674 2581 
3 2583 3675 2584 
3 2586 3676 2587 
3 2589 3677 2590 
3 2592 3678 2593 
3 2595 3679 2596 
3 2598 3680 2599 
3 2601 3681 2602 
3 2604 3682 2605 
3 2607 3683 2608 
3 2610 3684 2611 
3 2613 3685 2614 
3 2616 3686 2617 
3 2619 3687 2620 
3 2622 3688 2623 
3 2625 3689 2626 
3 2628 3690 2629 
3 2631 3691 2632 
3 2634 3692 2635 
3 2637 3693 2638 
3 2640 3694 2641 
3 2643 3695 2644 
3 2646 3696 2647 
3 2649 3697 2650 
3 2652 3698 2653 
3 2655 3699 2656 
3 2658 3700 2659 
3 2661 3701 2662 
3 2664 3702 2665 
3 2667 3703 2668 
3 2670 3704 2671 
3 2673 3705 2674 
3 2676 3706 2677 
3 2679 3707 2680 
3 2682 3708 2683 
3 2685 3709 2686 
3 2688 3710 2689 
3 2691 3711 2692 
3 2694 3712 2695 
3 2697 3713 2698 
3 2700 3714 2701 
3 2703 3715 2704 
3 2706 3716 2707 
3 2709 3717 2710 
3 2712 3718 2713 
3 2715 3719 2716 
3 2718 3720 2719 
3 2721 3721 2722 
3 2724 3722 2725 
3 2727 3723 2728 
3 2730 3724 2731 
3 2733 3725 2734 
3 2736 3726 2737 
3 2739 3727 2740 
3 2742 3728 2743 
3 2745 3729 2746 
3 2748 3730 2749 
3 2751 3731 2752 
3 2754 3732 2755 
3 2757 3733 2758 
3 2760 3734 2761 
3 2763 3735 2764 
3 2766 3736 2767 
3 2769 3737 2770 
3 2772 3738 2773 
3 2775 3739 2776 
3 2778 3740 2779 
3 2781 3741 2782 
3 2784 3742 2785 
3 2787 3743 2788 
3 2790 3744 2791 
3 2793 3745 2794 
3 2796 3746 2797 
3 2799 3747 2800 
3 2802 3748 2803 
3 2805 3749 2806 
3 2808 3750 2809 
3 2811 3751 2812 
