ply
format ascii 1.0
comment Created in Blender version 4.1.1
comment TextureFile WoodCrate2.png
element vertex 1200
property float x
property float y
property float z
property float nx
property float ny
property float nz
property float s
property float t
element face 600
property list uchar uint vertex_indices
end_header
17.129456 8.319191 14.363482 0.5773285 0.5773613 0.57736105 0.959203 0.038664
16.090282 8.319191 13.324308 -0.5773285 0.57736105 -0.5773613 0.482203 0.51993
16.090282 8.319191 14.363482 -0.5773721 0.5773395 0.5773393 0.482203 0.038664
16.090282 8.319191 13.324308 -0.5773285 0.57736105 -0.5773613 0.496408 0.524084
17.129456 7.280018 13.324309 0.5773285 -0.5773613 -0.57736105 0.007498 0.995447
16.090282 7.280018 13.324309 -0.5773721 -0.5773395 -0.5773393 0.007498 0.524084
17.129456 8.319191 13.324308 0.5773721 0.57733923 -0.57733953 0.503242 0.505278
17.129456 7.280018 14.363482 0.5773721 -0.57733923 0.57733953 0.000664 1.002534
17.129456 7.280018 13.324309 0.5773285 -0.5773613 -0.57736105 0.000664 0.505278
16.090282 7.280018 14.363482 -0.5773285 -0.57736105 0.5773613 0.960739 0.039261
17.129456 7.280018 13.324309 0.5773285 -0.5773613 -0.57736105 0.484574 0.515426
17.129456 7.280018 14.363482 0.5773721 -0.57733923 0.57733953 0.484574 0.039261
16.090282 8.319191 14.363482 -0.5773721 0.5773395 0.5773393 0.957102 0.527273
16.090282 7.280018 13.324309 -0.5773721 -0.5773395 -0.5773393 0.48821 0.996165
16.090282 7.280018 14.363482 -0.5773285 -0.57736105 0.5773613 0.48821 0.527273
17.129456 8.319191 14.363482 0.5773285 0.5773613 0.57736105 0.490682 0.051873
16.090282 7.280018 14.363482 -0.5773285 -0.57736105 0.5773613 0.005412 0.51844
17.129456 7.280018 14.363482 0.5773721 -0.57733923 0.57733953 0.005412 0.051873
10.295002 1.4624681 5.0759993 0.5773285 0.5773613 0.57736105 0.959203 0.038664
9.255827 1.4624681 4.036826 -0.5773285 0.57736105 -0.5773613 0.482203 0.51993
9.255827 1.4624681 5.0759993 -0.5773721 0.5773395 0.57733923 0.482203 0.038664
9.255827 1.4624681 4.036826 -0.5773285 0.57736105 -0.5773613 0.496408 0.524084
10.295002 0.42329502 4.036826 0.5773285 -0.5773613 -0.57736105 0.007498 0.995447
9.255827 0.42329502 4.036826 -0.5773721 -0.5773395 -0.57733923 0.007498 0.524084
10.295002 1.4624681 4.036826 0.5773721 0.57733923 -0.5773395 0.503242 0.505278
10.295002 0.42329502 5.0759993 0.5773721 -0.57733923 0.5773395 0.000664 1.002534
10.295002 0.42329502 4.036826 0.5773285 -0.5773613 -0.57736105 0.000664 0.505278
9.255827 0.42329502 5.0759993 -0.5773285 -0.57736105 0.5773613 0.960739 0.039261
10.295002 0.42329502 4.036826 0.5773285 -0.5773613 -0.57736105 0.484574 0.515426
10.295002 0.42329502 5.0759993 0.5773721 -0.57733923 0.5773395 0.484574 0.039261
9.255827 1.4624681 5.0759993 -0.5773721 0.5773395 0.57733923 0.957102 0.527273
9.255827 0.42329502 4.036826 -0.5773721 -0.5773395 -0.57733923 0.48821 0.996165
9.255827 0.42329502 5.0759993 -0.5773285 -0.57736105 0.5773613 0.48821 0.527273
10.295002 1.4624681 5.0759993 0.5773285 0.5773613 0.57736105 0.490682 0.051873
9.255827 0.42329502 5.0759993 -0.5773285 -0.57736105 0.5773613 0.005412 0.51844
10.295002 0.42329502 5.0759993 0.5773721 -0.57733923 0.5773395 0.005412 0.051873
8.989527 1.4624681 5.3937626 0.57732844 0.5773613 0.57736105 0.959203 0.038664
7.9503517 1.4624681 4.3545895 -0.57732844 0.57736105 -0.5773613 0.482203 0.51993
7.9503517 1.4624681 5.3937626 -0.5773721 0.5773395 0.57733923 0.482203 0.038664
7.9503517 1.4624681 4.3545895 -0.57732844 0.57736105 -0.5773613 0.496408 0.524084
8.989527 0.42329502 4.3545895 0.57732844 -0.5773613 -0.57736105 0.007498 0.995447
7.9503517 0.42329502 4.3545895 -0.5773721 -0.5773395 -0.57733923 0.007498 0.524084
8.989527 1.4624681 4.3545895 0.5773721 0.57733923 -0.5773395 0.503242 0.505278
8.989527 0.42329502 5.3937626 0.5773721 -0.57733923 0.5773395 0.000664 1.002534
8.989527 0.42329502 4.3545895 0.57732844 -0.5773613 -0.57736105 0.000664 0.505278
7.9503517 0.42329502 5.3937626 -0.57732844 -0.57736105 0.5773613 0.960739 0.039261
8.989527 0.42329502 4.3545895 0.57732844 -0.5773613 -0.57736105 0.484574 0.515426
8.989527 0.42329502 5.3937626 0.5773721 -0.57733923 0.5773395 0.484574 0.039261
7.9503517 1.4624681 5.3937626 -0.5773721 0.5773395 0.57733923 0.957102 0.527273
7.9503517 0.42329502 4.3545895 -0.5773721 -0.5773395 -0.57733923 0.48821 0.996165
7.9503517 0.42329502 5.3937626 -0.57732844 -0.57736105 0.5773613 0.48821 0.527273
8.989527 1.4624681 5.3937626 0.57732844 0.5773613 0.57736105 0.490682 0.051873
7.9503517 0.42329502 5.3937626 -0.57732844 -0.57736105 0.5773613 0.005412 0.51844
8.989527 0.42329502 5.3937626 0.5773721 -0.57733923 0.5773395 0.005412 0.051873
7.7115173 1.4624677 6.0424504 0.57732844 0.5773613 0.57736105 0.959203 0.038664
6.6723423 1.4624677 5.003277 -0.57732844 0.57736105 -0.5773613 0.482203 0.51993
6.6723423 1.4624677 6.0424504 -0.5773721 0.57733953 0.5773393 0.482203 0.038664
6.6723423 1.4624677 5.003277 -0.57732844 0.57736105 -0.5773613 0.496408 0.524084
7.7115173 0.42329502 5.003277 0.57732844 -0.5773613 -0.57736105 0.007498 0.995447
6.6723423 0.42329502 5.003277 -0.5773721 -0.57733953 -0.5773393 0.007498 0.524084
7.7115173 1.4624677 5.003277 0.5773721 0.5773393 -0.57733953 0.503242 0.505278
7.7115173 0.42329502 6.0424504 0.5773721 -0.5773393 0.57733953 0.000664 1.002534
7.7115173 0.42329502 5.003277 0.57732844 -0.5773613 -0.57736105 0.000664 0.505278
6.6723423 0.42329502 6.0424504 -0.57732844 -0.57736105 0.5773613 0.960739 0.039261
7.7115173 0.42329502 5.003277 0.57732844 -0.5773613 -0.57736105 0.484574 0.515426
7.7115173 0.42329502 6.0424504 0.5773721 -0.5773393 0.57733953 0.484574 0.039261
6.6723423 1.4624677 6.0424504 -0.5773721 0.57733953 0.5773393 0.957102 0.527273
6.6723423 0.42329502 5.003277 -0.5773721 -0.57733953 -0.5773393 0.48821 0.996165
6.6723423 0.42329502 6.0424504 -0.57732844 -0.57736105 0.5773613 0.48821 0.527273
7.7115173 1.4624677 6.0424504 0.57732844 0.5773613 0.57736105 0.490682 0.051873
6.6723423 0.42329502 6.0424504 -0.57732844 -0.57736105 0.5773613 0.005412 0.51844
7.7115173 0.42329502 6.0424504 0.5773721 -0.5773393 0.57733953 0.005412 0.051873
7.8571835 1.4624681 5.062973 0.5773285 0.5773613 0.57736105 0.959203 0.038664
6.8180094 1.4624681 4.0238 -0.5773285 0.57736105 -0.5773613 0.482203 0.51993
6.8180094 1.4624681 5.062973 -0.5773721 0.5773395 0.57733923 0.482203 0.038664
6.8180094 1.4624681 4.0238 -0.5773285 0.57736105 -0.5773613 0.496408 0.524084
7.8571835 0.42329502 4.0238 0.5773285 -0.5773613 -0.57736105 0.007498 0.995447
6.8180094 0.42329502 4.0238 -0.5773721 -0.5773395 -0.57733923 0.007498 0.524084
7.8571835 1.4624681 4.0238 0.5773721 0.57733923 -0.5773395 0.503242 0.505278
7.8571835 0.42329502 5.062973 0.5773721 -0.57733923 0.5773395 0.000664 1.002534
7.8571835 0.42329502 4.0238 0.5773285 -0.5773613 -0.57736105 0.000664 0.505278
6.8180094 0.42329502 5.062973 -0.5773285 -0.57736105 0.5773613 0.960739 0.039261
7.8571835 0.42329502 4.0238 0.5773285 -0.5773613 -0.57736105 0.484574 0.515426
7.8571835 0.42329502 5.062973 0.5773721 -0.57733923 0.5773395 0.484574 0.039261
6.8180094 1.4624681 5.062973 -0.5773721 0.5773395 0.57733923 0.957102 0.527273
6.8180094 0.42329502 4.0238 -0.5773721 -0.5773395 -0.57733923 0.48821 0.996165
6.8180094 0.42329502 5.062973 -0.5773285 -0.57736105 0.5773613 0.48821 0.527273
7.8571835 1.4624681 5.062973 0.5773285 0.5773613 0.57736105 0.490682 0.051873
6.8180094 0.42329502 5.062973 -0.5773285 -0.57736105 0.5773613 0.005412 0.51844
7.8571835 0.42329502 5.062973 0.5773721 -0.57733923 0.5773395 0.005412 0.051873
6.610853 1.7613096 5.8492346 0.5773285 0.5773613 0.57736105 0.959203 0.038664
5.2732677 1.7613096 4.51165 -0.5773285 0.57736105 -0.5773613 0.482203 0.51993
5.2732677 1.7613096 5.8492346 -0.5773721 0.5773395 0.57733923 0.482203 0.038664
5.2732677 1.7613096 4.51165 -0.5773285 0.57736105 -0.5773613 0.496408 0.524084
6.610853 0.42372656 4.51165 0.5773285 -0.5773613 -0.57736105 0.007498 0.995447
5.2732677 0.42372656 4.51165 -0.5773721 -0.5773395 -0.57733923 0.007498 0.524084
6.610853 1.7613096 4.51165 0.5773721 0.57733923 -0.5773395 0.503242 0.505278
6.610853 0.42372656 5.8492346 0.5773721 -0.57733923 0.5773395 0.000664 1.002534
6.610853 0.42372656 4.51165 0.5773285 -0.5773613 -0.57736105 0.000664 0.505278
5.2732677 0.42372656 5.8492346 -0.5773285 -0.57736105 0.5773613 0.960739 0.039261
6.610853 0.42372656 4.51165 0.5773285 -0.5773613 -0.57736105 0.484574 0.515426
6.610853 0.42372656 5.8492346 0.5773721 -0.57733923 0.5773395 0.484574 0.039261
5.2732677 1.7613096 5.8492346 -0.5773721 0.5773395 0.57733923 0.957102 0.527273
5.2732677 0.42372656 4.51165 -0.5773721 -0.5773395 -0.57733923 0.48821 0.996165
5.2732677 0.42372656 5.8492346 -0.5773285 -0.57736105 0.5773613 0.48821 0.527273
6.610853 1.7613096 5.8492346 0.5773285 0.5773613 0.57736105 0.490682 0.051873
5.2732677 0.42372656 5.8492346 -0.5773285 -0.57736105 0.5773613 0.005412 0.51844
6.610853 0.42372656 5.8492346 0.5773721 -0.57733923 0.5773395 0.005412 0.051873
30.04969 1.4766278 5.0759993 0.57736975 0.5773406 0.57734036 0.959203 0.038664
27.426064 1.4766278 4.036826 -0.57736975 0.57734036 -0.5773406 0.482203 0.51993
27.426064 1.4766278 5.0759993 -0.5773721 0.5773395 0.57733923 0.482203 0.038664
27.426064 1.4766278 4.036826 -0.57736975 0.57734036 -0.5773406 0.496408 0.524084
30.04969 0.4374547 4.036826 0.57736975 -0.5773406 -0.57734036 0.007498 0.995447
27.426064 0.4374547 4.036826 -0.5773721 -0.5773395 -0.57733923 0.007498 0.524084
30.04969 1.4766278 4.036826 0.5773721 0.57733923 -0.5773395 0.503242 0.505278
30.04969 0.4374547 5.0759993 0.5773721 -0.57733923 0.5773395 0.000664 1.002534
30.04969 0.4374547 4.036826 0.57736975 -0.5773406 -0.57734036 0.000664 0.505278
27.426064 0.4374547 5.0759993 -0.57736975 -0.57734036 0.5773406 0.960739 0.039261
30.04969 0.4374547 4.036826 0.57736975 -0.5773406 -0.57734036 0.484574 0.515426
30.04969 0.4374547 5.0759993 0.5773721 -0.57733923 0.5773395 0.484574 0.039261
27.426064 1.4766278 5.0759993 -0.5773721 0.5773395 0.57733923 0.957102 0.527273
27.426064 0.4374547 4.036826 -0.5773721 -0.5773395 -0.57733923 0.48821 0.996165
27.426064 0.4374547 5.0759993 -0.57736975 -0.57734036 0.5773406 0.48821 0.527273
30.04969 1.4766278 5.0759993 0.57736975 0.5773406 0.57734036 0.490682 0.051873
27.426064 0.4374547 5.0759993 -0.57736975 -0.57734036 0.5773406 0.005412 0.51844
30.04969 0.4374547 5.0759993 0.5773721 -0.57733923 0.5773395 0.005412 0.051873
30.04969 1.4766278 8.18367 0.57736975 0.5773407 0.57734036 0.959203 0.038664
27.426064 1.4766278 7.1444964 -0.57736975 0.5773405 -0.5773406 0.482203 0.51993
27.426064 1.4766278 8.18367 -0.5773721 0.57733953 0.5773393 0.482203 0.038664
27.426064 1.4766278 7.1444964 -0.57736975 0.5773405 -0.5773406 0.496408 0.524084
30.04969 0.4374547 7.1444964 0.57736975 -0.5773407 -0.57734036 0.007498 0.995447
27.426064 0.4374547 7.1444964 -0.5773721 -0.57733953 -0.5773393 0.007498 0.524084
30.04969 1.4766278 7.1444964 0.5773721 0.5773393 -0.57733953 0.503242 0.505278
30.04969 0.4374547 8.18367 0.5773721 -0.5773393 0.57733953 0.000664 1.002534
30.04969 0.4374547 7.1444964 0.57736975 -0.5773407 -0.57734036 0.000664 0.505278
27.426064 0.4374547 8.18367 -0.57736975 -0.5773405 0.5773406 0.960739 0.039261
30.04969 0.4374547 7.1444964 0.57736975 -0.5773407 -0.57734036 0.484574 0.515426
30.04969 0.4374547 8.18367 0.5773721 -0.5773393 0.57733953 0.484574 0.039261
27.426064 1.4766278 8.18367 -0.5773721 0.57733953 0.5773393 0.957102 0.527273
27.426064 0.4374547 7.1444964 -0.5773721 -0.57733953 -0.5773393 0.48821 0.996165
27.426064 0.4374547 8.18367 -0.57736975 -0.5773405 0.5773406 0.48821 0.527273
30.04969 1.4766278 8.18367 0.57736975 0.5773407 0.57734036 0.490682 0.051873
27.426064 0.4374547 8.18367 -0.57736975 -0.5773405 0.5773406 0.005412 0.51844
30.04969 0.4374547 8.18367 0.5773721 -0.5773393 0.57733953 0.005412 0.051873
30.04969 1.4766283 -4.277915 0.57736975 0.5773406 0.57734036 0.959203 0.038664
27.426064 1.4766278 -5.317088 -0.57736975 0.57734036 -0.5773406 0.482203 0.51993
27.426064 1.4766283 -4.277915 -0.5773721 0.5773395 0.57733923 0.482203 0.038664
27.426064 1.4766278 -5.317088 -0.57736975 0.57734036 -0.5773406 0.496408 0.524084
30.04969 0.4374547 -5.317086 0.57736975 -0.5773406 -0.57734036 0.007498 0.995447
27.426064 0.4374547 -5.317086 -0.5773721 -0.5773395 -0.57733923 0.007498 0.524084
30.04969 1.4766278 -5.317088 0.5773721 0.57733923 -0.5773395 0.503242 0.505278
30.04969 0.43745518 -4.277913 0.5773721 -0.57733923 0.5773395 0.000664 1.002534
30.04969 0.4374547 -5.317086 0.57736975 -0.5773406 -0.57734036 0.000664 0.505278
27.426064 0.43745518 -4.277913 -0.57736975 -0.57734036 0.5773406 0.960739 0.039261
30.04969 0.4374547 -5.317086 0.57736975 -0.5773406 -0.57734036 0.484574 0.515426
30.04969 0.43745518 -4.277913 0.5773721 -0.57733923 0.5773395 0.484574 0.039261
27.426064 1.4766283 -4.277915 -0.5773721 0.5773395 0.57733923 0.957102 0.527273
27.426064 0.4374547 -5.317086 -0.5773721 -0.5773395 -0.57733923 0.48821 0.996165
27.426064 0.43745518 -4.277913 -0.57736975 -0.57734036 0.5773406 0.48821 0.527273
30.04969 1.4766283 -4.277915 0.57736975 0.5773406 0.57734036 0.490682 0.051873
27.426064 0.43745518 -4.277913 -0.57736975 -0.57734036 0.5773406 0.005412 0.51844
30.04969 0.43745518 -4.277913 0.5773721 -0.57733923 0.5773395 0.005412 0.051873
27.6972 2.995501 -5.899125 -0.5773406 0.5773698 0.5773403 0.959203 0.038664
27.6972 0.37187624 -6.9382963 -0.57734066 -0.5773698 -0.5773403 0.482203 0.51993
27.6972 0.37187624 -5.899123 -0.57733935 -0.57737195 0.5773395 0.482203 0.038664
27.6972 0.37187624 -6.9382963 -0.57734066 -0.5773698 -0.5773403 0.496408 0.524084
28.736374 2.995501 -6.938298 0.5773401 0.57736975 -0.5773409 0.007498 0.995447
28.736374 0.37187624 -6.9382963 0.57733935 -0.5773722 -0.57733923 0.007498 0.524084
27.6972 2.9955015 -6.938298 -0.5773398 0.57737184 -0.5773392 0.503242 0.505278
28.736374 2.995501 -5.899125 0.5773394 0.57737213 0.5773392 0.000664 1.002534
28.736374 2.995501 -6.938298 0.5773401 0.57736975 -0.5773409 0.000664 0.505278
28.736374 0.37187624 -5.899123 0.5773405 -0.57736963 0.5773406 0.960739 0.039261
28.736374 2.995501 -6.938298 0.5773401 0.57736975 -0.5773409 0.484574 0.515426
28.736374 2.995501 -5.899125 0.5773394 0.57737213 0.5773392 0.484574 0.039261
27.6972 0.37187624 -5.899123 -0.57733935 -0.57737195 0.5773395 0.957102 0.527273
28.736374 0.37187624 -6.9382963 0.57733935 -0.5773722 -0.57733923 0.48821 0.996165
28.736374 0.37187624 -5.899123 0.5773405 -0.57736963 0.5773406 0.48821 0.527273
27.6972 2.995501 -5.899125 -0.5773406 0.5773698 0.5773403 0.490682 0.051873
28.736374 0.37187624 -5.899123 0.5773405 -0.57736963 0.5773406 0.005412 0.51844
28.736374 2.995501 -5.899125 0.5773394 0.57737213 0.5773392 0.005412 0.051873
10.295002 1.4624681 -5.2777987 0.5773285 0.5773613 0.57736105 0.959203 0.038664
9.255827 1.4624681 -6.316972 -0.5773285 0.57736105 -0.5773613 0.482203 0.51993
9.255827 1.4624681 -5.2777987 -0.5773721 0.5773395 0.57733923 0.482203 0.038664
9.255827 1.4624681 -6.316972 -0.5773285 0.57736105 -0.5773613 0.496408 0.524084
10.295002 0.42329502 -6.31697 0.5773285 -0.5773613 -0.57736105 0.007498 0.995447
9.255827 0.42329502 -6.31697 -0.5773721 -0.5773395 -0.57733923 0.007498 0.524084
10.295002 1.4624681 -6.316972 0.5773721 0.57733923 -0.5773395 0.503242 0.505278
10.295002 0.42329502 -5.2777967 0.5773721 -0.57733923 0.5773395 0.000664 1.002534
10.295002 0.42329502 -6.31697 0.5773285 -0.5773613 -0.57736105 0.000664 0.505278
9.255827 0.42329502 -5.2777967 -0.5773285 -0.57736105 0.5773613 0.960739 0.039261
10.295002 0.42329502 -6.31697 0.5773285 -0.5773613 -0.57736105 0.484574 0.515426
10.295002 0.42329502 -5.2777967 0.5773721 -0.57733923 0.5773395 0.484574 0.039261
9.255827 1.4624681 -5.2777987 -0.5773721 0.5773395 0.57733923 0.957102 0.527273
9.255827 0.42329502 -6.31697 -0.5773721 -0.5773395 -0.57733923 0.48821 0.996165
9.255827 0.42329502 -5.2777967 -0.5773285 -0.57736105 0.5773613 0.48821 0.527273
10.295002 1.4624681 -5.2777987 0.5773285 0.5773613 0.57736105 0.490682 0.051873
9.255827 0.42329502 -5.2777967 -0.5773285 -0.57736105 0.5773613 0.005412 0.51844
10.295002 0.42329502 -5.2777967 0.5773721 -0.57733923 0.5773395 0.005412 0.051873
8.989527 1.4624686 -4.9600344 0.5773285 0.5773613 0.5773611 0.959203 0.038664
7.9503517 1.4624681 -5.9992094 -0.5773285 0.57736105 -0.57736135 0.482203 0.51993
7.9503517 1.4624686 -4.9600344 -0.5773721 0.57733953 0.5773393 0.482203 0.038664
7.9503517 1.4624681 -5.9992094 -0.5773285 0.57736105 -0.57736135 0.496408 0.524084
8.989527 0.42329502 -5.9992075 0.5773285 -0.5773613 -0.5773611 0.007498 0.995447
7.9503517 0.42329502 -5.9992075 -0.5773721 -0.57733953 -0.5773393 0.007498 0.524084
8.989527 1.4624681 -5.9992094 0.5773721 0.5773393 -0.57733953 0.503242 0.505278
8.989527 0.4232955 -4.9600325 0.5773721 -0.5773393 0.57733953 0.000664 1.002534
8.989527 0.42329502 -5.9992075 0.5773285 -0.5773613 -0.5773611 0.000664 0.505278
7.9503517 0.4232955 -4.9600325 -0.5773285 -0.57736105 0.57736135 0.960739 0.039261
8.989527 0.42329502 -5.9992075 0.5773285 -0.5773613 -0.5773611 0.484574 0.515426
8.989527 0.4232955 -4.9600325 0.5773721 -0.5773393 0.57733953 0.484574 0.039261
7.9503517 1.4624686 -4.9600344 -0.5773721 0.57733953 0.5773393 0.957102 0.527273
7.9503517 0.42329502 -5.9992075 -0.5773721 -0.57733953 -0.5773393 0.48821 0.996165
7.9503517 0.4232955 -4.9600325 -0.5773285 -0.57736105 0.57736135 0.48821 0.527273
8.989527 1.4624686 -4.9600344 0.5773285 0.5773613 0.5773611 0.490682 0.051873
7.9503517 0.4232955 -4.9600325 -0.5773285 -0.57736105 0.57736135 0.005412 0.51844
8.989527 0.4232955 -4.9600325 0.5773721 -0.5773393 0.57733953 0.005412 0.051873
7.7115173 1.4624681 -4.311347 0.57732844 0.5773613 0.57736105 0.959203 0.038664
6.6723423 1.4624677 -5.350522 -0.57732844 0.57736105 -0.5773613 0.482203 0.51993
6.6723423 1.4624681 -4.311347 -0.5773721 0.5773395 0.57733923 0.482203 0.038664
6.6723423 1.4624677 -5.350522 -0.57732844 0.57736105 -0.5773613 0.496408 0.524084
7.7115173 0.42329502 -5.35052 0.57732844 -0.5773613 -0.57736105 0.007498 0.995447
6.6723423 0.42329502 -5.35052 -0.5773721 -0.5773395 -0.57733923 0.007498 0.524084
7.7115173 1.4624677 -5.350522 0.5773721 0.57733923 -0.5773395 0.503242 0.505278
7.7115173 0.4232955 -4.311345 0.5773721 -0.57733923 0.5773395 0.000664 1.002534
7.7115173 0.42329502 -5.35052 0.57732844 -0.5773613 -0.57736105 0.000664 0.505278
6.6723423 0.4232955 -4.311345 -0.57732844 -0.57736105 0.5773613 0.960739 0.039261
7.7115173 0.42329502 -5.35052 0.57732844 -0.5773613 -0.57736105 0.484574 0.515426
7.7115173 0.4232955 -4.311345 0.5773721 -0.57733923 0.5773395 0.484574 0.039261
6.6723423 1.4624681 -4.311347 -0.5773721 0.5773395 0.57733923 0.957102 0.527273
6.6723423 0.42329502 -5.35052 -0.5773721 -0.5773395 -0.57733923 0.48821 0.996165
6.6723423 0.4232955 -4.311345 -0.57732844 -0.57736105 0.5773613 0.48821 0.527273
7.7115173 1.4624681 -4.311347 0.57732844 0.5773613 0.57736105 0.490682 0.051873
6.6723423 0.4232955 -4.311345 -0.57732844 -0.57736105 0.5773613 0.005412 0.51844
7.7115173 0.4232955 -4.311345 0.5773721 -0.57733923 0.5773395 0.005412 0.051873
7.8571835 1.4624681 -5.290824 0.5773285 0.5773613 0.57736105 0.959203 0.038664
6.8180094 1.4624681 -6.329999 -0.5773285 0.57736105 -0.5773613 0.482203 0.51993
6.8180094 1.4624681 -5.290824 -0.5773721 0.57733953 0.5773393 0.482203 0.038664
6.8180094 1.4624681 -6.329999 -0.5773285 0.57736105 -0.5773613 0.496408 0.524084
7.8571835 0.42329502 -6.329997 0.5773285 -0.5773613 -0.57736105 0.007498 0.995447
6.8180094 0.42329502 -6.329997 -0.5773721 -0.57733953 -0.5773393 0.007498 0.524084
7.8571835 1.4624681 -6.329999 0.5773721 0.5773393 -0.57733953 0.503242 0.505278
7.8571835 0.42329502 -5.290822 0.5773721 -0.5773393 0.57733953 0.000664 1.002534
7.8571835 0.42329502 -6.329997 0.5773285 -0.5773613 -0.57736105 0.000664 0.505278
6.8180094 0.42329502 -5.290822 -0.5773285 -0.57736105 0.5773613 0.960739 0.039261
7.8571835 0.42329502 -6.329997 0.5773285 -0.5773613 -0.57736105 0.484574 0.515426
7.8571835 0.42329502 -5.290822 0.5773721 -0.5773393 0.57733953 0.484574 0.039261
6.8180094 1.4624681 -5.290824 -0.5773721 0.57733953 0.5773393 0.957102 0.527273
6.8180094 0.42329502 -6.329997 -0.5773721 -0.57733953 -0.5773393 0.48821 0.996165
6.8180094 0.42329502 -5.290822 -0.5773285 -0.57736105 0.5773613 0.48821 0.527273
7.8571835 1.4624681 -5.290824 0.5773285 0.5773613 0.57736105 0.490682 0.051873
6.8180094 0.42329502 -5.290822 -0.5773285 -0.57736105 0.5773613 0.005412 0.51844
7.8571835 0.42329502 -5.290822 0.5773721 -0.5773393 0.57733953 0.005412 0.051873
6.610853 1.7613101 -4.5045633 0.5773285 0.57736135 0.577361 0.959203 0.038664
5.2732677 1.7613096 -5.842147 -0.5773285 0.5773611 -0.5773612 0.482203 0.51993
5.2732677 1.7613101 -4.5045633 -0.5773721 0.57733953 0.5773393 0.482203 0.038664
5.2732677 1.7613096 -5.842147 -0.5773285 0.5773611 -0.5773612 0.496408 0.524084
6.610853 0.42372656 -5.842145 0.5773285 -0.57736135 -0.577361 0.007498 0.995447
5.2732677 0.42372656 -5.842145 -0.5773721 -0.57733953 -0.5773393 0.007498 0.524084
6.610853 1.7613096 -5.842147 0.5773721 0.5773393 -0.57733953 0.503242 0.505278
6.610853 0.42372704 -4.5045614 0.5773721 -0.5773393 0.57733953 0.000664 1.002534
6.610853 0.42372656 -5.842145 0.5773285 -0.57736135 -0.577361 0.000664 0.505278
5.2732677 0.42372704 -4.5045614 -0.5773285 -0.5773611 0.5773612 0.960739 0.039261
6.610853 0.42372656 -5.842145 0.5773285 -0.57736135 -0.577361 0.484574 0.515426
6.610853 0.42372704 -4.5045614 0.5773721 -0.5773393 0.57733953 0.484574 0.039261
5.2732677 1.7613101 -4.5045633 -0.5773721 0.57733953 0.5773393 0.957102 0.527273
5.2732677 0.42372656 -5.842145 -0.5773721 -0.57733953 -0.5773393 0.48821 0.996165
5.2732677 0.42372704 -4.5045614 -0.5773285 -0.5773611 0.5773612 0.48821 0.527273
6.610853 1.7613101 -4.5045633 0.5773285 0.57736135 0.577361 0.490682 0.051873
5.2732677 0.42372704 -4.5045614 -0.5773285 -0.5773611 0.5773612 0.005412 0.51844
6.610853 0.42372704 -4.5045614 0.5773721 -0.5773393 0.57733953 0.005412 0.051873
5.7897234 1.4624681 -11.393216 -0.57735056 0.5773503 -0.57734996 0.959203 0.038664
6.8288984 1.4624681 -10.354043 0.5773512 0.57734996 0.57734966 0.482203 0.51993
6.8288975 1.4624681 -11.393216 0.5773501 0.5773505 -0.5773502 0.482203 0.038664
6.8288984 1.4624681 -10.354043 0.5773512 0.57734996 0.57734966 0.496408 0.524084
5.7897243 0.4232955 -10.354041 -0.57734954 -0.5773506 0.57735056 0.007498 0.995447
6.8288984 0.4232955 -10.354041 0.5773504 -0.5773499 0.5773505 0.007498 0.524084
5.7897243 0.4232955 -10.354041 -0.57734954 -0.5773506 0.57735056 0.000664 0.505278
5.7897234 1.4624681 -11.393216 -0.57735056 0.5773503 -0.57734996 0.503242 1.002534
5.7897234 0.42329502 -11.393214 -0.5773505 -0.57735026 -0.5773502 0.000664 1.002534
6.8288975 0.42329502 -11.393214 0.57734996 -0.5773505 -0.5773504 0.960739 0.039261
5.7897243 0.4232955 -10.354041 -0.57734954 -0.5773506 0.57735056 0.484574 0.515426
5.7897234 0.42329502 -11.393214 -0.5773505 -0.57735026 -0.5773502 0.484574 0.039261
6.8288975 0.42329502 -11.393214 0.57734996 -0.5773505 -0.5773504 0.48821 0.527273
6.8288984 1.4624681 -10.354043 0.5773512 0.57734996 0.57734966 0.957102 0.996165
6.8288984 0.4232955 -10.354041 0.5773504 -0.5773499 0.5773505 0.48821 0.996165
5.7897234 1.4624681 -11.393216 -0.57735056 0.5773503 -0.57734996 0.490682 0.051873
6.8288975 0.42329502 -11.393214 0.57734996 -0.5773505 -0.5773504 0.005412 0.51844
5.7897234 0.42329502 -11.393214 -0.5773505 -0.57735026 -0.5773502 0.005412 0.051873
8.134373 1.4624681 -11.71098 0.5773608 0.5773612 -0.57732874 0.482203 0.038664
7.0951996 1.4624681 -10.671805 -0.577361 0.5773612 0.5773286 0.959203 0.51993
8.134374 1.4624681 -10.671805 0.5773397 0.5773395 0.57737166 0.482203 0.51993
8.134374 1.4624681 -10.671805 0.5773397 0.5773395 0.57737166 0.496408 0.524084
7.0951996 0.4232955 -10.671803 -0.5773392 -0.57733923 0.57737243 0.007498 0.995447
8.134374 0.4232955 -10.671805 0.5773614 -0.57736194 0.57732755 0.007498 0.524084
7.0951996 1.4624681 -10.671805 -0.577361 0.5773612 0.5773286 0.503242 0.505278
7.0951986 0.42329502 -11.7109785 -0.57736146 -0.5773612 -0.57732815 0.000664 1.002534
7.0951996 0.4232955 -10.671803 -0.5773392 -0.57733923 0.57737243 0.000664 0.505278
7.0951986 0.42329502 -11.7109785 -0.57736146 -0.5773612 -0.57732815 0.484574 0.039261
8.134374 0.4232955 -10.671805 0.5773614 -0.57736194 0.57732755 0.960739 0.515426
7.0951996 0.4232955 -10.671803 -0.5773392 -0.57733923 0.57737243 0.484574 0.515426
8.134373 1.4624681 -11.71098 0.5773608 0.5773612 -0.57732874 0.957102 0.527273
8.134374 0.4232955 -10.671805 0.5773614 -0.57736194 0.57732755 0.48821 0.996165
8.134373 0.42329502 -11.7109785 0.57733905 -0.57733953 -0.57737225 0.48821 0.527273
7.0951986 1.4624681 -11.71098 -0.5773398 0.57733953 -0.5773715 0.490682 0.051873
8.134373 0.42329502 -11.7109785 0.57733905 -0.57733953 -0.57737225 0.005412 0.51844
7.0951986 0.42329502 -11.7109785 -0.57736146 -0.5773612 -0.57732815 0.005412 0.051873
8.373208 1.4624686 -12.359668 -0.57735044 0.57734996 -0.57735044 0.959203 0.038664
9.412382 1.4624681 -11.320495 0.5773502 0.5773504 0.5773502 0.482203 0.51993
9.412382 1.4624686 -12.359668 0.57735014 0.5773502 -0.57735044 0.482203 0.038664
9.412382 1.4624681 -11.320495 0.5773502 0.5773504 0.5773502 0.496408 0.524084
8.373208 0.42329502 -11.320493 -0.5773504 -0.57735074 0.57734966 0.007498 0.995447
9.412382 0.42329502 -11.320493 0.5773503 -0.5773504 0.5773501 0.007498 0.524084
8.373208 0.42329502 -11.320493 -0.5773504 -0.57735074 0.57734966 0.000664 0.505278
8.373208 1.4624686 -12.359668 -0.57735044 0.57734996 -0.57735044 0.503242 1.002534
8.373208 0.4232955 -12.359666 -0.5773504 -0.5773503 -0.5773501 0.000664 1.002534
9.412382 0.4232955 -12.359666 0.5773503 -0.57735026 -0.57735026 0.960739 0.039261
8.373208 0.42329502 -11.320493 -0.5773504 -0.57735074 0.57734966 0.484574 0.515426
8.373208 0.4232955 -12.359666 -0.5773504 -0.5773503 -0.5773501 0.484574 0.039261
9.412382 0.4232955 -12.359666 0.5773503 -0.57735026 -0.57735026 0.48821 0.527273
9.412382 1.4624681 -11.320495 0.5773502 0.5773504 0.5773502 0.957102 0.996165
9.412382 0.42329502 -11.320493 0.5773503 -0.5773504 0.5773501 0.48821 0.996165
8.373208 1.4624686 -12.359668 -0.57735044 0.57734996 -0.57735044 0.490682 0.051873
9.412382 0.4232955 -12.359666 0.5773503 -0.57735026 -0.57735026 0.005412 0.51844
8.373208 0.4232955 -12.359666 -0.5773504 -0.5773503 -0.5773501 0.005412 0.051873
8.227542 1.4624681 -11.380191 -0.5773503 0.5773503 -0.5773503 0.959203 0.038664
9.266716 1.4624681 -10.341018 0.5773502 0.5773504 0.57735014 0.482203 0.51993
9.266716 1.4624681 -11.380191 0.5773503 0.5773504 -0.5773501 0.482203 0.038664
9.266716 1.4624681 -10.341018 0.5773502 0.5773504 0.57735014 0.496408 0.524084
8.227542 0.4232955 -10.341016 -0.57735056 -0.57735026 0.57734996 0.007498 0.995447
9.266716 0.4232955 -10.341016 0.57735026 -0.57735014 0.5773504 0.007498 0.524084
8.227542 0.4232955 -10.341016 -0.57735056 -0.57735026 0.57734996 0.000664 0.505278
8.227542 1.4624681 -11.380191 -0.5773503 0.5773503 -0.5773503 0.503242 1.002534
8.227542 0.42329502 -11.380189 -0.57735026 -0.5773504 -0.57735014 0.000664 1.002534
9.266716 0.42329502 -11.380189 0.57735026 -0.5773504 -0.57735014 0.960739 0.039261
8.227542 0.4232955 -10.341016 -0.57735056 -0.57735026 0.57734996 0.484574 0.515426
8.227542 0.42329502 -11.380189 -0.57735026 -0.5773504 -0.57735014 0.484574 0.039261
9.266716 0.42329502 -11.380189 0.57735026 -0.5773504 -0.57735014 0.48821 0.527273
9.266716 1.4624681 -10.341018 0.5773502 0.5773504 0.57735014 0.957102 0.996165
9.266716 0.4232955 -10.341016 0.57735026 -0.57735014 0.5773504 0.48821 0.996165
8.227542 1.4624681 -11.380191 -0.5773503 0.5773503 -0.5773503 0.490682 0.051873
9.266716 0.42329502 -11.380189 0.57735026 -0.5773504 -0.57735014 0.005412 0.51844
8.227542 0.42329502 -11.380189 -0.57735026 -0.5773504 -0.57735014 0.005412 0.051873
9.473872 1.7613101 -12.166451 -0.5773504 0.5773509 -0.57734954 0.959203 0.038664
10.811457 1.7613101 -10.828868 0.5773503 0.5773502 0.57735026 0.482203 0.51993
10.811457 1.7613101 -12.166453 0.5773503 0.5773499 -0.5773506 0.482203 0.038664
10.811457 1.7613101 -10.828868 0.5773503 0.5773502 0.57735026 0.496408 0.524084
9.473873 0.42372704 -10.828866 -0.57735026 -0.5773502 0.57735026 0.007498 0.995447
10.811457 0.42372704 -10.828866 0.5773503 -0.5773502 0.5773503 0.007498 0.524084
9.473873 0.42372704 -10.828866 -0.57735026 -0.5773502 0.57735026 0.000664 0.505278
9.473872 1.7613101 -12.166451 -0.5773504 0.5773509 -0.57734954 0.503242 1.002534
9.473872 0.42372704 -12.166451 -0.57735026 -0.57734936 -0.57735115 0.000664 1.002534
10.811457 0.42372704 -12.166451 0.5773502 -0.57734996 -0.5773506 0.960739 0.039261
9.473873 0.42372704 -10.828866 -0.57735026 -0.5773502 0.57735026 0.484574 0.515426
9.473872 0.42372704 -12.166451 -0.57735026 -0.57734936 -0.57735115 0.484574 0.039261
10.811457 0.42372704 -12.166451 0.5773502 -0.57734996 -0.5773506 0.48821 0.527273
10.811457 1.7613101 -10.828868 0.5773503 0.5773502 0.57735026 0.957102 0.996165
10.811457 0.42372704 -10.828866 0.5773503 -0.5773502 0.5773503 0.48821 0.996165
9.473872 1.7613101 -12.166451 -0.5773504 0.5773509 -0.57734954 0.490682 0.051873
10.811457 0.42372704 -12.166451 0.5773502 -0.57734996 -0.5773506 0.005412 0.51844
9.473872 0.42372704 -12.166451 -0.57735026 -0.57734936 -0.57735115 0.005412 0.051873
-15.556356 1.4624686 -4.087867 -0.5773625 0.5773607 0.5773278 0.959203 0.038664
-14.517183 1.4624686 -5.12704 0.5773395 0.57737213 -0.57733935 0.482203 0.51993
-15.556356 1.4624686 -5.12704 -0.57733935 0.57733923 -0.5773722 0.482203 0.038664
-14.517183 0.4232955 -5.127038 0.5773611 -0.5773286 -0.5773611 0.007498 0.524084
-14.517183 1.4624681 -4.087867 0.5773606 0.5773286 0.5773617 0.496408 0.995447
-14.517183 0.4232955 -4.087865 0.57733935 -0.57737195 0.5773395 0.007498 0.995447
-14.517183 1.4624681 -4.087867 0.5773606 0.5773286 0.5773617 0.503242 0.505278
-15.556356 0.4232955 -4.087865 -0.57734007 -0.57733893 0.57737184 0.000664 1.002534
-14.517183 0.4232955 -4.087865 0.57733935 -0.57737195 0.5773395 0.000664 0.505278
-15.556356 0.4232955 -5.127038 -0.57736117 -0.5773613 -0.5773283 0.960739 0.039261
-14.517183 0.4232955 -4.087865 0.57733935 -0.57737195 0.5773395 0.484574 0.515426
-15.556356 0.4232955 -4.087865 -0.57734007 -0.57733893 0.57737184 0.484574 0.039261
-15.556356 1.4624686 -5.12704 -0.57733935 0.57733923 -0.5773722 0.957102 0.527273
-14.517183 0.4232955 -5.127038 0.5773611 -0.5773286 -0.5773611 0.48821 0.996165
-15.556356 0.4232955 -5.127038 -0.57736117 -0.5773613 -0.5773283 0.48821 0.527273
-15.556356 1.4624686 -4.087867 -0.5773625 0.5773607 0.5773278 0.490682 0.051873
-15.556356 0.4232955 -5.127038 -0.57736117 -0.5773613 -0.5773283 0.005412 0.51844
-15.556356 0.4232955 -4.087865 -0.57734007 -0.57733893 0.57737184 0.005412 0.051873
-15.874121 1.4624681 -5.39334 -0.5773381 0.57737184 0.57734084 0.959203 0.038664
-14.834948 1.4624681 -6.432515 0.5773498 0.5773502 -0.57735085 0.482203 0.51993
-15.874121 1.4624686 -6.432515 -0.5773721 0.5773396 -0.5773391 0.482203 0.038664
-14.834948 1.4624681 -6.432515 0.5773498 0.5773502 -0.57735085 0.496408 0.524084
-14.834946 0.42329502 -5.39334 0.5773726 -0.57733905 0.5773392 0.007498 0.995447
-14.834948 0.42329502 -6.432513 0.57733864 -0.5773723 -0.5773397 0.007498 0.524084
-14.834946 1.4624681 -5.393342 0.5773406 0.5773392 0.577371 0.503242 0.505278
-15.874121 0.42329502 -5.39334 -0.5773499 -0.5773507 0.5773502 0.000664 1.002534
-14.834946 0.42329502 -5.39334 0.5773726 -0.57733905 0.5773392 0.000664 0.505278
-15.874121 0.42329502 -5.39334 -0.5773499 -0.5773507 0.5773502 0.484574 0.039261
-14.834948 0.42329502 -6.432513 0.57733864 -0.5773723 -0.5773397 0.960739 0.515426
-14.834946 0.42329502 -5.39334 0.5773726 -0.57733905 0.5773392 0.484574 0.515426
-15.874121 0.4232955 -6.432513 -0.57733953 -0.5773391 -0.5773722 0.48821 0.527273
-14.834948 1.4624681 -6.432515 0.5773498 0.5773502 -0.57735085 0.957102 0.996165
-14.834948 0.42329502 -6.432513 0.57733864 -0.5773723 -0.5773397 0.48821 0.996165
-15.874121 0.42329502 -5.39334 -0.5773499 -0.5773507 0.5773502 0.005412 0.051873
-15.874121 1.4624686 -6.432515 -0.5773721 0.5773396 -0.5773391 0.490682 0.51844
-15.874121 0.4232955 -6.432513 -0.57733953 -0.5773391 -0.5773722 0.005412 0.51844
-16.52281 1.4624686 -7.7105246 -0.5773285 0.57736105 -0.57736135 0.482203 0.038664
-15.483633 1.4624686 -6.6713514 0.5773289 0.5773614 0.5773605 0.959203 0.51993
-15.483633 1.4624686 -7.7105246 0.5773729 0.577338 -0.57733995 0.482203 0.51993
-15.483633 1.4624686 -7.7105246 0.5773729 0.577338 -0.57733995 0.496408 0.524084
-15.483633 0.4232955 -6.6713495 0.577372 -0.57734054 0.5773383 0.007498 0.995447
-15.483637 0.4232955 -7.7105227 0.57732546 -0.5773637 -0.5773616 0.007498 0.524084
-15.483633 1.4624686 -6.6713514 0.5773289 0.5773614 0.5773605 0.503242 0.505278
-16.52281 0.4232955 -6.6713476 -0.577328 -0.5773609 0.57736176 0.000664 1.002534
-15.483633 0.4232955 -6.6713495 0.577372 -0.57734054 0.5773383 0.000664 0.505278
-16.52281 0.4232955 -6.6713476 -0.577328 -0.5773609 0.57736176 0.484574 0.039261
-15.483637 0.4232955 -7.7105227 0.57732546 -0.5773637 -0.5773616 0.960739 0.515426
-15.483633 0.4232955 -6.6713495 0.577372 -0.57734054 0.5773383 0.484574 0.515426
-16.52281 1.4624686 -7.7105246 -0.5773285 0.57736105 -0.57736135 0.957102 0.527273
-15.483637 0.4232955 -7.7105227 0.57732546 -0.5773637 -0.5773616 0.48821 0.996165
-16.52281 0.4232955 -7.7105227 -0.5773721 -0.57733953 -0.5773393 0.48821 0.527273
-16.52281 1.4624686 -6.6713495 -0.57737094 0.5773397 0.5773402 0.490682 0.051873
-16.52281 0.4232955 -7.7105227 -0.5773721 -0.57733953 -0.5773393 0.005412 0.51844
-16.52281 0.4232955 -6.6713476 -0.577328 -0.5773609 0.57736176 0.005412 0.051873
-15.543333 1.4624686 -7.5648584 -0.5773284 0.5773611 -0.57736135 0.482203 0.038664
-14.504158 1.4624681 -6.5256853 0.57735085 0.5773503 0.5773496 0.959203 0.51993
-14.504158 1.4624686 -7.5648584 0.57735014 0.5773502 -0.57735044 0.482203 0.51993
-14.504158 0.4232955 -7.5648565 0.5773611 -0.5773286 -0.57736105 0.007498 0.524084
-14.504158 1.4624681 -6.5256853 0.57735085 0.5773503 0.5773496 0.496408 0.995447
-14.504158 0.4232955 -6.5256834 0.5773405 -0.57737166 0.5773386 0.007498 0.995447
-14.504158 1.4624681 -6.5256853 0.57735085 0.5773503 0.5773496 0.503242 0.505278
-15.543333 0.4232955 -6.5256815 -0.57733893 -0.5773391 0.5773728 0.000664 1.002534
-14.504158 0.4232955 -6.5256834 0.5773405 -0.57737166 0.5773386 0.000664 0.505278
-15.543333 0.4232955 -7.5648565 -0.57736117 -0.5773613 -0.5773284 0.960739 0.039261
-14.504158 0.4232955 -6.5256834 0.5773405 -0.57737166 0.5773386 0.484574 0.515426
-15.543333 0.4232955 -6.5256815 -0.57733893 -0.5773391 0.5773728 0.484574 0.039261
-15.543333 1.4624686 -7.5648584 -0.5773284 0.5773611 -0.57736135 0.957102 0.527273
-14.504158 0.4232955 -7.5648565 0.5773611 -0.5773286 -0.57736105 0.48821 0.996165
-15.543333 0.4232955 -7.5648565 -0.57736117 -0.5773613 -0.5773284 0.48821 0.527273
-15.543333 1.4624686 -6.5256834 -0.5773722 0.5773392 0.5773395 0.490682 0.051873
-15.543333 0.4232955 -7.5648565 -0.57736117 -0.5773613 -0.5773284 0.005412 0.51844
-15.543333 0.4232955 -6.5256815 -0.57733893 -0.5773391 0.5773728 0.005412 0.051873
-16.329592 1.7613101 -7.7720137 -0.5773611 0.57736063 0.5773291 0.959203 0.038664
-14.99201 1.7613096 -9.109599 0.57736075 0.5773611 -0.57732904 0.482203 0.51993
-16.329592 1.7613101 -9.109599 -0.57733893 0.577339 -0.57737285 0.482203 0.038664
-14.99201 1.7613096 -9.109599 0.57736075 0.5773611 -0.57732904 0.496408 0.524084
-14.992008 0.42372704 -7.7720137 0.57737315 -0.5773392 0.57733846 0.007498 0.995447
-14.99201 0.42372656 -9.109597 0.57732785 -0.5773615 -0.5773615 0.007498 0.524084
-14.992008 1.7613101 -7.7720156 0.57734007 0.5773396 0.5773711 0.503242 0.505278
-16.329592 0.42372704 -7.7720118 -0.5773274 -0.5773611 0.57736236 0.000664 1.002534
-14.992008 0.42372704 -7.7720137 0.57737315 -0.5773392 0.57733846 0.000664 0.505278
-16.329592 0.42372704 -7.7720118 -0.5773274 -0.5773611 0.57736236 0.484574 0.039261
-14.99201 0.42372656 -9.109597 0.57732785 -0.5773615 -0.5773615 0.960739 0.515426
-14.992008 0.42372704 -7.7720137 0.57737315 -0.5773392 0.57733846 0.484574 0.515426
-16.329592 1.7613101 -9.109599 -0.57733893 0.577339 -0.57737285 0.957102 0.527273
-14.99201 0.42372656 -9.109597 0.57732785 -0.5773615 -0.5773615 0.48821 0.996165
-16.329596 0.42372704 -9.109597 -0.5773734 -0.5773391 -0.5773382 0.48821 0.527273
-16.329592 1.7613101 -7.7720137 -0.5773611 0.57736063 0.5773291 0.490682 0.051873
-16.329596 0.42372704 -9.109597 -0.5773734 -0.5773391 -0.5773382 0.005412 0.51844
-16.329592 0.42372704 -7.7720118 -0.5773274 -0.5773611 0.57736236 0.005412 0.051873
-11.546543 1.4624681 -9.279176 0.57735026 0.5773502 -0.57735044 0.959203 0.038664
-12.585716 1.4624677 -8.240001 -0.57732767 0.5773608 0.57736236 0.482203 0.51993
-11.546543 1.4624681 -8.240003 0.57735056 0.5773507 0.5773496 0.482203 0.038664
-12.585716 0.42329502 -8.240001 -0.57737166 -0.57734025 0.57733893 0.007498 0.524084
-12.585718 1.4624681 -9.279176 -0.57737297 0.5773386 -0.5773392 0.496408 0.995447
-12.585716 0.42329502 -9.279174 -0.57732755 -0.5773624 -0.5773608 0.007498 0.995447
-12.585716 0.42329502 -9.279174 -0.57732755 -0.5773624 -0.5773608 0.000664 0.505278
-11.546543 1.4624681 -9.279176 0.57735026 0.5773502 -0.57735044 0.503242 1.002534
-11.546543 0.42329502 -9.279174 0.57735026 -0.5773504 -0.57735014 0.000664 1.002534
-11.546543 0.42329502 -8.240001 0.57735044 -0.5773504 0.57735 0.960739 0.039261
-12.585716 0.42329502 -9.279174 -0.57732755 -0.5773624 -0.5773608 0.484574 0.515426
-11.546543 0.42329502 -9.279174 0.57735026 -0.5773504 -0.57735014 0.484574 0.039261
-11.546543 0.42329502 -8.240001 0.57735044 -0.5773504 0.57735 0.48821 0.527273
-12.585716 1.4624677 -8.240001 -0.57732767 0.5773608 0.57736236 0.957102 0.996165
-12.585716 0.42329502 -8.240001 -0.57737166 -0.57734025 0.57733893 0.48821 0.996165
-11.546543 1.4624681 -9.279176 0.57735026 0.5773502 -0.57735044 0.490682 0.051873
-11.546543 0.42329502 -8.240001 0.57735044 -0.5773504 0.57735 0.005412 0.51844
-11.546543 0.42329502 -9.279174 0.57735026 -0.5773504 -0.57735014 0.005412 0.051873
-11.228779 1.4624686 -7.9737005 0.5773607 0.57736206 -0.5773281 0.959203 0.038664
-12.267952 1.4624681 -6.9345274 -0.5773613 0.5773611 0.5773283 0.482203 0.51993
-11.228779 1.4624686 -6.9345274 0.57733846 0.5773407 0.57737166 0.482203 0.038664
-12.267952 1.4624681 -6.9345274 -0.5773613 0.5773611 0.5773283 0.496408 0.524084
-12.267952 0.4232955 -7.9736986 -0.577361 -0.57736176 -0.57732815 0.007498 0.995447
-12.267952 0.42329502 -6.9345255 -0.577339 -0.57733953 0.5773723 0.007498 0.524084
-12.267952 1.4624686 -7.9737005 -0.57733905 0.57733965 -0.5773721 0.503242 0.505278
-11.228779 0.4232955 -7.9737005 0.5773387 -0.577339 -0.5773731 0.000664 1.002534
-12.267952 0.4232955 -7.9736986 -0.577361 -0.57736176 -0.57732815 0.000664 0.505278
-11.228777 0.4232955 -6.9345255 0.5773624 -0.5773601 0.57732826 0.960739 0.039261
-12.267952 0.4232955 -7.9736986 -0.577361 -0.57736176 -0.57732815 0.484574 0.515426
-11.228779 0.4232955 -7.9737005 0.5773387 -0.577339 -0.5773731 0.484574 0.039261
-11.228779 1.4624686 -6.9345274 0.57733846 0.5773407 0.57737166 0.957102 0.527273
-12.267952 0.42329502 -6.9345255 -0.577339 -0.57733953 0.5773723 0.48821 0.996165
-11.228777 0.4232955 -6.9345255 0.5773624 -0.5773601 0.57732826 0.48821 0.527273
-11.228779 1.4624686 -7.9737005 0.5773607 0.57736206 -0.5773281 0.490682 0.051873
-11.228777 0.4232955 -6.9345255 0.5773624 -0.5773601 0.57732826 0.005412 0.51844
-11.228779 0.4232955 -7.9737005 0.5773387 -0.577339 -0.5773731 0.005412 0.051873
-10.58009 1.4624681 -5.656518 0.57732844 0.57736117 0.5773611 0.482203 0.038664
-11.619265 1.4624681 -6.695691 -0.57735103 0.5773505 -0.57734936 0.959203 0.51993
-11.619263 1.4624681 -5.656518 -0.5773496 0.57735044 0.5773507 0.482203 0.51993
-11.619263 0.42329502 -5.656516 -0.57734966 -0.57735044 0.57735074 0.007498 0.524084
-11.619265 1.4624681 -6.695691 -0.57735103 0.5773505 -0.57734936 0.496408 0.995447
-11.619265 0.42329502 -6.695691 -0.5773505 -0.57735 -0.57735026 0.007498 0.995447
-11.619265 1.4624681 -6.695691 -0.57735103 0.5773505 -0.57734936 0.503242 0.505278
-10.58009 0.42329502 -6.695691 0.57732856 -0.57736087 -0.5773613 0.000664 1.002534
-11.619265 0.42329502 -6.695691 -0.5773505 -0.57735 -0.57735026 0.000664 0.505278
-10.58009 0.42329502 -6.695691 0.57732856 -0.57736087 -0.5773613 0.484574 0.039261
-11.619263 0.42329502 -5.656516 -0.57734966 -0.57735044 0.57735074 0.960739 0.515426
-11.619265 0.42329502 -6.695691 -0.5773505 -0.57735 -0.57735026 0.484574 0.515426
-10.58009 1.4624681 -5.656518 0.57732844 0.57736117 0.5773611 0.957102 0.527273
-11.619263 0.42329502 -5.656516 -0.57734966 -0.57735044 0.57735074 0.48821 0.996165
-10.58009 0.42329502 -5.656516 0.5773721 -0.5773393 0.57733953 0.48821 0.527273
-10.58009 1.4624681 -6.695693 0.5773723 0.57733876 -0.5773397 0.490682 0.051873
-10.58009 0.42329502 -5.656516 0.5773721 -0.5773393 0.57733953 0.005412 0.51844
-10.58009 0.42329502 -6.695691 0.57732856 -0.57736087 -0.5773613 0.005412 0.051873
-11.559568 1.4624681 -6.841359 0.5773488 0.5773509 -0.5773511 0.959203 0.038664
-12.598742 1.4624677 -5.802184 -0.5773613 0.57736105 0.57732844 0.482203 0.51993
-11.5595665 1.4624681 -5.802184 0.57733977 0.5773395 0.5773714 0.482203 0.038664
-12.598742 1.4624677 -5.802184 -0.5773613 0.57736105 0.57732844 0.496408 0.524084
-12.598742 0.42329502 -6.8413553 -0.577351 -0.5773502 -0.57734966 0.007498 0.995447
-12.59874 0.42329502 -5.802182 -0.5773386 -0.5773392 0.5773729 0.007498 0.524084
-12.598742 0.42329502 -6.8413553 -0.577351 -0.5773502 -0.57734966 0.000664 0.505278
-11.559568 1.4624681 -6.841359 0.5773488 0.5773509 -0.5773511 0.503242 1.002534
-11.5595665 0.4232955 -6.841357 0.57735014 -0.5773491 -0.5773517 0.000664 1.002534
-11.5595665 0.42329502 -5.802182 0.57736176 -0.5773607 0.5773284 0.960739 0.039261
-12.598742 0.42329502 -6.8413553 -0.577351 -0.5773502 -0.57734966 0.484574 0.515426
-11.5595665 0.4232955 -6.841357 0.57735014 -0.5773491 -0.5773517 0.484574 0.039261
-11.5595665 1.4624681 -5.802184 0.57733977 0.5773395 0.5773714 0.957102 0.527273
-12.59874 0.42329502 -5.802182 -0.5773386 -0.5773392 0.5773729 0.48821 0.996165
-11.5595665 0.42329502 -5.802182 0.57736176 -0.5773607 0.5773284 0.48821 0.527273
-11.559568 1.4624681 -6.841359 0.5773488 0.5773509 -0.5773511 0.490682 0.051873
-11.5595665 0.42329502 -5.802182 0.57736176 -0.5773607 0.5773284 0.005412 0.51844
-11.5595665 0.4232955 -6.841357 0.57735014 -0.5773491 -0.5773517 0.005412 0.051873
-10.773306 1.7613101 -5.595029 0.5773382 0.5773724 -0.5773401 0.959203 0.038664
-12.110889 1.7613096 -4.2574434 -0.57735014 0.5773502 0.5773505 0.482203 0.51993
-10.773304 1.7613101 -4.2574434 0.57737267 0.5773391 0.57733905 0.482203 0.038664
-12.110889 1.7613096 -4.2574434 -0.57735014 0.5773502 0.5773505 0.496408 0.524084
-12.110889 0.42372656 -5.595025 -0.57736105 -0.5773616 -0.57732815 0.007498 0.995447
-12.110889 0.42372656 -4.2574415 -0.5773501 -0.5773503 0.57735044 0.007498 0.524084
-12.110889 1.7613096 -5.595027 -0.57733977 0.5773395 -0.57737166 0.503242 0.505278
-10.773306 0.42372656 -5.595027 0.57736045 -0.57732856 -0.57736176 0.000664 1.002534
-12.110889 0.42372656 -5.595025 -0.57736105 -0.5773616 -0.57732815 0.000664 0.505278
-10.773304 0.42372704 -4.2574415 0.5773291 -0.5773608 0.5773608 0.960739 0.039261
-12.110889 0.42372656 -5.595025 -0.57736105 -0.5773616 -0.57732815 0.484574 0.515426
-10.773306 0.42372656 -5.595027 0.57736045 -0.57732856 -0.57736176 0.484574 0.039261
-10.773304 0.42372704 -4.2574415 0.5773291 -0.5773608 0.5773608 0.48821 0.527273
-12.110889 1.7613096 -4.2574434 -0.57735014 0.5773502 0.5773505 0.957102 0.996165
-12.110889 0.42372656 -4.2574415 -0.5773501 -0.5773503 0.57735044 0.48821 0.996165
-10.773306 0.42372656 -5.595027 0.57736045 -0.57732856 -0.57736176 0.005412 0.051873
-10.773304 1.7613101 -4.2574434 0.57737267 0.5773391 0.57733905 0.490682 0.51844
-10.773304 0.42372704 -4.2574415 0.5773291 -0.5773608 0.5773608 0.005412 0.51844
-31.81619 1.4624681 -9.711835 0.57732844 0.5773613 0.57736105 0.959203 0.038664
-32.85537 1.4624681 -10.751008 -0.57732844 0.57736105 -0.5773613 0.482203 0.51993
-32.85537 1.4624681 -9.711835 -0.5773721 0.5773395 0.57733923 0.482203 0.038664
-32.85537 1.4624681 -10.751008 -0.57732844 0.57736105 -0.5773613 0.496408 0.524084
-31.81619 0.42329502 -10.751006 0.57732844 -0.5773613 -0.57736105 0.007498 0.995447
-32.85537 0.42329502 -10.751006 -0.5773721 -0.5773395 -0.57733923 0.007498 0.524084
-31.81619 1.4624681 -10.751008 0.5773721 0.57733923 -0.5773395 0.503242 0.505278
-31.81619 0.42329502 -9.711833 0.5773721 -0.57733923 0.5773395 0.000664 1.002534
-31.81619 0.42329502 -10.751006 0.57732844 -0.5773613 -0.57736105 0.000664 0.505278
-32.85537 0.42329502 -9.711833 -0.57732844 -0.57736105 0.5773613 0.960739 0.039261
-31.81619 0.42329502 -10.751006 0.57732844 -0.5773613 -0.57736105 0.484574 0.515426
-31.81619 0.42329502 -9.711833 0.5773721 -0.57733923 0.5773395 0.484574 0.039261
-32.85537 1.4624681 -9.711835 -0.5773721 0.5773395 0.57733923 0.957102 0.527273
-32.85537 0.42329502 -10.751006 -0.5773721 -0.5773395 -0.57733923 0.48821 0.996165
-32.85537 0.42329502 -9.711833 -0.57732844 -0.57736105 0.5773613 0.48821 0.527273
-31.81619 1.4624681 -9.711835 0.57732844 0.5773613 0.57736105 0.490682 0.051873
-32.85537 0.42329502 -9.711833 -0.57732844 -0.57736105 0.5773613 0.005412 0.51844
-31.81619 0.42329502 -9.711833 0.5773721 -0.57733923 0.5773395 0.005412 0.051873
-33.121666 1.4624681 -9.394071 0.57732844 0.5773613 0.57736105 0.959203 0.038664
-34.160843 1.4624681 -10.433244 -0.57732844 0.57736105 -0.5773613 0.482203 0.51993
-34.160843 1.4624681 -9.394071 -0.5773721 0.5773395 0.57733923 0.482203 0.038664
-34.160843 1.4624681 -10.433244 -0.57732844 0.57736105 -0.5773613 0.496408 0.524084
-33.121666 0.42329502 -10.433242 0.57732844 -0.5773613 -0.57736105 0.007498 0.995447
-34.160843 0.42329502 -10.433242 -0.5773721 -0.5773395 -0.57733923 0.007498 0.524084
-33.121666 1.4624681 -10.433244 0.5773721 0.57733923 -0.5773395 0.503242 0.505278
-33.121666 0.42329502 -9.394069 0.5773721 -0.57733923 0.5773395 0.000664 1.002534
-33.121666 0.42329502 -10.433242 0.57732844 -0.5773613 -0.57736105 0.000664 0.505278
-34.160843 0.42329502 -9.394069 -0.57732844 -0.57736105 0.5773613 0.960739 0.039261
-33.121666 0.42329502 -10.433242 0.57732844 -0.5773613 -0.57736105 0.484574 0.515426
-33.121666 0.42329502 -9.394069 0.5773721 -0.57733923 0.5773395 0.484574 0.039261
-34.160843 1.4624681 -9.394071 -0.5773721 0.5773395 0.57733923 0.957102 0.527273
-34.160843 0.42329502 -10.433242 -0.5773721 -0.5773395 -0.57733923 0.48821 0.996165
-34.160843 0.42329502 -9.394069 -0.57732844 -0.57736105 0.5773613 0.48821 0.527273
-33.121666 1.4624681 -9.394071 0.57732844 0.5773613 0.57736105 0.490682 0.051873
-34.160843 0.42329502 -9.394069 -0.57732844 -0.57736105 0.5773613 0.005412 0.51844
-33.121666 0.42329502 -9.394069 0.5773721 -0.57733923 0.5773395 0.005412 0.051873
-35.43885 1.4624681 -8.745381 -0.5773587 0.57736164 0.57733035 0.482203 0.038664
-34.399673 1.4624681 -9.784556 0.5773613 0.57736117 -0.57732844 0.959203 0.51993
-35.43885 1.4624681 -9.784556 -0.5773407 0.57733923 -0.57737094 0.482203 0.51993
-35.43885 1.4624681 -9.784556 -0.5773407 0.57733923 -0.57737094 0.496408 0.524084
-34.399673 0.42329502 -9.7845545 0.5773285 -0.5773613 -0.5773611 0.007498 0.995447
-35.43885 0.42329502 -9.7845545 -0.5773732 -0.5773393 -0.5773383 0.007498 0.524084
-34.399673 1.4624681 -9.784556 0.5773613 0.57736117 -0.57732844 0.503242 0.505278
-34.399673 0.42329502 -8.745381 0.57737184 -0.5773397 0.57733923 0.000664 1.002534
-34.399673 0.42329502 -9.7845545 0.5773285 -0.5773613 -0.5773611 0.000664 0.505278
-35.43885 0.42329502 -8.745379 -0.57732683 -0.57736117 0.57736284 0.960739 0.039261
-34.399673 0.42329502 -9.7845545 0.5773285 -0.5773613 -0.5773611 0.484574 0.515426
-34.399673 0.42329502 -8.745381 0.57737184 -0.5773397 0.57733923 0.484574 0.039261
-35.43885 1.4624681 -8.745381 -0.5773587 0.57736164 0.57733035 0.957102 0.527273
-35.43885 0.42329502 -9.7845545 -0.5773732 -0.5773393 -0.5773383 0.48821 0.996165
-35.43885 0.42329502 -8.745379 -0.57732683 -0.57736117 0.57736284 0.48821 0.527273
-34.399673 1.4624681 -8.745383 0.5773398 0.5773396 0.5773714 0.490682 0.051873
-35.43885 0.42329502 -8.745379 -0.57732683 -0.57736117 0.57736284 0.005412 0.51844
-34.399673 0.42329502 -8.745381 0.57737184 -0.5773397 0.57733923 0.005412 0.051873
-34.254013 1.4624681 -9.72486 0.57732886 0.57736135 0.57736045 0.959203 0.038664
-35.293182 1.4624681 -10.764033 -0.57732844 0.57736105 -0.5773613 0.482203 0.51993
-35.293182 1.4624681 -9.724858 -0.5773709 0.5773397 0.5773401 0.482203 0.038664
-35.293182 1.4624681 -10.764033 -0.57732844 0.57736105 -0.5773613 0.496408 0.524084
-34.254013 0.42329502 -10.764031 0.57733935 -0.5773395 -0.57737195 0.007498 0.995447
-35.293182 0.42329502 -10.764031 -0.5773611 -0.5773613 -0.5773283 0.007498 0.524084
-34.254013 1.4624681 -10.764033 0.5773721 0.57733923 -0.5773395 0.503242 0.505278
-34.254013 0.42329502 -9.724858 0.5773609 -0.57736146 0.5773283 0.000664 1.002534
-34.254013 0.42329502 -10.764031 0.57733935 -0.5773395 -0.57737195 0.000664 0.505278
-34.254013 0.42329502 -9.724858 0.5773609 -0.57736146 0.5773283 0.484574 0.039261
-35.293182 0.42329502 -10.764031 -0.5773611 -0.5773613 -0.5773283 0.960739 0.515426
-34.254013 0.42329502 -10.764031 0.57733935 -0.5773395 -0.57737195 0.484574 0.515426
-35.293182 1.4624681 -9.724858 -0.5773709 0.5773397 0.5773401 0.957102 0.527273
-35.293182 0.42329502 -10.764031 -0.5773611 -0.5773613 -0.5773283 0.48821 0.996165
-35.293182 0.42329502 -9.724856 -0.57733893 -0.5773391 0.5773728 0.48821 0.527273
-34.254013 1.4624681 -9.72486 0.57732886 0.57736135 0.57736045 0.490682 0.051873
-35.293182 0.42329502 -9.724856 -0.57733893 -0.5773391 0.5773728 0.005412 0.51844
-34.254013 0.42329502 -9.724858 0.5773609 -0.57736146 0.5773283 0.005412 0.051873
-36.83792 1.7613096 -8.938598 -0.5773603 0.5773614 0.57732916 0.482203 0.038664
-35.500343 1.7613096 -10.276181 0.57736117 0.57736105 -0.5773286 0.959203 0.51993
-36.83793 1.7613096 -10.276181 -0.5773403 0.5773391 -0.5773714 0.482203 0.51993
-36.83793 1.7613096 -10.276181 -0.5773403 0.5773391 -0.5773714 0.496408 0.524084
-35.500343 0.42372656 -10.276179 0.5773286 -0.5773614 -0.57736087 0.007498 0.995447
-36.83793 0.42372656 -10.276179 -0.57737315 -0.5773396 -0.5773381 0.007498 0.524084
-35.500343 1.7613096 -10.276181 0.57736117 0.57736105 -0.5773286 0.503242 0.505278
-35.500343 0.42372656 -8.938596 0.5773721 -0.5773393 0.57733953 0.000664 1.002534
-35.500343 0.42372656 -10.276179 0.5773286 -0.5773614 -0.57736087 0.000664 0.505278
-36.83792 0.42372656 -8.938596 -0.5773275 -0.57736105 0.57736224 0.960739 0.039261
-35.500343 0.42372656 -10.276179 0.5773286 -0.5773614 -0.57736087 0.484574 0.515426
-35.500343 0.42372656 -8.938596 0.5773721 -0.5773393 0.57733953 0.484574 0.039261
-36.83792 1.7613096 -8.938598 -0.5773603 0.5773614 0.57732916 0.957102 0.527273
-36.83793 0.42372656 -10.276179 -0.57737315 -0.5773396 -0.5773381 0.48821 0.996165
-36.83792 0.42372656 -8.938596 -0.5773275 -0.57736105 0.57736224 0.48821 0.527273
-35.500343 1.7613096 -8.938598 0.57733935 0.5773395 0.57737195 0.490682 0.051873
-36.83792 0.42372656 -8.938596 -0.5773275 -0.57736105 0.57736224 0.005412 0.51844
-35.500343 0.42372656 -8.938596 0.5773721 -0.5773393 0.57733953 0.005412 0.051873
-32.938812 1.4624681 5.473048 0.57732844 0.5773613 0.57736105 0.959203 0.038664
-33.97799 1.4624681 4.433875 -0.57732844 0.57736105 -0.5773613 0.482203 0.51993
-33.97799 1.4624681 5.473048 -0.5773721 0.5773395 0.57733923 0.482203 0.038664
-33.97799 1.4624681 4.433875 -0.57732844 0.57736105 -0.5773613 0.496408 0.524084
-32.938812 0.42329502 4.433875 0.57732844 -0.5773613 -0.57736105 0.007498 0.995447
-33.97799 0.42329502 4.433875 -0.5773721 -0.5773395 -0.57733923 0.007498 0.524084
-32.938812 1.4624681 4.433875 0.5773721 0.57733923 -0.5773395 0.503242 0.505278
-32.938812 0.42329502 5.473048 0.5773721 -0.57733923 0.5773395 0.000664 1.002534
-32.938812 0.42329502 4.433875 0.57732844 -0.5773613 -0.57736105 0.000664 0.505278
-33.97799 0.42329502 5.473048 -0.57732844 -0.57736105 0.5773613 0.960739 0.039261
-32.938812 0.42329502 4.433875 0.57732844 -0.5773613 -0.57736105 0.484574 0.515426
-32.938812 0.42329502 5.473048 0.5773721 -0.57733923 0.5773395 0.484574 0.039261
-33.97799 1.4624681 5.473048 -0.5773721 0.5773395 0.57733923 0.957102 0.527273
-33.97799 0.42329502 4.433875 -0.5773721 -0.5773395 -0.57733923 0.48821 0.996165
-33.97799 0.42329502 5.473048 -0.57732844 -0.57736105 0.5773613 0.48821 0.527273
-32.938812 1.4624681 5.473048 0.57732844 0.5773613 0.57736105 0.490682 0.051873
-33.97799 0.42329502 5.473048 -0.57732844 -0.57736105 0.5773613 0.005412 0.51844
-32.938812 0.42329502 5.473048 0.5773721 -0.57733923 0.5773395 0.005412 0.051873
-34.244286 1.4624681 5.7908115 0.57732844 0.5773613 0.57736105 0.959203 0.038664
-35.283463 1.4624681 4.7516384 -0.57732844 0.57736105 -0.5773613 0.482203 0.51993
-35.283463 1.4624681 5.7908115 -0.5773721 0.5773395 0.57733923 0.482203 0.038664
-35.283463 1.4624681 4.7516384 -0.57732844 0.57736105 -0.5773613 0.496408 0.524084
-34.244286 0.42329502 4.7516384 0.57732844 -0.5773613 -0.57736105 0.007498 0.995447
-35.283463 0.42329502 4.7516384 -0.5773721 -0.5773395 -0.57733923 0.007498 0.524084
-34.244286 1.4624681 4.7516384 0.5773721 0.57733923 -0.5773395 0.503242 0.505278
-34.244286 0.42329502 5.7908115 0.5773721 -0.57733923 0.5773395 0.000664 1.002534
-34.244286 0.42329502 4.7516384 0.57732844 -0.5773613 -0.57736105 0.000664 0.505278
-35.283463 0.42329502 5.7908115 -0.57732844 -0.57736105 0.5773613 0.960739 0.039261
-34.244286 0.42329502 4.7516384 0.57732844 -0.5773613 -0.57736105 0.484574 0.515426
-34.244286 0.42329502 5.7908115 0.5773721 -0.57733923 0.5773395 0.484574 0.039261
-35.283463 1.4624681 5.7908115 -0.5773721 0.5773395 0.57733923 0.957102 0.527273
-35.283463 0.42329502 4.7516384 -0.5773721 -0.5773395 -0.57733923 0.48821 0.996165
-35.283463 0.42329502 5.7908115 -0.57732844 -0.57736105 0.5773613 0.48821 0.527273
-34.244286 1.4624681 5.7908115 0.57732844 0.5773613 0.57736105 0.490682 0.051873
-35.283463 0.42329502 5.7908115 -0.57732844 -0.57736105 0.5773613 0.005412 0.51844
-34.244286 0.42329502 5.7908115 0.5773721 -0.57733923 0.5773395 0.005412 0.051873
-35.522293 1.4624677 6.4394994 0.5773285 0.57736135 0.577361 0.959203 0.038664
-36.56147 1.4624677 5.400326 -0.5773285 0.5773611 -0.5773612 0.482203 0.51993
-36.56147 1.4624677 6.4394994 -0.5773721 0.57733953 0.5773393 0.482203 0.038664
-36.56147 1.4624677 5.400326 -0.5773285 0.5773611 -0.5773612 0.496408 0.524084
-35.522293 0.42329502 5.400326 0.5773285 -0.57736135 -0.577361 0.007498 0.995447
-36.56147 0.42329502 5.400326 -0.5773721 -0.57733953 -0.5773393 0.007498 0.524084
-35.522293 1.4624677 5.400326 0.5773721 0.5773393 -0.57733953 0.503242 0.505278
-35.522293 0.42329502 6.4394994 0.5773721 -0.5773393 0.57733953 0.000664 1.002534
-35.522293 0.42329502 5.400326 0.5773285 -0.57736135 -0.577361 0.000664 0.505278
-36.56147 0.42329502 6.4394994 -0.5773285 -0.5773611 0.5773612 0.960739 0.039261
-35.522293 0.42329502 5.400326 0.5773285 -0.57736135 -0.577361 0.484574 0.515426
-35.522293 0.42329502 6.4394994 0.5773721 -0.5773393 0.57733953 0.484574 0.039261
-36.56147 1.4624677 6.4394994 -0.5773721 0.57733953 0.5773393 0.957102 0.527273
-36.56147 0.42329502 5.400326 -0.5773721 -0.57733953 -0.5773393 0.48821 0.996165
-36.56147 0.42329502 6.4394994 -0.5773285 -0.5773611 0.5773612 0.48821 0.527273
-35.522293 1.4624677 6.4394994 0.5773285 0.57736135 0.577361 0.490682 0.051873
-36.56147 0.42329502 6.4394994 -0.5773285 -0.5773611 0.5773612 0.005412 0.51844
-35.522293 0.42329502 6.4394994 0.5773721 -0.5773393 0.57733953 0.005412 0.051873
-35.376633 1.4624681 5.460022 0.57732844 0.5773613 0.57736105 0.959203 0.038664
-36.415802 1.4624681 4.420849 -0.57732844 0.57736105 -0.5773613 0.482203 0.51993
-36.415802 1.4624681 5.460022 -0.5773721 0.5773395 0.57733923 0.482203 0.038664
-36.415802 1.4624681 4.420849 -0.57732844 0.57736105 -0.5773613 0.496408 0.524084
-35.376633 0.42329502 4.420849 0.57732844 -0.5773613 -0.57736105 0.007498 0.995447
-36.415802 0.42329502 4.420849 -0.5773721 -0.5773395 -0.57733923 0.007498 0.524084
-35.376633 1.4624681 4.420849 0.5773721 0.57733923 -0.5773395 0.503242 0.505278
-35.376633 0.42329502 5.460022 0.5773721 -0.57733923 0.5773395 0.000664 1.002534
-35.376633 0.42329502 4.420849 0.57732844 -0.5773613 -0.57736105 0.000664 0.505278
-36.415802 0.42329502 5.460022 -0.57732844 -0.57736105 0.5773613 0.960739 0.039261
-35.376633 0.42329502 4.420849 0.57732844 -0.5773613 -0.57736105 0.484574 0.515426
-35.376633 0.42329502 5.460022 0.5773721 -0.57733923 0.5773395 0.484574 0.039261
-36.415802 1.4624681 5.460022 -0.5773721 0.5773395 0.57733923 0.957102 0.527273
-36.415802 0.42329502 4.420849 -0.5773721 -0.5773395 -0.57733923 0.48821 0.996165
-36.415802 0.42329502 5.460022 -0.57732844 -0.57736105 0.5773613 0.48821 0.527273
-35.376633 1.4624681 5.460022 0.57732844 0.5773613 0.57736105 0.490682 0.051873
-36.415802 0.42329502 5.460022 -0.57732844 -0.57736105 0.5773613 0.005412 0.51844
-35.376633 0.42329502 5.460022 0.5773721 -0.57733923 0.5773395 0.005412 0.051873
-36.622963 1.7613096 6.2462835 0.5773285 0.5773613 0.57736105 0.959203 0.038664
-37.96055 1.7613096 4.908699 -0.5773285 0.57736105 -0.5773613 0.482203 0.51993
-37.96055 1.7613096 6.2462835 -0.5773721 0.5773395 0.57733923 0.482203 0.038664
-37.96055 1.7613096 4.908699 -0.5773285 0.57736105 -0.5773613 0.496408 0.524084
-36.622963 0.42372656 4.908699 0.5773285 -0.5773613 -0.57736105 0.007498 0.995447
-37.96055 0.42372656 4.908699 -0.5773721 -0.5773395 -0.57733923 0.007498 0.524084
-36.622963 1.7613096 4.908699 0.5773721 0.57733923 -0.5773395 0.503242 0.505278
-36.622963 0.42372656 6.2462835 0.5773721 -0.57733923 0.5773395 0.000664 1.002534
-36.622963 0.42372656 4.908699 0.5773285 -0.5773613 -0.57736105 0.000664 0.505278
-37.96055 0.42372656 6.2462835 -0.5773285 -0.57736105 0.5773613 0.960739 0.039261
-36.622963 0.42372656 4.908699 0.5773285 -0.5773613 -0.57736105 0.484574 0.515426
-36.622963 0.42372656 6.2462835 0.5773721 -0.57733923 0.5773395 0.484574 0.039261
-37.96055 1.7613096 6.2462835 -0.5773721 0.5773395 0.57733923 0.957102 0.527273
-37.96055 0.42372656 4.908699 -0.5773721 -0.5773395 -0.57733923 0.48821 0.996165
-37.96055 0.42372656 6.2462835 -0.5773285 -0.57736105 0.5773613 0.48821 0.527273
-36.622963 1.7613096 6.2462835 0.5773285 0.5773613 0.57736105 0.490682 0.051873
-37.96055 0.42372656 6.2462835 -0.5773285 -0.57736105 0.5773613 0.005412 0.51844
-36.622963 0.42372656 6.2462835 0.5773721 -0.57733923 0.5773395 0.005412 0.051873
-12.569809 1.4766278 5.0759993 0.5773697 0.57734066 0.5773404 0.959203 0.038664
-15.193436 1.4766278 4.036826 -0.5773697 0.5773404 -0.57734066 0.482203 0.51993
-15.193436 1.4766278 5.0759993 -0.5773721 0.5773395 0.57733923 0.482203 0.038664
-15.193436 1.4766278 4.036826 -0.5773697 0.5773404 -0.57734066 0.496408 0.524084
-12.569809 0.4374547 4.036826 0.5773697 -0.57734066 -0.5773404 0.007498 0.995447
-15.193436 0.4374547 4.036826 -0.5773721 -0.5773395 -0.57733923 0.007498 0.524084
-12.569809 1.4766278 4.036826 0.5773721 0.57733923 -0.5773395 0.503242 0.505278
-12.569809 0.4374547 5.0759993 0.5773721 -0.57733923 0.5773395 0.000664 1.002534
-12.569809 0.4374547 4.036826 0.5773697 -0.57734066 -0.5773404 0.000664 0.505278
-15.193436 0.4374547 5.0759993 -0.5773697 -0.5773404 0.57734066 0.960739 0.039261
-12.569809 0.4374547 4.036826 0.5773697 -0.57734066 -0.5773404 0.484574 0.515426
-12.569809 0.4374547 5.0759993 0.5773721 -0.57733923 0.5773395 0.484574 0.039261
-15.193436 1.4766278 5.0759993 -0.5773721 0.5773395 0.57733923 0.957102 0.527273
-15.193436 0.4374547 4.036826 -0.5773721 -0.5773395 -0.57733923 0.48821 0.996165
-15.193436 0.4374547 5.0759993 -0.5773697 -0.5773404 0.57734066 0.48821 0.527273
-12.569809 1.4766278 5.0759993 0.5773697 0.57734066 0.5773404 0.490682 0.051873
-15.193436 0.4374547 5.0759993 -0.5773697 -0.5773404 0.57734066 0.005412 0.51844
-12.569809 0.4374547 5.0759993 0.5773721 -0.57733923 0.5773395 0.005412 0.051873
-35.93087 1.4766283 -4.516961 0.5773697 0.57734066 0.5773404 0.959203 0.038664
-38.554497 1.4766278 -5.556134 -0.5773697 0.5773404 -0.57734066 0.482203 0.51993
-38.554497 1.4766283 -4.516961 -0.5773721 0.5773395 0.57733923 0.482203 0.038664
-38.554497 1.4766278 -5.556134 -0.5773697 0.5773404 -0.57734066 0.496408 0.524084
-35.93087 0.4374547 -5.5561323 0.5773697 -0.57734066 -0.5773404 0.007498 0.995447
-38.554497 0.4374547 -5.5561323 -0.5773721 -0.5773395 -0.57733923 0.007498 0.524084
-35.93087 1.4766278 -5.556134 0.5773721 0.57733923 -0.5773395 0.503242 0.505278
-35.93087 0.43745518 -4.516959 0.5773721 -0.57733923 0.5773395 0.000664 1.002534
-35.93087 0.4374547 -5.5561323 0.5773697 -0.57734066 -0.5773404 0.000664 0.505278
-38.554497 0.43745518 -4.516959 -0.5773697 -0.5773404 0.57734066 0.960739 0.039261
-35.93087 0.4374547 -5.5561323 0.5773697 -0.57734066 -0.5773404 0.484574 0.515426
-35.93087 0.43745518 -4.516959 0.5773721 -0.57733923 0.5773395 0.484574 0.039261
-38.554497 1.4766283 -4.516961 -0.5773721 0.5773395 0.57733923 0.957102 0.527273
-38.554497 0.4374547 -5.5561323 -0.5773721 -0.5773395 -0.57733923 0.48821 0.996165
-38.554497 0.43745518 -4.516959 -0.5773697 -0.5773404 0.57734066 0.48821 0.527273
-35.93087 1.4766283 -4.516961 0.5773697 0.57734066 0.5773404 0.490682 0.051873
-38.554497 0.43745518 -4.516959 -0.5773697 -0.5773404 0.57734066 0.005412 0.51844
-35.93087 0.43745518 -4.516959 0.5773721 -0.57733923 0.5773395 0.005412 0.051873
-12.569809 1.4766283 6.721771 0.5773697 0.5773406 0.5773404 0.959203 0.038664
-15.193436 1.4766278 5.682597 -0.5773697 0.57734036 -0.57734066 0.482203 0.51993
-15.193436 1.4766283 6.721771 -0.5773721 0.57733953 0.5773393 0.482203 0.038664
-15.193436 1.4766278 5.682597 -0.5773697 0.57734036 -0.57734066 0.496408 0.524084
-12.569809 0.4374547 5.682597 0.5773697 -0.5773406 -0.5773404 0.007498 0.995447
-15.193436 0.4374547 5.682597 -0.5773721 -0.57733953 -0.5773393 0.007498 0.524084
-12.569809 1.4766278 5.682597 0.5773721 0.5773393 -0.57733953 0.503242 0.505278
-12.569809 0.43745518 6.721771 0.5773721 -0.5773393 0.57733953 0.000664 1.002534
-12.569809 0.4374547 5.682597 0.5773697 -0.5773406 -0.5773404 0.000664 0.505278
-15.193436 0.43745518 6.721771 -0.5773697 -0.57734036 0.57734066 0.960739 0.039261
-12.569809 0.4374547 5.682597 0.5773697 -0.5773406 -0.5773404 0.484574 0.515426
-12.569809 0.43745518 6.721771 0.5773721 -0.5773393 0.57733953 0.484574 0.039261
-15.193436 1.4766283 6.721771 -0.5773721 0.57733953 0.5773393 0.957102 0.527273
-15.193436 0.4374547 5.682597 -0.5773721 -0.57733953 -0.5773393 0.48821 0.996165
-15.193436 0.43745518 6.721771 -0.5773697 -0.57734036 0.57734066 0.48821 0.527273
-12.569809 1.4766283 6.721771 0.5773697 0.5773406 0.5773404 0.490682 0.051873
-15.193436 0.43745518 6.721771 -0.5773697 -0.57734036 0.57734066 0.005412 0.51844
-12.569809 0.43745518 6.721771 0.5773721 -0.5773393 0.57733953 0.005412 0.051873
-58.920868 1.4624681 4.433875 0.5773618 0.57736 -0.5773291 0.959203 0.038664
-59.960037 1.4624677 5.473049 -0.57732856 0.57736075 0.5773615 0.482203 0.51993
-58.920868 1.4624681 5.473049 0.57735115 0.57734793 0.5773516 0.482203 0.038664
-59.960037 0.42329502 5.473048 -0.57737213 -0.57733953 0.57733923 0.007498 0.524084
-59.960037 1.4624681 4.433875 -0.5773613 0.5773286 -0.57736105 0.496408 0.995447
-59.960037 0.42329502 4.433875 -0.57733935 -0.5773722 -0.57733923 0.007498 0.995447
-59.960037 1.4624681 4.433875 -0.5773613 0.5773286 -0.57736105 0.503242 0.505278
-58.920868 0.42329502 4.433875 0.5773394 -0.5773395 -0.577372 0.000664 1.002534
-59.960037 0.42329502 4.433875 -0.57733935 -0.5773722 -0.57733923 0.000664 0.505278
-58.920868 0.42329502 5.473048 0.57734966 -0.5773516 0.57734954 0.960739 0.039261
-59.960037 0.42329502 4.433875 -0.57733935 -0.5773722 -0.57733923 0.484574 0.515426
-58.920868 0.42329502 4.433875 0.5773394 -0.5773395 -0.577372 0.484574 0.039261
-58.920868 0.42329502 5.473048 0.57734966 -0.5773516 0.57734954 0.48821 0.527273
-59.960037 1.4624677 5.473049 -0.57732856 0.57736075 0.5773615 0.957102 0.996165
-59.960037 0.42329502 5.473048 -0.57737213 -0.57733953 0.57733923 0.48821 0.996165
-58.920868 1.4624681 4.433875 0.5773618 0.57736 -0.5773291 0.490682 0.051873
-58.920868 0.42329502 5.473048 0.57734966 -0.5773516 0.57734954 0.005412 0.51844
-58.920868 0.42329502 4.433875 0.5773394 -0.5773395 -0.577372 0.005412 0.051873
-58.603104 1.4624681 5.7393503 0.5773611 0.5773614 -0.5773282 0.959203 0.038664
-59.642273 1.4624681 6.778524 -0.5773505 0.5773503 0.5773501 0.482203 0.51993
-58.603104 1.4624681 6.778524 0.5773504 0.5773503 0.5773501 0.482203 0.038664
-59.642273 1.4624681 6.778524 -0.5773505 0.5773503 0.5773501 0.496408 0.524084
-59.642273 0.42329502 5.7393503 -0.57736164 -0.5773611 -0.5773281 0.007498 0.995447
-59.642273 0.42329502 6.778524 -0.57735056 -0.5773503 0.5773499 0.007498 0.524084
-59.642273 1.4624677 5.7393503 -0.5773397 0.57733905 -0.57737195 0.503242 0.505278
-58.603104 0.42329502 5.7393494 0.577339 -0.57733935 -0.5773725 0.000664 1.002534
-59.642273 0.42329502 5.7393503 -0.57736164 -0.5773611 -0.5773281 0.000664 0.505278
-58.603104 0.4232955 6.778524 0.5773502 -0.57735026 0.5773504 0.960739 0.039261
-59.642273 0.42329502 5.7393503 -0.57736164 -0.5773611 -0.5773281 0.484574 0.515426
-58.603104 0.42329502 5.7393494 0.577339 -0.57733935 -0.5773725 0.484574 0.039261
-58.603104 0.4232955 6.778524 0.5773502 -0.57735026 0.5773504 0.48821 0.527273
-59.642273 1.4624681 6.778524 -0.5773505 0.5773503 0.5773501 0.957102 0.996165
-59.642273 0.42329502 6.778524 -0.57735056 -0.5773503 0.5773499 0.48821 0.996165
-58.603104 1.4624681 5.7393503 0.5773611 0.5773614 -0.5773282 0.490682 0.051873
-58.603104 0.4232955 6.778524 0.5773502 -0.57735026 0.5773504 0.005412 0.51844
-58.603104 0.42329502 5.7393494 0.577339 -0.57733935 -0.5773725 0.005412 0.051873
-57.954414 1.4624681 7.0173597 0.5773607 0.57736206 -0.57732797 0.959203 0.038664
-58.99359 1.4624681 8.056534 -0.57733667 0.5773775 0.5773367 0.482203 0.51993
-57.954414 1.4624681 8.056534 0.5773384 0.5773412 0.5773712 0.482203 0.038664
-58.99359 0.42329502 8.056534 -0.5773615 -0.57732767 0.5773616 0.007498 0.524084
-58.99359 1.4624681 7.0173597 -0.5773608 0.5773292 -0.5773608 0.496408 0.995447
-58.99359 0.42329502 7.0173593 -0.5773374 -0.577376 -0.57733744 0.007498 0.995447
-58.99359 1.4624681 7.0173597 -0.5773608 0.5773292 -0.5773608 0.503242 0.505278
-57.954414 0.42329502 7.0173593 0.57733935 -0.57733935 -0.57737213 0.000664 1.002534
-58.99359 0.42329502 7.0173593 -0.5773374 -0.577376 -0.57733744 0.000664 0.505278
-57.954414 0.42329502 8.056534 0.57736164 -0.5773602 0.5773289 0.960739 0.039261
-58.99359 0.42329502 7.0173593 -0.5773374 -0.577376 -0.57733744 0.484574 0.515426
-57.954414 0.42329502 7.0173593 0.57733935 -0.57733935 -0.57737213 0.484574 0.039261
-57.954414 1.4624681 8.056534 0.5773384 0.5773412 0.5773712 0.957102 0.527273
-58.99359 0.42329502 8.056534 -0.5773615 -0.57732767 0.5773616 0.48821 0.996165
-57.954414 0.42329502 8.056534 0.57736164 -0.5773602 0.5773289 0.48821 0.527273
-57.954414 1.4624681 7.0173597 0.5773607 0.57736206 -0.57732797 0.490682 0.051873
-57.954414 0.42329502 8.056534 0.57736164 -0.5773602 0.5773289 0.005412 0.51844
-57.954414 0.42329502 7.0173593 0.57733935 -0.57733935 -0.57737213 0.005412 0.051873
-58.93389 1.4624681 6.8716927 0.5773394 0.57737195 -0.57733953 0.959203 0.038664
-59.97307 1.4624681 7.9108667 -0.57736117 0.5773612 0.5773284 0.482203 0.51993
-58.93389 1.4624681 7.9108667 0.5773611 0.5773286 0.5773611 0.482203 0.038664
-59.97307 1.4624681 7.9108667 -0.57736117 0.5773612 0.5773284 0.496408 0.524084
-59.97307 0.42329502 6.8716927 -0.5773611 -0.57736135 -0.57732826 0.007498 0.995447
-59.97307 0.42329502 7.9108667 -0.57733935 -0.57733923 0.5773722 0.007498 0.524084
-59.97307 1.4624681 6.8716927 -0.5773394 0.5773393 -0.5773722 0.503242 0.505278
-58.93389 0.4232955 6.8716927 0.57736135 -0.5773284 -0.577361 0.000664 1.002534
-59.97307 0.42329502 6.8716927 -0.5773611 -0.57736135 -0.57732826 0.000664 0.505278
-58.93389 0.42329502 7.9108667 0.57733935 -0.57737195 0.57733953 0.960739 0.039261
-59.97307 0.42329502 6.8716927 -0.5773611 -0.57736135 -0.57732826 0.484574 0.515426
-58.93389 0.4232955 6.8716927 0.57736135 -0.5773284 -0.577361 0.484574 0.039261
-58.93389 1.4624681 7.9108667 0.5773611 0.5773286 0.5773611 0.957102 0.527273
-59.97307 0.42329502 7.9108667 -0.57733935 -0.57733923 0.5773722 0.48821 0.996165
-58.93389 0.42329502 7.9108667 0.57733935 -0.57737195 0.57733953 0.48821 0.527273
-58.93389 0.4232955 6.8716927 0.57736135 -0.5773284 -0.577361 0.005412 0.051873
-58.93389 1.4624681 7.9108667 0.5773611 0.5773286 0.5773611 0.490682 0.51844
-58.93389 0.42329502 7.9108667 0.57733935 -0.57737195 0.57733953 0.005412 0.51844
-58.14763 1.7613096 8.118024 0.5773611 0.5773612 -0.5773285 0.959203 0.038664
-59.485214 1.7613101 9.455608 -0.5773502 0.5773508 0.57734984 0.482203 0.51993
-58.14763 1.7613101 9.455608 0.57735026 0.5773504 0.57735014 0.482203 0.038664
-59.485214 1.7613101 9.455608 -0.5773502 0.5773508 0.57734984 0.496408 0.524084
-59.485214 0.42372656 8.118023 -0.57736135 -0.57736075 -0.5773287 0.007498 0.995447
-59.485214 0.42372656 9.455608 -0.57735026 -0.5773502 0.5773503 0.007498 0.524084
-59.485214 1.7613096 8.118024 -0.57733905 0.5773401 -0.57737166 0.503242 0.505278
-58.14763 0.42372656 8.118023 0.57733935 -0.5773395 -0.577372 0.000664 1.002534
-59.485214 0.42372656 8.118023 -0.57736135 -0.57736075 -0.5773287 0.000664 0.505278
-58.14763 0.42372704 9.455608 0.57735026 -0.57735014 0.57735056 0.960739 0.039261
-59.485214 0.42372656 8.118023 -0.57736135 -0.57736075 -0.5773287 0.484574 0.515426
-58.14763 0.42372656 8.118023 0.57733935 -0.5773395 -0.577372 0.484574 0.039261
-58.14763 0.42372704 9.455608 0.57735026 -0.57735014 0.57735056 0.48821 0.527273
-59.485214 1.7613101 9.455608 -0.5773502 0.5773508 0.57734984 0.957102 0.996165
-59.485214 0.42372656 9.455608 -0.57735026 -0.5773502 0.5773503 0.48821 0.996165
-58.14763 1.7613096 8.118024 0.5773611 0.5773612 -0.5773285 0.490682 0.051873
-58.14763 0.42372704 9.455608 0.57735026 -0.57735014 0.57735056 0.005412 0.51844
-58.14763 0.42372656 8.118023 0.57733935 -0.5773395 -0.577372 0.005412 0.051873
-56.43232 1.4766283 -4.277915 0.5773697 0.57734066 0.5773404 0.959203 0.038664
-59.055946 1.4766278 -5.317088 -0.5773697 0.5773404 -0.57734066 0.482203 0.51993
-59.055946 1.4766283 -4.277915 -0.5773721 0.5773395 0.57733923 0.482203 0.038664
-59.055946 1.4766278 -5.317088 -0.5773697 0.5773404 -0.57734066 0.496408 0.524084
-56.43232 0.4374547 -5.317086 0.5773697 -0.57734066 -0.5773404 0.007498 0.995447
-59.055946 0.4374547 -5.317086 -0.5773721 -0.5773395 -0.57733923 0.007498 0.524084
-56.43232 1.4766278 -5.317088 0.5773721 0.57733923 -0.5773395 0.503242 0.505278
-56.43232 0.43745518 -4.277913 0.5773721 -0.57733923 0.5773395 0.000664 1.002534
-56.43232 0.4374547 -5.317086 0.5773697 -0.57734066 -0.5773404 0.000664 0.505278
-59.055946 0.43745518 -4.277913 -0.5773697 -0.5773404 0.57734066 0.960739 0.039261
-56.43232 0.4374547 -5.317086 0.5773697 -0.57734066 -0.5773404 0.484574 0.515426
-56.43232 0.43745518 -4.277913 0.5773721 -0.57733923 0.5773395 0.484574 0.039261
-59.055946 1.4766283 -4.277915 -0.5773721 0.5773395 0.57733923 0.957102 0.527273
-59.055946 0.4374547 -5.317086 -0.5773721 -0.5773395 -0.57733923 0.48821 0.996165
-59.055946 0.43745518 -4.277913 -0.5773697 -0.5773404 0.57734066 0.48821 0.527273
-56.43232 1.4766283 -4.277915 0.5773697 0.57734066 0.5773404 0.490682 0.051873
-59.055946 0.43745518 -4.277913 -0.5773697 -0.5773404 0.57734066 0.005412 0.51844
-56.43232 0.43745518 -4.277913 0.5773721 -0.57733923 0.5773395 0.005412 0.051873
-58.784805 2.995501 -5.899125 -0.5773403 0.5773703 0.57734007 0.959203 0.038664
-58.784805 0.37187624 -6.9382963 -0.5773286 -0.5773908 -0.57733136 0.482203 0.51993
-58.784813 0.37187624 -5.899123 -0.57735395 -0.5773479 0.577349 0.482203 0.038664
-58.784805 0.37187624 -6.9382963 -0.5773286 -0.5773908 -0.57733136 0.496408 0.524084
-57.745636 2.995501 -6.938298 0.5773402 0.5773698 -0.5773409 0.007498 0.995447
-57.745636 0.37187624 -6.9382963 0.57735026 -0.5773504 -0.57735014 0.007498 0.524084
-58.784805 2.9955015 -6.938298 -0.5773398 0.57737184 -0.5773392 0.503242 0.505278
-57.745636 2.995501 -5.899125 0.5773394 0.57737213 0.5773392 0.000664 1.002534
-57.745636 2.995501 -6.938298 0.5773402 0.5773698 -0.5773409 0.000664 0.505278
-57.745636 0.37187624 -5.899123 0.5773296 -0.57739145 0.5773298 0.960739 0.039261
-57.745636 2.995501 -6.938298 0.5773402 0.5773698 -0.5773409 0.484574 0.515426
-57.745636 2.995501 -5.899125 0.5773394 0.57737213 0.5773392 0.484574 0.039261
-57.745636 0.37187624 -5.899123 0.5773296 -0.57739145 0.5773298 0.48821 0.527273
-58.784805 0.37187624 -6.9382963 -0.5773286 -0.5773908 -0.57733136 0.957102 0.996165
-57.745636 0.37187624 -6.9382963 0.57735026 -0.5773504 -0.57735014 0.48821 0.996165
-58.784805 2.995501 -5.899125 -0.5773403 0.5773703 0.57734007 0.490682 0.051873
-57.745636 0.37187624 -5.899123 0.5773296 -0.57739145 0.5773298 0.005412 0.51844
-57.745636 2.995501 -5.899125 0.5773394 0.57737213 0.5773392 0.005412 0.051873
17.129456 8.319191 13.324308 0.5773721 0.57733923 -0.57733953 0.959203 0.51993
17.129456 8.319191 13.324308 0.5773721 0.57733923 -0.57733953 0.496408 0.995447
17.129456 8.319191 14.363482 0.5773285 0.5773613 0.57736105 0.503242 1.002534
16.090282 7.280018 13.324309 -0.5773721 -0.5773395 -0.5773393 0.960739 0.515426
16.090282 8.319191 13.324308 -0.5773285 0.57736105 -0.5773613 0.957102 0.996165
16.090282 8.319191 14.363482 -0.5773721 0.5773395 0.5773393 0.490682 0.51844
10.295002 1.4624681 4.036826 0.5773721 0.57733923 -0.5773395 0.959203 0.51993
10.295002 1.4624681 4.036826 0.5773721 0.57733923 -0.5773395 0.496408 0.995447
10.295002 1.4624681 5.0759993 0.5773285 0.5773613 0.57736105 0.503242 1.002534
9.255827 0.42329502 4.036826 -0.5773721 -0.5773395 -0.57733923 0.960739 0.515426
9.255827 1.4624681 4.036826 -0.5773285 0.57736105 -0.5773613 0.957102 0.996165
9.255827 1.4624681 5.0759993 -0.5773721 0.5773395 0.57733923 0.490682 0.51844
8.989527 1.4624681 4.3545895 0.5773721 0.57733923 -0.5773395 0.959203 0.51993
8.989527 1.4624681 4.3545895 0.5773721 0.57733923 -0.5773395 0.496408 0.995447
8.989527 1.4624681 5.3937626 0.57732844 0.5773613 0.57736105 0.503242 1.002534
7.9503517 0.42329502 4.3545895 -0.5773721 -0.5773395 -0.57733923 0.960739 0.515426
7.9503517 1.4624681 4.3545895 -0.57732844 0.57736105 -0.5773613 0.957102 0.996165
7.9503517 1.4624681 5.3937626 -0.5773721 0.5773395 0.57733923 0.490682 0.51844
7.7115173 1.4624677 5.003277 0.5773721 0.5773393 -0.57733953 0.959203 0.51993
7.7115173 1.4624677 5.003277 0.5773721 0.5773393 -0.57733953 0.496408 0.995447
7.7115173 1.4624677 6.0424504 0.57732844 0.5773613 0.57736105 0.503242 1.002534
6.6723423 0.42329502 5.003277 -0.5773721 -0.57733953 -0.5773393 0.960739 0.515426
6.6723423 1.4624677 5.003277 -0.57732844 0.57736105 -0.5773613 0.957102 0.996165
6.6723423 1.4624677 6.0424504 -0.5773721 0.57733953 0.5773393 0.490682 0.51844
7.8571835 1.4624681 4.0238 0.5773721 0.57733923 -0.5773395 0.959203 0.51993
7.8571835 1.4624681 4.0238 0.5773721 0.57733923 -0.5773395 0.496408 0.995447
7.8571835 1.4624681 5.062973 0.5773285 0.5773613 0.57736105 0.503242 1.002534
6.8180094 0.42329502 4.0238 -0.5773721 -0.5773395 -0.57733923 0.960739 0.515426
6.8180094 1.4624681 4.0238 -0.5773285 0.57736105 -0.5773613 0.957102 0.996165
6.8180094 1.4624681 5.062973 -0.5773721 0.5773395 0.57733923 0.490682 0.51844
6.610853 1.7613096 4.51165 0.5773721 0.57733923 -0.5773395 0.959203 0.51993
6.610853 1.7613096 4.51165 0.5773721 0.57733923 -0.5773395 0.496408 0.995447
6.610853 1.7613096 5.8492346 0.5773285 0.5773613 0.57736105 0.503242 1.002534
5.2732677 0.42372656 4.51165 -0.5773721 -0.5773395 -0.57733923 0.960739 0.515426
5.2732677 1.7613096 4.51165 -0.5773285 0.57736105 -0.5773613 0.957102 0.996165
5.2732677 1.7613096 5.8492346 -0.5773721 0.5773395 0.57733923 0.490682 0.51844
30.04969 1.4766278 4.036826 0.5773721 0.57733923 -0.5773395 0.959203 0.51993
30.04969 1.4766278 4.036826 0.5773721 0.57733923 -0.5773395 0.496408 0.995447
30.04969 1.4766278 5.0759993 0.57736975 0.5773406 0.57734036 0.503242 1.002534
27.426064 0.4374547 4.036826 -0.5773721 -0.5773395 -0.57733923 0.960739 0.515426
27.426064 1.4766278 4.036826 -0.57736975 0.57734036 -0.5773406 0.957102 0.996165
27.426064 1.4766278 5.0759993 -0.5773721 0.5773395 0.57733923 0.490682 0.51844
30.04969 1.4766278 7.1444964 0.5773721 0.5773393 -0.57733953 0.959203 0.51993
30.04969 1.4766278 7.1444964 0.5773721 0.5773393 -0.57733953 0.496408 0.995447
30.04969 1.4766278 8.18367 0.57736975 0.5773407 0.57734036 0.503242 1.002534
27.426064 0.4374547 7.1444964 -0.5773721 -0.57733953 -0.5773393 0.960739 0.515426
27.426064 1.4766278 7.1444964 -0.57736975 0.5773405 -0.5773406 0.957102 0.996165
27.426064 1.4766278 8.18367 -0.5773721 0.57733953 0.5773393 0.490682 0.51844
30.04969 1.4766278 -5.317088 0.5773721 0.57733923 -0.5773395 0.959203 0.51993
30.04969 1.4766278 -5.317088 0.5773721 0.57733923 -0.5773395 0.496408 0.995447
30.04969 1.4766283 -4.277915 0.57736975 0.5773406 0.57734036 0.503242 1.002534
27.426064 0.4374547 -5.317086 -0.5773721 -0.5773395 -0.57733923 0.960739 0.515426
27.426064 1.4766278 -5.317088 -0.57736975 0.57734036 -0.5773406 0.957102 0.996165
27.426064 1.4766283 -4.277915 -0.5773721 0.5773395 0.57733923 0.490682 0.51844
27.6972 2.9955015 -6.938298 -0.5773398 0.57737184 -0.5773392 0.959203 0.51993
27.6972 2.9955015 -6.938298 -0.5773398 0.57737184 -0.5773392 0.496408 0.995447
27.6972 2.995501 -5.899125 -0.5773406 0.5773698 0.5773403 0.503242 1.002534
28.736374 0.37187624 -6.9382963 0.57733935 -0.5773722 -0.57733923 0.960739 0.515426
27.6972 0.37187624 -6.9382963 -0.57734066 -0.5773698 -0.5773403 0.957102 0.996165
27.6972 0.37187624 -5.899123 -0.57733935 -0.57737195 0.5773395 0.490682 0.51844
10.295002 1.4624681 -6.316972 0.5773721 0.57733923 -0.5773395 0.959203 0.51993
10.295002 1.4624681 -6.316972 0.5773721 0.57733923 -0.5773395 0.496408 0.995447
10.295002 1.4624681 -5.2777987 0.5773285 0.5773613 0.57736105 0.503242 1.002534
9.255827 0.42329502 -6.31697 -0.5773721 -0.5773395 -0.57733923 0.960739 0.515426
9.255827 1.4624681 -6.316972 -0.5773285 0.57736105 -0.5773613 0.957102 0.996165
9.255827 1.4624681 -5.2777987 -0.5773721 0.5773395 0.57733923 0.490682 0.51844
8.989527 1.4624681 -5.9992094 0.5773721 0.5773393 -0.57733953 0.959203 0.51993
8.989527 1.4624681 -5.9992094 0.5773721 0.5773393 -0.57733953 0.496408 0.995447
8.989527 1.4624686 -4.9600344 0.5773285 0.5773613 0.5773611 0.503242 1.002534
7.9503517 0.42329502 -5.9992075 -0.5773721 -0.57733953 -0.5773393 0.960739 0.515426
7.9503517 1.4624681 -5.9992094 -0.5773285 0.57736105 -0.57736135 0.957102 0.996165
7.9503517 1.4624686 -4.9600344 -0.5773721 0.57733953 0.5773393 0.490682 0.51844
7.7115173 1.4624677 -5.350522 0.5773721 0.57733923 -0.5773395 0.959203 0.51993
7.7115173 1.4624677 -5.350522 0.5773721 0.57733923 -0.5773395 0.496408 0.995447
7.7115173 1.4624681 -4.311347 0.57732844 0.5773613 0.57736105 0.503242 1.002534
6.6723423 0.42329502 -5.35052 -0.5773721 -0.5773395 -0.57733923 0.960739 0.515426
6.6723423 1.4624677 -5.350522 -0.57732844 0.57736105 -0.5773613 0.957102 0.996165
6.6723423 1.4624681 -4.311347 -0.5773721 0.5773395 0.57733923 0.490682 0.51844
7.8571835 1.4624681 -6.329999 0.5773721 0.5773393 -0.57733953 0.959203 0.51993
7.8571835 1.4624681 -6.329999 0.5773721 0.5773393 -0.57733953 0.496408 0.995447
7.8571835 1.4624681 -5.290824 0.5773285 0.5773613 0.57736105 0.503242 1.002534
6.8180094 0.42329502 -6.329997 -0.5773721 -0.57733953 -0.5773393 0.960739 0.515426
6.8180094 1.4624681 -6.329999 -0.5773285 0.57736105 -0.5773613 0.957102 0.996165
6.8180094 1.4624681 -5.290824 -0.5773721 0.57733953 0.5773393 0.490682 0.51844
6.610853 1.7613096 -5.842147 0.5773721 0.5773393 -0.57733953 0.959203 0.51993
6.610853 1.7613096 -5.842147 0.5773721 0.5773393 -0.57733953 0.496408 0.995447
6.610853 1.7613101 -4.5045633 0.5773285 0.57736135 0.577361 0.503242 1.002534
5.2732677 0.42372656 -5.842145 -0.5773721 -0.57733953 -0.5773393 0.960739 0.515426
5.2732677 1.7613096 -5.842147 -0.5773285 0.5773611 -0.5773612 0.957102 0.996165
5.2732677 1.7613101 -4.5045633 -0.5773721 0.57733953 0.5773393 0.490682 0.51844
5.7897243 1.4624681 -10.354041 -0.5773488 0.57735014 0.5773518 0.959203 0.51993
5.7897243 1.4624681 -10.354041 -0.5773488 0.57735014 0.5773518 0.496408 0.995447
5.7897243 1.4624681 -10.354041 -0.5773488 0.57735014 0.5773518 0.503242 0.505278
6.8288984 0.4232955 -10.354041 0.5773504 -0.5773499 0.5773505 0.960739 0.515426
6.8288975 1.4624681 -11.393216 0.5773501 0.5773505 -0.5773502 0.957102 0.527273
6.8288975 1.4624681 -11.393216 0.5773501 0.5773505 -0.5773502 0.490682 0.51844
7.0951986 1.4624681 -11.71098 -0.5773398 0.57733953 -0.5773715 0.959203 0.038664
7.0951996 1.4624681 -10.671805 -0.577361 0.5773612 0.5773286 0.496408 0.995447
7.0951986 1.4624681 -11.71098 -0.5773398 0.57733953 -0.5773715 0.503242 1.002534
8.134373 0.42329502 -11.7109785 0.57733905 -0.57733953 -0.57737225 0.960739 0.039261
8.134374 1.4624681 -10.671805 0.5773397 0.5773395 0.57737166 0.957102 0.996165
8.134373 1.4624681 -11.71098 0.5773608 0.5773612 -0.57732874 0.490682 0.51844
8.373208 1.4624681 -11.320493 -0.57735074 0.57734853 0.57735157 0.959203 0.51993
8.373208 1.4624681 -11.320493 -0.57735074 0.57734853 0.57735157 0.496408 0.995447
8.373208 1.4624681 -11.320493 -0.57735074 0.57734853 0.57735157 0.503242 0.505278
9.412382 0.42329502 -11.320493 0.5773503 -0.5773504 0.5773501 0.960739 0.515426
9.412382 1.4624686 -12.359668 0.57735014 0.5773502 -0.57735044 0.957102 0.527273
9.412382 1.4624686 -12.359668 0.57735014 0.5773502 -0.57735044 0.490682 0.51844
8.227542 1.4624681 -10.341016 -0.57735056 0.5773494 0.5773509 0.959203 0.51993
8.227542 1.4624681 -10.341016 -0.57735056 0.5773494 0.5773509 0.496408 0.995447
8.227542 1.4624681 -10.341016 -0.57735056 0.5773494 0.5773509 0.503242 0.505278
9.266716 0.4232955 -10.341016 0.57735026 -0.57735014 0.5773504 0.960739 0.515426
9.266716 1.4624681 -11.380191 0.5773503 0.5773504 -0.5773501 0.957102 0.527273
9.266716 1.4624681 -11.380191 0.5773503 0.5773504 -0.5773501 0.490682 0.51844
9.473873 1.7613101 -10.828868 -0.5773501 0.5773502 0.5773506 0.959203 0.51993
9.473873 1.7613101 -10.828868 -0.5773501 0.5773502 0.5773506 0.496408 0.995447
9.473873 1.7613101 -10.828868 -0.5773501 0.5773502 0.5773506 0.503242 0.505278
10.811457 0.42372704 -10.828866 0.5773503 -0.5773502 0.5773503 0.960739 0.515426
10.811457 1.7613101 -12.166453 0.5773503 0.5773499 -0.5773506 0.957102 0.527273
10.811457 1.7613101 -12.166453 0.5773503 0.5773499 -0.5773506 0.490682 0.51844
-14.517183 1.4624681 -4.087867 0.5773606 0.5773286 0.5773617 0.959203 0.51993
-14.517183 1.4624686 -5.12704 0.5773395 0.57737213 -0.57733935 0.496408 0.524084
-15.556356 1.4624686 -4.087867 -0.5773625 0.5773607 0.5773278 0.503242 1.002534
-14.517183 0.4232955 -5.127038 0.5773611 -0.5773286 -0.5773611 0.960739 0.515426
-14.517183 1.4624686 -5.12704 0.5773395 0.57737213 -0.57733935 0.957102 0.996165
-15.556356 1.4624686 -5.12704 -0.57733935 0.57733923 -0.5773722 0.490682 0.51844
-14.834946 1.4624681 -5.393342 0.5773406 0.5773392 0.577371 0.959203 0.51993
-14.834946 1.4624681 -5.393342 0.5773406 0.5773392 0.577371 0.496408 0.995447
-15.874121 1.4624681 -5.39334 -0.5773381 0.57737184 0.57734084 0.503242 1.002534
-15.874121 0.4232955 -6.432513 -0.57733953 -0.5773391 -0.5773722 0.960739 0.039261
-15.874121 1.4624686 -6.432515 -0.5773721 0.5773396 -0.5773391 0.957102 0.527273
-15.874121 1.4624681 -5.39334 -0.5773381 0.57737184 0.57734084 0.490682 0.051873
-16.52281 1.4624686 -6.6713495 -0.57737094 0.5773397 0.5773402 0.959203 0.038664
-15.483633 1.4624686 -6.6713514 0.5773289 0.5773614 0.5773605 0.496408 0.995447
-16.52281 1.4624686 -6.6713495 -0.57737094 0.5773397 0.5773402 0.503242 1.002534
-16.52281 0.4232955 -7.7105227 -0.5773721 -0.57733953 -0.5773393 0.960739 0.039261
-15.483633 1.4624686 -7.7105246 0.5773729 0.577338 -0.57733995 0.957102 0.996165
-16.52281 1.4624686 -7.7105246 -0.5773285 0.57736105 -0.57736135 0.490682 0.51844
-15.543333 1.4624686 -6.5256834 -0.5773722 0.5773392 0.5773395 0.959203 0.038664
-14.504158 1.4624686 -7.5648584 0.57735014 0.5773502 -0.57735044 0.496408 0.524084
-15.543333 1.4624686 -6.5256834 -0.5773722 0.5773392 0.5773395 0.503242 1.002534
-14.504158 0.4232955 -7.5648565 0.5773611 -0.5773286 -0.57736105 0.960739 0.515426
-14.504158 1.4624686 -7.5648584 0.57735014 0.5773502 -0.57735044 0.957102 0.996165
-15.543333 1.4624686 -7.5648584 -0.5773284 0.5773611 -0.57736135 0.490682 0.51844
-14.992008 1.7613101 -7.7720156 0.57734007 0.5773396 0.5773711 0.959203 0.51993
-14.992008 1.7613101 -7.7720156 0.57734007 0.5773396 0.5773711 0.496408 0.995447
-16.329592 1.7613101 -7.7720137 -0.5773611 0.57736063 0.5773291 0.503242 1.002534
-16.329596 0.42372704 -9.109597 -0.5773734 -0.5773391 -0.5773382 0.960739 0.039261
-14.99201 1.7613096 -9.109599 0.57736075 0.5773611 -0.57732904 0.957102 0.996165
-16.329592 1.7613101 -9.109599 -0.57733893 0.577339 -0.57737285 0.490682 0.51844
-12.585718 1.4624681 -9.279176 -0.57737297 0.5773386 -0.5773392 0.959203 0.51993
-12.585716 1.4624677 -8.240001 -0.57732767 0.5773608 0.57736236 0.496408 0.524084
-12.585718 1.4624681 -9.279176 -0.57737297 0.5773386 -0.5773392 0.503242 0.505278
-12.585716 0.42329502 -8.240001 -0.57737166 -0.57734025 0.57733893 0.960739 0.515426
-11.546543 1.4624681 -8.240003 0.57735056 0.5773507 0.5773496 0.957102 0.527273
-11.546543 1.4624681 -8.240003 0.57735056 0.5773507 0.5773496 0.490682 0.51844
-12.267952 1.4624686 -7.9737005 -0.57733905 0.57733965 -0.5773721 0.959203 0.51993
-12.267952 1.4624686 -7.9737005 -0.57733905 0.57733965 -0.5773721 0.496408 0.995447
-11.228779 1.4624686 -7.9737005 0.5773607 0.57736206 -0.5773281 0.503242 1.002534
-12.267952 0.42329502 -6.9345255 -0.577339 -0.57733953 0.5773723 0.960739 0.515426
-12.267952 1.4624681 -6.9345274 -0.5773613 0.5773611 0.5773283 0.957102 0.996165
-11.228779 1.4624686 -6.9345274 0.57733846 0.5773407 0.57737166 0.490682 0.51844
-10.58009 1.4624681 -6.695693 0.5773723 0.57733876 -0.5773397 0.959203 0.038664
-11.619263 1.4624681 -5.656518 -0.5773496 0.57735044 0.5773507 0.496408 0.524084
-10.58009 1.4624681 -6.695693 0.5773723 0.57733876 -0.5773397 0.503242 1.002534
-10.58009 0.42329502 -5.656516 0.5773721 -0.5773393 0.57733953 0.960739 0.039261
-11.619263 1.4624681 -5.656518 -0.5773496 0.57735044 0.5773507 0.957102 0.996165
-10.58009 1.4624681 -5.656518 0.57732844 0.57736117 0.5773611 0.490682 0.51844
-12.598742 1.4624681 -6.841357 -0.5773501 0.57735085 -0.5773499 0.959203 0.51993
-12.598742 1.4624681 -6.841357 -0.5773501 0.57735085 -0.5773499 0.496408 0.995447
-12.598742 1.4624681 -6.841357 -0.5773501 0.57735085 -0.5773499 0.503242 0.505278
-12.59874 0.42329502 -5.802182 -0.5773386 -0.5773392 0.5773729 0.960739 0.515426
-12.598742 1.4624677 -5.802184 -0.5773613 0.57736105 0.57732844 0.957102 0.996165
-11.5595665 1.4624681 -5.802184 0.57733977 0.5773395 0.5773714 0.490682 0.51844
-12.110889 1.7613096 -5.595027 -0.57733977 0.5773395 -0.57737166 0.959203 0.51993
-12.110889 1.7613096 -5.595027 -0.57733977 0.5773395 -0.57737166 0.496408 0.995447
-10.773306 1.7613101 -5.595029 0.5773382 0.5773724 -0.5773401 0.503242 1.002534
-12.110889 0.42372656 -4.2574415 -0.5773501 -0.5773503 0.57735044 0.960739 0.515426
-10.773304 1.7613101 -4.2574434 0.57737267 0.5773391 0.57733905 0.957102 0.527273
-10.773306 1.7613101 -5.595029 0.5773382 0.5773724 -0.5773401 0.490682 0.051873
-31.81619 1.4624681 -10.751008 0.5773721 0.57733923 -0.5773395 0.959203 0.51993
-31.81619 1.4624681 -10.751008 0.5773721 0.57733923 -0.5773395 0.496408 0.995447
-31.81619 1.4624681 -9.711835 0.57732844 0.5773613 0.57736105 0.503242 1.002534
-32.85537 0.42329502 -10.751006 -0.5773721 -0.5773395 -0.57733923 0.960739 0.515426
-32.85537 1.4624681 -10.751008 -0.57732844 0.57736105 -0.5773613 0.957102 0.996165
-32.85537 1.4624681 -9.711835 -0.5773721 0.5773395 0.57733923 0.490682 0.51844
-33.121666 1.4624681 -10.433244 0.5773721 0.57733923 -0.5773395 0.959203 0.51993
-33.121666 1.4624681 -10.433244 0.5773721 0.57733923 -0.5773395 0.496408 0.995447
-33.121666 1.4624681 -9.394071 0.57732844 0.5773613 0.57736105 0.503242 1.002534
-34.160843 0.42329502 -10.433242 -0.5773721 -0.5773395 -0.57733923 0.960739 0.515426
-34.160843 1.4624681 -10.433244 -0.57732844 0.57736105 -0.5773613 0.957102 0.996165
-34.160843 1.4624681 -9.394071 -0.5773721 0.5773395 0.57733923 0.490682 0.51844
-34.399673 1.4624681 -8.745383 0.5773398 0.5773396 0.5773714 0.959203 0.038664
-34.399673 1.4624681 -9.784556 0.5773613 0.57736117 -0.57732844 0.496408 0.995447
-34.399673 1.4624681 -8.745383 0.5773398 0.5773396 0.5773714 0.503242 1.002534
-35.43885 0.42329502 -9.7845545 -0.5773732 -0.5773393 -0.5773383 0.960739 0.515426
-35.43885 1.4624681 -9.784556 -0.5773407 0.57733923 -0.57737094 0.957102 0.996165
-35.43885 1.4624681 -8.745381 -0.5773587 0.57736164 0.57733035 0.490682 0.51844
-34.254013 1.4624681 -10.764033 0.5773721 0.57733923 -0.5773395 0.959203 0.51993
-34.254013 1.4624681 -10.764033 0.5773721 0.57733923 -0.5773395 0.496408 0.995447
-34.254013 1.4624681 -9.72486 0.57732886 0.57736135 0.57736045 0.503242 1.002534
-35.293182 0.42329502 -9.724856 -0.57733893 -0.5773391 0.5773728 0.960739 0.039261
-35.293182 1.4624681 -10.764033 -0.57732844 0.57736105 -0.5773613 0.957102 0.996165
-35.293182 1.4624681 -9.724858 -0.5773709 0.5773397 0.5773401 0.490682 0.51844
-35.500343 1.7613096 -8.938598 0.57733935 0.5773395 0.57737195 0.959203 0.038664
-35.500343 1.7613096 -10.276181 0.57736117 0.57736105 -0.5773286 0.496408 0.995447
-35.500343 1.7613096 -8.938598 0.57733935 0.5773395 0.57737195 0.503242 1.002534
-36.83793 0.42372656 -10.276179 -0.57737315 -0.5773396 -0.5773381 0.960739 0.515426
-36.83793 1.7613096 -10.276181 -0.5773403 0.5773391 -0.5773714 0.957102 0.996165
-36.83792 1.7613096 -8.938598 -0.5773603 0.5773614 0.57732916 0.490682 0.51844
-32.938812 1.4624681 4.433875 0.5773721 0.57733923 -0.5773395 0.959203 0.51993
-32.938812 1.4624681 4.433875 0.5773721 0.57733923 -0.5773395 0.496408 0.995447
-32.938812 1.4624681 5.473048 0.57732844 0.5773613 0.57736105 0.503242 1.002534
-33.97799 0.42329502 4.433875 -0.5773721 -0.5773395 -0.57733923 0.960739 0.515426
-33.97799 1.4624681 4.433875 -0.57732844 0.57736105 -0.5773613 0.957102 0.996165
-33.97799 1.4624681 5.473048 -0.5773721 0.5773395 0.57733923 0.490682 0.51844
-34.244286 1.4624681 4.7516384 0.5773721 0.57733923 -0.5773395 0.959203 0.51993
-34.244286 1.4624681 4.7516384 0.5773721 0.57733923 -0.5773395 0.496408 0.995447
-34.244286 1.4624681 5.7908115 0.57732844 0.5773613 0.57736105 0.503242 1.002534
-35.283463 0.42329502 4.7516384 -0.5773721 -0.5773395 -0.57733923 0.960739 0.515426
-35.283463 1.4624681 4.7516384 -0.57732844 0.57736105 -0.5773613 0.957102 0.996165
-35.283463 1.4624681 5.7908115 -0.5773721 0.5773395 0.57733923 0.490682 0.51844
-35.522293 1.4624677 5.400326 0.5773721 0.5773393 -0.57733953 0.959203 0.51993
-35.522293 1.4624677 5.400326 0.5773721 0.5773393 -0.57733953 0.496408 0.995447
-35.522293 1.4624677 6.4394994 0.5773285 0.57736135 0.577361 0.503242 1.002534
-36.56147 0.42329502 5.400326 -0.5773721 -0.57733953 -0.5773393 0.960739 0.515426
-36.56147 1.4624677 5.400326 -0.5773285 0.5773611 -0.5773612 0.957102 0.996165
-36.56147 1.4624677 6.4394994 -0.5773721 0.57733953 0.5773393 0.490682 0.51844
-35.376633 1.4624681 4.420849 0.5773721 0.57733923 -0.5773395 0.959203 0.51993
-35.376633 1.4624681 4.420849 0.5773721 0.57733923 -0.5773395 0.496408 0.995447
-35.376633 1.4624681 5.460022 0.57732844 0.5773613 0.57736105 0.503242 1.002534
-36.415802 0.42329502 4.420849 -0.5773721 -0.5773395 -0.57733923 0.960739 0.515426
-36.415802 1.4624681 4.420849 -0.57732844 0.57736105 -0.5773613 0.957102 0.996165
-36.415802 1.4624681 5.460022 -0.5773721 0.5773395 0.57733923 0.490682 0.51844
-36.622963 1.7613096 4.908699 0.5773721 0.57733923 -0.5773395 0.959203 0.51993
-36.622963 1.7613096 4.908699 0.5773721 0.57733923 -0.5773395 0.496408 0.995447
-36.622963 1.7613096 6.2462835 0.5773285 0.5773613 0.57736105 0.503242 1.002534
-37.96055 0.42372656 4.908699 -0.5773721 -0.5773395 -0.57733923 0.960739 0.515426
-37.96055 1.7613096 4.908699 -0.5773285 0.57736105 -0.5773613 0.957102 0.996165
-37.96055 1.7613096 6.2462835 -0.5773721 0.5773395 0.57733923 0.490682 0.51844
-12.569809 1.4766278 4.036826 0.5773721 0.57733923 -0.5773395 0.959203 0.51993
-12.569809 1.4766278 4.036826 0.5773721 0.57733923 -0.5773395 0.496408 0.995447
-12.569809 1.4766278 5.0759993 0.5773697 0.57734066 0.5773404 0.503242 1.002534
-15.193436 0.4374547 4.036826 -0.5773721 -0.5773395 -0.57733923 0.960739 0.515426
-15.193436 1.4766278 4.036826 -0.5773697 0.5773404 -0.57734066 0.957102 0.996165
-15.193436 1.4766278 5.0759993 -0.5773721 0.5773395 0.57733923 0.490682 0.51844
-35.93087 1.4766278 -5.556134 0.5773721 0.57733923 -0.5773395 0.959203 0.51993
-35.93087 1.4766278 -5.556134 0.5773721 0.57733923 -0.5773395 0.496408 0.995447
-35.93087 1.4766283 -4.516961 0.5773697 0.57734066 0.5773404 0.503242 1.002534
-38.554497 0.4374547 -5.5561323 -0.5773721 -0.5773395 -0.57733923 0.960739 0.515426
-38.554497 1.4766278 -5.556134 -0.5773697 0.5773404 -0.57734066 0.957102 0.996165
-38.554497 1.4766283 -4.516961 -0.5773721 0.5773395 0.57733923 0.490682 0.51844
-12.569809 1.4766278 5.682597 0.5773721 0.5773393 -0.57733953 0.959203 0.51993
-12.569809 1.4766278 5.682597 0.5773721 0.5773393 -0.57733953 0.496408 0.995447
-12.569809 1.4766283 6.721771 0.5773697 0.5773406 0.5773404 0.503242 1.002534
-15.193436 0.4374547 5.682597 -0.5773721 -0.57733953 -0.5773393 0.960739 0.515426
-15.193436 1.4766278 5.682597 -0.5773697 0.57734036 -0.57734066 0.957102 0.996165
-15.193436 1.4766283 6.721771 -0.5773721 0.57733953 0.5773393 0.490682 0.51844
-59.960037 1.4624681 4.433875 -0.5773613 0.5773286 -0.57736105 0.959203 0.51993
-59.960037 1.4624677 5.473049 -0.57732856 0.57736075 0.5773615 0.496408 0.524084
-58.920868 1.4624681 4.433875 0.5773618 0.57736 -0.5773291 0.503242 1.002534
-59.960037 0.42329502 5.473048 -0.57737213 -0.57733953 0.57733923 0.960739 0.515426
-58.920868 1.4624681 5.473049 0.57735115 0.57734793 0.5773516 0.957102 0.527273
-58.920868 1.4624681 5.473049 0.57735115 0.57734793 0.5773516 0.490682 0.51844
-59.642273 1.4624677 5.7393503 -0.5773397 0.57733905 -0.57737195 0.959203 0.51993
-59.642273 1.4624677 5.7393503 -0.5773397 0.57733905 -0.57737195 0.496408 0.995447
-58.603104 1.4624681 5.7393503 0.5773611 0.5773614 -0.5773282 0.503242 1.002534
-59.642273 0.42329502 6.778524 -0.57735056 -0.5773503 0.5773499 0.960739 0.515426
-58.603104 1.4624681 6.778524 0.5773504 0.5773503 0.5773501 0.957102 0.527273
-58.603104 1.4624681 6.778524 0.5773504 0.5773503 0.5773501 0.490682 0.51844
-58.99359 1.4624681 7.0173597 -0.5773608 0.5773292 -0.5773608 0.959203 0.51993
-58.99359 1.4624681 8.056534 -0.57733667 0.5773775 0.5773367 0.496408 0.524084
-57.954414 1.4624681 7.0173597 0.5773607 0.57736206 -0.57732797 0.503242 1.002534
-58.99359 0.42329502 8.056534 -0.5773615 -0.57732767 0.5773616 0.960739 0.515426
-58.99359 1.4624681 8.056534 -0.57733667 0.5773775 0.5773367 0.957102 0.996165
-57.954414 1.4624681 8.056534 0.5773384 0.5773412 0.5773712 0.490682 0.51844
-59.97307 1.4624681 6.8716927 -0.5773394 0.5773393 -0.5773722 0.959203 0.51993
-59.97307 1.4624681 6.8716927 -0.5773394 0.5773393 -0.5773722 0.496408 0.995447
-58.93389 1.4624681 6.8716927 0.5773394 0.57737195 -0.57733953 0.503242 1.002534
-59.97307 0.42329502 7.9108667 -0.57733935 -0.57733923 0.5773722 0.960739 0.515426
-59.97307 1.4624681 7.9108667 -0.57736117 0.5773612 0.5773284 0.957102 0.996165
-58.93389 1.4624681 6.8716927 0.5773394 0.57737195 -0.57733953 0.490682 0.051873
-59.485214 1.7613096 8.118024 -0.57733905 0.5773401 -0.57737166 0.959203 0.51993
-59.485214 1.7613096 8.118024 -0.57733905 0.5773401 -0.57737166 0.496408 0.995447
-58.14763 1.7613096 8.118024 0.5773611 0.5773612 -0.5773285 0.503242 1.002534
-59.485214 0.42372656 9.455608 -0.57735026 -0.5773502 0.5773503 0.960739 0.515426
-58.14763 1.7613101 9.455608 0.57735026 0.5773504 0.57735014 0.957102 0.527273
-58.14763 1.7613101 9.455608 0.57735026 0.5773504 0.57735014 0.490682 0.51844
-56.43232 1.4766278 -5.317088 0.5773721 0.57733923 -0.5773395 0.959203 0.51993
-56.43232 1.4766278 -5.317088 0.5773721 0.57733923 -0.5773395 0.496408 0.995447
-56.43232 1.4766283 -4.277915 0.5773697 0.57734066 0.5773404 0.503242 1.002534
-59.055946 0.4374547 -5.317086 -0.5773721 -0.5773395 -0.57733923 0.960739 0.515426
-59.055946 1.4766278 -5.317088 -0.5773697 0.5773404 -0.57734066 0.957102 0.996165
-59.055946 1.4766283 -4.277915 -0.5773721 0.5773395 0.57733923 0.490682 0.51844
-58.784805 2.9955015 -6.938298 -0.5773398 0.57737184 -0.5773392 0.959203 0.51993
-58.784805 2.9955015 -6.938298 -0.5773398 0.57737184 -0.5773392 0.496408 0.995447
-58.784805 2.995501 -5.899125 -0.5773403 0.5773703 0.57734007 0.503242 1.002534
-57.745636 0.37187624 -6.9382963 0.57735026 -0.5773504 -0.57735014 0.960739 0.515426
-58.784813 0.37187624 -5.899123 -0.57735395 -0.5773479 0.577349 0.957102 0.527273
-58.784813 0.37187624 -5.899123 -0.57735395 -0.5773479 0.577349 0.490682 0.51844
3 0 1 2
3 3 4 5
3 6 7 8
3 9 10 11
3 12 13 14
3 15 16 17
3 18 19 20
3 21 22 23
3 24 25 26
3 27 28 29
3 30 31 32
3 33 34 35
3 36 37 38
3 39 40 41
3 42 43 44
3 45 46 47
3 48 49 50
3 51 52 53
3 54 55 56
3 57 58 59
3 60 61 62
3 63 64 65
3 66 67 68
3 69 70 71
3 72 73 74
3 75 76 77
3 78 79 80
3 81 82 83
3 84 85 86
3 87 88 89
3 90 91 92
3 93 94 95
3 96 97 98
3 99 100 101
3 102 103 104
3 105 106 107
3 108 109 110
3 111 112 113
3 114 115 116
3 117 118 119
3 120 121 122
3 123 124 125
3 126 127 128
3 129 130 131
3 132 133 134
3 135 136 137
3 138 139 140
3 141 142 143
3 144 145 146
3 147 148 149
3 150 151 152
3 153 154 155
3 156 157 158
3 159 160 161
3 162 163 164
3 165 166 167
3 168 169 170
3 171 172 173
3 174 175 176
3 177 178 179
3 180 181 182
3 183 184 185
3 186 187 188
3 189 190 191
3 192 193 194
3 195 196 197
3 198 199 200
3 201 202 203
3 204 205 206
3 207 208 209
3 210 211 212
3 213 214 215
3 216 217 218
3 219 220 221
3 222 223 224
3 225 226 227
3 228 229 230
3 231 232 233
3 234 235 236
3 237 238 239
3 240 241 242
3 243 244 245
3 246 247 248
3 249 250 251
3 252 253 254
3 255 256 257
3 258 259 260
3 261 262 263
3 264 265 266
3 267 268 269
3 270 271 272
3 273 274 275
3 276 277 278
3 279 280 281
3 282 283 284
3 285 286 287
3 288 289 290
3 291 292 293
3 294 295 296
3 297 298 299
3 300 301 302
3 303 304 305
3 306 307 308
3 309 310 311
3 312 313 314
3 315 316 317
3 318 319 320
3 321 322 323
3 324 325 326
3 327 328 329
3 330 331 332
3 333 334 335
3 336 337 338
3 339 340 341
3 342 343 344
3 345 346 347
3 348 349 350
3 351 352 353
3 354 355 356
3 357 358 359
3 360 361 362
3 363 364 365
3 366 367 368
3 369 370 371
3 372 373 374
3 375 376 377
3 378 379 380
3 381 382 383
3 384 385 386
3 387 388 389
3 390 391 392
3 393 394 395
3 396 397 398
3 399 400 401
3 402 403 404
3 405 406 407
3 408 409 410
3 411 412 413
3 414 415 416
3 417 418 419
3 420 421 422
3 423 424 425
3 426 427 428
3 429 430 431
3 432 433 434
3 435 436 437
3 438 439 440
3 441 442 443
3 444 445 446
3 447 448 449
3 450 451 452
3 453 454 455
3 456 457 458
3 459 460 461
3 462 463 464
3 465 466 467
3 468 469 470
3 471 472 473
3 474 475 476
3 477 478 479
3 480 481 482
3 483 484 485
3 486 487 488
3 489 490 491
3 492 493 494
3 495 496 497
3 498 499 500
3 501 502 503
3 504 505 506
3 507 508 509
3 510 511 512
3 513 514 515
3 516 517 518
3 519 520 521
3 522 523 524
3 525 526 527
3 528 529 530
3 531 532 533
3 534 535 536
3 537 538 539
3 540 541 542
3 543 544 545
3 546 547 548
3 549 550 551
3 552 553 554
3 555 556 557
3 558 559 560
3 561 562 563
3 564 565 566
3 567 568 569
3 570 571 572
3 573 574 575
3 576 577 578
3 579 580 581
3 582 583 584
3 585 586 587
3 588 589 590
3 591 592 593
3 594 595 596
3 597 598 599
3 600 601 602
3 603 604 605
3 606 607 608
3 609 610 611
3 612 613 614
3 615 616 617
3 618 619 620
3 621 622 623
3 624 625 626
3 627 628 629
3 630 631 632
3 633 634 635
3 636 637 638
3 639 640 641
3 642 643 644
3 645 646 647
3 648 649 650
3 651 652 653
3 654 655 656
3 657 658 659
3 660 661 662
3 663 664 665
3 666 667 668
3 669 670 671
3 672 673 674
3 675 676 677
3 678 679 680
3 681 682 683
3 684 685 686
3 687 688 689
3 690 691 692
3 693 694 695
3 696 697 698
3 699 700 701
3 702 703 704
3 705 706 707
3 708 709 710
3 711 712 713
3 714 715 716
3 717 718 719
3 720 721 722
3 723 724 725
3 726 727 728
3 729 730 731
3 732 733 734
3 735 736 737
3 738 739 740
3 741 742 743
3 744 745 746
3 747 748 749
3 750 751 752
3 753 754 755
3 756 757 758
3 759 760 761
3 762 763 764
3 765 766 767
3 768 769 770
3 771 772 773
3 774 775 776
3 777 778 779
3 780 781 782
3 783 784 785
3 786 787 788
3 789 790 791
3 792 793 794
3 795 796 797
3 798 799 800
3 801 802 803
3 804 805 806
3 807 808 809
3 810 811 812
3 813 814 815
3 816 817 818
3 819 820 821
3 822 823 824
3 825 826 827
3 828 829 830
3 831 832 833
3 834 835 836
3 837 838 839
3 840 841 842
3 843 844 845
3 846 847 848
3 849 850 851
3 852 853 854
3 855 856 857
3 858 859 860
3 861 862 863
3 864 865 866
3 867 868 869
3 870 871 872
3 873 874 875
3 876 877 878
3 879 880 881
3 882 883 884
3 885 886 887
3 888 889 890
3 891 892 893
3 894 895 896
3 897 898 899
3 0 900 1
3 3 901 4
3 6 902 7
3 9 903 10
3 12 904 13
3 15 905 16
3 18 906 19
3 21 907 22
3 24 908 25
3 27 909 28
3 30 910 31
3 33 911 34
3 36 912 37
3 39 913 40
3 42 914 43
3 45 915 46
3 48 916 49
3 51 917 52
3 54 918 55
3 57 919 58
3 60 920 61
3 63 921 64
3 66 922 67
3 69 923 70
3 72 924 73
3 75 925 76
3 78 926 79
3 81 927 82
3 84 928 85
3 87 929 88
3 90 930 91
3 93 931 94
3 96 932 97
3 99 933 100
3 102 934 103
3 105 935 106
3 108 936 109
3 111 937 112
3 114 938 115
3 117 939 118
3 120 940 121
3 123 941 124
3 126 942 127
3 129 943 130
3 132 944 133
3 135 945 136
3 138 946 139
3 141 947 142
3 144 948 145
3 147 949 148
3 150 950 151
3 153 951 154
3 156 952 157
3 159 953 160
3 162 954 163
3 165 955 166
3 168 956 169
3 171 957 172
3 174 958 175
3 177 959 178
3 180 960 181
3 183 961 184
3 186 962 187
3 189 963 190
3 192 964 193
3 195 965 196
3 198 966 199
3 201 967 202
3 204 968 205
3 207 969 208
3 210 970 211
3 213 971 214
3 216 972 217
3 219 973 220
3 222 974 223
3 225 975 226
3 228 976 229
3 231 977 232
3 234 978 235
3 237 979 238
3 240 980 241
3 243 981 244
3 246 982 247
3 249 983 250
3 252 984 253
3 255 985 256
3 258 986 259
3 261 987 262
3 264 988 265
3 267 989 268
3 270 990 271
3 273 991 274
3 276 992 277
3 279 993 280
3 282 994 283
3 285 995 286
3 288 996 289
3 291 997 292
3 294 998 295
3 297 999 298
3 300 1000 301
3 303 1001 304
3 306 1002 307
3 309 1003 310
3 312 1004 313
3 315 1005 316
3 318 1006 319
3 321 1007 322
3 324 1008 325
3 327 1009 328
3 330 1010 331
3 333 1011 334
3 336 1012 337
3 339 1013 340
3 342 1014 343
3 345 1015 346
3 348 1016 349
3 351 1017 352
3 354 1018 355
3 357 1019 358
3 360 1020 361
3 363 1021 364
3 366 1022 367
3 369 1023 370
3 372 1024 373
3 375 1025 376
3 378 1026 379
3 381 1027 382
3 384 1028 385
3 387 1029 388
3 390 1030 391
3 393 1031 394
3 396 1032 397
3 399 1033 400
3 402 1034 403
3 405 1035 406
3 408 1036 409
3 411 1037 412
3 414 1038 415
3 417 1039 418
3 420 1040 421
3 423 1041 424
3 426 1042 427
3 429 1043 430
3 432 1044 433
3 435 1045 436
3 438 1046 439
3 441 1047 442
3 444 1048 445
3 447 1049 448
3 450 1050 451
3 453 1051 454
3 456 1052 457
3 459 1053 460
3 462 1054 463
3 465 1055 466
3 468 1056 469
3 471 1057 472
3 474 1058 475
3 477 1059 478
3 480 1060 481
3 483 1061 484
3 486 1062 487
3 489 1063 490
3 492 1064 493
3 495 1065 496
3 498 1066 499
3 501 1067 502
3 504 1068 505
3 507 1069 508
3 510 1070 511
3 513 1071 514
3 516 1072 517
3 519 1073 520
3 522 1074 523
3 525 1075 526
3 528 1076 529
3 531 1077 532
3 534 1078 535
3 537 1079 538
3 540 1080 541
3 543 1081 544
3 546 1082 547
3 549 1083 550
3 552 1084 553
3 555 1085 556
3 558 1086 559
3 561 1087 562
3 564 1088 565
3 567 1089 568
3 570 1090 571
3 573 1091 574
3 576 1092 577
3 579 1093 580
3 582 1094 583
3 585 1095 586
3 588 1096 589
3 591 1097 592
3 594 1098 595
3 597 1099 598
3 600 1100 601
3 603 1101 604
3 606 1102 607
3 609 1103 610
3 612 1104 613
3 615 1105 616
3 618 1106 619
3 621 1107 622
3 624 1108 625
3 627 1109 628
3 630 1110 631
3 633 1111 634
3 636 1112 637
3 639 1113 640
3 642 1114 643
3 645 1115 646
3 648 1116 649
3 651 1117 652
3 654 1118 655
3 657 1119 658
3 660 1120 661
3 663 1121 664
3 666 1122 667
3 669 1123 670
3 672 1124 673
3 675 1125 676
3 678 1126 679
3 681 1127 682
3 684 1128 685
3 687 1129 688
3 690 1130 691
3 693 1131 694
3 696 1132 697
3 699 1133 700
3 702 1134 703
3 705 1135 706
3 708 1136 709
3 711 1137 712
3 714 1138 715
3 717 1139 718
3 720 1140 721
3 723 1141 724
3 726 1142 727
3 729 1143 730
3 732 1144 733
3 735 1145 736
3 738 1146 739
3 741 1147 742
3 744 1148 745
3 747 1149 748
3 750 1150 751
3 753 1151 754
3 756 1152 757
3 759 1153 760
3 762 1154 763
3 765 1155 766
3 768 1156 769
3 771 1157 772
3 774 1158 775
3 777 1159 778
3 780 1160 781
3 783 1161 784
3 786 1162 787
3 789 1163 790
3 792 1164 793
3 795 1165 796
3 798 1166 799
3 801 1167 802
3 804 1168 805
3 807 1169 808
3 810 1170 811
3 813 1171 814
3 816 1172 817
3 819 1173 820
3 822 1174 823
3 825 1175 826
3 828 1176 829
3 831 1177 832
3 834 1178 835
3 837 1179 838
3 840 1180 841
3 843 1181 844
3 846 1182 847
3 849 1183 850
3 852 1184 853
3 855 1185 856
3 858 1186 859
3 861 1187 862
3 864 1188 865
3 867 1189 868
3 870 1190 871
3 873 1191 874
3 876 1192 877
3 879 1193 880
3 882 1194 883
3 885 1195 886
3 888 1196 889
3 891 1197 892
3 894 1198 895
3 897 1199 898
